frame,time,delta_H,rhs_u_command,slack_u_command,rhs_u_saturated,slack_u_saturated,rhs_u_cvt,slack_u_cvt
0,0.0,-0.010997836431254848,-0.01049805216812511,-0.0004997842631297381,-0.01049805216812511,-0.0004997842631297381,-0.015653576472537387,0.004655740041282538
1,0.05,-0.011676565010231621,-0.011170834963332089,-0.0005057300468995322,-0.011170834963332089,-0.0005057300468995322,-0.016518934917517204,0.004842369907285583
2,0.1,-0.012353959552263594,-0.011836291418186071,-0.0005176681340775223,-0.011836291418186071,-0.0005176681340775223,-0.01738427661655799,0.005030317064294396
3,0.15000000000000002,-0.013022744401189223,-0.01249887910702052,-0.0005238652941687034,-0.01249887910702052,-0.0005238652941687034,-0.018240542808350815,0.005217798407161592
4,0.2,-0.013678569882565883,-0.013152428928522242,-0.0005261409540436406,-0.013152428928522246,-0.0005261409540436371,-0.019023336482837633,0.00534476660027175
5,0.25,-0.014311882417763266,-0.013785425641919341,-0.0005264567758439254,-0.013785425641919341,-0.0005264567758439254,-0.01972977079805869,0.005417888380295423
6,0.30000000000000004,-0.014923022547601583,-0.01439366967361469,-0.0005293528739868936,-0.014393669673614691,-0.0005293528739868918,-0.020407555780994315,0.005484533233392732
7,0.35000000000000003,-0.015506676970294841,-0.01497838501532865,-0.0005282919549661914,-0.01497838501532865,-0.0005282919549661914,-0.02099375690592219,0.005487079935627349
8,0.4,-0.01605349074168594,-0.015532490583015186,-0.0005210001586707525,-0.015532490583015186,-0.0005210001586707525,-0.021550412921190983,0.005496922179505044
9,0.45,-0.01655996672666471,-0.016042309374825352,-0.0005176573518393575,-0.016042309374825352,-0.0005176573518393575,-0.022013431876751387,0.005453465150086677
10,0.5,-0.017027421826071754,-0.016516038864024814,-0.0005113829620469398,-0.016516038864024814,-0.0005113829620469398,-0.022381856902523017,0.005354435076451263
11,0.55,-0.017455564905481058,-0.016951791156632038,-0.00050377374884902,-0.016951791156632038,-0.00050377374884902,-0.022711843784417728,0.00525627887893667
12,0.6000000000000001,-0.01783492559760813,-0.017348509828840845,-0.0004864157687672864,-0.017348509828840845,-0.0004864157687672864,-0.022915162846552116,0.005080237248943985
13,0.65,-0.018166177160688135,-0.01769182744178369,-0.0004743497189044453,-0.01769182744178369,-0.0004743497189044453,-0.023052314099510654,0.004886136938822519
14,0.7000000000000001,-0.018450725336503382,-0.017993215244630045,-0.0004575100918733366,-0.017993215244630045,-0.0004575100918733366,-0.023080661386138696,0.004629936049635314
15,0.75,-0.018681127592220625,-0.018242279042900534,-0.0004388485493200915,-0.018242279042900537,-0.00043884854932008804,-0.02301801824128826,0.004336890649067636
16,0.8,-0.018799004336716663,-0.01837974404645633,-0.0004192602902603343,-0.01837974404645633,-0.0004192602902603343,-0.022856320537697504,0.004057316200980841
17,0.8500000000000001,-0.018853635458488283,-0.018456272492733388,-0.0003973629657548945,-0.018456272492733388,-0.0003973629657548945,-0.022674822061647778,0.0038211866031594953
18,0.9,-0.018845412030873532,-0.018466759199584286,-0.00037865283128924593,-0.018466759199584286,-0.00037865283128924593,-0.02239734143753582,0.0035519294066622895
19,0.9500000000000001,-0.018789289148453014,-0.01842758089011432,-0.00036170825833869297,-0.01842758089011432,-0.00036170825833869297,-0.022057187364087336,0.003267898215634321
20,1.0,-0.018691480819431838,-0.018345564009603927,-0.00034591680982791126,-0.018345564009603927,-0.00034591680982791126,-0.021621749115151967,0.0029302682957201287
21,1.05,-0.018555069609320962,-0.018228004714867387,-0.0003270648944535756,-0.018228004714867387,-0.0003270648944535756,-0.02119110786349031,0.002636038254169349
22,1.1,-0.018361002173307828,-0.018049388939908314,-0.00031161323339951377,-0.018049388939908314,-0.00031161323339951377,-0.020652721716518566,0.002291719543210738
23,1.1500000000000001,-0.01806815205769896,-0.017788030897709667,-0.0002801211599892939,-0.017788030897709667,-0.0002801211599892939,-0.020059047451674018,0.001990895393975057
24,1.2000000000000002,-0.017701353679768217,-0.01746162469101848,-0.00023972898874973642,-0.01746162469101848,-0.00023972898874973642,-0.019361658520541954,0.0016603048407737367
25,1.25,-0.017203842552745652,-0.016998384703285845,-0.00020545784945980722,-0.016998384703285848,-0.00020545784945980375,-0.018544096991230954,0.0013402544384853027
26,1.3,-0.01661926897179533,-0.01643559443221874,-0.00018367453957659,-0.016435594432218745,-0.00018367453957658653,-0.01766387701413744,0.001044608042342108
27,1.35,-0.01594441803207558,-0.015782783702227715,-0.00016163432984786508,-0.015782783702227715,-0.00016163432984786508,-0.016841784615805433,0.0008973665837298528
28,1.4000000000000001,-0.015188706345257597,-0.015064895806570418,-0.00012381053868717844,-0.015064895806570418,-0.00012381053868717844,-0.015999637825515816,0.0008109314802582195
29,1.4500000000000002,-0.01441862184682885,-0.014284305039124826,-0.0001343168077040241,-0.014284305039124826,-0.0001343168077040241,-0.015114997865066444,0.000696376018237594
30,1.5,-0.01365214022657546,-0.013528058635842204,-0.00012408159073325556,-0.013528058635842204,-0.00012408159073325556,-0.014269930828038816,0.0006177906014633566
31,1.55,-0.012898625014640563,-0.01283095881010771,-6.766620453285341e-05,-0.01283095881010771,-6.766620453285341e-05,-0.01349537293935502,0.000596747924714456
32,1.6,-0.01209064762041323,-0.012026755091982439,-6.38925284307916e-05,-0.012026755091982439,-6.38925284307916e-05,-0.01255296818468229,0.000462320564269059
33,1.6500000000000001,-0.011385700543059651,-0.011318738911865637,-6.696163119401452e-05,-0.011318738911865637,-6.696163119401452e-05,-0.011786053344538288,0.0004003528014786366
34,1.7000000000000002,-0.010714639958986139,-0.010620624583942563,-9.401537504357543e-05,-0.010620624583942563,-9.401537504357543e-05,-0.011033811990114509,0.0003191720311283702
35,1.75,-0.010043941468638073,-0.01000191662216235,-4.202484647572273e-05,-0.01000191662216235,-4.202484647572273e-05,-0.01029194688849208,0.0002480054198540065
36,1.8,-0.009399628671971971,-0.00935885234034679,-4.077633162518149e-05,-0.00935885234034679,-4.077633162518149e-05,-0.009588165117617575,0.00018853644564560332
37,1.85,-0.008821843371562776,-0.00875630626742919,-6.553710413358636e-05,-0.00875630626742919,-6.553710413358636e-05,-0.008907171284764981,8.532791320220445e-05
38,1.9000000000000001,-0.008181821976173786,-0.008138240044873957,-4.358193129982979e-05,-0.008138240044873957,-4.358193129982979e-05,-0.008235451310077838,5.362933390405146e-05
39,1.9500000000000002,-0.007595944005222566,-0.007569904007679521,-2.6039997543044965e-05,-0.007569904007679521,-2.6039997543044965e-05,-0.007601866814153502,5.9228089309363435e-06
40,2.0,-0.007092519008549902,-0.007064346969701609,-2.8172038848293425e-05,-0.007064346969701609,-2.8172038848293425e-05,-0.007064346969701609,-2.8172038848293425e-05
41,2.0500000000000003,-0.006628455252345344,-0.0065819168497628314,-4.653840258251295e-05,-0.006582132953328858,-4.63222990164866e-05,-0.006582132953328858,-4.63222990164866e-05
42,2.1,-0.006116732602764019,-0.006072932054963941,-4.380054780007796e-05,-0.006085144565635048,-3.158803712897083e-05,-0.006085144565635048,-3.158803712897083e-05
43,2.15,-0.005578579388550442,-0.0055679762221088735,-1.0603166441568515e-05,-0.005585059043343546,6.479654793103626e-06,-0.005585059043343546,6.479654793103626e-06
44,2.2,-0.005201694908075094,-0.005186642090285803,-1.505281778929092e-05,-0.005207554695564581,5.859787489487234e-06,-0.005207554695564581,5.859787489487234e-06
45,2.25,-0.00483965040415657,-0.004814499955949051,-2.5150448207519535e-05,-0.004835659081300111,-3.991322856459513e-06,-0.004835659081300111,-3.991322856459513e-06
46,2.3000000000000003,-0.004450427321388339,-0.004425959206495162,-2.446811489317715e-05,-0.004446041598489052,-4.385722899287285e-06,-0.004446041598489052,-4.385722899287285e-06
47,2.35,-0.004098358997017049,-0.004092933469587338,-5.425527429710891e-06,-0.004111009292702155,1.2650295685106075e-05,-0.004111009292702155,1.2650295685106075e-05
48,2.4000000000000004,-0.0038019356447452912,-0.0037834192600700546,-1.8516384675236648e-05,-0.003799974807896041,-1.960836849250122e-06,-0.003799974807896041,-1.960836849250122e-06
49,2.45,-0.0035406911668461882,-0.0035165160538218727,-2.417511302431558e-05,-0.0035314861473687773,-9.20501947741098e-06,-0.0035314861473687773,-9.20501947741098e-06
50,2.5,-0.0032878924042758495,-0.0032564213074144847,-3.147109686136478e-05,-0.0032696775414220985,-1.8214862853751027e-05,-0.0032696775414220985,-1.8214862853751027e-05
51,2.5500000000000003,-0.003023283650644637,-0.002997378017744403,-2.590563290023407e-05,-0.003008860652766521,-1.4422997878116121e-05,-0.003008860652766521,-1.4422997878116121e-05
52,2.6,-0.002748926489126058,-0.002752988265679976,4.0617765539180395e-06,-0.0027626499317693204,1.3723442643262529e-05,-0.0027626499317693204,1.3723442643262529e-05
53,2.6500000000000004,-0.002559107424488616,-0.002547406906185986,-1.1700518302629886e-05,-0.0025554464456344016,-3.660978854214212e-06,-0.0025554464456344016,-3.660978854214212e-06
54,2.7,-0.002391563965068233,-0.0023698482463598044,-2.171571870842855e-05,-0.0023767978899139836,-1.4766075154249401e-05,-0.0023767978899139836,-1.4766075154249401e-05
55,2.75,-0.0022105945959112194,-0.0021978536931757673,-1.2740902735452163e-05,-0.0022036493308206897,-6.945265090529777e-06,-0.0022036493308206897,-6.945265090529777e-06
56,2.8000000000000003,-0.0020502361883720788,-0.0020559594214892424,5.723233117163606e-06,-0.0020609510808866954,1.0714892514616676e-05,-0.0020609510808866954,1.0714892514616676e-05
57,2.85,-0.0019134057671672533,-0.0019030328638323748,-1.03729033348785e-05,-0.0019066417820529417,-6.763985114311647e-06,-0.0019066417820529417,-6.763985114311647e-06
58,2.9000000000000004,-0.0017827383094388694,-0.0017743800675180256,-8.358241920843794e-06,-0.0017773304163142918,-5.407893124577574e-06,-0.0017773304163142918,-5.407893124577574e-06
59,2.95,-0.001666652202983121,-0.001659541120333387,-7.111082649734028e-06,-0.0016625757446531192,-4.076458330001765e-06,-0.0016625757446531192,-4.076458330001765e-06
60,3.0,-0.0015504939225862158,-0.0015440897649912403,-6.404157594975483e-06,-0.0015466428024514338,-3.851120134781925e-06,-0.0015466428024514338,-3.851120134781925e-06
61,3.0500000000000003,-0.0014413694854671366,-0.0014303166418559786,-1.1052843611158037e-05,-0.0014323652969897088,-9.004188477427849e-06,-0.0014323652969897088,-9.004188477427849e-06
62,3.1,-0.0013435000014676568,-0.0013379889091148917,-5.51109235276512e-06,-0.001339643941554562,-3.856059913094883e-06,-0.001339643941554562,-3.856059913094883e-06
63,3.1500000000000004,-0.0012561362312072388,-0.0012446648815934887,-1.1471349613750154e-05,-0.0012458121920911553,-1.032403911608356e-05,-0.0012458121920911553,-1.032403911608356e-05
64,3.2,-0.0011686945096072154,-0.0011534795763792891,-1.52149332279263e-05,-0.0011543518638868564,-1.4342645720358997e-05,-0.0011543518638868564,-1.4342645720358997e-05
65,3.25,-0.0010933893723676924,-0.0010860217984449202,-7.367573922772248e-06,-0.0010866088370408296,-6.780535326862767e-06,-0.0010866088370408296,-6.780535326862767e-06
66,3.3000000000000003,-0.0010151266392738334,-0.001008506149659209,-6.620489614624385e-06,-0.0010088766031748028,-6.250036099030628e-06,-0.0010088766031748028,-6.250036099030628e-06
67,3.35,-0.000933918478861151,-0.0009257271406195152,-8.191338241635821e-06,-0.0009258773677508787,-8.041111110272323e-06,-0.0009258773677508787,-8.041111110272323e-06
68,3.4000000000000004,-0.0008749741064302263,-0.0008652399028632802,-9.734203566946135e-06,-0.0008652644509000625,-9.709655530163786e-06,-0.0008652644509000625,-9.709655530163786e-06
69,3.45,-0.0007981810666854994,-0.0008057592680774227,7.578201391923375e-06,-0.0008056949684281144,7.5139017426150475e-06,-0.0008056949684281144,7.5139017426150475e-06
70,3.5,-0.0007468862039634594,-0.0007560430818869422,9.156877923482791e-06,-0.0007559040479944632,9.017844031003778e-06,-0.0007559040479944632,9.017844031003778e-06
71,3.5500000000000003,-0.0006996405161736607,-0.0007048976697336431,5.257153559982378e-06,-0.0007047056082441285,5.065092070467739e-06,-0.0007047056082441285,5.065092070467739e-06
72,3.6,-0.0006558411437226352,-0.0006561980789455203,3.5693522288510453e-07,-0.0006559592278373138,1.1808411467856186e-07,-0.0006559592278373138,1.1808411467856186e-07
73,3.6500000000000004,-0.0006088437230032939,-0.0006051573087342366,-3.68641426905735e-06,-0.0006050779003824013,-3.7658226208926032e-06,-0.0006050779003824013,-3.7658226208926032e-06
74,3.7,-0.000577194738390685,-0.000569370491310425,-7.824247080260032e-06,-0.0005693037798601336,-7.890958530551461e-06,-0.0005693037798601336,-7.890958530551461e-06
75,3.75,-0.0005407069312138857,-0.000528622089199107,-1.2084842014778636e-05,-0.0005285767892938972,-1.2130141919988518e-05,-0.0005285767892938972,-1.2130141919988518e-05
76,3.8000000000000003,-0.0005164692044064001,-0.0005000993862788204,-1.63698181275797e-05,-0.0005000993862788204,-1.63698181275797e-05,-0.0005000993862788204,-1.63698181275797e-05
77,3.85,-0.0004791481944506071,-0.0004651546584807289,-1.3993535969878193e-05,-0.0004651546584807289,-1.3993535969878193e-05,-0.0004651546584807289,-1.3993535969878193e-05
78,3.9000000000000004,-0.00044413990089320343,-0.00043875051164902167,-5.3893892441817665e-06,-0.00043875051164902167,-5.3893892441817665e-06,-0.00043875051164902167,-5.3893892441817665e-06
79,3.95,-0.0004114204545355715,-0.00040916028647347395,-2.2601680620975726e-06,-0.00040916028647347395,-2.2601680620975726e-06,-0.00040916028647347395,-2.2601680620975726e-06
80,4.0,-0.0003792849414216981,-0.0003833471623347599,4.062220913061813e-06,-0.0003833471623347599,4.062220913061813e-06,-0.0003833471623347599,4.062220913061813e-06
81,4.05,-0.0003625354217473564,-0.0003626883364827279,1.5291473537149556e-07,-0.0003626883364827279,1.5291473537149556e-07,-0.0003626883364827279,1.5291473537149556e-07
82,4.1000000000000005,-0.0003459797121365682,-0.0003419915839999925,-3.988128136575694e-06,-0.0003419915839999925,-3.988128136575694e-06,-0.0003419915839999925,-3.988128136575694e-06
83,4.15,-0.00033387774644255686,-0.0003256581726136023,-8.219573828954579e-06,-0.0003256581726136023,-8.219573828954579e-06,-0.0003256581726136023,-8.219573828954579e-06
84,4.2,-0.0003130138024283191,-0.0003088703491836288,-4.143453244690332e-06,-0.0003088703491836288,-4.143453244690332e-06,-0.0003088703491836288,-4.143453244690332e-06
85,4.25,-0.00029497367275155284,-0.00029334148616148213,-1.6321865900707062e-06,-0.00029334148616148213,-1.6321865900707062e-06,-0.00029334148616148213,-1.6321865900707062e-06
86,4.3,-0.00027438278634284163,-0.0002777319522827403,3.349165939898688e-06,-0.0002777319522827403,3.349165939898688e-06,-0.0002777319522827403,3.349165939898688e-06
87,4.3500000000000005,-0.0002640288782600475,-0.00026394170705223963,-8.717120780787381e-08,-0.00026394170705223963,-8.717120780787381e-08,-0.00026394170705223963,-8.717120780787381e-08
88,4.4,-0.00025590832534427843,-0.00025123338181153623,-4.6749435327422015e-06,-0.00025123338181153623,-4.6749435327422015e-06,-0.00025123338181153623,-4.6749435327422015e-06
89,4.45,-0.00024147612467173563,-0.00023992115222256553,-1.5549724491700908e-06,-0.00023992115222256553,-1.5549724491700908e-06,-0.00023992115222256553,-1.5549724491700908e-06
90,4.5,-0.0002305886470942431,-0.00022899863822882556,-1.5900088654175317e-06,-0.00022899863822882556,-1.5900088654175317e-06,-0.00022899863822882556,-1.5900088654175317e-06
91,4.55,-0.00022635260284697978,-0.00021973639469634668,-6.616208150633102e-06,-0.00021973639469634668,-6.616208150633102e-06,-0.00021973639469634668,-6.616208150633102e-06
92,4.6000000000000005,-0.00021814365474104314,-0.00020923938063364944,-8.904274107393692e-06,-0.00020923938063364944,-8.904274107393692e-06,-0.00020923938063364944,-8.904274107393692e-06
93,4.65,-0.0002114962402864906,-0.00020050699717039428,-1.0989243116096332e-05,-0.00020050699717039428,-1.0989243116096332e-05,-0.00020050699717039428,-1.0989243116096332e-05
94,4.7,-0.00019480529927584644,-0.0001935759464368723,-1.2293528389741547e-06,-0.0001935759464368723,-1.2293528389741547e-06,-0.0001935759464368723,-1.2293528389741547e-06
95,4.75,-0.00018459703831541496,-0.0001864845189780947,1.887480662679747e-06,-0.0001864845189780947,1.887480662679747e-06,-0.0001864845189780947,1.887480662679747e-06
96,4.800000000000001,-0.00018181199767541845,-0.00017975066385422867,-2.0613338211897725e-06,-0.00017975066385422867,-2.0613338211897725e-06,-0.00017975066385422867,-2.0613338211897725e-06
97,4.8500000000000005,-0.00017762318014347134,-0.00017192140883443333,-5.7017713090380066e-06,-0.00017192140883443333,-5.7017713090380066e-06,-0.00017192140883443333,-5.7017713090380066e-06
98,4.9,-0.0001712811154563898,-0.00016506745654516175,-6.213658911228046e-06,-0.00016506745654516175,-6.213658911228046e-06,-0.00016506745654516175,-6.213658911228046e-06
99,4.95,-0.00016020347409340108,-0.00015823869279244158,-1.9647813009595e-06,-0.00015823869279244158,-1.9647813009595e-06,-0.00015823869279244158,-1.9647813009595e-06
100,5.0,-0.000149957064394024,-0.0001526839637596317,2.7268993656076905e-06,-0.0001526839637596317,2.7268993656076905e-06,-0.0001526839637596317,2.7268993656076905e-06
101,5.050000000000001,-0.00014834522746154377,-0.00014817069699590363,-1.7453046564013886e-07,-0.00014817069699590363,-1.7453046564013886e-07,-0.00014817069699590363,-1.7453046564013886e-07
102,5.1000000000000005,-0.0001465655064432081,-0.00014310172920738065,-3.4637772358274465e-06,-0.00014310172920738065,-3.4637772358274465e-06,-0.00014310172920738065,-3.4637772358274465e-06
103,5.15,-0.00014118771174831402,-0.00013862833551843968,-2.559376229874336e-06,-0.00013862833551843968,-2.559376229874336e-06,-0.00013862833551843968,-2.559376229874336e-06
104,5.2,-0.00013759660096346327,-0.00013472417488199874,-2.8724260814645263e-06,-0.00013472417488199874,-2.8724260814645263e-06,-0.00013472417488199874,-2.8724260814645263e-06
105,5.25,-0.00012861269389063956,-0.00013046834599913365,1.8556521084940906e-06,-0.00013046834599913365,1.8556521084940906e-06,-0.00013046834599913365,1.8556521084940906e-06
106,5.300000000000001,-0.00012087782255820745,-0.0001255663487121208,4.688526153913359e-06,-0.0001255663487121208,4.688526153913359e-06,-0.0001255663487121208,4.688526153913359e-06
107,5.3500000000000005,-0.00011804465548204135,-0.00012067461684877368,2.6299613667323337e-06,-0.00012067461684877368,2.6299613667323337e-06,-0.00012067461684877368,2.6299613667323337e-06
108,5.4,-0.00011768292880953712,-0.00011682020923472084,-8.627195748162834e-07,-0.00011682020923472084,-8.627195748162834e-07,-0.00011682020923472084,-8.627195748162834e-07
109,5.45,-0.00011821248847210253,-0.00011403664125629133,-4.175847215811198e-06,-0.00011403664125629133,-4.175847215811198e-06,-0.00011403664125629133,-4.175847215811198e-06
110,5.5,-0.00011841739690954256,-0.00011216778914156614,-6.2496077679764225e-06,-0.00011216778914156614,-6.2496077679764225e-06,-0.00011216778914156614,-6.2496077679764225e-06
111,5.550000000000001,-0.00010673721232623556,-0.00010855539799079117,1.818185664555604e-06,-0.00010855539799079117,1.818185664555604e-06,-0.00010855539799079117,1.818185664555604e-06
112,5.6000000000000005,-0.00010543504641358226,-0.00010534091962329687,-9.412679028538622e-08,-0.00010534091962329687,-9.412679028538622e-08,-0.00010534091962329687,-9.412679028538622e-08
113,5.65,-0.00010588391991461776,-0.0001024705102459118,-3.413409668705957e-06,-0.0001024705102459118,-3.413409668705957e-06,-0.0001024705102459118,-3.413409668705957e-06
114,5.7,-0.00010717654239189578,-0.00010435985969135664,-2.8166827005391348e-06,-0.00010435985969135664,-2.8166827005391348e-06,-0.00010435985969135664,-2.8166827005391348e-06
115,5.75,-0.00010533414923807882,-0.00010118616888188683,-4.147980356191991e-06,-0.00010118616888188683,-4.147980356191991e-06,-0.00010118616888188683,-4.147980356191991e-06
116,5.800000000000001,-9.65015261383817e-05,-9.926357638456956e-05,2.7620502461878646e-06,-9.926357638456956e-05,2.7620502461878646e-06,-9.926357638456956e-05,2.7620502461878646e-06
117,5.8500000000000005,-9.985210086460583e-05,-0.00010082039032277436,9.682894581685293e-07,-0.00010082039032277436,9.682894581685293e-07,-0.00010082039032277436,9.682894581685293e-07
118,5.9,-0.0001036156626630369,-9.905881796954709e-05,-4.556844693489812e-06,-9.905881796954709e-05,-4.556844693489812e-06,-9.905881796954709e-05,-4.556844693489812e-06
119,5.95,-0.00010786815852636966,-9.90167880608858e-05,-8.851370465483865e-06,-9.90167880608858e-05,-8.851370465483865e-06,-9.90167880608858e-05,-8.851370465483865e-06
120,6.0,-0.00010839791877448324,-9.846975535060499e-05,-9.928163423878248e-06,-9.846975535060499e-05,-9.928163423878248e-06,-9.846975535060499e-05,-9.928163423878248e-06
121,6.050000000000001,-9.100030332886977e-05,-9.810673435643951e-05,7.106431027569738e-06,-9.810673435643951e-05,7.106431027569738e-06,-9.810673435643951e-05,7.106431027569738e-06
122,6.1000000000000005,-9.280732374128409e-05,-9.464691463863592e-05,1.839590897351835e-06,-9.464691463863592e-05,1.839590897351835e-06,-9.464691463863592e-05,1.839590897351835e-06
123,6.15,-9.953886323110783e-05,-9.530929653991515e-05,-4.229566691192686e-06,-9.530929653991515e-05,-4.229566691192686e-06,-9.530929653991515e-05,-4.229566691192686e-06
124,6.2,-0.00010459110181670894,-9.567880453271515e-05,-8.912297283993794e-06,-9.567880453271515e-05,-8.912297283993794e-06,-9.567880453271515e-05,-8.912297283993794e-06
125,6.25,-0.00010529451180452121,-9.417994883692782e-05,-1.111456296759339e-05,-9.417994883692782e-05,-1.111456296759339e-05,-9.417994883692782e-05,-1.111456296759339e-05
126,6.300000000000001,-9.915902046864211e-05,-9.384196060541101e-05,-5.317059863231102e-06,-9.384196060541101e-05,-5.317059863231102e-06,-9.384196060541101e-05,-5.317059863231102e-06
127,6.3500000000000005,-9.341489189207408e-05,-9.185006432612344e-05,-1.5648275659506367e-06,-9.185006432612344e-05,-1.5648275659506367e-06,-9.185006432612344e-05,-1.5648275659506367e-06
128,6.4,-8.872549515270833e-05,-9.022560439578297e-05,1.500109243074638e-06,-9.022560439578297e-05,1.500109243074638e-06,-9.022560439578297e-05,1.500109243074638e-06
129,6.45,-9.425697365705865e-05,-9.297263249743593e-05,-1.2843411596227247e-06,-9.297263249743593e-05,-1.2843411596227247e-06,-9.297263249743593e-05,-1.2843411596227247e-06
130,6.5,-0.00010000906139795429,-9.359275694071059e-05,-6.416304457243705e-06,-9.359275694071059e-05,-6.416304457243705e-06,-9.359275694071059e-05,-6.416304457243705e-06
131,6.550000000000001,-9.683663243043039e-05,-9.530338205288575e-05,-1.5332503775446389e-06,-9.530338205288575e-05,-1.5332503775446389e-06,-9.530338205288575e-05,-1.5332503775446389e-06
132,6.6000000000000005,-9.449076213186025e-05,-9.336200763417971e-05,-1.1287544976805398e-06,-9.336200763417971e-05,-1.1287544976805398e-06,-9.336200763417971e-05,-1.1287544976805398e-06
133,6.65,-9.769710041918067e-05,-9.353158098328876e-05,-4.1655194358919075e-06,-9.353158098328876e-05,-4.1655194358919075e-06,-9.353158098328876e-05,-4.1655194358919075e-06
134,6.7,-9.83435516759279e-05,-9.049490776415659e-05,-7.848643911771312e-06,-9.049490776415659e-05,-7.848643911771312e-06,-9.049490776415659e-05,-7.848643911771312e-06
135,6.75,-9.375005416156768e-05,-9.20848240390633e-05,-1.6652301225043772e-06,-9.20848240390633e-05,-1.6652301225043772e-06,-9.20848240390633e-05,-1.6652301225043772e-06
136,6.800000000000001,-9.136670199594299e-05,-9.04324478736881e-05,-9.34254122254884e-07,-9.444551007781573e-05,3.078808081872738e-06,-9.444551007781573e-05,3.078808081872738e-06
137,6.8500000000000005,-8.661946904875428e-05,-8.827783508377644e-05,1.6583660350221607e-06,-9.425596404066495e-05,7.636494991910666e-06,-9.425596404066495e-05,7.636494991910666e-06
138,6.9,-9.716599673659232e-05,-9.006594007672061e-05,-7.10005665987171e-06,-9.71458922737126e-05,-2.0104462879715198e-08,-9.71458922737126e-05,-2.0104462879715198e-08
139,6.95,-9.648386590266345e-05,-8.88137184427406e-05,-7.670147459922853e-06,-9.656158811423944e-05,7.772221157599036e-08,-9.656158811423944e-05,7.772221157599036e-08
140,7.0,-0.00010139217436222481,-9.272957750974115e-05,-8.662596852483662e-06,-0.00010086754012994184,-5.24634232282968e-07,-0.00010086754012994184,-5.24634232282968e-07
141,7.050000000000001,-8.313696765216427e-05,-8.591945911186208e-05,2.782491459697809e-06,-9.429716597798413e-05,1.116019832581986e-05,-9.429716597798413e-05,1.116019832581986e-05
142,7.1000000000000005,-7.930735380490272e-05,-8.331373176259253e-05,4.006377957689806e-06,-9.180590892202818e-05,1.2498555117125459e-05,-9.180590892202818e-05,1.2498555117125459e-05
143,7.15,-8.142904833241538e-05,-8.43260979107508e-05,2.8970495783354246e-06,-9.28757202533187e-05,1.1446671920903328e-05,-9.28757202533187e-05,1.1446671920903328e-05
144,7.2,-9.441657036157736e-05,-8.847993148716723e-05,-5.936638874410127e-06,-9.580647895632474e-05,1.3899085947473826e-06,-9.580647895632474e-05,1.3899085947473826e-06
145,7.25,-0.00010243535074028198,-9.061895792687934e-05,-1.1816392813402638e-05,-9.7966864079041e-05,-4.468486661240981e-06,-9.7966864079041e-05,-4.468486661240981e-06
146,7.300000000000001,-9.852864308890208e-05,-9.133258002847714e-05,-7.196063060424941e-06,-9.867527737485111e-05,1.4663428594903537e-07,-9.867527737485111e-05,1.4663428594903537e-07
147,7.3500000000000005,-9.088228127307474e-05,-9.425765087738013e-05,3.375369604305387e-06,-0.0001017407334901986,1.0858452217123865e-05,-0.0001017407334901986,1.0858452217123865e-05
148,7.4,-9.096626127791385e-05,-9.588829773141862e-05,4.92203645350477e-06,-0.00010334589643942509,1.2379635161511234e-05,-0.00010334589643942509,1.2379635161511234e-05
149,7.45,-9.763796903217159e-05,-9.72748778792989e-05,-3.630911528726947e-07,-0.00010415870143838176,6.5207324062101685e-06,-0.00010415870143838176,6.5207324062101685e-06
150,7.5,-0.00010883226091606968,-9.953220098754113e-05,-9.300059928528552e-06,-0.00010625782148102845,-2.5744394350412313e-06,-0.00010625782148102845,-2.5744394350412313e-06
151,7.550000000000001,-0.00010265033074141616,-9.640027132111035e-05,-6.25005942030581e-06,-0.00010309523344654645,4.4490270513028863e-07,-0.00010309523344654645,4.4490270513028863e-07
152,7.6000000000000005,-0.00010397587813448794,-9.675598147734238e-05,-7.219896657145559e-06,-0.00010342280472803696,-5.530734064509817e-07,-0.00010342280472803696,-5.530734064509817e-07
153,7.65,-9.354342895240286e-05,-9.855741104786241e-05,5.01398209545955e-06,-0.00010457035740513726,1.1026928452734398e-05,-0.00010457035740513726,1.1026928452734398e-05
154,7.7,-0.0001039670858580255,-0.00010360752492285246,-3.5956093517304055e-07,-0.00010895995218866273,4.9928663306372285e-06,-0.00010895995218866273,4.9928663306372285e-06
155,7.75,-0.00010666411463633452,-0.00010235972349424226,-4.304391142092258e-06,-0.00010772335243343683,1.0592377971023128e-06,-0.00010772335243343683,1.0592377971023128e-06
156,7.800000000000001,-0.00010301740697082895,-0.00010018426139890749,-2.8331455719214654e-06,-0.00010554718668538937,2.5297797145604163e-06,-0.00010554718668538937,2.5297797145604163e-06
157,7.8500000000000005,-0.00011054540580535122,-0.00010271676457072594,-7.828641234625274e-06,-0.00010806912305729107,-2.4762827480601487e-06,-0.00010806912305729107,-2.4762827480601487e-06
158,7.9,-0.00010270185179339641,-0.00010039036784715782,-2.311483946238591e-06,-0.0001062525007060097,3.5506489126132916e-06,-0.0001062525007060097,3.5506489126132916e-06
159,7.95,-9.496884205317802e-05,-9.976391989589152e-05,4.795077842713501e-06,-0.0001064181877684817,1.144934571530368e-05,-0.0001064181877684817,1.144934571530368e-05
160,8.0,-9.473963521555717e-05,-9.242716939035899e-05,-2.3124658251981857e-06,-0.00010069061149106902,5.950976275511844e-06,-0.00010069061149106902,5.950976275511844e-06
161,8.05,-9.673644888608113e-05,-9.300664898909879e-05,-3.7297998969823413e-06,-0.0001018223958618882,5.085946975807079e-06,-0.0001018223958618882,5.085946975807079e-06
162,8.1,-0.0001022551065534838,-9.251662354456065e-05,-9.738483008923148e-06,-0.00010100517287642911,-1.249933677054685e-06,-0.00010100517287642911,-1.249933677054685e-06
163,8.15,-8.48644714053215e-05,-9.156561414235207e-05,6.7011427370305715e-06,-0.00010032884450298987,1.5464373097668374e-05,-0.00010032884450298987,1.5464373097668374e-05
164,8.200000000000001,-9.637252779726158e-05,-9.229062020621895e-05,-4.081907591042621e-06,-0.00010126379584124913,4.89126804398755e-06,-0.00010126379584124913,4.89126804398755e-06
165,8.25,-9.192439024685584e-05,-8.389880508879605e-05,-8.025585158059789e-06,-9.304486795505932e-05,1.1204777082034824e-06,-9.304486795505932e-05,1.1204777082034824e-06
166,8.3,-8.930792398931242e-05,-8.356027431094979e-05,-5.747649678362632e-06,-9.355363923622334e-05,4.245715246910917e-06,-9.355363923622334e-05,4.245715246910917e-06
167,8.35,-8.288584080684558e-05,-8.291915053177511e-05,3.3309724929532557e-08,-9.381099471610016e-05,1.0925153909254585e-05,-9.381099471610016e-05,1.0925153909254585e-05
168,8.4,-8.095977257593923e-05,-8.307074377509048e-05,2.1109711991512572e-06,-9.492060480040174e-05,1.3960832224462516e-05,-9.492060480040174e-05,1.3960832224462516e-05
169,8.450000000000001,-8.626007840017991e-05,-8.201928692416852e-05,-4.240791476011385e-06,-9.396982939691459e-05,7.709750996734679e-06,-9.396982939691459e-05,7.709750996734679e-06
170,8.5,-8.95704142398479e-05,-8.252547481294966e-05,-7.044939426898247e-06,-9.457479843856034e-05,5.0043841987124305e-06,-9.457479843856034e-05,5.0043841987124305e-06
171,8.55,-9.027036014153111e-05,-7.990501031159469e-05,-1.0365349829936422e-05,-9.204705617564314e-05,1.7766960341120244e-06,-9.204705617564314e-05,1.7766960341120244e-06
172,8.6,-7.323179010154668e-05,-7.98452417821693e-05,6.613451680622618e-06,-9.302345488699724e-05,1.9791664785450566e-05,-9.302345488699724e-05,1.9791664785450566e-05
173,8.65,-7.339810123463408e-05,-7.652662149710442e-05,3.1285202624703403e-06,-8.994583139722557e-05,1.6547730162591484e-05,-8.994583139722557e-05,1.6547730162591484e-05
174,8.700000000000001,-7.386393880681741e-05,-7.452904180080365e-05,6.651029939862453e-07,-8.803938171538036e-05,1.4175442908562953e-05,-8.803938171538036e-05,1.4175442908562953e-05
175,8.75,-7.53765373638915e-05,-7.043104721832725e-05,-4.945490145564246e-06,-8.402378122700769e-05,8.647243863116197e-06,-8.402378122700769e-05,8.647243863116197e-06
176,8.8,-7.67033896831304e-05,-7.08577997570729e-05,-5.845589926057503e-06,-8.452779430893879e-05,7.824404625808389e-06,-8.452779430893879e-05,7.824404625808389e-06
177,8.85,-6.750434031799202e-05,-6.945379026416537e-05,1.9494499461733555e-06,-8.31903236459121e-05,1.5685983327920076e-05,-8.31903236459121e-05,1.5685983327920076e-05
178,8.9,-6.857013789129951e-05,-6.721835182665748e-05,-1.3517860646420287e-06,-8.102527943983107e-05,1.2455141548531565e-05,-8.102527943983107e-05,1.2455141548531565e-05
179,8.950000000000001,-6.780738504597039e-05,-6.159415771992087e-05,-6.213227326049521e-06,-7.56627442751888e-05,7.855359229218405e-06,-7.56627442751888e-05,7.855359229218405e-06
180,9.0,-6.7453297128095e-05,-5.9548646223651765e-05,-7.904650904443237e-06,-7.370263015768656e-05,6.249333029591562e-06,-7.370263015768656e-05,6.249333029591562e-06
181,9.05,-5.8075577940797096e-05,-5.547758754949178e-05,-2.597990391305319e-06,-6.971969916108729e-05,1.1644121220290193e-05,-6.971969916108729e-05,1.1644121220290193e-05
182,9.1,-4.855677716519846e-05,-5.589998761549901e-05,7.343210450300552e-06,-6.945383416584854e-05,2.0897057000650077e-05,-6.945383416584854e-05,2.0897057000650077e-05
183,9.15,-5.5254775966129266e-05,-5.6820265451911206e-05,1.5654894857819405e-06,-6.960348339529751e-05,1.4348707429168243e-05,-6.960348339529751e-05,1.4348707429168243e-05
184,9.200000000000001,-5.708062249787371e-05,-5.841064546185185e-05,1.3300229639781405e-06,-6.918240749636086e-05,1.210178499848715e-05,-6.918240749636086e-05,1.210178499848715e-05
185,9.25,-6.136963414105079e-05,-5.681442907530955e-05,-4.555205065741236e-06,-6.761858847733852e-05,6.248954336287728e-06,-6.761858847733852e-05,6.248954336287728e-06
186,9.3,-6.38721181124291e-05,-5.319452105148766e-05,-1.0677597060941438e-05,-6.557862737405235e-05,1.7065092616232554e-06,-6.557862737405235e-05,1.7065092616232554e-06
187,9.35,-4.911977107824317e-05,-5.176137973452825e-05,2.6416086562850786e-06,-6.416207906676048e-05,1.5042307988517308e-05,-6.416207906676048e-05,1.5042307988517308e-05
188,9.4,-4.695683164801512e-05,-5.0627973345683175e-05,3.671141697668057e-06,-6.30481927014091e-05,1.6091361053393975e-05,-6.30481927014091e-05,1.6091361053393975e-05
189,9.450000000000001,-4.588974701258408e-05,-4.8687686829734244e-05,2.7979398171501627e-06,-6.114239121927505e-05,1.5252644206690971e-05,-6.114239121927505e-05,1.5252644206690971e-05
190,9.5,-4.857692726578655e-05,-4.404311730197745e-05,-4.533809963809102e-06,-5.783267567829479e-05,9.255748412508242e-06,-5.783267567829479e-05,9.255748412508242e-06
191,9.55,-4.89140506678698e-05,-4.244834206783903e-05,-6.465708600030771e-06,-5.6293027476194976e-05,7.378976808325174e-06,-5.6293027476194976e-05,7.378976808325174e-06
192,9.600000000000001,-4.422711695695192e-05,-4.18805013988037e-05,-2.346615558148217e-06,-5.641650329232014e-05,1.2189386335368225e-05,-5.641650329232014e-05,1.2189386335368225e-05
193,9.65,-3.8136810444955316e-05,-4.1852300805224965e-05,3.7154903602696496e-06,-5.631172824508171e-05,1.817491780012639e-05,-5.631172824508171e-05,1.817491780012639e-05
194,9.700000000000001,-3.719395096013489e-05,-4.203319236906057e-05,4.839241408925679e-06,-5.6432095326625247e-05,1.9238144366490355e-05,-5.6432095326625247e-05,1.9238144366490355e-05
195,9.75,-3.842007079424281e-05,-4.08465981424967e-05,2.4265273482538914e-06,-5.51857575300645e-05,1.676568673582169e-05,-5.51857575300645e-05,1.676568673582169e-05
196,9.8,-4.441656997511423e-05,-3.936956126998106e-05,-5.047008705133166e-06,-5.365039862623541e-05,9.233828651121182e-06,-5.365039862623541e-05,9.233828651121182e-06
197,9.850000000000001,-4.336834543661183e-05,-3.7890976097298486e-05,-5.477369339313346e-06,-5.212264329235132e-05,8.754297855739487e-06,-5.212264329235132e-05,8.754297855739487e-06
198,9.9,-4.330651170258992e-05,-3.632543699419809e-05,-6.98107470839183e-06,-5.0516616279954086e-05,7.210104577364164e-06,-5.0516616279954086e-05,7.210104577364164e-06
199,9.950000000000001,-3.809437031498941e-05,-3.5229074407143605e-05,-2.8652959078458073e-06,-4.937221496496374e-05,1.1277844649974326e-05,-4.937221496496374e-05,1.1277844649974326e-05
200,10.0,-2.8625458965869655e-05,-3.4749748012958494e-05,6.12428904708884e-06,-4.884500976153864e-05,2.0219550795668986e-05,-4.884500976153864e-05,2.0219550795668986e-05
201,10.05,-3.1159649277689994e-05,-3.370437755676716e-05,2.544728279077169e-06,-4.77519114641491e-05,1.6592262186459107e-05,-4.77519114641491e-05,1.6592262186459107e-05
202,10.100000000000001,-3.5897832414311104e-05,-3.374270756252361e-05,-2.1551248517874937e-06,-4.7351413297031135e-05,1.1453580882720031e-05,-4.7351413297031135e-05,1.1453580882720031e-05
203,10.15,-3.5005370594531904e-05,-3.264173593348387e-05,-2.363634661048031e-06,-4.6166041698846414e-05,1.116067110431451e-05,-4.6166041698846414e-05,1.116067110431451e-05
204,10.200000000000001,-3.861035405172686e-05,-3.294392735793133e-05,-5.666426693795527e-06,-4.5752069251775624e-05,7.141715200048766e-06,-4.5752069251775624e-05,7.141715200048766e-06
205,10.25,-3.5806080829980935e-05,-2.8624713045534173e-05,-7.181367784446762e-06,-4.136685602915146e-05,5.560775199170522e-06,-4.136685602915146e-05,5.560775199170522e-06
206,10.3,-2.825400195338723e-05,-2.782338023408173e-05,-4.3062171930550135e-07,-4.0507325480727396e-05,1.2253323527340165e-05,-4.0507325480727396e-05,1.2253323527340165e-05
207,10.350000000000001,-2.395412243549888e-05,-2.7027597588768685e-05,3.073475153269804e-06,-3.965395905025116e-05,1.569983661475228e-05,-3.965395905025116e-05,1.569983661475228e-05
208,10.4,-2.5393360860381797e-05,-2.7353346524140807e-05,1.9599856637590093e-06,-3.935439408582648e-05,1.3961033225444684e-05,-3.935439408582648e-05,1.3961033225444684e-05
209,10.450000000000001,-2.6245436655858434e-05,-2.722283020136077e-05,9.773935455023362e-07,-3.825905001550885e-05,1.2013613359650418e-05,-3.825905001550885e-05,1.2013613359650418e-05
210,10.5,-2.738177368288852e-05,-2.661817587678727e-05,-7.635978061012514e-07,-3.67153772873797e-05,9.333603604491178e-06,-3.67153772873797e-05,9.333603604491178e-06
211,10.55,-2.9991356100267375e-05,-2.739681810891714e-05,-2.594537991350236e-06,-3.744869581088847e-05,7.457339710621097e-06,-3.744869581088847e-05,7.457339710621097e-06
212,10.600000000000001,-3.188847988300214e-05,-2.657647473571416e-05,-5.3120051472879805e-06,-3.6584806025300826e-05,4.6963261422986846e-06,-3.6584806025300826e-05,4.6963261422986846e-06
213,10.65,-2.7428496509607214e-05,-2.5788860961431168e-05,-1.6396355481760466e-06,-3.575536029982787e-05,8.326863790220654e-06,-3.575536029982787e-05,8.326863790220654e-06
214,10.700000000000001,-2.3939216376778205e-05,-2.5844429743508793e-05,1.9052133667305875e-06,-3.577075190363857e-05,1.1831535526860367e-05,-3.577075190363857e-05,1.1831535526860367e-05
215,10.75,-1.8771706097098217e-05,-2.4790403856390893e-05,6.018697759292676e-06,-3.466582730695037e-05,1.5894121209852153e-05,-3.466582730695037e-05,1.5894121209852153e-05
216,10.8,-2.3027369245309792e-05,-2.5388695611156568e-05,2.361326365846776e-06,-3.49580709287787e-05,1.1930701683468907e-05,-3.49580709287787e-05,1.1930701683468907e-05
217,10.850000000000001,-2.1703547803508805e-05,-2.453812654877651e-05,2.8345787452677067e-06,-3.408596722477903e-05,1.2382419421270228e-05,-3.408596722477903e-05,1.2382419421270228e-05
218,10.9,-2.2122126462353897e-05,-2.375145366938211e-05,1.6293272070282137e-06,-3.32789007135008e-05,1.1156774251146906e-05,-3.32789007135008e-05,1.1156774251146906e-05
219,10.950000000000001,-2.1525707753378143e-05,-2.290614521335334e-05,1.3804374599751966e-06,-3.221924753847287e-05,1.0693539785094729e-05,-3.221924753847287e-05,1.0693539785094729e-05
220,11.0,-2.329677303791744e-05,-2.1980257731341334e-05,-1.3165153065761055e-06,-3.127518661056082e-05,7.97841357264338e-06,-3.127518661056082e-05,7.97841357264338e-06
221,11.05,-2.5226527570310076e-05,-2.125125811415723e-05,-3.975269456152847e-06,-3.053332862454067e-05,5.3068010542305975e-06,-3.053332862454067e-05,5.3068010542305975e-06
222,11.100000000000001,-2.863890999826868e-05,-2.2331475958694674e-05,-6.307434039574006e-06,-3.1497603736707946e-05,2.8586937384392656e-06,-3.1497603736707946e-05,2.8586937384392656e-06
223,11.15,-2.8444624907919547e-05,-2.1578925754868894e-05,-6.8656991530506525e-06,-3.0702800052609115e-05,2.258175144689568e-06,-3.0702800052609115e-05,2.258175144689568e-06
224,11.200000000000001,-1.9831229069566803e-05,-2.0910854652430584e-05,1.0796255828637818e-06,-2.9992348291111467e-05,1.0161119221544664e-05,-2.9992348291111467e-05,1.0161119221544664e-05
225,11.25,-2.0258210977508462e-05,-2.047419624887569e-05,2.1598527136722665e-07,-2.9511863984909938e-05,9.253653007401476e-06,-2.9511863984909938e-05,9.253653007401476e-06
226,11.3,-1.6729334051501787e-05,-1.9910754876371526e-05,3.1814208248697384e-06,-2.8528756534408733e-05,1.1799422482906945e-05,-2.8528756534408733e-05,1.1799422482906945e-05
227,11.350000000000001,-1.8365434324651986e-05,-1.947176253274938e-05,1.1063282080973941e-06,-2.8045376041146897e-05,9.679941716494912e-06,-2.8045376041146897e-05,9.679941716494912e-06
228,11.4,-1.3916033732908062e-05,-1.8977251865887397e-05,5.061218132979335e-06,-2.7506580787309126e-05,1.3590547054401064e-05,-2.7506580787309126e-05,1.3590547054401064e-05
229,11.450000000000001,-1.524750773607142e-05,-1.7507673093663614e-05,2.260165357592194e-06,-2.5996529947368947e-05,1.0749022211297527e-05,-2.5996529947368947e-05,1.0749022211297527e-05
230,11.5,-1.664414543045556e-05,-1.6808802758542144e-05,1.6465732808658507e-07,-2.5257958731953082e-05,8.613813301497523e-06,-2.5257958731953082e-05,8.613813301497523e-06
231,11.55,-2.199484367237936e-05,-1.921312337536925e-05,-2.7817202970101096e-06,-2.649981242546503e-05,4.504968753085668e-06,-2.649981242546503e-05,4.504968753085668e-06
232,11.600000000000001,-2.1629747203766314e-05,-1.8346542204794873e-05,-3.283204998971441e-06,-2.560966083609744e-05,3.9799136323311265e-06,-2.560966083609744e-05,3.9799136323311265e-06
233,11.65,-1.6581497913725762e-05,-1.7634142357533206e-05,1.0526444438074437e-06,-2.479030579974453e-05,8.208807886018768e-06,-2.479030579974453e-05,8.208807886018768e-06
234,11.700000000000001,-1.4239296882045949e-05,-1.731539718856905e-05,3.0761003065230997e-06,-2.444915645506545e-05,1.0209859573019503e-05,-2.444915645506545e-05,1.0209859573019503e-05
235,11.75,-1.6834945064103657e-05,-1.5885780670067898e-05,-9.491643940357587e-07,-2.3243599478772925e-05,6.408654414669268e-06,-2.3243599478772925e-05,6.408654414669268e-06
236,11.8,-1.487675142264333e-05,-1.3192156660122558e-05,-1.684594762520773e-06,-2.1513025479731232e-05,6.636274057087901e-06,-2.1513025479731232e-05,6.636274057087901e-06
237,11.850000000000001,-1.4483518975372256e-05,-1.2720757189702227e-05,-1.7627617856700294e-06,-2.1013486884646533e-05,6.529967909274277e-06,-2.1013486884646533e-05,6.529967909274277e-06
238,11.9,-1.5391393731967185e-05,-1.3002309415831442e-05,-2.389084316135742e-06,-2.087627626875247e-05,5.484882536785287e-06,-2.087627626875247e-05,5.484882536785287e-06
239,11.950000000000001,-1.494393233958391e-05,-1.2547303049891365e-05,-2.396629289692545e-06,-2.0385103238480938e-05,5.441170898897028e-06,-2.0385103238480938e-05,5.441170898897028e-06
240,12.0,-1.2879471508187024e-05,-1.2368522402253577e-05,-5.109491059334466e-07,-2.0171238414222315e-05,7.291766906035291e-06,-2.0171238414222315e-05,7.291766906035291e-06
241,12.05,-1.2624482855772001e-05,-1.1974213979106463e-05,-6.50268876665538e-07,-1.9762504090758855e-05,7.138021234986854e-06,-1.9762504090758855e-05,7.138021234986854e-06
242,12.100000000000001,-1.27135041327886e-05,-1.1607202487655021e-05,-1.1063016451335786e-06,-1.9381698359063093e-05,6.668194226274493e-06,-1.9381698359063093e-05,6.668194226274493e-06
243,12.15,-7.607443007540127e-06,-1.2157705073669023e-05,4.550262066128896e-06,-2.0378599156915763e-05,1.2771156149375636e-05,-2.0378599156915763e-05,1.2771156149375636e-05
244,12.200000000000001,-8.161284562602233e-06,-1.210505320968371e-05,3.943768647081476e-06,-2.0277286463040374e-05,1.211600190043814e-05,-2.0277286463040374e-05,1.211600190043814e-05
245,12.25,-9.967681585454358e-06,-1.2390986894706119e-05,2.423305309251761e-06,-2.0515519493459324e-05,1.0547837908004966e-05,-2.0515519493459324e-05,1.0547837908004966e-05
246,12.3,-1.1009043930254592e-05,-1.3156962918561077e-05,2.1479189883064854e-06,-2.123474612291459e-05,1.0225702192659997e-05,-2.123474612291459e-05,1.0225702192659997e-05
247,12.350000000000001,-1.0127179030261502e-05,-1.290406761196596e-05,2.7768885817044583e-06,-2.1040972046125302e-05,1.09137930158638e-05,-2.1040972046125302e-05,1.09137930158638e-05
248,12.4,-1.3182181256454761e-05,-1.430201761607113e-05,1.1198363596163682e-06,-2.23968061362928e-05,9.214624879838039e-06,-2.23968061362928e-05,9.214624879838039e-06
249,12.450000000000001,-1.4175640718372406e-05,-1.3852783817888994e-05,-3.2285690048341255e-07,-2.1197911672750778e-05,7.022270954378371e-06,-2.1197911672750778e-05,7.022270954378371e-06
250,12.5,-1.5088933196794052e-05,-1.354210327938078e-05,-1.5468299174132718e-06,-2.0440914703229363e-05,5.351981506435311e-06,-2.0440914703229363e-05,5.351981506435311e-06
251,12.55,-1.6041885622763985e-05,-1.3267813538191942e-05,-2.774072084572043e-06,-2.011590350885959e-05,4.074017886095605e-06,-2.011590350885959e-05,4.074017886095605e-06
252,12.600000000000001,-1.6910810887726946e-05,-1.3023891974941464e-05,-3.886918912785482e-06,-1.9819529837751616e-05,2.90871895002467e-06,-1.9819529837751616e-05,2.90871895002467e-06
253,12.65,-1.7623352783213697e-05,-1.27297557771985e-05,-4.893597006015198e-06,-1.947488728044051e-05,1.8515344972268126e-06,-1.947488728044051e-05,1.8515344972268126e-06
254,12.700000000000001,-1.7385522319335323e-05,-1.1445238186223999e-05,-5.9402841331113235e-06,-1.814118091982267e-05,7.556586004873472e-07,-1.814118091982267e-05,7.556586004873472e-07
255,12.75,-1.2409471071173073e-05,-1.1360941439062724e-05,-1.048529632110349e-06,-1.800899241778972e-05,5.599521346616646e-06,-1.800899241778972e-05,5.599521346616646e-06
256,12.8,-9.380207701470411e-06,-1.1095736349675151e-05,1.7155286482047402e-06,-1.7698370418106133e-05,8.318162716635722e-06,-1.7698370418106133e-05,8.318162716635722e-06
257,12.850000000000001,-7.015887852235281e-06,-1.088678511604081e-05,3.870897263805529e-06,-1.729319316889393e-05,1.027730531665865e-05,-1.729319316889393e-05,1.027730531665865e-05
258,12.9,-7.767175965289752e-06,-1.064342770210656e-05,2.8762517368168076e-06,-1.7005112593467496e-05,9.237936628177743e-06,-1.7005112593467496e-05,9.237936628177743e-06
259,12.950000000000001,-8.279988290227358e-06,-1.0412455135730588e-05,2.13246684550323e-06,-1.6730618738649384e-05,8.450630448422026e-06,-1.6730618738649384e-05,8.450630448422026e-06
260,13.0,-9.176970359736636e-06,-1.057980325538122e-05,1.4028328956445835e-06,-1.6855615554123712e-05,7.678645194387076e-06,-1.6855615554123712e-05,7.678645194387076e-06
261,13.05,-9.818603324052155e-06,-1.055259615662353e-05,7.33992832571374e-07,-1.6828669495771768e-05,7.010066171719612e-06,-1.6828669495771768e-05,7.010066171719612e-06
262,13.100000000000001,-9.283097227252846e-06,-1.0340681950754477e-05,1.0575847235016311e-06,-1.657690970813735e-05,7.293812480884505e-06,-1.657690970813735e-05,7.293812480884505e-06
263,13.15,-8.556636661438688e-06,-1.0128347346791316e-05,1.5717106853526277e-06,-1.632693255786581e-05,7.770295896427123e-06,-1.632693255786581e-05,7.770295896427123e-06
264,13.200000000000001,-7.930057500438181e-06,-9.929516305792639e-06,1.9994588053544575e-06,-1.60920216984128e-05,8.161964197974618e-06,-1.60920216984128e-05,8.161964197974618e-06
265,13.25,-8.416367165642313e-06,-9.80863980880056e-06,1.3922726431582463e-06,-1.5936363959485527e-05,7.519996793843213e-06,-1.5936363959485527e-05,7.519996793843213e-06
266,13.3,-8.812912678290985e-06,-9.49273046893288e-06,6.798177906418945e-07,-1.558747217278435e-05,6.774559494493365e-06,-1.558747217278435e-05,6.774559494493365e-06
267,13.350000000000001,-9.34281183162522e-06,-9.337756691271674e-06,-5.055140353545272e-09,-1.5408323132863985e-05,6.065511301238765e-06,-1.5408323132863985e-05,6.065511301238765e-06
268,13.4,-9.849422966889954e-06,-9.248893219714912e-06,-6.005297471750419e-07,-1.5295894934983523e-05,5.4464719680935694e-06,-1.5295894934983523e-05,5.4464719680935694e-06
269,13.450000000000001,-1.0318205768466981e-05,-9.095236920130157e-06,-1.2229688483368248e-06,-1.5119271294472866e-05,4.8010655260058845e-06,-1.5119271294472866e-05,4.8010655260058845e-06
270,13.5,-1.2264924881377759e-05,-9.671226008356296e-06,-2.593698873021463e-06,-1.5672877547244163e-05,3.4079526658664037e-06,-1.5672877547244163e-05,3.4079526658664037e-06
271,13.55,-1.4574564297986647e-05,-1.0748548098886955e-05,-3.826016199099693e-06,-1.6715131490124905e-05,2.1405671921382577e-06,-1.6715131490124905e-05,2.1405671921382577e-06
272,13.600000000000001,-1.6554322640582875e-05,-1.1540506083110167e-05,-5.013816557472708e-06,-1.7486527858699996e-05,9.322052181171212e-07,-1.7486527858699996e-05,9.322052181171212e-07
273,13.65,-8.811346731363301e-06,-1.0171148231165188e-05,1.3598014998018866e-06,-1.6583550644751e-05,7.7722039133877e-06,-1.6583550644751e-05,7.7722039133877e-06
274,13.700000000000001,-5.648530597812673e-06,-9.993093381974136e-06,4.344562784161463e-06,-1.6362258527915537e-05,1.0713727930102864e-05,-1.6362258527915537e-05,1.0713727930102864e-05
275,13.75,-8.109787869248208e-06,-1.1039766610453781e-05,2.929978741205573e-06,-1.7366120796603507e-05,9.256332927355298e-06,-1.7366120796603507e-05,9.256332927355298e-06
276,13.8,-7.138534691364384e-06,-9.703346652539463e-06,2.5648119611750784e-06,-1.5873303868295183e-05,8.734769176930798e-06,-1.5873303868295183e-05,8.734769176930798e-06
277,13.850000000000001,-7.820526452428922e-06,-9.493213991622152e-06,1.6726875391932301e-06,-1.5176457616619933e-05,7.355931164191011e-06,-1.5176457616619933e-05,7.355931164191011e-06
278,13.9,-1.164638737227719e-05,-1.1896922756914166e-05,2.505353846369764e-07,-1.6838112572216648e-05,5.191725199939459e-06,-1.6838112572216648e-05,5.191725199939459e-06
279,13.950000000000001,-1.087077238348666e-05,-1.0474308881135228e-05,-3.9646350235143174e-07,-1.5401382654702067e-05,4.530610271215407e-06,-1.5401382654702067e-05,4.530610271215407e-06
280,14.0,-1.3324204824471941e-05,-1.146628564655341e-05,-1.8579191779185319e-06,-1.637954649247654e-05,3.0553416680045987e-06,-1.637954649247654e-05,3.0553416680045987e-06
281,14.05,-1.4204141189799735e-05,-1.1408128476054119e-05,-2.796012713745616e-06,-1.6202554697395264e-05,1.9984135075955287e-06,-1.6202554697395264e-05,1.9984135075955287e-06
282,14.100000000000001,-1.1913800006202457e-05,-9.628339545365267e-06,-2.28546046083719e-06,-1.4408984229325507e-05,2.4951842231230496e-06,-1.4408984229325507e-05,2.4951842231230496e-06
283,14.15,-1.092376574141074e-05,-9.555760645827745e-06,-1.3680050955829957e-06,-1.432869596177311e-05,3.4049302203623693e-06,-1.432869596177311e-05,3.4049302203623693e-06
284,14.200000000000001,-1.0122262784073577e-05,-9.304513550597546e-06,-8.177492334760308e-07,-1.4061537347325101e-05,3.939274563251525e-06,-1.4061537347325101e-05,3.939274563251525e-06
285,14.25,-1.0777050018506706e-05,-9.131256737917331e-06,-1.6457932805893754e-06,-1.3872859746321164e-05,3.0958097278144572e-06,-1.3872859746321164e-05,3.0958097278144572e-06
286,14.3,-7.083836155219458e-06,-8.975088101433571e-06,1.891251946214113e-06,-1.370175114250983e-05,6.617914987290371e-06,-1.370175114250983e-05,6.617914987290371e-06
287,14.350000000000001,-1.1739824024803447e-05,-1.2942918559818864e-05,1.2030945350154174e-06,-1.4749390492179017e-05,3.0095664673755697e-06,-1.4749390492179017e-05,3.0095664673755697e-06
288,14.4,-1.1153750512749028e-05,-1.2258673123599557e-05,1.1049226108505294e-06,-1.4032916482959424e-05,2.8791659702103965e-06,-1.4032916482959424e-05,2.8791659702103965e-06
289,14.450000000000001,-1.3664889104147981e-05,-1.3223188582789232e-05,-4.417005213587498e-07,-1.4974012509741018e-05,1.3091234055930365e-06,-1.4974012509741018e-05,1.3091234055930365e-06
290,14.5,-1.2299932759973764e-05,-1.1079485788580122e-05,-1.220446971393642e-06,-1.2807226806102844e-05,5.072940461290802e-07,-1.2807226806102844e-05,5.072940461290802e-07
291,14.55,-1.4472317532265855e-05,-1.3239439327169833e-05,-1.2328782050960223e-06,-1.4936188850133669e-05,4.63871317867814e-07,-1.4936188850133669e-05,4.63871317867814e-07
292,14.600000000000001,-1.0060158315949863e-05,-1.1843179784302344e-05,1.783021468352481e-06,-1.3517340436861586e-05,3.4571821209117226e-06,-1.3517340436861586e-05,3.4571821209117226e-06
293,14.65,-9.94337307202997e-06,-1.0995699099971763e-05,1.052326027941792e-06,-1.2647592620984425e-05,2.704219548954454e-06,-1.2647592620984425e-05,2.704219548954454e-06
294,14.700000000000001,-1.311837167217167e-05,-1.2666821923391884e-05,-4.5154974877978475e-07,-1.4288575206576668e-05,1.1702035344049984e-06,-1.4288575206576668e-05,1.1702035344049984e-06
295,14.75,-1.2234859585458224e-05,-1.1279772953320063e-05,-9.550866321381614e-07,-1.2880075285452857e-05,6.452156999946323e-07,-1.2880075285452857e-05,6.452156999946323e-07
296,14.8,-1.3256564579178232e-05,-1.1687648911567184e-05,-1.5689156676110476e-06,-1.3233104109933802e-05,-2.3460469244429496e-08,-1.3233104109933802e-05,-2.3460469244429496e-08
297,14.850000000000001,-1.342410714655351e-05,-1.0946631077470783e-05,-2.477476069082727e-06,-1.2463659793696287e-05,-9.604473528572227e-07,-1.2463659793696287e-05,-9.604473528572227e-07
298,14.9,-1.4444695664472817e-05,-1.152424458090443e-05,-2.920451083568387e-06,-1.3021471039176298e-05,-1.4232246252965192e-06,-1.3021471039176298e-05,-1.4232246252965192e-06
299,14.950000000000001,-1.3608573354195741e-05,-9.762505718172355e-06,-3.846067636023386e-06,-1.1232030461664331e-05,-2.37654289253141e-06,-1.1232030461664331e-05,-2.37654289253141e-06
300,15.0,-1.2569084949176634e-05,-1.0410033238138723e-05,-2.1590517110379116e-06,-1.1860299144750383e-05,-7.087858044262512e-07,-1.1860299144750383e-05,-7.087858044262512e-07
301,15.05,-9.379030912248787e-06,-9.687218854141094e-06,3.081879418923069e-07,-1.1115871731751926e-05,1.7368408195031393e-06,-1.1115871731751926e-05,1.7368408195031393e-06
302,15.100000000000001,-1.1953943726328298e-05,-1.0192549198582965e-05,-1.761394527745333e-06,-1.1591238254279383e-05,-3.6270547204891476e-07,-1.1591238254279383e-05,-3.6270547204891476e-07
303,15.15,-8.881841308538974e-06,-1.0009434845616509e-05,1.1275935370775355e-06,-1.1386254049855494e-05,2.5044127413165206e-06,-1.1386254049855494e-05,2.5044127413165206e-06
304,15.200000000000001,-8.444577673016873e-06,-9.344735750795859e-06,9.001580777789854e-07,-1.0700002060983036e-05,2.255424387966163e-06,-1.0700002060983036e-05,2.255424387966163e-06
305,15.25,-8.214838491338305e-06,-9.686796684313375e-06,1.47195819297507e-06,-1.1012863277396268e-05,2.7980247860579625e-06,-1.1012863277396268e-05,2.7980247860579625e-06
306,15.3,-9.02457765938891e-06,-1.0316654593164725e-05,1.2920769337758144e-06,-1.1621959992318447e-05,2.5973823329295363e-06,-1.1621959992318447e-05,2.5973823329295363e-06
307,15.350000000000001,-9.857600217988427e-06,-9.699689608699112e-06,-1.5791060928931475e-07,-1.0830367161118345e-05,9.727669431299182e-07,-1.0830367161118345e-05,9.727669431299182e-07
308,15.4,-9.755313888581973e-06,-1.0002534752515315e-05,2.472208639333413e-07,-1.1108305414438402e-05,1.3529915258564283e-06,-1.1108305414438402e-05,1.3529915258564283e-06
309,15.450000000000001,-8.033486902148113e-06,-8.683135760935359e-06,6.496488587872465e-07,-9.771344654173218e-06,1.7378577520251052e-06,-9.771344654173218e-06,1.7378577520251052e-06
310,15.5,-8.053841850985677e-06,-8.106681790403451e-06,5.283993941777431e-08,-9.177558229274866e-06,1.1237163782891896e-06,-9.177558229274866e-06,1.1237163782891896e-06
311,15.55,-1.0036900239263069e-05,-9.327133572404765e-06,-7.09766666858304e-07,-1.037404330515752e-05,3.3714306589445024e-07,-1.037404330515752e-05,3.3714306589445024e-07
312,15.600000000000001,-1.0463970377405651e-05,-8.794225931984665e-06,-1.6697444454209869e-06,-9.824404764264089e-06,-6.395656131415624e-07,-9.824404764264089e-06,-6.395656131415624e-07
313,15.65,-1.057566424877976e-05,-9.27987566515039e-06,-1.2957885836293693e-06,-1.0286614029358103e-05,-2.890502194216558e-07,-1.0286614029358103e-05,-2.890502194216558e-07
314,15.700000000000001,-5.600523268922686e-06,-8.022024682892166e-06,2.4215014139694804e-06,-9.002089815557868e-06,3.4015665466351825e-06,-9.002089815557868e-06,3.4015665466351825e-06
315,15.75,-8.70507948014243e-06,-9.778604346258821e-06,1.073524866116391e-06,-1.0742858225343233e-05,2.0377787452008024e-06,-1.0742858225343233e-05,2.0377787452008024e-06
316,15.8,-7.713264112751972e-06,-8.918654552317219e-06,1.2053904395652472e-06,-9.860591226144008e-06,2.147327113392036e-06,-9.860591226144008e-06,2.147327113392036e-06
317,15.850000000000001,-8.138852270356267e-06,-8.796409769891206e-06,6.575574995349389e-07,-9.723135481929225e-06,1.584283211572958e-06,-9.723135481929225e-06,1.584283211572958e-06
318,15.9,-8.077876628043157e-06,-8.820024530528693e-06,7.421479024855358e-07,-9.731758212387585e-06,1.6538815843444278e-06,-9.731758212387585e-06,1.6538815843444278e-06
319,15.950000000000001,-1.0583702228283975e-05,-1.0172136120299972e-05,-4.1156610798400367e-07,-1.1057298169424487e-05,4.7359594114051133e-07,-1.1057298169424487e-05,4.7359594114051133e-07
320,16.0,-6.443000974631907e-06,-8.745963187111543e-06,2.3029622124796353e-06,-9.611671518511619e-06,3.1686705438797117e-06,-9.611671518511619e-06,3.1686705438797117e-06
321,16.05,-8.494678223058827e-06,-9.97140580357745e-06,1.4767275805186225e-06,-1.0811874588763934e-05,2.3171963657051074e-06,-1.0811874588763934e-05,2.3171963657051074e-06
322,16.1,-9.054341782777087e-06,-9.843112496687979e-06,7.887707139108924e-07,-1.0664450495729188e-05,1.610108712952101e-06,-1.0664450495729188e-05,1.610108712952101e-06
323,16.150000000000002,-9.614857504169905e-06,-9.78057759944357e-06,1.6572009527366502e-07,-1.0583050113381232e-05,9.681926092113272e-07,-1.0583050113381232e-05,9.681926092113272e-07
324,16.2,-1.1653851220927436e-05,-1.0806697564080911e-05,-8.471536568465244e-07,-1.1589961659514084e-05,-6.388956141335215e-08,-1.1589961659514084e-05,-6.388956141335215e-08
325,16.25,-9.540752024417287e-06,-9.291869667906984e-06,-2.488823565103037e-07,-1.0056192514267824e-05,5.154404898505371e-07,-1.0056192514267824e-05,5.154404898505371e-07
326,16.3,-1.0119990666579426e-05,-8.647951551908894e-06,-1.4720391146705315e-06,-9.386985598675902e-06,-7.330050679035244e-07,-9.386985598675902e-06,-7.330050679035244e-07
327,16.35,-1.0567593108357087e-05,-8.526214773765486e-06,-2.041378334591601e-06,-9.246838585378668e-06,-1.3207545229784197e-06,-9.246838585378668e-06,-1.3207545229784197e-06
328,16.400000000000002,-1.0925178348886178e-05,-8.407937107506742e-06,-2.5172412413794354e-06,-9.110403114641208e-06,-1.8147752342449693e-06,-9.110403114641208e-06,-1.8147752342449693e-06
329,16.45,-1.1074067471694704e-05,-8.651235984655293e-06,-2.422831487039411e-06,-9.33579446245457e-06,-1.7382730092401344e-06,-9.33579446245457e-06,-1.7382730092401344e-06
330,16.5,-1.0813538467213668e-05,-7.155422901724077e-06,-3.658115565489591e-06,-7.811865497425819e-06,-3.001672969787849e-06,-7.811865497425819e-06,-3.001672969787849e-06
331,16.55,-9.753237282916771e-06,-6.866517720299142e-06,-2.8867195626176296e-06,-7.46090233466682e-06,-2.292334948249951e-06,-7.46090233466682e-06,-2.292334948249951e-06
332,16.6,-7.375076505944378e-06,-6.660566904831303e-06,-7.145096011130748e-07,-7.1420425161966514e-06,-2.3303398974772647e-07,-7.1420425161966514e-06,-2.3303398974772647e-07
333,16.650000000000002,-8.816073009509928e-06,-6.3692136481320926e-06,-2.4468593613778357e-06,-6.702822496714368e-06,-2.1132505127955602e-06,-6.702822496714368e-06,-2.1132505127955602e-06
334,16.7,-4.5467458615888745e-06,-6.404112822778655e-06,1.8573669611897804e-06,-6.722838943720765e-06,2.17609308213189e-06,-6.722838943720765e-06,2.17609308213189e-06
335,16.75,-3.852256101111173e-06,-7.357382750730008e-06,3.5051266496188348e-06,-7.587392671656542e-06,3.7351365705453684e-06,-7.587392671656542e-06,3.7351365705453684e-06
336,16.8,-4.68051344271192e-06,-6.0637591317248005e-06,1.3832456890128806e-06,-6.359272322948769e-06,1.6787588802368489e-06,-6.359272322948769e-06,1.6787588802368489e-06
337,16.85,-4.938625868589064e-06,-5.95742794393915e-06,1.0188020753500858e-06,-6.238940828033379e-06,1.3003149594443152e-06,-6.238940828033379e-06,1.3003149594443152e-06
338,16.900000000000002,-3.2312842489501392e-06,-5.73020171857239e-06,2.4989174696222504e-06,-5.929825667995105e-06,2.6985414190449657e-06,-5.929825667995105e-06,2.6985414190449657e-06
339,16.95,-5.504150200730251e-06,-5.790778140290654e-06,2.8662793956040267e-07,-6.050644094674812e-06,5.464938939445607e-07,-6.050644094674812e-06,5.464938939445607e-07
340,17.0,-3.991677600012622e-06,-5.525106203820533e-06,1.5334286038079111e-06,-5.708468520155187e-06,1.7167909201425653e-06,-5.708468520155187e-06,1.7167909201425653e-06
341,17.05,-5.815432053912772e-06,-5.580556731694355e-06,-2.3487532221841774e-07,-5.8197466180786655e-06,4.314564165893099e-09,-5.8197466180786655e-06,4.314564165893099e-09
342,17.1,-5.890679382947184e-06,-6.427055690838974e-06,5.363763078917904e-07,-6.594848770127425e-06,7.04169387180241e-07,-6.594848770127425e-06,7.04169387180241e-07
343,17.150000000000002,-6.525290592640509e-06,-5.779183722425438e-06,-7.461068702150711e-07,-5.998403145879474e-06,-5.268874467610349e-07,-5.998403145879474e-06,-5.268874467610349e-07
344,17.2,-4.6408842063749844e-06,-5.108980063120769e-06,4.680958567457846e-07,-5.261901474412015e-06,6.210172680370306e-07,-5.261901474412015e-06,6.210172680370306e-07
345,17.25,-5.724603014845009e-06,-5.6838518802093966e-06,-4.0751134635612334e-08,-5.883925008195682e-06,1.5932199335067328e-07,-5.883925008195682e-06,1.5932199335067328e-07
346,17.3,-5.2115468105462526e-06,-5.123555210143883e-06,-8.79916004023693e-08,-5.311444966288855e-06,9.989815574260211e-08,-5.311444966288855e-06,9.989815574260211e-08
347,17.35,-5.8263925067914e-06,-5.207281016966647e-06,-6.191114898247528e-07,-5.341919405332216e-06,-4.844731014591841e-07,-5.341919405332216e-06,-4.844731014591841e-07
348,17.400000000000002,-5.900504387534866e-06,-5.045834524323261e-06,-8.54669863211605e-07,-5.218894240317378e-06,-6.816101472174884e-07,-5.218894240317378e-06,-6.816101472174884e-07
349,17.45,-6.684380582155924e-06,-5.510611450568269e-06,-1.173769131587655e-06,-5.678015451959705e-06,-1.0063651301962191e-06,-5.678015451959705e-06,-1.0063651301962191e-06
350,17.5,-7.469587294250957e-06,-5.576299533748307e-06,-1.8932877605026495e-06,-5.68290399777884e-06,-1.7866832964721164e-06,-5.68290399777884e-06,-1.7866832964721164e-06
351,17.55,-6.20119175320788e-06,-4.889035203057911e-06,-1.312156550149969e-06,-5.030719909718963e-06,-1.1704718434889164e-06,-5.030719909718963e-06,-1.1704718434889164e-06
352,17.6,-7.034878946710066e-06,-5.741139009923802e-06,-1.2937399367862643e-06,-5.837129227617601e-06,-1.1977497190924647e-06,-5.837129227617601e-06,-1.1977497190924647e-06
353,17.650000000000002,-4.374584965938233e-06,-4.7841335270278825e-06,4.0954856108964947e-07,-4.8774143646340695e-06,5.028293986958365e-07,-4.8774143646340695e-06,5.028293986958365e-07
354,17.7,-5.466538526510689e-06,-5.05094625893421e-06,-4.155922675764795e-07,-5.106202878196015e-06,-3.603356483146739e-07,-5.106202878196015e-06,-3.603356483146739e-07
355,17.75,-7.498011585727049e-06,-5.246267638822874e-06,-2.2517439469041754e-06,-5.32933451310113e-06,-2.168677072625919e-06,-5.32933451310113e-06,-2.168677072625919e-06
356,17.8,-3.777567108453894e-06,-3.922884131252567e-06,1.453170227986727e-07,-4.001119817437132e-06,2.2355270898323737e-07,-4.001119817437132e-06,2.2355270898323737e-07
357,17.85,-3.1133893210189e-06,-4.276188811641184e-06,1.1627994906222835e-06,-4.3232170243949e-06,1.2098277033759997e-06,-4.3232170243949e-06,1.2098277033759997e-06
358,17.900000000000002,-3.154989198672631e-06,-4.502025430825727e-06,1.3470362321530962e-06,-4.5478134141506885e-06,1.3928242154780577e-06,-4.5478134141506885e-06,1.3928242154780577e-06
359,17.95,-3.18770475338237e-06,-4.323857222383476e-06,1.1361524690011059e-06,-4.365822372469554e-06,1.1781176190871837e-06,-4.365822372469554e-06,1.1781176190871837e-06
360,18.0,-3.3097856704245032e-06,-4.274837545408978e-06,9.65051874984475e-07,-4.314314132930579e-06,1.0045284625060755e-06,-4.314314132930579e-06,1.0045284625060755e-06
361,18.05,-4.375180502780296e-06,-5.458318226799215e-06,1.0831377240189192e-06,-5.495376163983832e-06,1.1201956612035362e-06,-5.495376163983832e-06,1.1201956612035362e-06
362,18.1,-4.61369464899164e-06,-5.68353220737344e-06,1.0698375583818005e-06,-5.718507673740601e-06,1.1048130247489616e-06,-5.718507673740601e-06,1.1048130247489616e-06
363,18.150000000000002,-5.049062367312729e-06,-5.5554439034980316e-06,5.063815361853027e-07,-5.589719399509959e-06,5.406570321972305e-07,-5.589719399509959e-06,5.406570321972305e-07
364,18.2,-5.597868811602069e-06,-5.603567989337658e-06,5.699177735588489e-09,-5.637143572329455e-06,3.927476072738585e-08,-5.637143572329455e-06,3.927476072738585e-08
365,18.25,-5.864177090475486e-06,-5.481506200375561e-06,-3.8267089009992514e-07,-5.513142438054361e-06,-3.5103465242112575e-07,-5.513142438054361e-06,-3.5103465242112575e-07
366,18.3,-6.122100327021762e-06,-5.3728550524428964e-06,-7.492452745788658e-07,-5.4025968569179976e-06,-7.195034701037647e-07,-5.4025968569179976e-06,-7.195034701037647e-07
367,18.35,-5.617341062524872e-06,-5.474224471567376e-06,-1.43116590957496e-07,-5.5021244332493015e-06,-1.1521662927557057e-07,-5.5021244332493015e-06,-1.1521662927557057e-07
368,18.400000000000002,-6.483616203367681e-06,-5.1864756661213255e-06,-1.297140537246356e-06,-5.211321276851153e-06,-1.2722949265165284e-06,-5.211321276851153e-06,-1.2722949265165284e-06
369,18.45,-5.749063260007681e-06,-5.0924808329559e-06,-6.565824270517805e-07,-5.11558899616431e-06,-6.334742638433707e-07,-5.11558899616431e-06,-6.334742638433707e-07
370,18.5,-5.56410307972488e-06,-5.002807611147391e-06,-5.612954685774894e-07,-5.02422729245312e-06,-5.398757872717604e-07,-5.02422729245312e-06,-5.398757872717604e-07
371,18.55,-5.783380052748477e-06,-4.917180713960712e-06,-8.661993387877646e-07,-4.936959644604504e-06,-8.464204081439731e-07,-4.936959644604504e-06,-8.464204081439731e-07
372,18.6,-4.301138670337323e-06,-4.835333677407525e-06,5.341950070702013e-07,-4.853518390787105e-06,5.523797204497814e-07,-4.853518390787105e-06,5.523797204497814e-07
373,18.650000000000002,-2.571718629273967e-06,-4.413685471488791e-06,1.8419668422148238e-06,-4.430321338366282e-06,1.8586027090923154e-06,-4.430321338366282e-06,1.8586027090923154e-06
374,18.7,-2.7289778959938005e-06,-4.332725324198136e-06,1.6037474282043358e-06,-4.347889145963895e-06,1.6189112499700945e-06,-4.347889145963895e-06,1.6189112499700945e-06
375,18.75,-4.343537496009908e-06,-4.516619779257208e-06,1.7308228324730004e-07,-4.516619779257208e-06,1.7308228324730004e-07,-4.516619779257208e-06,1.7308228324730004e-07
376,18.8,-2.7194737700630967e-06,-4.04743851973306e-06,1.327964749669963e-06,-4.04743851973306e-06,1.327964749669963e-06,-4.04743851973306e-06,1.327964749669963e-06
377,18.85,-2.9686127995809386e-06,-3.968256264290308e-06,9.996434647093696e-07,-3.968256264290308e-06,9.996434647093696e-07,-3.968256264290308e-06,9.996434647093696e-07
378,18.900000000000002,-3.2031905647933456e-06,-3.892745713144145e-06,6.895551483507992e-07,-3.892745713144145e-06,6.895551483507992e-07,-3.892745713144145e-06,6.895551483507992e-07
379,18.95,-3.4240334716439946e-06,-3.820610508888586e-06,3.965770372445911e-07,-3.820610508888586e-06,3.965770372445911e-07,-3.820610508888586e-06,3.965770372445911e-07
380,19.0,-3.63186018170758e-06,-3.751626835079003e-06,1.1976665337142284e-07,-3.751626835079003e-06,1.1976665337142284e-07,-3.751626835079003e-06,1.1976665337142284e-07
381,19.05,-5.1363527642234175e-06,-4.048214807176051e-06,-1.0881379570473662e-06,-4.048214807176051e-06,-1.0881379570473662e-06,-4.048214807176051e-06,-1.0881379570473662e-06
382,19.1,-3.949227859734172e-06,-3.639226198759349e-06,-3.100016609748232e-07,-3.639226198759349e-06,-3.100016609748232e-07,-3.639226198759349e-06,-3.100016609748232e-07
383,19.150000000000002,-4.099693442616292e-06,-3.5695115123758862e-06,-5.301819302404061e-07,-3.5695115123758862e-06,-5.301819302404061e-07,-3.5695115123758862e-06,-5.301819302404061e-07
384,19.200000000000003,-4.263861971498528e-06,-3.5116432471564316e-06,-7.522187243420966e-07,-3.5116432471564316e-06,-7.522187243420966e-07,-3.5116432471564316e-06,-7.522187243420966e-07
385,19.25,-4.389652352054796e-06,-3.4560019172880222e-06,-9.336504347667736e-07,-3.4560019172880222e-06,-9.336504347667736e-07,-3.4560019172880222e-06,-9.336504347667736e-07
386,19.3,-3.356939984877627e-06,-3.811102111675112e-06,4.5416212679748477e-07,-3.811102111675112e-06,4.5416212679748477e-07,-3.811102111675112e-06,4.5416212679748477e-07
387,19.35,-2.400258090617946e-06,-3.335777459367794e-06,9.355193687498479e-07,-3.335777459367794e-06,9.355193687498479e-07,-3.335777459367794e-06,9.355193687498479e-07
388,19.400000000000002,-2.418597586206772e-06,-3.1489202429825175e-06,7.303226567757454e-07,-3.1489202429825175e-06,7.303226567757454e-07,-3.1489202429825175e-06,7.303226567757454e-07
389,19.450000000000003,-2.5880392136024e-06,-3.0966391562721206e-06,5.085999426697207e-07,-3.0966391562721206e-06,5.085999426697207e-07,-3.0966391562721206e-06,5.085999426697207e-07
390,19.5,-2.6537591887310086e-06,-3.0462525090377077e-06,3.9249332030669916e-07,-3.0462525090377077e-06,3.9249332030669916e-07,-3.0462525090377077e-06,3.9249332030669916e-07
391,19.55,-3.4037704691458615e-06,-3.4493269802134635e-06,4.555651106760206e-08,-3.4493269802134635e-06,4.555651106760206e-08,-3.4493269802134635e-06,4.555651106760206e-08
392,19.6,-2.9098232364743737e-06,-2.967177383751638e-06,5.735414727726425e-08,-2.967177383751638e-06,5.735414727726425e-08,-2.967177383751638e-06,5.735414727726425e-08
393,19.650000000000002,-3.048720142562189e-06,-2.9214231278220533e-06,-1.272970147401357e-07,-2.9214231278220533e-06,-1.272970147401357e-07,-2.9214231278220533e-06,-1.272970147401357e-07
394,19.700000000000003,-2.4424557030222616e-06,-2.1384319798540123e-06,-3.040237231682493e-07,-2.1384319798540123e-06,-3.040237231682493e-07,-2.1384319798540123e-06,-3.040237231682493e-07
395,19.75,-2.9735778066530827e-06,-2.5736442896959535e-06,-3.9993351695712924e-07,-2.5736442896959535e-06,-3.9993351695712924e-07,-2.5736442896959535e-06,-3.9993351695712924e-07
396,19.8,-2.1262849362324587e-06,-1.9627813472930606e-06,-1.6350358893939818e-07,-1.9627813472930606e-06,-1.6350358893939818e-07,-1.9627813472930606e-06,-1.6350358893939818e-07
397,19.85,-2.5190137292741e-06,-2.024848731256293e-06,-4.941649980178069e-07,-2.024848731256293e-06,-4.941649980178069e-07,-2.024848731256293e-06,-4.941649980178069e-07
398,19.900000000000002,-2.4381729404332475e-06,-1.8002095012427876e-06,-6.379634391904599e-07,-1.8002095012427876e-06,-6.379634391904599e-07,-1.8002095012427876e-06,-6.379634391904599e-07
399,19.950000000000003,-2.864678998237835e-06,-2.275195513602468e-06,-5.894834846353673e-07,-2.275195513602468e-06,-5.894834846353673e-07,-2.275195513602468e-06,-5.894834846353673e-07
400,20.0,-2.422962248171956e-06,-1.6317114061787782e-06,-7.912508419931777e-07,-1.6317114061787782e-06,-7.912508419931777e-07,-1.6317114061787782e-06,-7.912508419931777e-07
401,20.05,-2.6922317264421736e-06,-1.7016105729253807e-06,-9.906211535167929e-07,-1.7016105729253807e-06,-9.906211535167929e-07,-1.7016105729253807e-06,-9.906211535167929e-07
402,20.1,-2.7711713810329996e-06,-1.6675369323523742e-06,-1.1036344486806254e-06,-1.6675369323523742e-06,-1.1036344486806254e-06,-1.6675369323523742e-06,-1.1036344486806254e-06
403,20.150000000000002,-3.0482030469736188e-06,-2.1810708132150325e-06,-8.671322337585863e-07,-2.1810708132150325e-06,-8.671322337585863e-07,-2.1810708132150325e-06,-8.671322337585863e-07
404,20.200000000000003,-2.699054053811878e-06,-1.4416452736929425e-06,-1.2574087801189354e-06,-1.4416452736929425e-06,-1.2574087801189354e-06,-1.4416452736929425e-06,-1.2574087801189354e-06
405,20.25,-2.8149425198575884e-06,-1.400481434499154e-06,-1.4144610853584344e-06,-1.400481434499154e-06,-1.4144610853584344e-06,-1.400481434499154e-06,-1.4144610853584344e-06
406,20.3,-3.0577321219471543e-06,-2.0539776107909636e-06,-1.0037545111561906e-06,-2.0539776107909636e-06,-1.0037545111561906e-06,-2.0539776107909636e-06,-1.0037545111561906e-06
407,20.35,-2.9667228409469004e-06,-1.3545141920049282e-06,-1.6122086489419722e-06,-1.3545141920049282e-06,-1.6122086489419722e-06,-1.3545141920049282e-06,-1.6122086489419722e-06
408,20.400000000000002,-3.0284725308638016e-06,-1.4362926291694392e-06,-1.5921799016943625e-06,-1.4362926291694392e-06,-1.5921799016943625e-06,-1.4362926291694392e-06,-1.5921799016943625e-06
409,20.450000000000003,-3.132616269163613e-06,-1.9979653068783735e-06,-1.1346509622852393e-06,-1.9979653068783735e-06,-1.1346509622852393e-06,-1.9979653068783735e-06,-1.1346509622852393e-06
410,20.5,-1.8049593787372586e-06,-1.2859333248450473e-06,-5.190260538922113e-07,-1.2859333248450473e-06,-5.190260538922113e-07,-1.2859333248450473e-06,-5.190260538922113e-07
411,20.55,-1.753548832250651e-06,-1.2509109604161006e-06,-5.026378718345503e-07,-1.2509109604161006e-06,-5.026378718345503e-07,-1.2509109604161006e-06,-5.026378718345503e-07
412,20.6,-1.4056882149393601e-06,-1.954229190077745e-06,5.485409751383849e-07,-1.954229190077745e-06,5.485409751383849e-07,-1.954229190077745e-06,5.485409751383849e-07
413,20.650000000000002,-1.6027366549486999e-06,-1.214819663364281e-06,-3.879169915844189e-07,-1.214819663364281e-06,-3.879169915844189e-07,-1.214819663364281e-06,-3.879169915844189e-07
414,20.700000000000003,-1.540366055152731e-06,-1.308235221735092e-06,-2.3213083341763892e-07,-1.308235221735092e-06,-2.3213083341763892e-07,-1.308235221735092e-06,-2.3213083341763892e-07
415,20.75,-1.47510243697635e-06,-1.944421709288775e-06,4.6931927231242506e-07,-1.944421709288775e-06,4.6931927231242506e-07,-1.944421709288775e-06,4.6931927231242506e-07
416,20.8,-1.88417860169654e-06,-1.1944620045339905e-06,-6.897165971625495e-07,-1.1944620045339905e-06,-6.897165971625495e-07,-1.1944620045339905e-06,-6.897165971625495e-07
417,20.85,-1.9397024721978795e-06,-1.1667561821938038e-06,-7.729462900040757e-07,-1.1667561821938038e-06,-7.729462900040757e-07,-1.1667561821938038e-06,-7.729462900040757e-07
418,20.900000000000002,-1.4690070816447687e-06,-1.9109448755536945e-06,4.419377939089258e-07,-1.9109448755536945e-06,4.419377939089258e-07,-1.9109448755536945e-06,4.419377939089258e-07
419,20.950000000000003,-2.1713808601164786e-06,-1.1317847780648069e-06,-1.0395960820516717e-06,-1.1317847780648069e-06,-1.0395960820516717e-06,-1.1317847780648069e-06,-1.0395960820516717e-06
420,21.0,-2.1136346630701297e-06,-9.732385710473274e-07,-1.1403960920228023e-06,-9.732385710473274e-07,-1.1403960920228023e-06,-9.732385710473274e-07,-1.1403960920228023e-06
421,21.05,-1.7232550090229282e-06,-1.6404360683545142e-06,-8.281894066841399e-08,-1.6404360683545142e-06,-8.281894066841399e-08,-1.6404360683545142e-06,-8.281894066841399e-08
422,21.1,-2.2398609865748043e-06,-9.407013928941279e-07,-1.2991595936806764e-06,-9.407013928941279e-07,-1.2991595936806764e-06,-9.407013928941279e-07,-1.2991595936806764e-06
423,21.150000000000002,-1.762388976533913e-06,-1.6150458073521023e-06,-1.473431691818106e-07,-1.6150458073521023e-06,-1.473431691818106e-07,-1.6150458073521023e-06,-1.473431691818106e-07
424,21.200000000000003,-2.3442355099323464e-06,-9.014142648687315e-07,-1.442821245063615e-06,-9.014142648687315e-07,-1.442821245063615e-06,-9.014142648687315e-07,-1.442821245063615e-06
425,21.25,1.8603600393518605e-07,-8.77145360625729e-07,1.063181364560915e-06,-8.77145360625729e-07,1.063181364560915e-06,-8.77145360625729e-07,1.063181364560915e-06
426,21.3,-1.6227045240846394e-06,-1.574726160735392e-06,-4.797836334924733e-08,-1.574726160735392e-06,-4.797836334924733e-08,-1.574726160735392e-06,-4.797836334924733e-08
427,21.35,2.5466789255190747e-07,-8.361308616326219e-07,1.0907987541845292e-06,-8.361308616326219e-07,1.0907987541845292e-06,-8.361308616326219e-07,1.0907987541845292e-06
428,21.400000000000002,-1.7059874205527237e-06,-1.5446006030299909e-06,-1.6138681752273282e-07,-1.5446006030299909e-06,-1.6138681752273282e-07,-1.5446006030299909e-06,-1.6138681752273282e-07
429,21.450000000000003,1.2948161631776145e-07,-8.013113591024707e-07,9.307929754202322e-07,-8.013113591024707e-07,9.307929754202322e-07,-8.013113591024707e-07,9.307929754202322e-07
430,21.5,-1.6689839152927988e-06,-1.4042094289235053e-06,-2.647744863692934e-07,-1.4042094289235053e-06,-2.647744863692934e-07,-1.4042094289235053e-06,-2.647744863692934e-07
431,21.55,1.2588564424209636e-07,-6.563037934509682e-07,7.821894376930646e-07,-6.563037934509682e-07,7.821894376930646e-07,-6.563037934509682e-07,7.821894376930646e-07
432,21.6,4.4051934766642376e-08,-6.351262903800581e-07,6.791782251467005e-07,-6.351262903800581e-07,6.791782251467005e-07,-6.351262903800581e-07,6.791782251467005e-07
433,21.650000000000002,-1.554987743679348e-06,-1.3689718036053753e-06,-1.8601594007397267e-07,-1.3689718036053753e-06,-1.8601594007397267e-07,-1.3689718036053753e-06,-1.8601594007397267e-07
434,21.700000000000003,8.237332878024972e-07,-5.983628031938137e-07,1.422096090996311e-06,-5.983628031938137e-07,1.422096090996311e-06,-5.983628031938137e-07,1.422096090996311e-06
435,21.75,-9.55828829640737e-07,-1.341702896137782e-06,3.85874066497045e-07,-1.341702896137782e-06,3.85874066497045e-07,-1.341702896137782e-06,3.85874066497045e-07
436,21.8,7.140211946143893e-07,-5.675165024633776e-07,1.281537697077767e-06,-5.675165024633776e-07,1.281537697077767e-06,-5.675165024633776e-07,1.281537697077767e-06
437,21.85,5.939666480880845e-07,-6.282853507695023e-07,1.2222519988575868e-06,-6.282853507695023e-07,1.2222519988575868e-06,-6.282853507695023e-07,1.2222519988575868e-06
438,21.900000000000002,-2.5377938304149694e-06,-1.784248732340878e-06,-7.535450980740914e-07,-1.784248732340878e-06,-7.535450980740914e-07,-1.784248732340878e-06,-7.535450980740914e-07
439,21.950000000000003,6.965074458298304e-07,-5.739334626642011e-07,1.2704409084940314e-06,-5.739334626642011e-07,1.2704409084940314e-06,-5.739334626642011e-07,1.2704409084940314e-06
440,22.0,-1.1549173839497939e-07,-7.322923168010495e-07,6.168005784060701e-07,-7.322923168010495e-07,6.168005784060701e-07,-7.322923168010495e-07,6.168005784060701e-07
441,22.05,9.61636228202778e-07,-6.980017643699854e-07,1.6596379925727634e-06,-6.980017643699854e-07,1.6596379925727634e-06,-6.980017643699854e-07,1.6596379925727634e-06
442,22.1,1.0195446952243614e-06,-6.66179590969725e-07,1.6857242861940864e-06,-6.66179590969725e-07,1.6857242861940864e-06,-6.66179590969725e-07,1.6857242861940864e-06
443,22.150000000000002,1.5207316098608814e-06,-6.364116321459182e-07,2.1571432420067996e-06,-6.364116321459182e-07,2.1571432420067996e-06,-6.364116321459182e-07,2.1571432420067996e-06
444,22.200000000000003,1.2763865286924414e-06,-6.086531541715559e-07,1.8850396828639972e-06,-6.086531541715559e-07,1.8850396828639972e-06,-6.086531541715559e-07,1.8850396828639972e-06
445,22.25,1.0525610841805033e-06,-5.319668510531251e-07,1.5845279352336285e-06,-5.319668510531251e-07,1.5845279352336285e-06,-5.319668510531251e-07,1.5845279352336285e-06
446,22.3,8.342051376342141e-07,-5.039299173521318e-07,1.338135054986346e-06,-5.039299173521318e-07,1.338135054986346e-06,-5.039299173521318e-07,1.338135054986346e-06
447,22.35,6.265219614220996e-07,-4.807717621609758e-07,1.1072937235830754e-06,-4.807717621609758e-07,1.1072937235830754e-06,-4.807717621609758e-07,1.1072937235830754e-06
448,22.400000000000002,4.3209513322928217e-07,-4.5899113770771594e-07,8.910862709369981e-07,-4.5899113770771594e-07,8.910862709369981e-07,-4.5899113770771594e-07,8.910862709369981e-07
449,22.450000000000003,2.501091695972235e-07,-4.3848099264612445e-07,6.88590162243348e-07,-4.3848099264612445e-07,6.88590162243348e-07,-4.3848099264612445e-07,6.88590162243348e-07
450,22.5,-1.355752725640258e-06,-1.8655019983847546e-06,5.097492727444966e-07,-1.8655019983847546e-06,5.097492727444966e-07,-1.8655019983847546e-06,5.097492727444966e-07
451,22.55,-8.779640370271125e-08,-4.1054495268119357e-07,3.227485489784823e-07,-4.1054495268119357e-07,3.227485489784823e-07,-4.1054495268119357e-07,3.227485489784823e-07
452,22.6,-2.1510403758195906e-07,-4.0425845652820165e-07,1.891544189462426e-07,-4.0425845652820165e-07,1.891544189462426e-07,-4.0425845652820165e-07,1.891544189462426e-07
453,22.650000000000002,-1.7908392591081679e-06,-1.825743508209305e-06,3.4904249101137146e-08,-1.825743508209305e-06,3.4904249101137146e-08,-1.825743508209305e-06,3.4904249101137146e-08
454,22.700000000000003,-7.684158982446121e-07,-6.290394173851414e-07,-1.3937648085947068e-07,-6.290394173851414e-07,-1.3937648085947068e-07,-6.290394173851414e-07,-1.3937648085947068e-07
455,22.75,-8.872602701437415e-07,-6.141646703309001e-07,-2.730955998128414e-07,-6.141646703309001e-07,-2.730955998128414e-07,-6.141646703309001e-07,-2.730955998128414e-07
456,22.8,-2.431497828414564e-06,-2.031257816105105e-06,-4.002400123094587e-07,-2.031257816105105e-06,-4.002400123094587e-07,-2.031257816105105e-06,-4.002400123094587e-07
457,22.85,-1.262655390354972e-06,-8.341623222321106e-07,-4.2849306812286134e-07,-8.341623222321106e-07,-4.2849306812286134e-07,-8.341623222321106e-07,-4.2849306812286134e-07
458,22.900000000000002,-1.3628375554741723e-06,-8.109676860780761e-07,-5.518698693960961e-07,-8.109676860780761e-07,-5.518698693960961e-07,-8.109676860780761e-07,-5.518698693960961e-07
459,22.950000000000003,-2.882942538473543e-06,-2.2131510634230086e-06,-6.697914750505344e-07,-2.2131510634230086e-06,-6.697914750505344e-07,-2.2131510634230086e-06,-6.697914750505344e-07
460,23.0,-1.5512658407823565e-06,-7.78228530073431e-07,-7.730373107089255e-07,-7.78228530073431e-07,-7.730373107089255e-07,-7.78228530073431e-07,-7.730373107089255e-07
461,23.05,-1.6304722152415962e-06,-7.571882868889447e-07,-8.732839283526516e-07,-7.571882868889447e-07,-8.732839283526516e-07,-7.571882868889447e-07,-8.732839283526516e-07
462,23.1,-3.1283983918939384e-06,-2.155015471114299e-06,-9.733829207796394e-07,-2.155015471114299e-06,-9.733829207796394e-07,-2.155015471114299e-06,-9.733829207796394e-07
463,23.150000000000002,-1.7814937802729247e-06,-7.283263983033235e-07,-1.0531673819696012e-06,-7.283263983033235e-07,-1.0531673819696012e-06,-7.283263983033235e-07,-1.0531673819696012e-06
464,23.200000000000003,-1.862408239405866e-06,-7.23919179057147e-07,-1.1384890603487191e-06,-7.23919179057147e-07,-1.1384890603487191e-06,-7.23919179057147e-07,-1.1384890603487191e-06
465,23.25,-3.342561952779377e-06,-2.1170156998724678e-06,-1.2255462529069093e-06,-2.1170156998724678e-06,-1.2255462529069093e-06,-2.1170156998724678e-06,-1.2255462529069093e-06
466,23.3,-1.991550874325121e-06,-6.908930496999827e-07,-1.3006578246251383e-06,-6.908930496999827e-07,-1.3006578246251383e-06,-6.908930496999827e-07,-1.3006578246251383e-06
467,23.35,-1.8072624469178677e-06,-1.715580779148655e-07,-1.6357043690030022e-06,-1.715580779148655e-07,-1.6357043690030022e-06,-1.715580779148655e-07,-1.6357043690030022e-06
468,23.400000000000002,-3.304860405006771e-06,-1.5520072127083913e-06,-1.7528531922983797e-06,-1.5520072127083913e-06,-1.7528531922983797e-06,-1.5520072127083913e-06,-1.7528531922983797e-06
469,23.450000000000003,-1.9389065932795546e-06,-1.2848425734949313e-07,-1.8104223359300615e-06,-1.2848425734949313e-07,-1.8104223359300615e-06,-1.2848425734949313e-07,-1.8104223359300615e-06
470,23.5,-1.1431281734530785e-06,-1.0105127950558551e-07,-1.042076893947493e-06,-1.0105127950558551e-07,-1.042076893947493e-06,-1.0105127950558551e-07,-1.042076893947493e-06
471,23.55,-2.6456824098186615e-06,-1.49035419524433e-06,-1.1553282145743316e-06,-1.49035419524433e-06,-1.1553282145743316e-06,-1.49035419524433e-06,-1.1553282145743316e-06
472,23.6,-1.950530383099114e-06,-6.699276873921452e-07,-1.2806026957069686e-06,-6.699276873921452e-07,-1.2806026957069686e-06,-6.699276873921452e-07,-1.2806026957069686e-06
473,23.650000000000002,-2.0105532118064318e-06,-6.428075670828627e-07,-1.367745644723569e-06,-6.428075670828627e-07,-1.367745644723569e-06,-6.428075670828627e-07,-1.367745644723569e-06
474,23.700000000000003,-3.0767203043069458e-06,-2.028545924521403e-06,-1.048174379785543e-06,-2.028545924521403e-06,-1.048174379785543e-06,-2.028545924521403e-06,-1.048174379785543e-06
475,23.75,-2.221674615388025e-07,-6.02758548331877e-07,3.805910867930745e-07,-6.02758548331877e-07,3.805910867930745e-07,-6.02758548331877e-07,3.805910867930745e-07
476,23.8,-3.0506309933731046e-07,-5.777320683498619e-07,2.726689690125515e-07,-5.777320683498619e-07,2.726689690125515e-07,-5.777320683498619e-07,2.726689690125515e-07
477,23.85,-1.8480095137496377e-06,-1.979858706584728e-06,1.318491928350901e-07,-1.979858706584728e-06,1.318491928350901e-07,-1.979858706584728e-06,1.318491928350901e-07
478,23.900000000000002,-4.765328880385056e-07,-5.534391781079356e-07,7.690629006943003e-08,-5.534391781079356e-07,7.690629006943003e-08,-5.534391781079356e-07,7.690629006943003e-08
479,23.950000000000003,-5.45064161472375e-07,-5.301971969960891e-07,-1.4866964476285963e-08,-5.301971969960891e-07,-1.4866964476285963e-08,-5.301971969960891e-07,-1.4866964476285963e-08
480,24.0,-2.0739639757794137e-06,-1.926780626221996e-06,-1.4718334955741766e-07,-1.926780626221996e-06,-1.4718334955741766e-07,-1.926780626221996e-06,-1.4718334955741766e-07
481,24.05,-6.901910765133579e-07,-5.216725193306272e-07,-1.6851855718273067e-07,-5.216725193306272e-07,-1.6851855718273067e-07,-5.216725193306272e-07,-1.6851855718273067e-07
482,24.1,-3.1254336629871204e-07,-7.180146447733921e-07,4.054712784746801e-07,-7.180146447733921e-07,4.054712784746801e-07,-7.180146447733921e-07,4.054712784746801e-07
483,24.150000000000002,-1.8426233109325452e-06,-2.088358207369799e-06,2.4573489643725364e-07,-2.088358207369799e-06,2.4573489643725364e-07,-2.088358207369799e-06,2.4573489643725364e-07
484,24.200000000000003,-4.3738063082443546e-07,-6.328624771530516e-07,1.9548184632861615e-07,-6.328624771530516e-07,1.9548184632861615e-07,-6.328624771530516e-07,1.9548184632861615e-07
485,24.25,-5.571707218932076e-07,-6.563791858665893e-07,9.920846397338171e-08,-6.563791858665893e-07,9.920846397338171e-08,-6.563791858665893e-07,9.920846397338171e-08
486,24.3,-2.152014805689717e-06,-2.7683403325430176e-06,6.163255268533006e-07,-2.7683403325430176e-06,6.163255268533006e-07,-2.7683403325430176e-06,6.163255268533006e-07
487,24.35,-1.1479186800000818e-06,-2.49326926848805e-06,1.3453505884879682e-06,-2.49326926848805e-06,1.3453505884879682e-06,-2.49326926848805e-06,1.3453505884879682e-06
488,24.400000000000002,-1.0930431095790283e-06,-2.4476946405518224e-06,1.3546515309727941e-06,-2.4476946405518224e-06,1.3546515309727941e-06,-2.4476946405518224e-06,1.3546515309727941e-06
489,24.450000000000003,-2.644929040784838e-06,-3.815168452329266e-06,1.170239411544428e-06,-3.815168452329266e-06,1.170239411544428e-06,-3.815168452329266e-06,1.170239411544428e-06
490,24.5,-1.443938907330633e-06,-2.531013591719086e-06,1.087074684388453e-06,-2.531013591719086e-06,1.087074684388453e-06,-2.531013591719086e-06,1.087074684388453e-06
491,24.55,-1.63238406891697e-06,-2.6037780279391033e-06,9.713939590221333e-07,-2.6037780279391033e-06,9.713939590221333e-07,-2.6037780279391033e-06,9.713939590221333e-07
492,24.6,-3.173445324411439e-06,-3.9695537380549e-06,7.961084136434611e-07,-3.9695537380549e-06,7.961084136434611e-07,-3.9695537380549e-06,7.961084136434611e-07
493,24.650000000000002,-1.7990363494480022e-06,-2.5270465876227965e-06,7.280102381747943e-07,-2.5270465876227965e-06,7.280102381747943e-07,-2.5270465876227965e-06,7.280102381747943e-07
494,24.700000000000003,-1.8690749470362533e-06,-2.4854851605592913e-06,6.16410213523038e-07,-2.4854851605592913e-06,6.16410213523038e-07,-2.4854851605592913e-06,6.16410213523038e-07
495,24.75,-3.3862278217000608e-06,-3.85165576405769e-06,4.654279423576289e-07,-3.85165576405769e-06,4.654279423576289e-07,-3.85165576405769e-06,4.654279423576289e-07
496,24.8,-2.432975434008e-06,-2.809203812882088e-06,3.7622837887408773e-07,-2.809203812882088e-06,3.7622837887408773e-07,-2.809203812882088e-06,3.7622837887408773e-07
497,24.85,-3.894291525030624e-06,-4.158819359556231e-06,2.6452783452560653e-07,-4.158819359556231e-06,2.6452783452560653e-07,-4.158819359556231e-06,2.6452783452560653e-07
498,24.900000000000002,-2.444149398761475e-06,-2.739246099707198e-06,2.950967009457231e-07,-2.739246099707198e-06,2.950967009457231e-07,-2.739246099707198e-06,2.950967009457231e-07
499,24.950000000000003,-2.44803091231649e-06,-2.673654160611962e-06,2.2562324829547183e-07,-2.673654160611962e-06,2.2562324829547183e-07,-2.673654160611962e-06,2.2562324829547183e-07
500,25.0,-3.8709511114287665e-06,-4.0201091294860625e-06,1.49158018057296e-07,-4.0201091294860625e-06,1.49158018057296e-07,-4.0201091294860625e-06,1.49158018057296e-07
501,25.05,-2.4917419756409487e-06,-2.6093815030933476e-06,1.1763952745239889e-07,-2.6093815030933476e-06,1.1763952745239889e-07,-2.6093815030933476e-06,1.1763952745239889e-07
502,25.1,-2.5416437112735224e-06,-2.5854172698273277e-06,4.37735585538053e-08,-2.5854172698273277e-06,4.37735585538053e-08,-2.5854172698273277e-06,4.37735585538053e-08
503,25.150000000000002,-4.010555777478331e-06,-3.933491499372676e-06,-7.706427810565453e-08,-3.933491499372676e-06,-7.706427810565453e-08,-3.933491499372676e-06,-7.706427810565453e-08
504,25.200000000000003,-2.6248536917350407e-06,-2.530152935666926e-06,-9.470075606811448e-08,-2.530152935666926e-06,-9.470075606811448e-08,-2.530152935666926e-06,-9.470075606811448e-08
505,25.25,-2.64401887317689e-06,-2.497393279441476e-06,-1.466255937354139e-07,-2.497393279441476e-06,-1.466255937354139e-07,-2.497393279441476e-06,-1.466255937354139e-07
506,25.3,-4.0969542054458685e-06,-3.843762205082483e-06,-2.5319200036338577e-07,-3.843762205082483e-06,-2.5319200036338577e-07,-3.843762205082483e-06,-2.5319200036338577e-07
507,25.35,-5.463167592645313e-06,-4.104014694030665e-06,-1.3591528986146474e-06,-4.104014694030665e-06,-1.3591528986146474e-06,-4.104014694030665e-06,-1.3591528986146474e-06
508,25.400000000000002,-3.910070060286763e-06,-3.6187871615438963e-06,-2.9128289874286703e-07,-3.6187871615438963e-06,-2.9128289874286703e-07,-3.6187871615438963e-06,-2.9128289874286703e-07
509,25.450000000000003,-6.754157307109487e-06,-5.343893280137699e-06,-1.4102640269717886e-06,-5.343893280137699e-06,-1.4102640269717886e-06,-5.343893280137699e-06,-1.4102640269717886e-06
510,25.5,-3.975015806179094e-06,-3.505276896961228e-06,-4.697389092178661e-07,-3.505276896961228e-06,-4.697389092178661e-07,-3.505276896961228e-06,-4.697389092178661e-07
511,25.55,-5.451269054379537e-06,-3.837611569061434e-06,-1.6136574853181034e-06,-3.837611569061434e-06,-1.6136574853181034e-06,-3.837611569061434e-06,-1.6136574853181034e-06
512,25.6,-4.350372383554735e-06,-4.8472222037854605e-06,4.968498202307258e-07,-4.8472222037854605e-06,4.968498202307258e-07,-4.8472222037854605e-06,4.968498202307258e-07
513,25.650000000000002,-4.134868873184594e-06,-3.811029238290691e-06,-3.2383963489390284e-07,-3.811029238290691e-06,-3.2383963489390284e-07,-3.811029238290691e-06,-3.2383963489390284e-07
514,25.700000000000003,-2.6333350791052368e-06,-3.391650435831266e-06,7.58315356726029e-07,-3.391650435831266e-06,7.58315356726029e-07,-3.391650435831266e-06,7.58315356726029e-07
515,25.75,-5.802649974517848e-06,-5.1682207461603836e-06,-6.344292283574648e-07,-5.1682207461603836e-06,-6.344292283574648e-07,-5.1682207461603836e-06,-6.344292283574648e-07
516,25.8,-2.541307291381578e-06,-3.3202691562703756e-06,7.789618648887974e-07,-3.3202691562703756e-06,7.789618648887974e-07,-3.3202691562703756e-06,7.789618648887974e-07
517,25.85,-2.304181662138305e-06,-3.6086255754482255e-06,1.3044439133099206e-06,-3.6086255754482255e-06,1.3044439133099206e-06,-3.6086255754482255e-06,1.3044439133099206e-06
518,25.900000000000002,-4.038202634060184e-06,-4.595571253641021e-06,5.573686195808373e-07,-4.595571253641021e-06,5.573686195808373e-07,-4.595571253641021e-06,5.573686195808373e-07
519,25.950000000000003,-2.470384168007378e-06,-3.507736693817136e-06,1.037352525809758e-06,-3.507736693817136e-06,1.037352525809758e-06,-3.507736693817136e-06,1.037352525809758e-06
520,26.0,-2.865498809123679e-06,-3.673283284161948e-06,8.077844750382692e-07,-3.673283284161948e-06,8.077844750382692e-07,-3.673283284161948e-06,8.077844750382692e-07
521,26.05,-4.068049522576445e-06,-4.558295802651645e-06,4.902462800752006e-07,-4.558295802651645e-06,4.902462800752006e-07,-4.558295802651645e-06,4.902462800752006e-07
522,26.1,-2.6623330168229487e-06,-3.4414414632075103e-06,7.791084463845617e-07,-3.4414414632075103e-06,7.791084463845617e-07,-3.4414414632075103e-06,7.791084463845617e-07
523,26.150000000000002,-2.726181351886403e-06,-3.1324738569989514e-06,4.062925051125483e-07,-3.1324738569989514e-06,4.062925051125483e-07,-3.1324738569989514e-06,4.062925051125483e-07
524,26.200000000000003,-4.5476485326378935e-06,-4.894492296109716e-06,3.4684376347182217e-07,-4.894492296109716e-06,3.4684376347182217e-07,-4.894492296109716e-06,3.4684376347182217e-07
525,26.25,-2.7517935671239613e-06,-3.0597043350960576e-06,3.0791076797209634e-07,-3.0597043350960576e-06,3.0791076797209634e-07,-3.0597043350960576e-06,3.0791076797209634e-07
526,26.3,-4.2627593864752455e-06,-4.606580409287588e-06,3.438210228123421e-07,-4.606580409287588e-06,3.438210228123421e-07,-4.606580409287588e-06,3.438210228123421e-07
527,26.35,-2.0595796741407213e-06,-2.3982880516289338e-06,3.3870837748821246e-07,-2.3982880516289338e-06,3.3870837748821246e-07,-2.3982880516289338e-06,3.3870837748821246e-07
528,26.400000000000002,-1.8862329944635547e-06,-2.151506867390696e-06,2.652738729271414e-07,-2.151506867390696e-06,2.652738729271414e-07,-2.151506867390696e-06,2.652738729271414e-07
529,26.450000000000003,-3.5227543980775877e-06,-3.6659634213855053e-06,1.4320902330791763e-07,-3.6659634213855053e-06,1.4320902330791763e-07,-3.6659634213855053e-06,1.4320902330791763e-07
530,26.5,-1.7648641886802707e-06,-1.6597787480594092e-06,-1.0508544062086157e-07,-1.6597787480594092e-06,-1.0508544062086157e-07,-1.6597787480594092e-06,-1.0508544062086157e-07
531,26.55,-2.080083664757204e-06,-1.8096760323222174e-06,-2.704076324349867e-07,-1.8096760323222174e-06,-2.704076324349867e-07,-1.8096760323222174e-06,-2.704076324349867e-07
532,26.6,-3.549680436476521e-06,-3.093256481969331e-06,-4.5642395450719004e-07,-3.093256481969331e-06,-4.5642395450719004e-07,-3.093256481969331e-06,-4.5642395450719004e-07
533,26.650000000000002,-1.7973087745870586e-06,-1.5628470789748311e-06,-2.3446169561222748e-07,-1.5628470789748311e-06,-2.3446169561222748e-07,-1.5628470789748311e-06,-2.3446169561222748e-07
534,26.700000000000003,-2.511507802060997e-06,-1.9661402589957205e-06,-5.453675430652766e-07,-1.9661402589957205e-06,-5.453675430652766e-07,-1.9661402589957205e-06,-5.453675430652766e-07
535,26.75,-3.4550488219320385e-06,-3.1144183624183916e-06,-3.4063045951364694e-07,-3.1144183624183916e-06,-3.4063045951364694e-07,-3.1144183624183916e-06,-3.4063045951364694e-07
536,26.8,-2.517326663453723e-06,-1.8890053623916856e-06,-6.283213010620372e-07,-1.8890053623916856e-06,-6.283213010620372e-07,-1.8890053623916856e-06,-6.283213010620372e-07
537,26.85,-2.564736475862972e-06,-1.8374796033519043e-06,-7.272568725110678e-07,-1.8374796033519043e-06,-7.272568725110678e-07,-1.8374796033519043e-06,-7.272568725110678e-07
538,26.900000000000002,-3.4060118343504087e-06,-3.026855509636211e-06,-3.791563247141975e-07,-3.026855509636211e-06,-3.791563247141975e-07,-3.026855509636211e-06,-3.791563247141975e-07
539,26.950000000000003,-2.650884830424083e-06,-2.1014617100130633e-06,-5.494231204110196e-07,-2.1014617100130633e-06,-5.494231204110196e-07,-2.1014617100130633e-06,-5.494231204110196e-07
540,27.0,-2.0559905298256353e-06,-2.155476743510475e-06,9.948621368483961e-08,-2.155476743510475e-06,9.948621368483961e-08,-2.155476743510475e-06,9.948621368483961e-08
541,27.05,-3.7540602376706644e-06,-3.160150804726641e-06,-5.939094329440236e-07,-3.160150804726641e-06,-5.939094329440236e-07,-3.160150804726641e-06,-5.939094329440236e-07
542,27.1,-1.7463740855649945e-06,-1.692126508412793e-06,-5.42475771522016e-08,-1.692126508412793e-06,-5.42475771522016e-08,-1.692126508412793e-06,-5.42475771522016e-08
543,27.150000000000002,-1.765693285693537e-06,-1.6524629598778006e-06,-1.1323032581573638e-07,-1.6524629598778006e-06,-1.1323032581573638e-07,-1.6524629598778006e-06,-1.1323032581573638e-07
544,27.200000000000003,-3.115547606902247e-06,-2.468227901582297e-06,-6.473197053199501e-07,-2.468227901582297e-06,-6.473197053199501e-07,-2.468227901582297e-06,-6.473197053199501e-07
545,27.25,-2.2505829400110144e-06,-1.219737833156792e-06,-1.0308451068542224e-06,-1.219737833156792e-06,-1.0308451068542224e-06,-1.219737833156792e-06,-1.0308451068542224e-06
546,27.3,-1.7225196178305424e-06,-1.0832287441563057e-06,-6.392908736742367e-07,-1.0832287441563057e-06,-6.392908736742367e-07,-1.0832287441563057e-06,-6.392908736742367e-07
547,27.35,-2.7698543889620453e-06,-3.0746889344991572e-06,3.0483454553711194e-07,-3.0746889344991572e-06,3.0483454553711194e-07,-3.0746889344991572e-06,3.0483454553711194e-07
548,27.400000000000002,-1.9163847484460206e-06,-2.044448895756663e-06,1.280641473106423e-07,-2.044448895756663e-06,1.280641473106423e-07,-2.044448895756663e-06,1.280641473106423e-07
549,27.450000000000003,-2.5288747047547133e-06,-1.6687981886129262e-06,-8.600765161417871e-07,-1.6687981886129262e-06,-8.600765161417871e-07,-1.6687981886129262e-06,-8.600765161417871e-07
550,27.5,-3.910707421894699e-06,-2.937423082890859e-06,-9.732843390038401e-07,-2.9657183464041136e-06,-9.449890754905855e-07,-2.9657183464041136e-06,-9.449890754905855e-07
551,27.55,-1.3802052004630028e-06,-8.913949237444731e-07,-4.888102767185297e-07,-9.588819617357893e-07,-4.213232387272135e-07,-9.588819617357893e-07,-4.213232387272135e-07
552,27.6,-1.4849541413175515e-06,-1.2711423923556126e-06,-2.1381174896193892e-07,-1.361376963143315e-06,-1.2357717817423656e-07,-1.361376963143315e-06,-1.2357717817423656e-07
553,27.650000000000002,-3.393670473861299e-06,-2.0596136007935855e-06,-1.3340568730677133e-06,-2.073122011960051e-06,-1.320548461901248e-06,-2.073122011960051e-06,-1.320548461901248e-06
554,27.700000000000003,-1.2541641396524028e-06,-8.165927028602702e-07,-4.375714367921326e-07,-9.290912867098691e-07,-3.2507285294253375e-07,-9.290912867098691e-07,-3.2507285294253375e-07
555,27.75,-2.9552621519934874e-06,-2.3743046672644877e-06,-5.809574847289997e-07,-2.402806340407599e-06,-5.524558115858886e-07,-2.402806340407599e-06,-5.524558115858886e-07
556,27.8,-1.9256015203472643e-06,-8.154166362738439e-07,-1.1101848840734204e-06,-9.366626200806429e-07,-9.889389002666215e-07,-9.366626200806429e-07,-9.889389002666215e-07
557,27.85,-1.2781832415820205e-06,-6.223715243474741e-07,-6.558117172345464e-07,-6.570246087549007e-07,-6.211586328271198e-07,-6.570246087549007e-07,-6.211586328271198e-07
558,27.900000000000002,-2.9643002767976157e-06,-2.3138176656817436e-06,-6.504826111158721e-07,-2.350636301921456e-06,-6.136639748761596e-07,-2.350636301921456e-06,-6.136639748761596e-07
559,27.950000000000003,-1.5879663883833217e-06,-9.345450999414078e-07,-6.534212884419139e-07,-1.0613219799657875e-06,-5.266444084175342e-07,-1.0613219799657875e-06,-5.266444084175342e-07
560,28.0,-1.459188177510562e-06,-4.1114957353545856e-07,-1.0480386039751034e-06,-4.502301761888775e-07,-1.0089580013216845e-06,-4.502301761888775e-07,-1.0089580013216845e-06
561,28.05,-2.9457876354888057e-06,-1.7691763636660723e-06,-1.1766112718227335e-06,-1.8095247253048527e-06,-1.136262910183953e-06,-1.8095247253048527e-06,-1.136262910183953e-06
562,28.1,-1.5476795041102775e-06,-3.9527644316210484e-07,-1.1524030609481728e-06,-4.3678040168753595e-07,-1.1108991024227416e-06,-4.3678040168753595e-07,-1.1108991024227416e-06
563,28.150000000000002,-1.4222921060902394e-06,-5.816224881414887e-07,-8.406696179487507e-07,-7.122925202833687e-07,-7.099995858068706e-07,-7.122925202833687e-07,-7.099995858068706e-07
564,28.200000000000003,-3.027990943982317e-06,-1.7015998381473359e-06,-1.3263911058349813e-06,-1.7443536664539754e-06,-1.2836372775283418e-06,-1.7443536664539754e-06,-1.2836372775283418e-06
565,28.25,-5.2565939767657e-07,-3.8584453423848483e-07,-1.3981486343808517e-07,-4.2960446214371134e-07,-9.605493553285866e-08,-4.2960446214371134e-07,-9.605493553285866e-08
566,28.3,-1.4451393678394098e-06,-5.447808980568377e-07,-9.00358469782572e-07,-6.776345998665417e-07,-7.67504767972868e-07,-6.776345998665417e-07,-7.67504767972868e-07
567,28.35,-3.073341488413206e-06,-1.6594186135393214e-06,-1.4139228748738846e-06,-1.7042506465189413e-06,-1.3690908418942646e-06,-1.7042506465189413e-06,-1.3690908418942646e-06
568,28.400000000000002,-1.6546124266270112e-06,-2.854007261890447e-07,-1.3692117004379665e-06,-3.3117672981290607e-07,-1.3234356968141052e-06,-3.3117672981290607e-07,-1.3234356968141052e-06
569,28.450000000000003,-1.1230145313678719e-06,1.0042544243918248e-07,-1.2234399738070543e-06,5.37246436464393e-08,-1.1767391750143113e-06,5.37246436464393e-08,-1.1767391750143113e-06
570,28.5,-2.587251060615081e-06,-1.238643276299803e-06,-1.3486077843152781e-06,-1.286110031016488e-06,-1.301141029598593e-06,-1.286110031016488e-06,-1.301141029598593e-06
571,28.55,-1.1687831548146121e-06,1.2754319862652028e-07,-1.2963263534411324e-06,7.932469885750269e-08,-1.2481078536721149e-06,7.932469885750269e-08,-1.2481078536721149e-06
572,28.6,-9.337593366298691e-07,-6.426084964405111e-07,-2.9115084018935796e-07,-6.915653649653965e-07,-2.421939716644726e-07,-6.915653649653965e-07,-2.421939716644726e-07
573,28.650000000000002,-2.200119432083092e-06,-1.2017614079170177e-06,-9.983580241660742e-07,-1.2514462310493552e-06,-9.486732010337367e-07,-1.2514462310493552e-06,-9.486732010337367e-07
574,28.700000000000003,3.808222648338244e-08,1.6774425077899648e-07,-1.2966202429561404e-07,1.1734141802969983e-07,-7.925919154631739e-08,1.1734141802969983e-07,-7.925919154631739e-08
575,28.75,1.8711419191852485e-07,-5.891992850288833e-07,7.763134769474081e-07,-6.403194274960667e-07,8.274336194145916e-07,-6.403194274960667e-07,8.274336194145916e-07
576,28.8,-1.4482725303466282e-06,-1.145098719075427e-06,-3.031738112712012e-07,-1.196925071877396e-06,-2.5134745846923214e-07,-1.196925071877396e-06,-2.5134745846923214e-07
577,28.85,-2.684865463287167e-08,2.2937117703368492e-07,-2.562198316665566e-07,1.7684944945132587e-07,-2.0369810408419755e-07,1.7684944945132587e-07,-2.0369810408419755e-07
578,28.900000000000002,-5.393564543876295e-07,-7.13531991593621e-07,1.7417553720599158e-07,-7.667384822327245e-07,2.27382027845095e-07,-7.667384822327245e-07,2.27382027845095e-07
579,28.950000000000003,-1.4769017320226396e-06,-2.7378884043346614e-06,1.2609866723120218e-06,-2.7917692377695534e-06,1.3148675057469137e-06,-2.7917692377695534e-06,1.3148675057469137e-06
580,29.0,1.5662428509699566e-07,2.31249268039305e-07,-7.462498294230934e-08,1.7670434747112815e-07,-2.0080062374132486e-08,1.7670434747112815e-07,-2.0080062374132486e-08
581,29.05,9.000313638818369e-08,-5.598469880360998e-07,6.498501244242835e-07,-6.150134768972252e-07,7.050166132854089e-07,-6.150134768972252e-07,7.050166132854089e-07
582,29.1,-1.2303846601557922e-06,-1.11872621635352e-06,-1.1165844380227218e-07,-1.174485900555848e-06,-5.5898759599944135e-08,-1.174485900555848e-06,-5.5898759599944135e-08
583,29.150000000000002,3.08213288779946e-07,-5.329238526846551e-07,8.411371414646011e-07,-5.892664488469882e-07,8.974797376269343e-07,-5.892664488469882e-07,8.974797376269343e-07
584,29.200000000000003,-1.2860429050576272e-06,-1.0970942948289104e-06,-1.8894861022871684e-07,-1.1540096789564292e-06,-1.32033226101198e-07,-1.1540096789564292e-06,-1.32033226101198e-07
585,29.25,-6.391843787589835e-08,-5.592633317138602e-07,4.953448938379618e-07,-6.167415238148338e-07,5.528230859389354e-07,-6.167415238148338e-07,5.528230859389354e-07
586,29.3,1.209728692774803e-07,2.7461386053298375e-07,-1.5364099125550345e-07,2.1658271007210745e-07,-9.560984079462715e-08,2.1658271007210745e-07,-9.560984079462715e-08
587,29.35,-1.258506074020005e-06,-1.8637582549659272e-06,6.052521809459223e-07,-1.922332632501037e-06,6.63826558481032e-07,-1.922332632501037e-06,6.63826558481032e-07
588,29.400000000000002,-1.7270965191329424e-07,-5.533623947015977e-07,3.806527427883035e-07,-6.124703757111877e-07,4.3976072379789343e-07,-6.124703757111877e-07,4.3976072379789343e-07
589,29.450000000000003,5.335372343928668e-08,2.7392053648887416e-07,-2.2056681304958748e-07,2.1428847729181783e-07,-1.6093475385253115e-07,2.1428847729181783e-07,-1.6093475385253115e-07
590,29.5,-1.4173427212993417e-06,-1.0814165184893222e-06,-3.359262028100195e-07,-1.1415632206801298e-06,-2.7577950061921193e-07,-1.1415632206801298e-06,-2.7577950061921193e-07
591,29.55,-1.8724773198641742e-07,-1.3389517949474538e-06,1.1517040629610364e-06,-1.399603787849654e-06,1.2123560558632367e-06,-1.399603787849654e-06,1.2123560558632367e-06
592,29.6,-7.051464967489096e-10,2.8569463193551123e-07,-2.8639977843226014e-07,2.2454662393187268e-07,-2.252517704286216e-07,2.2454662393187268e-07,-2.252517704286216e-07
593,29.650000000000002,-1.43082640480241e-06,-1.0721601147466992e-06,-3.586662900557108e-07,-1.13379493353075e-06,-2.9703147127166e-07,-1.13379493353075e-06,-2.9703147127166e-07
594,29.700000000000003,-1.765996074931664e-07,-5.55897386524328e-07,3.792977790311616e-07,-6.180098784429695e-07,4.4141027094980314e-07,-6.180098784429695e-07,4.4141027094980314e-07
595,29.75,1.3159247091998338e-07,-4.748739833136111e-07,6.064664542335944e-07,-5.374550734772199e-07,6.690475443972032e-07,-5.374550734772199e-07,6.690475443972032e-07
596,29.8,-1.0367484812867644e-06,-1.0643904084870133e-06,2.7641927200248862e-08,-1.1274310814747793e-06,9.068260018801487e-08,-1.1274310814747793e-06,9.068260018801487e-08
597,29.85,-8.528095165605265e-07,-1.5031292695478199e-06,6.503197529872934e-07,-1.5666205666828371e-06,7.138110501223106e-07,-1.5666205666828371e-06,7.138110501223106e-07
598,29.900000000000002,4.5172642426649645e-07,4.600904962270195e-07,-8.364071960523028e-09,3.9495697292495935e-07,5.6769451341537096e-08,3.9495697292495935e-07,5.6769451341537096e-08
599,29.950000000000003,-2.129095804104253e-07,-1.1612686964751696e-06,9.483591160647443e-07,-1.2267582252693847e-06,1.0138486448589594e-06,-1.2267582252693847e-06,1.0138486448589594e-06
