frame,time,delta_H,rhs_u_command,slack_u_command,rhs_u_saturated,slack_u_saturated,rhs_u_cvt,slack_u_cvt
0,0.0,-0.014412400687909388,-0.01396662466109727,-0.00044577602681211866,-0.01396662466109727,-0.00044577602681211866,-0.017890866943489247,0.003478466255579859
1,0.05,-0.014765071737765534,-0.014326067227379275,-0.0004390045103862591,-0.014326067227379275,-0.0004390045103862591,-0.018188925258431587,0.003423853520666053
2,0.1,-0.015037405080381872,-0.014596181432056978,-0.00044122364832489304,-0.01459618143205698,-0.0004412236483248913,-0.018462800739983472,0.0034253956596016003
3,0.15000000000000002,-0.015278398423235084,-0.014838530260289069,-0.00043986816294601556,-0.014838530260289069,-0.00043986816294601556,-0.018657337737763798,0.003378939314528713
4,0.2,-0.015527433928187562,-0.015090919016377371,-0.00043651491181019055,-0.015090919016377371,-0.00043651491181019055,-0.01881334610701012,0.0032859121788225594
5,0.25,-0.015738630286755373,-0.015306408346035295,-0.0004322219407200782,-0.015306408346035295,-0.0004322219407200782,-0.01893519959326612,0.003196569306510747
6,0.30000000000000004,-0.015952205332743996,-0.015525242973669437,-0.0004269623590745595,-0.015525242973669437,-0.0004269623590745595,-0.019028111061626003,0.003075905728882007
7,0.35000000000000003,-0.016158410739740225,-0.01573452704031676,-0.00042388369942346696,-0.01573452704031676,-0.00042388369942346696,-0.01909986326785516,0.0029414525281149344
8,0.4,-0.016343828940456828,-0.015924249269343493,-0.00041957967111333483,-0.015924249269343493,-0.00041957967111333483,-0.019152557364859938,0.00280872842440311
9,0.45,-0.01649933887210353,-0.01607887795881926,-0.0004204609132842721,-0.01607887795881926,-0.0004204609132842721,-0.019172854223031235,0.002673515350927705
10,0.5,-0.016535928240546727,-0.016125226784422384,-0.0004107014561243426,-0.016125226784422384,-0.0004107014561243426,-0.019176411707329106,0.002640483466782379
11,0.55,-0.01650559913153138,-0.01610836625834504,-0.00039723287318634004,-0.016108366258345042,-0.00039723287318633657,-0.0189822343896333,0.0024766352581019196
12,0.6000000000000001,-0.0165059046523357,-0.01612049658225875,-0.00038540807007695146,-0.01612049658225875,-0.00038540807007695146,-0.01886698626407145,0.00236108161173575
13,0.65,-0.01651655839051347,-0.016135798259669553,-0.0003807601308439164,-0.016135798259669553,-0.0003807601308439164,-0.01872738637950947,0.0022108279889960017
14,0.7000000000000001,-0.016486369575967608,-0.016110421423610896,-0.00037594815235671153,-0.016110421423610896,-0.00037594815235671153,-0.018532855420615373,0.0020464858446477656
15,0.75,-0.016392850757006028,-0.01602793149661726,-0.00036491926038876785,-0.01602793149661726,-0.00036491926038876785,-0.018316162748491308,0.0019233119914852798
16,0.8,-0.01626202559333445,-0.01591763003842667,-0.00034439555490778026,-0.01591763003842667,-0.00034439555490778026,-0.017962891815654303,0.0017008662223198523
17,0.8500000000000001,-0.016169192551541145,-0.015840755772243864,-0.0003284367792972809,-0.015840755772243864,-0.0003284367792972809,-0.017662006041155184,0.0014928134896140394
18,0.9,-0.016017362151874437,-0.015695177281347707,-0.0003221848705267302,-0.015695177281347707,-0.0003221848705267302,-0.017323148074767952,0.0013057859228935154
19,0.9500000000000001,-0.01579826815110008,-0.015500708927542822,-0.00029755922355725883,-0.015500708927542822,-0.00029755922355725883,-0.017040998965682567,0.0012427308145824857
20,1.0,-0.015238026873843569,-0.014965983035089331,-0.00027204383875423753,-0.01523653525837913,-1.4916154644391277e-06,-0.016721017347389656,0.0014829904735460878
21,1.05,-0.014641882650390459,-0.014394211464902185,-0.0002476711854882737,-0.014850851626845877,0.0002089689764554186,-0.016138399320741563,0.0014965166703511043
22,1.1,-0.014220896312022835,-0.013994614951955638,-0.0002262813600671966,-0.014550117313758647,0.0003292210017358122,-0.015714532374775582,0.001493636062752747
23,1.1500000000000001,-0.013735477883733194,-0.013511860202997035,-0.00022361768073615902,-0.01410364363533447,0.00036816575160127617,-0.015081851546653023,0.0013463736629198298
24,1.2000000000000002,-0.013292624755215643,-0.01310506100843099,-0.00018756374678465318,-0.01369512700735948,0.0004025022521438378,-0.014499592579032373,0.0012069678238167299
25,1.25,-0.012829758928757706,-0.012624452625991411,-0.00020530630276629526,-0.013194989432330701,0.0003652305035729952,-0.013914367883430196,0.0010846089546724894
26,1.3,-0.012284322205776799,-0.012114205985237615,-0.0001701162205391838,-0.012662529250112024,0.0003782070443352249,-0.013284855787760884,0.0010005335819840856
27,1.35,-0.011866198785172144,-0.011685781332464291,-0.00018041745270785253,-0.012194721186225867,0.0003285224010537227,-0.012764248681104262,0.0008980498959321181
28,1.4000000000000001,-0.011378912652278195,-0.011225414045358522,-0.00015349860691967268,-0.011707234168540786,0.0003283215162625912,-0.01223872921688944,0.000859816564611246
29,1.4500000000000002,-0.010970592909913979,-0.010809469185671699,-0.00016112372424227986,-0.011253269627277634,0.0002826767173636554,-0.011704170905849692,0.0007335779959357133
30,1.5,-0.010575210969808402,-0.010404785590291388,-0.0001704253795170134,-0.010824204219913886,0.00024899325010548437,-0.011261608781189612,0.0006863978113812105
31,1.55,-0.010201618912614063,-0.010028498457185458,-0.00017312045542860512,-0.01039194390224778,0.00019032498963371738,-0.01078173394993622,0.0005801150373221566
32,1.6,-0.009907665181090097,-0.00973004256760092,-0.00017762261348917667,-0.010072416492133753,0.00016475131104365555,-0.01043800280194969,0.0005303376208595934
33,1.6500000000000001,-0.009536086064912297,-0.00934451406979428,-0.00019157199511801726,-0.009646448135099635,0.00011036207018733785,-0.009981485128010593,0.0004453990630982965
34,1.7000000000000002,-0.009138478383605264,-0.009020556693412594,-0.00011792169019267038,-0.009307235715407095,0.00016875733180183108,-0.009596452130669704,0.00045797374706444023
35,1.75,-0.008639011436269661,-0.00850389881791542,-0.0001351126183542408,-0.008975374354116555,0.00033636291784689375,-0.009229735313512408,0.0005907238772427468
36,1.8,-0.008242797603650542,-0.008076383441374273,-0.00016641416227626896,-0.00871401481916104,0.0004712172155104978,-0.008919975807942404,0.0006771782042918617
37,1.85,-0.00791923608394407,-0.007736044201020016,-0.00018319188292405426,-0.008453237548757962,0.0005340014648138915,-0.008607748447844081,0.0006885123639000113
38,1.9000000000000001,-0.007603325648632087,-0.007412102464740431,-0.0001912231838916553,-0.008145481742174276,0.0005421560935421899,-0.00824405369794749,0.0006407280493154026
39,1.9500000000000002,-0.00740272463412639,-0.007224219039439943,-0.0001785055946864466,-0.007972613648192173,0.0005698890140657838,-0.008057759109846978,0.0006550344757205884
40,2.0,-0.0071878082664851295,-0.007046321509966862,-0.00014148675651826786,-0.007797975821367586,0.0006101675548824568,-0.007856996358685291,0.0006691880922001618
41,2.0500000000000003,-0.007041004227910652,-0.006899510383883373,-0.00014149384402727897,-0.007639577884667091,0.000598573656756439,-0.007680714993079051,0.0006397107651683991
42,2.1,-0.0068872691620912585,-0.006741573089114968,-0.00014569607297629066,-0.00744192531152446,0.0005546561494332016,-0.0074638105382594504,0.0005765413761681919
43,2.15,-0.006740691712337821,-0.006591423156574102,-0.00014926855576371904,-0.007265881884038368,0.000525190171700547,-0.007266719126608662,0.0005260274142708417
44,2.2,-0.006625077565734605,-0.006490909717280454,-0.00013416784845415083,-0.007137859588997164,0.0005127820232625592,-0.007137859588997164,0.0005127820232625592
45,2.25,-0.006523143770919226,-0.006340896859594135,-0.0001822469113250914,-0.006970872543512357,0.00044772877259313063,-0.006987328073368055,0.00046418430244882843
46,2.3000000000000003,-0.0063622137570416015,-0.00621067476431368,-0.00015153899272792124,-0.006828970912148146,0.00046675715510654473,-0.006893983776289105,0.0005317700192475038
47,2.35,-0.006254689464247676,-0.006120001581188569,-0.0001346878830591064,-0.006715023908950566,0.0004603344447028906,-0.00677899458994487,0.0005243051256971941
48,2.4000000000000004,-0.006213388114709284,-0.006037267437719941,-0.00017612067698934315,-0.006615071987471065,0.00040168387276178115,-0.006667786814840623,0.00045439870013133914
49,2.45,-0.006114237143012513,-0.005975440982132873,-0.0001387961608796404,-0.00654261862942036,0.00042838148640784654,-0.00654261862942036,0.00042838148640784654
50,2.5,-0.006016325225062458,-0.005859096141585154,-0.0001572290834773041,-0.006417951303365523,0.00040162607830306497,-0.006417951303365523,0.00040162607830306497
51,2.5500000000000003,-0.005897081820434136,-0.005763825855243534,-0.00013325596519060158,-0.006312577863405475,0.0004154960429713396,-0.006312577863405475,0.0004154960429713396
52,2.6,-0.005751209403564439,-0.005611095843983593,-0.00014011355958084594,-0.006194749395007208,0.00044353999144276877,-0.006194749395007208,0.00044353999144276877
53,2.6500000000000004,-0.005671266133955966,-0.005536680589271602,-0.00013458554468436315,-0.006116048644173774,0.00044478251021780844,-0.006116048644173774,0.00044478251021780844
54,2.7,-0.005629070370514411,-0.005496394221313057,-0.0001326761492013535,-0.006055534535907394,0.0004264641653929837,-0.006055534535907394,0.0004264641653929837
55,2.75,-0.00552922698405256,-0.005392398303607795,-0.00013682868044476507,-0.005933514108369919,0.00040428712431735906,-0.005933514108369919,0.00040428712431735906
56,2.8000000000000003,-0.005424706657591427,-0.005323671218034824,-0.00010103543955660311,-0.005842666785369049,0.000417960127777622,-0.005842666785369049,0.000417960127777622
57,2.85,-0.00535842858477209,-0.005232681444308046,-0.00012574714046404388,-0.005739886741851815,0.00038145815707972455,-0.005739886741851815,0.00038145815707972455
58,2.9000000000000004,-0.005188752492831794,-0.005105177527369407,-8.357496546238744e-05,-0.005605169488365143,0.00041641699553334865,-0.005605169488365143,0.00041641699553334865
59,2.95,-0.005088138936390818,-0.005000229083898753,-8.790985249206539e-05,-0.005488600122644778,0.0004004611862539597,-0.005488600122644778,0.0004004611862539597
60,3.0,-0.004883532297193183,-0.004800021877339526,-8.351041985365636e-05,-0.005267606991969681,0.00038407469477649836,-0.005267606991969681,0.00038407469477649836
61,3.0500000000000003,-0.004690384871576803,-0.0046027197834222836,-8.766508815451907e-05,-0.005059937700955629,0.00036955282937882646,-0.005059937700955629,0.00036955282937882646
62,3.1,-0.0044947934007737445,-0.004422910614395016,-7.18827863787283e-05,-0.004874384687376456,0.0003795912866027115,-0.004874384687376456,0.0003795912866027115
63,3.1500000000000004,-0.0042208820455019724,-0.004167595424527565,-5.328662097440779e-05,-0.00461638965033041,0.00039550760482843714,-0.00461638965033041,0.00039550760482843714
64,3.2,-0.004026456859677174,-0.003972475001830291,-5.398185784688363e-05,-0.004417083534143431,0.00039062667446625697,-0.004417083534143431,0.00039062667446625697
65,3.25,-0.0038706245847293097,-0.003821596061978126,-4.902852275118349e-05,-0.004262097961875002,0.0003914733771456921,-0.004262097961875002,0.0003914733771456921
66,3.3000000000000003,-0.0036620544548641165,-0.00362234397346932,-3.9710481394796514e-05,-0.00406084352431784,0.00039878906945372324,-0.00406084352431784,0.00039878906945372324
67,3.35,-0.003531156125527235,-0.003485263756335652,-4.589236919158319e-05,-0.00390774091858419,0.0003765847930569553,-0.00390774091858419,0.0003765847930569553
68,3.4000000000000004,-0.003321329338652923,-0.003305010328187119,-1.6319010465803887e-05,-0.0037292361648021913,0.00040790682614926833,-0.0037292361648021913,0.00040790682614926833
69,3.45,-0.003142865785412119,-0.003109997901552993,-3.286788385912587e-05,-0.0035330183030381932,0.00039015251762607433,-0.0035330183030381932,0.00039015251762607433
70,3.5,-0.0029708774900109036,-0.0029433010095593188,-2.7576480451584843e-05,-0.0033653536503948636,0.00039447616038395996,-0.0033653536503948636,0.00039447616038395996
71,3.5500000000000003,-0.0027886452405494477,-0.002771448626587376,-1.719661396207186e-05,-0.003196465483449464,0.0004078202429000162,-0.003196465483449464,0.0004078202429000162
72,3.6,-0.0025866378430299264,-0.0025610007561030932,-2.563708692683315e-05,-0.003017725459217983,0.00043108761618805645,-0.003017725459217983,0.00043108761618805645
73,3.6500000000000004,-0.002413918722029451,-0.002399720198088632,-1.4198523940819104e-05,-0.002863199144954559,0.00044928042292510795,-0.002863199144954559,0.00044928042292510795
74,3.7,-0.00231128211975018,-0.0022796484102254127,-3.163370952476716e-05,-0.0027529158422666023,0.00044163372251642243,-0.0027529158422666023,0.00044163372251642243
75,3.75,-0.0021831000749337193,-0.0021713508360428355,-1.1749238890883772e-05,-0.002647403532663875,0.00046430345773015554,-0.002647403532663875,0.00046430345773015554
76,3.8000000000000003,-0.002073236100300635,-0.0020490739193472418,-2.416218095339321e-05,-0.0025238255072319404,0.00045058940693130543,-0.0025238255072319404,0.00045058940693130543
77,3.85,-0.0019621028936476215,-0.001941019438537127,-2.1083455110494512e-05,-0.0024151178827592733,0.0004530149891116518,-0.0024151178827592733,0.0004530149891116518
78,3.9000000000000004,-0.0018632559655217262,-0.0018359561764585976,-2.7299789063128582e-05,-0.0023099503618731502,0.000446694396351424,-0.0023099503618731502,0.000446694396351424
79,3.95,-0.0017476526047928154,-0.0017350559704111253,-1.2596634381690109e-05,-0.0022010011317114336,0.00045334852691861823,-0.0022010011317114336,0.00045334852691861823
80,4.0,-0.0016730322270073206,-0.0016535651653799203,-1.946706162740024e-05,-0.002117136535508313,0.0004441043085009924,-0.002117136535508313,0.0004441043085009924
81,4.05,-0.0015528699910113408,-0.0015548716003295103,2.0016093181694436e-06,-0.0020092064326346104,0.00045633644162326953,-0.0020092064326346104,0.00045633644162326953
82,4.1000000000000005,-0.0014631268433220601,-0.0014490003742062202,-1.4126469115839863e-05,-0.001901960278593628,0.00043883343527156794,-0.001901960278593628,0.00043883343527156794
83,4.15,-0.0013981169588023201,-0.001385758421171447,-1.2358537630873054e-05,-0.001837261489599034,0.0004391445307967139,-0.001837261489599034,0.0004391445307967139
84,4.2,-0.0013080916443805046,-0.0012980059381802417,-1.0085706200262936e-05,-0.001748370074782954,0.00044027843040244947,-0.001748370074782954,0.00044027843040244947
85,4.25,-0.0012640341568478375,-0.0012416329784596452,-2.2401178388192257e-05,-0.0016883822245304964,0.0004243480676826589,-0.0016883822245304964,0.0004243480676826589
86,4.3,-0.001219139808408598,-0.0012018775117699435,-1.726229663865449e-05,-0.0016444534178797793,0.0004253136094711813,-0.0016444534178797793,0.0004253136094711813
87,4.3500000000000005,-0.0011756119947108346,-0.0011506638851352094,-2.4948109575625163e-05,-0.0015871447519927627,0.0004115327572819282,-0.0015871447519927627,0.0004115327572819282
88,4.4,-0.0011202042311398985,-0.0010988042155038334,-2.140001563606512e-05,-0.0015459070714506952,0.00042570284031079667,-0.0015459070714506952,0.00042570284031079667
89,4.45,-0.0010348452092697746,-0.001040976476024588,6.1312667548132655e-06,-0.0014839736931224839,0.00044912848385270923,-0.0014839736931224839,0.00044912848385270923
90,4.5,-0.0010111128481218312,-0.001004771562751461,-6.341285370370115e-06,-0.0014477450223509979,0.00043663217422916663,-0.0014477450223509979,0.00043663217422916663
91,4.55,-0.0009678394223797682,-0.0009616602284721955,-6.179193907572653e-06,-0.0014082878344174135,0.0004404484120376453,-0.0014082878344174135,0.0004404484120376453
92,4.6000000000000005,-0.0009122465130603219,-0.000912276232627877,2.971956755508636e-08,-0.0013590077678106284,0.0004467612547503065,-0.0013590077678106284,0.0004467612547503065
93,4.65,-0.0008441431980414915,-0.0008375894369577913,-6.553761083700257e-06,-0.001290576928464871,0.00044643373042337954,-0.001290576928464871,0.00044643373042337954
94,4.7,-0.0008311437958224976,-0.0008108733244501059,-2.0270471372391716e-05,-0.0012641359867884019,0.0004329921909659042,-0.0012641359867884019,0.0004329921909659042
95,4.75,-0.0008055433861413608,-0.0007774763049224597,-2.806708121890107e-05,-0.0012313941978451819,0.0004258508117038211,-0.0012313941978451819,0.0004258508117038211
96,4.800000000000001,-0.0007725093862609445,-0.0007490133332329613,-2.3496053027983175e-05,-0.0012008339206857333,0.0004283245344247888,-0.0012008339206857333,0.0004283245344247888
97,4.8500000000000005,-0.0007113645333841623,-0.0007185044734960207,7.139940111858451e-06,-0.0011664518932581257,0.0004550873598739634,-0.0011664518932581257,0.0004550873598739634
98,4.9,-0.0006807544927159848,-0.00068494157628024,4.187083564255239e-06,-0.0011323866749606828,0.00045163218224469805,-0.0011323866749606828,0.00045163218224469805
99,4.95,-0.0006583048703416861,-0.0006547107516791039,-3.5941186625821405e-06,-0.0011069875533873442,0.00044868268304565817,-0.0011069875533873442,0.00044868268304565817
100,5.0,-0.000633505604660467,-0.0006269109618898094,-6.5946427706576206e-06,-0.001072878542512201,0.00043937293785173393,-0.001072878542512201,0.00043937293785173393
101,5.050000000000001,-0.0006042103949513988,-0.0005926506242138919,-1.1559770737506981e-05,-0.0010403512909847527,0.00043614089603335386,-0.0010403512909847527,0.00043614089603335386
102,5.1000000000000005,-0.0005840053613153096,-0.0005698325161369403,-1.4172845178369252e-05,-0.0010173366018126101,0.0004333312404973006,-0.0010173366018126101,0.0004333312404973006
103,5.15,-0.0005516825478687482,-0.0005486116027937055,-3.070945075042621e-06,-0.0009952393942567746,0.0004435568463880264,-0.0009952393942567746,0.0004435568463880264
104,5.2,-0.0005308427210145572,-0.0005206750806133674,-1.0167640401189813e-05,-0.0009728614248906419,0.00044201870387608466,-0.0009728614248906419,0.00044201870387608466
105,5.25,-0.0005095660409961678,-0.0004943138390436916,-1.5252201952476114e-05,-0.000947382775567623,0.00043781673457145526,-0.000947382775567623,0.00043781673457145526
106,5.300000000000001,-0.0004899459177456489,-0.0004802591027193991,-9.686815026249793e-06,-0.0009334208939061094,0.00044347497616046053,-0.0009334208939061094,0.00044347497616046053
107,5.3500000000000005,-0.00046612525042477593,-0.00046171838081875534,-4.4068696060205865e-06,-0.0009100110470687821,0.00044388579664400617,-0.0009100110470687821,0.00044388579664400617
108,5.4,-0.0004387875600160296,-0.0004433863500449876,4.598790028958024e-06,-0.0008924888880250338,0.0004537013280090042,-0.0008924888880250338,0.0004537013280090042
109,5.45,-0.00042192979466104674,-0.0004221114995907584,1.8170492971163969e-07,-0.0008680444829898314,0.00044611468832878465,-0.0008680444829898314,0.00044611468832878465
110,5.5,-0.0004106625058808433,-0.0004090010637711606,-1.6614421096827086e-06,-0.0008569026847914794,0.00044624017891063607,-0.0008569026847914794,0.00044624017891063607
111,5.550000000000001,-0.0003990776000385443,-0.00039269467341790707,-6.382926620637243e-06,-0.0008433781714537971,0.0004443005714152528,-0.0008433781714537971,0.0004443005714152528
112,5.6000000000000005,-0.000394855688634288,-0.0003800042682753395,-1.485142035894852e-05,-0.0008324567158443694,0.00043760102721008144,-0.0008324567158443694,0.00043760102721008144
113,5.65,-0.00037259423330859853,-0.00036593696420838054,-6.657269100217994e-06,-0.000819529417084699,0.00044693518377610043,-0.000819529417084699,0.00044693518377610043
114,5.7,-0.0003535212942639143,-0.00034846963239739244,-5.051661866521879e-06,-0.0008096345361704869,0.00045611324190657253,-0.0008096345361704869,0.00045611324190657253
115,5.75,-0.000344782146847189,-0.0003429144347811073,-1.8677120660816771e-06,-0.0008051064301574757,0.0004603242833102867,-0.0008051064301574757,0.0004603242833102867
116,5.800000000000001,-0.0003361526260090564,-0.00032594517125602435,-1.020745475303203e-05,-0.0007910888282037154,0.000454936202194659,-0.0007910888282037154,0.000454936202194659
117,5.8500000000000005,-0.0003302503161666248,-0.0003159337106163466,-1.4316605550278218e-05,-0.0007818528166044808,0.00045160250043785603,-0.0007818528166044808,0.00045160250043785603
118,5.9,-0.0003000536428300338,-0.00030621105304142165,6.157410211387877e-06,-0.00077301526521283,0.0004729616223827963,-0.00077301526521283,0.0004729616223827963
119,5.95,-0.00029144670211778134,-0.0002912579088175861,-1.8879330019526104e-07,-0.0007598223218026629,0.0004683756196848816,-0.0007598223218026629,0.0004683756196848816
120,6.0,-0.00027495969786250907,-0.0002672599883720164,-7.699709490492678e-06,-0.000739595046206459,0.00046463534834394996,-0.000739595046206459,0.00046463534834394996
121,6.050000000000001,-0.0002798693162353594,-0.0002620319732256302,-1.7837343009729167e-05,-0.0007357021246397145,0.00045583280840435516,-0.0007357021246397145,0.00045583280840435516
122,6.1000000000000005,-0.0002642899220153261,-0.0002458428679176082,-1.844705409771789e-05,-0.0007254239312242365,0.0004611340092089104,-0.0007254239312242365,0.0004611340092089104
123,6.15,-0.0002384118562486215,-0.00023975630335113603,1.3444471025145363e-06,-0.0007212012868611017,0.0004827894306124802,-0.0007212012868611017,0.0004827894306124802
124,6.2,-0.0002284347143726162,-0.0002319822963298211,3.5475819572049043e-06,-0.0007232110759694746,0.0004947763615968584,-0.0007232110759694746,0.0004947763615968584
125,6.25,-0.000233430240921928,-0.00022919659661753305,-4.233644304394937e-06,-0.0007215086287384645,0.00048807838781653656,-0.0007215086287384645,0.00048807838781653656
126,6.300000000000001,-0.00022948721777427128,-0.00022303750479030852,-6.449712983962755e-06,-0.0007164226434692917,0.00048693542569502044,-0.0007164226434692917,0.00048693542569502044
127,6.3500000000000005,-0.00022319712183449525,-0.00021284665597425133,-1.0350465860243916e-05,-0.0007154601763248327,0.0004922630544903374,-0.0007154601763248327,0.0004922630544903374
128,6.4,-0.0001957005774525511,-0.00020792750046186832,1.2226923009317226e-05,-0.000710661126068338,0.0005149605486157869,-0.000710661126068338,0.0005149605486157869
129,6.45,-0.0001948630599918344,-0.00019790837736252613,3.045317370691734e-06,-0.0007033273539993061,0.0005084642940074717,-0.0007033273539993061,0.0005084642940074717
130,6.5,-0.0001972802754832692,-0.00019211835686930501,-5.161918613964193e-06,-0.0006986160407965354,0.0005013357653132662,-0.0006986160407965354,0.0005013357653132662
131,6.550000000000001,-0.00019331867571292793,-0.00018660208844565752,-6.716587267270412e-06,-0.0007035624454193376,0.0005102437697064097,-0.0007035624454193376,0.0005102437697064097
132,6.6000000000000005,-0.0001937930045445846,-0.00018121724631918473,-1.257575822539986e-05,-0.0006992864402662428,0.0005054934357216582,-0.0006992864402662428,0.0005054934357216582
133,6.65,-0.00016912369593691245,-0.00017634669796268986,7.223002025777409e-06,-0.0006955045718322671,0.0005263808758953546,-0.0006955045718322671,0.0005263808758953546
134,6.7,-0.00016934497743881227,-0.0001728773606558474,3.5323832170351373e-06,-0.0006949527011351785,0.0005256077236963663,-0.0006949527011351785,0.0005256077236963663
135,6.75,-0.0001692895729999977,-0.00016642213336417043,-2.8674396358272663e-06,-0.0006927404682049795,0.0005234508952049818,-0.0006927404682049795,0.0005234508952049818
136,6.800000000000001,-0.00017307807701683053,-0.00016237436916399022,-1.0703707852840317e-05,-0.0006898593600874104,0.0005167812830705799,-0.0006898593600874104,0.0005167812830705799
137,6.8500000000000005,-0.00016960924748099515,-0.00015763230560551737,-1.197694187547778e-05,-0.0006862577083535516,0.0005166484608725565,-0.0006862577083535516,0.0005166484608725565
138,6.9,-0.00014558661667263273,-0.0001529741053319412,7.387488659308468e-06,-0.0006827239453548032,0.0005371373286821705,-0.0006827239453548032,0.0005371373286821705
139,6.95,-0.0001361461627877869,-0.00014851173494051317,1.236557215272626e-05,-0.0006794040023026416,0.0005432578395148547,-0.0006794040023026416,0.0005432578395148547
140,7.0,-0.00014028697158763315,-0.00014508031472099003,4.7933431333568855e-06,-0.0006771534621471776,0.0005368664905595445,-0.0006771534621471776,0.0005368664905595445
141,7.050000000000001,-0.00013861275327098355,-0.00013583771604762796,-2.7750372233555825e-06,-0.000670995298136609,0.0005323825448656255,-0.000670995298136609,0.0005323825448656255
142,7.1000000000000005,-0.00014205935815314596,-0.0001321173667871212,-9.941991366024772e-06,-0.0006675418589175778,0.0005254825007644318,-0.0006675418589175778,0.0005254825007644318
143,7.15,-0.00013219646996232015,-0.00012444849289626383,-7.747977066056323e-06,-0.0006643732291556934,0.0005321767591933733,-0.0006643732291556934,0.0005321767591933733
144,7.2,-0.00011220246094234554,-0.00012074366182256234,8.541200880216797e-06,-0.0006623241429559066,0.0005501216820135611,-0.0006623241429559066,0.0005501216820135611
145,7.25,-0.00011682439574278725,-0.0001199790079735118,3.1546122307245494e-06,-0.0006618785347010768,0.0005450541389582895,-0.0006618785347010768,0.0005450541389582895
146,7.300000000000001,-0.00011782988608421974,-0.00011442666693365967,-3.403219150560066e-06,-0.0006597622073875709,0.0005419323213033512,-0.0006597622073875709,0.0005419323213033512
147,7.3500000000000005,-0.00012114051055100994,-0.00011048520455604522,-1.0655305994964717e-05,-0.0006576094150468422,0.0005364689044958323,-0.0006576094150468422,0.0005364689044958323
148,7.4,-0.0001209469522434059,-0.00010637851391217161,-1.4568438331234292e-05,-0.0006537996973833283,0.0005328527451399224,-0.0006537996973833283,0.0005328527451399224
149,7.45,-9.9958738104311e-05,-0.00010402879736355317,4.070059259242173e-06,-0.0006558303573660918,0.0005558716192617808,-0.0006558303573660918,0.0005558716192617808
150,7.5,-9.671827402968347e-05,-0.00010099296341411823,4.274689384434758e-06,-0.0006538953940785421,0.0005571771200488586,-0.0006538953940785421,0.0005571771200488586
151,7.550000000000001,-9.895627868306e-05,-9.787378732416734e-05,-1.0824913588926613e-06,-0.0006518589455812823,0.0005529026668982223,-0.0006518589455812823,0.0005529026668982223
152,7.6000000000000005,-0.00010082280703138657,-9.47541641600988e-05,-6.068642871287776e-06,-0.000649791607716268,0.0005489688006848814,-0.000649791607716268,0.0005489688006848814
153,7.65,-0.000104580418359701,-9.184582386855335e-05,-1.2734594491147652e-05,-0.0006479067776677857,0.0005433263593080847,-0.0006479067776677857,0.0005433263593080847
154,7.7,-8.334009247268348e-05,-8.899034952383383e-05,5.650257051150346e-06,-0.0006460338804258933,0.0005626937879532098,-0.0006460338804258933,0.0005626937879532098
155,7.75,-7.543745958926706e-05,-8.541090557626707e-05,9.97344598700001e-06,-0.0006532804693596542,0.0005778430097703872,-0.0006532804693596542,0.0005778430097703872
156,7.800000000000001,-7.984426620355478e-05,-8.261638745451562e-05,2.7721212509608436e-06,-0.0006514402889636551,0.0005715960227601003,-0.0006514402889636551,0.0005715960227601003
157,7.8500000000000005,-8.394305465353469e-05,-7.992828323975423e-05,-4.014771413780462e-06,-0.0006497655227480338,0.0005658224680944991,-0.0006497655227480338,0.0005658224680944991
158,7.9,-8.783180778570987e-05,-7.718421430443646e-05,-1.0647593481273411e-05,-0.0006480095473064271,0.0005601777395207173,-0.0006480095473064271,0.0005601777395207173
159,7.95,-8.222008481184595e-05,-7.450991174767709e-05,-7.710173064168864e-06,-0.0006462941707567292,0.0005640740859448833,-0.0006462941707567292,0.0005640740859448833
160,8.0,-6.145538415358587e-05,-7.269469328218827e-05,1.12393091286024e-05,-0.000646136559216441,0.0005846811750628551,-0.000646136559216441,0.0005846811750628551
161,8.05,-6.695674935119911e-05,-7.02132034247984e-05,3.2564540735992883e-06,-0.0006438295493843903,0.0005768728000331911,-0.0006438295493843903,0.0005768728000331911
162,8.1,-6.916217581132145e-05,-6.645527245622452e-05,-2.7069033550969275e-06,-0.0006509104789446529,0.0005817483031333315,-0.0006509104789446529,0.0005817483031333315
163,8.15,-7.10720374519358e-05,-6.323148380762611e-05,-7.840553644309684e-06,-0.0006493377710439125,0.0005782657335919767,-0.0006493377710439125,0.0005782657335919767
164,8.200000000000001,-7.550693240232498e-05,-6.116773052609353e-05,-1.4339201876231443e-05,-0.0006482110170021548,0.0005727040845998298,-0.0006482110170021548,0.0005727040845998298
165,8.25,-5.487919794155971e-05,-6.0557652886909314e-05,5.678454945349604e-06,-0.0006489849638575323,0.0005941057659159726,-0.0006489849638575323,0.0005941057659159726
166,8.3,-5.191980463936652e-05,-5.8654775016327296e-05,6.7349703769607785e-06,-0.0006479517265130593,0.0005960319218736927,-0.0006479517265130593,0.0005960319218736927
167,8.35,-5.427323605800005e-05,-5.448500146427165e-05,2.117654062715955e-07,-0.0006476931425140944,0.0005934199064560943,-0.0006476931425140944,0.0005934199064560943
168,8.4,-5.8416918214065916e-05,-5.312602257312027e-05,-5.2908956409456436e-06,-0.0006566190647071716,0.0005982021464931057,-0.0006566190647071716,0.0005982021464931057
169,8.450000000000001,-6.198530506806854e-05,-5.141883347976996e-05,-1.0566471588298584e-05,-0.0006558826091275072,0.0005938973040594387,-0.0006558826091275072,0.0005938973040594387
170,8.5,-5.741536323045082e-05,-4.975357955458517e-05,-7.66178367586565e-06,-0.0006551594210685523,0.0005977440578381015,-0.0006551594210685523,0.0005977440578381015
171,8.55,-3.948577893186922e-05,-4.8152752580233886e-05,8.666973648364666e-06,-0.0006544785162182228,0.0006149927372863536,-0.0006544785162182228,0.0006149927372863536
172,8.6,-3.840935138388346e-05,-4.6453973920176965e-05,8.044622536293504e-06,-0.0006590266013613715,0.000620617249977488,-0.0006590266013613715,0.000620617249977488
173,8.65,-4.161836804339458e-05,-4.535281132040963e-05,3.7344432770150445e-06,-0.0006588349134890913,0.0006172165454456967,-0.0006588349134890913,0.0006172165454456967
174,8.700000000000001,-4.537665156978399e-05,-4.3707185362191505e-05,-1.6694662075924832e-06,-0.0006580752273850895,0.0006126985758153055,-0.0006580752273850895,0.0006126985758153055
175,8.75,-5.005076945208131e-05,-4.287634138551241e-05,-7.174428066568902e-06,-0.0006581570925217756,0.0006081063230696943,-0.0006581570925217756,0.0006081063230696943
176,8.8,-4.5110300016970584e-05,-4.042190342299263e-05,-4.688396593977954e-06,-0.000657588176590652,0.0006124778765736814,-0.000657588176590652,0.0006124778765736814
177,8.85,-3.3929072463356746e-05,-4.0548817486139585e-05,6.619745022782838e-06,-0.0006591841110339653,0.0006252550385706085,-0.0006591841110339653,0.0006252550385706085
178,8.9,-3.216508032211074e-05,-3.872301518422426e-05,6.557934862113522e-06,-0.0006586228930656994,0.0006264578127435887,-0.0006586228930656994,0.0006264578127435887
179,8.950000000000001,-3.818946224676267e-05,-3.8452072963775196e-05,2.62610717012523e-07,-0.0006611884188748018,0.0006229989566280391,-0.0006611884188748018,0.0006229989566280391
180,9.0,-4.399532923327065e-05,-3.702009193865423e-05,-6.9752372946164245e-06,-0.000660824416288281,0.0006168290870550104,-0.000660824416288281,0.0006168290870550104
181,9.05,-4.797763251418452e-05,-3.570684165767091e-05,-1.2270790856513608e-05,-0.0006605043227558838,0.0006125266902416993,-0.0006605043227558838,0.0006125266902416993
182,9.1,-3.6684939511477666e-05,-3.456470960358942e-05,-2.120229907888246e-06,-0.0006603003909932345,0.0006236154514817568,-0.0006603003909932345,0.0006236154514817568
183,9.15,-2.5589289183391983e-05,-3.3476420680654336e-05,7.887131497262353e-06,-0.0006604339170002732,0.0006348446278168812,-0.0006604339170002732,0.0006348446278168812
184,9.200000000000001,-2.6930257888579945e-05,-3.257573326752598e-05,5.645475378946037e-06,-0.0006603153782574277,0.0006333851203688478,-0.0006603153782574277,0.0006333851203688478
185,9.25,-3.2096694920324964e-05,-3.1323502139587036e-05,-7.731927807379276e-07,-0.0006594983228579612,0.0006274016279376362,-0.0006594983228579612,0.0006274016279376362
186,9.3,-3.322775085212726e-05,-3.0337897741370766e-05,-2.8898531107564923e-06,-0.0006593263916187972,0.0006260986407666699,-0.0006593263916187972,0.0006260986407666699
187,9.35,-3.4936579532907075e-05,-2.9571922259668413e-05,-5.364657273238662e-06,-0.0006592544111703502,0.0006243178316374431,-0.0006592544111703502,0.0006243178316374431
188,9.4,-2.1701758817105343e-05,-2.8135015636863932e-05,6.433256819758589e-06,-0.0006578784094722535,0.0006361766506551482,-0.0006578784094722535,0.0006361766506551482
189,9.450000000000001,-1.742390578951536e-05,-2.8510709262879243e-05,1.1086803473363883e-05,-0.0006596417886020635,0.0006422178828125482,-0.0006596417886020635,0.0006422178828125482
190,9.5,-1.9373378894460558e-05,-2.7258769685214817e-05,7.885390790754259e-06,-0.0006566377211011478,0.0006372643422066873,-0.0006566377211011478,0.0006372643422066873
191,9.55,-2.526933125568398e-05,-2.6479961050851397e-05,1.2106297951674166e-06,-0.0006554968257907522,0.0006302274945350682,-0.0006554968257907522,0.0006302274945350682
192,9.600000000000001,-2.9946241548950425e-05,-2.5231563691743737e-05,-4.714677857206688e-06,-0.0006626936043513132,0.0006327473628023628,-0.0006626936043513132,0.0006327473628023628
193,9.65,-3.5904960851818046e-05,-2.502498756138519e-05,-1.0879973290432856e-05,-0.0006640205055031782,0.0006281155446513602,-0.0006640205055031782,0.0006281155446513602
194,9.700000000000001,-1.948015392150282e-05,-2.358451225845267e-05,4.104358336949851e-06,-0.0006626081293979998,0.000643127975476497,-0.0006626081293979998,0.000643127975476497
195,9.75,-1.947010857961118e-05,-2.347864221866986e-05,4.008533639058682e-06,-0.0006639587567052845,0.0006444886481256733,-0.0006639587567052845,0.0006444886481256733
196,9.8,-2.0627307455001187e-05,-2.317207187983811e-05,2.5447644248369214e-06,-0.0006644910662583236,0.0006438637588033224,-0.0006644910662583236,0.0006438637588033224
197,9.850000000000001,-2.496622315084629e-05,-2.233010911212979e-05,-2.6361140387164988e-06,-0.000663425501648925,0.0006384592784980787,-0.000663425501648925,0.0006384592784980787
198,9.9,-3.0396721638181745e-05,-2.1823666470761704e-05,-8.573055167420041e-06,-0.000664551428166192,0.0006341547065280103,-0.000664551428166192,0.0006341547065280103
199,9.950000000000001,-3.6149699783827316e-05,-2.1480080177164083e-05,-1.4669619606663233e-05,-0.0006647948467490415,0.0006286451469652141,-0.0006647948467490415,0.0006286451469652141
200,10.0,-1.7242412735596346e-05,-2.011624491486135e-05,2.873832179265003e-06,-0.0006637449368618693,0.000646502524126273,-0.0006637449368618693,0.000646502524126273
201,10.05,-1.727071549217918e-05,-2.0308353219620232e-05,3.037637727441054e-06,-0.0006652555237958922,0.000647984808303713,-0.0006652555237958922,0.000647984808303713
202,10.100000000000001,-1.6465386950326177e-05,-1.894530138156478e-05,2.4799144312386034e-06,-0.0006637981571205319,0.0006473327701702057,-0.0006637981571205319,0.0006473327701702057
203,10.15,-2.1479826791459544e-05,-1.8976395129696248e-05,-2.503431661763296e-06,-0.0006652604515592206,0.000643780624767761,-0.0006652604515592206,0.000643780624767761
204,10.200000000000001,-2.3982701391256356e-05,-1.7865600757680974e-05,-6.117100633575382e-06,-0.0006639223821970179,0.0006399396808057616,-0.0006639223821970179,0.0006399396808057616
205,10.25,-3.0311073341948713e-05,-1.82634359853921e-05,-1.2047637356556613e-05,-0.0006656314559373737,0.0006353203825954249,-0.0006656314559373737,0.0006353203825954249
206,10.3,-1.8300883664501555e-05,-1.7322473977991507e-05,-9.78409686510048e-07,-0.0006673230923499691,0.0006490222086854675,-0.0006673230923499691,0.0006490222086854675
207,10.350000000000001,-5.194115250350961e-06,-1.7816970863708495e-05,1.2622855613357534e-05,-0.0006689776590029323,0.0006637835437525813,-0.0006689776590029323,0.0006637835437525813
208,10.4,-9.91253142101911e-06,-1.6423517294456587e-05,6.510985873437476e-06,-0.0006674565221161971,0.000657543990695178,-0.0006674565221161971,0.000657543990695178
209,10.450000000000001,-1.0117600952153083e-05,-1.5971259594615078e-05,5.853658642461995e-06,-0.0006674978578835073,0.0006573802569313542,-0.0006674978578835073,0.0006573802569313542
210,10.5,-1.4904249918679113e-05,-1.6569234275975938e-05,1.664984357296825e-06,-0.0006692695329129547,0.0006543652829942755,-0.0006692695329129547,0.0006543652829942755
211,10.55,-1.7938520469940045e-05,-1.5884187292528318e-05,-2.054333177411727e-06,-0.0006731059117700928,0.0006551673913001528,-0.0006731059117700928,0.0006551673913001528
212,10.600000000000001,-1.557262654494629e-05,-1.2730431204923947e-05,-2.8421953400223415e-06,-0.0006765804583048618,0.0006610078317599155,-0.0006765804583048618,0.0006610078317599155
213,10.65,-1.59076697714422e-05,-1.208247110264042e-05,-3.82519866880178e-06,-0.0006765166794056687,0.0006606090096342265,-0.0006765166794056687,0.0006606090096342265
214,10.700000000000001,-1.6706527060650345e-05,-1.2066186526298021e-05,-4.6403405343523235e-06,-0.0006768621375705653,0.0006601556105099149,-0.0006768621375705653,0.0006601556105099149
215,10.75,-1.65851321876076e-05,-1.173565064452769e-05,-4.849481543079909e-06,-0.0006769995070565337,0.0006604143748689261,-0.0006769995070565337,0.0006604143748689261
216,10.8,-7.626885994316268e-06,-1.1128025609052298e-05,3.5011396147360294e-06,-0.0006769440586552475,0.0006693171726609312,-0.0006769440586552475,0.0006693171726609312
217,10.850000000000001,-8.388910503587255e-06,-1.1140775067679352e-05,2.7518645640920975e-06,-0.0006772725039320797,0.0006688835934284924,-0.0006772725039320797,0.0006688835934284924
218,10.9,-9.051448496943948e-06,-1.0844415303207634e-05,1.7929668062636861e-06,-0.0006773286629421088,0.0006682772144451649,-0.0006773286629421088,0.0006682772144451649
219,10.950000000000001,-9.376900253155185e-06,-1.0275210501988091e-05,8.983102488329064e-07,-0.0006772744474335854,0.0006678975471804302,-0.0006772744474335854,0.0006678975471804302
220,11.0,-1.0115988497760853e-05,-1.0311314614784772e-05,1.9532611702391961e-07,-0.0006775987157262963,0.0006674827272285355,-0.0006775987157262963,0.0006674827272285355
221,11.05,-9.593007265440434e-06,-1.0044940603944295e-05,4.5193333850386124e-07,-0.000677733267174316,0.0006681402599088756,-0.000677733267174316,0.0006681402599088756
222,11.100000000000001,-8.589435219308328e-06,-9.509244175081057e-06,9.198089557727291e-07,-0.0006776896999397437,0.0006691002647204354,-0.0006776896999397437,0.0006691002647204354
223,11.15,-1.089427010381172e-05,-1.035054706303736e-05,-5.43723040774361e-07,-0.0006795622109027461,0.0006686679407989344,-0.0006795622109027461,0.0006686679407989344
224,11.200000000000001,-1.022349576151882e-05,-9.063059213281e-06,-1.1604365482378197e-06,-0.0006780460503425639,0.000667822554581045,-0.0006780460503425639,0.000667822554581045
225,11.25,-1.1355991073269678e-05,-9.160054631233902e-06,-2.1959364420357756e-06,-0.0006783955969080324,0.0006670396058347627,-0.0006783955969080324,0.0006670396058347627
226,11.3,-1.1983990329422767e-05,-8.934279306513345e-06,-3.0497110229094213e-06,-0.0006785417590927066,0.0006665577687632838,-0.0006785417590927066,0.0006665577687632838
227,11.350000000000001,-1.1956702657744955e-05,-8.441934268592305e-06,-3.51476838915265e-06,-0.0006785131353140792,0.0006665564326563343,-0.0006785131353140792,0.0006665564326563343
228,11.4,-1.2743229478306972e-05,-8.539410851059778e-06,-4.203818627247194e-06,-0.0006788400466392554,0.0006660968171609484,-0.0006788400466392554,0.0006660968171609484
229,11.450000000000001,-1.329014450468513e-05,-8.333067960194417e-06,-4.957076544490713e-06,-0.0006789809703570976,0.0006656908258524124,-0.0006789809703570976,0.0006656908258524124
230,11.5,-1.6502238032733985e-05,-1.0069541604661345e-05,-6.4326964280726394e-06,-0.0006827784807530847,0.0006662762427203507,-0.0006827784807530847,0.0006662762427203507
231,11.55,-7.715690625964555e-06,-1.267147475338789e-05,4.955784127423334e-06,-0.0006861077583388727,0.0006783920677129082,-0.0006861077583388727,0.0006783920677129082
232,11.600000000000001,-2.651653089547068e-06,-1.7456511121365704e-05,1.4804858031818636e-05,-0.0006805040864332515,0.0006778524333437044,-0.0006805040864332515,0.0006778524333437044
233,11.65,-9.443575908374413e-06,-1.744457406111752e-05,8.000998152743108e-06,-0.0006807553342643679,0.0006713117583559935,-0.0006807553342643679,0.0006713117583559935
234,11.700000000000001,-1.7829627240839585e-05,-1.738282400858464e-05,-4.4680323225494546e-07,-0.0006778466225188108,0.0006600169952779712,-0.0006778466225188108,0.0006600169952779712
235,11.75,-2.5272910975537854e-05,-1.7133070072031602e-05,-8.139840903506252e-06,-0.0006779374547522361,0.0006526645437766982,-0.0006779374547522361,0.0006526645437766982
236,11.8,-2.5754452123161187e-05,-1.6711036142392142e-05,-9.043415980769045e-06,-0.0006779350254521009,0.0006521805733289397,-0.0006779350254521009,0.0006521805733289397
237,11.850000000000001,-1.1880873508562928e-05,-1.6583380243084876e-05,4.702506734521948e-06,-0.0006779670182375144,0.0006660861447289515,-0.0006779670182375144,0.0006660861447289515
238,11.9,-1.4461611271388009e-05,-1.634372353816599e-05,1.8821122667779798e-06,-0.0006779819633260682,0.0006635203520546802,-0.0006779819633260682,0.0006635203520546802
239,11.950000000000001,-2.20814223572674e-05,-1.656766774972534e-05,-5.513754607542061e-06,-0.000685356179821678,0.0006632747574644106,-0.000685356179821678,0.0006632747574644106
240,12.0,-2.5400798253416568e-05,-1.6341315906962747e-05,-9.05948234645382e-06,-0.0006854955246526232,0.0006600947263992066,-0.0006854955246526232,0.0006600947263992066
241,12.05,-1.6883955498814274e-05,-1.575510939315513e-05,-1.128846105659145e-06,-0.0006870872869334017,0.0006702033314345874,-0.0006870872869334017,0.0006702033314345874
242,12.100000000000001,-2.2818843350425055e-06,-1.5437777443748683e-05,1.3155893108706177e-05,-0.0006871642429644428,0.0006848823586294003,-0.0006871642429644428,0.0006848823586294003
243,12.15,-4.6558380861760895e-06,-1.5297732155415247e-05,1.0641894069239157e-05,-0.0006872265884992162,0.0006825707504130402,-0.0006872265884992162,0.0006825707504130402
244,12.200000000000001,-8.752172411252701e-06,-1.3691139803101211e-05,4.93896739184851e-06,-0.0006965600141077801,0.0006878078416965274,-0.0006965600141077801,0.0006878078416965274
245,12.25,-1.289305000207186e-05,-1.3491286660344096e-05,5.982366582722366e-07,-0.0006967691094022147,0.0006838760594001428,-0.0006967691094022147,0.0006838760594001428
246,12.3,-1.669767867129579e-05,-1.3237032662587957e-05,-3.4606460087078337e-06,-0.0006954141162569332,0.0006787164375856374,-0.0006954141162569332,0.0006787164375856374
247,12.350000000000001,-2.0340255873829705e-05,-1.305717358338333e-05,-7.283082290446375e-06,-0.0006955613867783664,0.0006752211309045367,-0.0006955613867783664,0.0006752211309045367
248,12.4,-1.575302278089552e-05,-1.2806298836473996e-05,-2.946723944421524e-06,-0.0006985244232337645,0.000682771400452869,-0.0006985244232337645,0.000682771400452869
249,12.450000000000001,-7.720200298377833e-06,-1.2777507692313636e-05,5.0573073939358036e-06,-0.0006989911139958374,0.0006912709136974596,-0.0006989911139958374,0.0006912709136974596
250,12.5,-1.061630383225598e-05,-1.2999771506873228e-05,2.3834676746172477e-06,-0.00069955294124017,0.000688936637407914,-0.00069955294124017,0.000688936637407914
251,12.55,-1.2454078154311432e-05,-1.2761558738692358e-05,3.0748058438092586e-07,-0.0007053347708465075,0.000692880692692196,-0.0007053347708465075,0.000692880692692196
252,12.600000000000001,-0.0004023274410802635,-0.0003868499753190452,-1.5477465761218345e-05,-0.0007052632804291293,0.00030293583934886575,-0.0007052632804291293,0.00030293583934886575
253,12.65,-0.00037504894103856934,-0.0003643057046035464,-1.0743236435022943e-05,-0.0006820496855542168,0.00030700074451564746,-0.0006820496855542168,0.00030700074451564746
254,12.700000000000001,-0.00032342302014498614,-0.00032880426341920044,5.381243274214299e-06,-0.0006464654906800513,0.0003230424705350652,-0.0006464654906800513,0.0003230424705350652
255,12.75,-0.0003076523656551089,-0.0003062037289679564,-1.4486366871525208e-06,-0.0006241995092853322,0.0003165471436302233,-0.0006241995092853322,0.0003165471436302233
256,12.8,-0.00030152651965820176,-0.00029835120438002216,-3.1753152781796037e-06,-0.0006159989889145623,0.00031447246925636054,-0.0006159989889145623,0.00031447246925636054
257,12.850000000000001,-0.0002830727564517854,-0.00027858824324957936,-4.4845132022060664e-06,-0.0005956932960092016,0.0003126205395574162,-0.0005956932960092016,0.0003126205395574162
258,12.9,-0.00026707019885474637,-0.0002611226557655065,-5.9475430892398824e-06,-0.0005708370396302429,0.00030376684077549655,-0.0005708370396302429,0.00030376684077549655
259,12.950000000000001,-0.0002630960522986836,-0.0002534649908249571,-9.631061473726517e-06,-0.0005623472737001222,0.0002992512214014386,-0.0005623472737001222,0.0002992512214014386
260,13.0,-0.00025664022466531655,-0.00024257404390259186,-1.4066180762724691e-05,-0.0005495201551422879,0.0002928799304769713,-0.0005495201551422879,0.0002928799304769713
261,13.05,-0.00022128120412445718,-0.0002301977318770001,8.916527752542928e-06,-0.0005353119844483399,0.00031403078032388274,-0.0005353119844483399,0.00031403078032388274
262,13.100000000000001,-0.00021729724918806426,-0.0002246404920450179,7.343242856953637e-06,-0.0005286674495516282,0.0003113702003635639,-0.0005286674495516282,0.0003113702003635639
263,13.15,-0.00021753105362543046,-0.00021909968588822065,1.5686322627901878e-06,-0.0005221379395353504,0.00030460688590992,-0.0005221379395353504,0.00030460688590992
264,13.200000000000001,-0.00021551108116923956,-0.00021113359927693088,-4.377481892308679e-06,-0.0005131972482740234,0.0002976861671047838,-0.0005131972482740234,0.0002976861671047838
265,13.25,-0.00021463001009536242,-0.00020619887649420864,-8.431133601153782e-06,-0.000507208030512033,0.00029257802041667057,-0.000507208030512033,0.00029257802041667057
266,13.3,-0.00021351038602235306,-0.00020068902281066136,-1.2821363211691698e-05,-0.0005007480472092762,0.0002872376611869231,-0.0005007480472092762,0.0002872376611869231
267,13.350000000000001,-0.00020441200593879216,-0.00019624404299735653,-8.167962941435633e-06,-0.0004951307339615738,0.00029071872802278163,-0.0004951307339615738,0.00029071872802278163
268,13.4,-0.00019699264876082978,-0.0001922287198310719,-4.763928929757871e-06,-0.000489823759329494,0.00029283111056866427,-0.000489823759329494,0.00029283111056866427
269,13.450000000000001,-0.00018215117361064515,-0.00018832037856315848,6.169204952513336e-06,-0.0004848642522591607,0.00030271307864851557,-0.0004848642522591607,0.00030271307864851557
270,13.5,-0.00018085439849579998,-0.00018526377036415722,4.409371868357238e-06,-0.0004714204728034578,0.0002905660743076578,-0.0004714204728034578,0.0002905660743076578
271,13.55,-0.0001804949617292273,-0.00018130156191960547,8.066001903781698e-07,-0.0004665247652201743,0.000286029803490947,-0.0004665247652201743,0.000286029803490947
272,13.600000000000001,-0.00018192518809811986,-0.00017890089197991111,-3.0242961182087467e-06,-0.00046125897680782303,0.00027933378870970317,-0.00046125897680782303,0.00027933378870970317
273,13.65,-0.00018114981215089365,-0.00017518971685410181,-5.9600952967918375e-06,-0.0004566817556734533,0.00027553194352255964,-0.0004566817556734533,0.00027553194352255964
274,13.700000000000001,-0.0001801233466405261,-0.00017162620933204212,-8.49713730848397e-06,-0.00045217872694312697,0.0002720553803026009,-0.00045217872694312697,0.0002720553803026009
275,13.75,-0.0001793702131744901,-0.00016891532864661413,-1.0454884527875957e-05,-0.0004478718849943684,0.0002685016718198783,-0.0004478718849943684,0.0002685016718198783
276,13.8,-0.00018086537406980518,-0.0001657745771615948,-1.5090796908210393e-05,-0.00044379824165605717,0.000262932867586252,-0.00044379824165605717,0.000262932867586252
277,13.850000000000001,-0.00016123582696492278,-0.00016273971335290413,1.5038863879813537e-06,-0.0004398409286389618,0.000278605101674039,-0.0004398409286389618,0.000278605101674039
278,13.9,-0.00015452070805666018,-0.0001603627968155951,5.842088758934924e-06,-0.00043608041290932645,0.00028155970485266627,-0.00043608041290932645,0.00028155970485266627
279,13.950000000000001,-0.0001562344718029074,-0.0001574674428414485,1.2329710385410974e-06,-0.00043229527065465046,0.00027606079885174307,-0.00043229527065465046,0.00027606079885174307
280,14.0,-0.00015644522078916978,-0.0001546461252159834,-1.799095573186383e-06,-0.0004285907535888366,0.0002721455327996668,-0.0004285907535888366,0.0002721455327996668
281,14.05,-0.00015655163711381093,-0.00015177355049104677,-4.778086622764152e-06,-0.00041404990932269076,0.00025749827220887983,-0.00041404990932269076,0.00025749827220887983
282,14.100000000000001,-0.0001581068375080541,-0.00014951109803703312,-8.595739471020978e-06,-0.00041104594911491466,0.00025293911160686057,-0.00041104594911491466,0.00025293911160686057
283,14.15,-0.00015929361005984077,-0.00014644238691443644,-1.2851223145404338e-05,-0.000407237145086237,0.0002479435350263962,-0.000407237145086237,0.0002479435350263962
284,14.200000000000001,-0.00014950146606595993,-0.00014418691485324595,-5.314551212713979e-06,-0.0004038777293974871,0.00025437626333152716,-0.0004038777293974871,0.00025437626333152716
285,14.25,-0.0001367879369373881,-0.00014160428013676858,4.816343199380471e-06,-0.0004005673962663605,0.0002637794593289724,-0.0004005673962663605,0.0002637794593289724
286,14.3,-0.0001387664448566639,-0.00013983606028951357,1.069615432849674e-06,-0.00039807910101409826,0.00025931265615743436,-0.00039807910101409826,0.00025931265615743436
287,14.350000000000001,-0.00014008499242956773,-0.00013810567771486848,-1.97931471469925e-06,-0.00039563438205765804,0.0002555493896280903,-0.00039563438205765804,0.0002555493896280903
288,14.4,-0.0001385664159649913,-0.00013589885204612858,-2.6675639188627304e-06,-0.00039252198142102583,0.0002539555654560345,-0.00039252198142102583,0.0002539555654560345
289,14.450000000000001,-0.00013917748696568033,-0.0001347135946692315,-4.4638922964488205e-06,-0.00038997818958678667,0.00025080070262110634,-0.00038997818958678667,0.00025080070262110634
290,14.5,-0.00013701953983802362,-0.00013179005393780698,-5.229485900216642e-06,-0.0003854221936837291,0.0002484026538457055,-0.0003854221936837291,0.0002484026538457055
291,14.55,-0.00013448358254830595,-0.00012954890472044225,-4.934677827863693e-06,-0.0003825258692281016,0.00024804228667979565,-0.0003825258692281016,0.00024804228667979565
292,14.600000000000001,-0.00012287861941473466,-0.00012733383907189926,4.455219657164606e-06,-0.0003796598988760375,0.0002567812794613028,-0.0003796598988760375,0.0002567812794613028
293,14.65,-0.0001238973438342228,-0.00012514933603822068,1.2519922039978826e-06,-0.000376829651155489,0.0002529323073212662,-0.000376829651155489,0.0002529323073212662
294,14.700000000000001,-0.0001249908770888375,-0.00012321104891374274,-1.7798281750947573e-06,-0.0003742495426546431,0.0002492586655658056,-0.0003742495426546431,0.0002492586655658056
295,14.75,-0.00012557033908189297,-0.00012104429908065353,-4.526040001239439e-06,-0.0003710080100513311,0.00024543767096943815,-0.0003710080100513311,0.00024543767096943815
296,14.8,-0.00012206487172528036,-0.00011556843730491007,-6.496434420370282e-06,-0.00036459231867022146,0.0002425274469449411,-0.00036459231867022146,0.0002425274469449411
297,14.850000000000001,-0.00011521345295606444,-0.00010937862292305367,-5.834830033010774e-06,-0.00034748755418255743,0.000232274101226493,-0.00034748755418255743,0.000232274101226493
298,14.9,-0.00011048364778387665,-0.00010736324198374909,-3.120405800127561e-06,-0.0003449868367888023,0.00023450318900492564,-0.0003449868367888023,0.00023450318900492564
299,14.950000000000001,-0.0001075455462142827,-0.00010512039411527878,-2.425152099003915e-06,-0.0003423101587922907,0.000234764612578008,-0.0003423101587922907,0.000234764612578008
300,15.0,-0.00010727643181285273,-0.00010318808607126512,-4.088345741587614e-06,-0.0003399453336202633,0.00023266890180741054,-0.0003399453336202633,0.00023266890180741054
301,15.05,-0.00010491490437880557,-0.00010130403284646039,-3.6108715323451813e-06,-0.0003376318616018335,0.00023271695722302795,-0.0003376318616018335,0.00023271695722302795
302,15.100000000000001,-9.682765443419505e-05,-9.953168565427028e-05,2.704031220075224e-06,-0.00033518926029948607,0.00023836160586529102,-0.00033518926029948607,0.00023836160586529102
303,15.15,-9.653456061164967e-05,-9.774590541095933e-05,1.2113447993096678e-06,-0.00033298421012915494,0.00023644964951750528,-0.00033298421012915494,0.00023644964951750528
304,15.200000000000001,-9.514184997483355e-05,-9.60022176952714e-05,8.603677204378551e-07,-0.00033082354694514055,0.000235681696970307,-0.00033082354694514055,0.000235681696970307
305,15.25,-9.348929787522664e-05,-9.380617911200939e-05,3.168812367827529e-07,-0.00032821275027505094,0.0002347234523998243,-0.00032821275027505094,0.0002347234523998243
306,15.3,-9.36256998138596e-05,-9.252207642164011e-05,-1.103623392219484e-06,-0.0003264901284719194,0.00023286442865805978,-0.0003264901284719194,0.00023286442865805978
307,15.350000000000001,-9.261484878786419e-05,-9.032437896031179e-05,-2.2904698275523987e-06,-0.0003238545649693474,0.0002312397161814832,-0.0003238545649693474,0.0002312397161814832
308,15.4,-9.256665041945666e-05,-8.9166809739249e-05,-3.3998406802076707e-06,-0.0003221947016028566,0.00022962805118339992,-0.0003221947016028566,0.00022962805118339992
309,15.450000000000001,-9.189208631088519e-05,-8.776739443496856e-05,-4.1246918759166285e-06,-0.00032030957919866897,0.00022841749288778377,-0.00032030957919866897,0.00022841749288778377
310,15.5,-9.115062550746345e-05,-8.582018348224795e-05,-5.330442025215494e-06,-0.0003178786668073103,0.00022672804129984683,-0.0003178786668073103,0.00022672804129984683
311,15.55,-8.991085931642218e-05,-8.459238936717285e-05,-5.318469949249321e-06,-0.0003160882381022122,0.00022617737878579005,-0.0003160882381022122,0.00022617737878579005
312,15.600000000000001,-8.80807564498376e-05,-8.373531558782283e-05,-4.345440862014768e-06,-0.00031467123692073215,0.00022659048047089455,-0.00031467123692073215,0.00022659048047089455
313,15.65,-8.370717897032698e-05,-8.259696123321474e-05,-1.1102177371122431e-06,-0.0003124937149086655,0.0002287865359383385,-0.0003124937149086655,0.0002287865359383385
314,15.700000000000001,-7.814320371735128e-05,-8.098858344951876e-05,2.845379732167481e-06,-0.0003103408968418273,0.000232197693124476,-0.0003103408968418273,0.000232197693124476
315,15.75,-7.599301459260133e-05,-7.993930678242746e-05,3.9462921898261326e-06,-0.0003086333670936474,0.0002326403525010461,-0.0003086333670936474,0.0002326403525010461
316,15.8,-7.674630630871704e-05,-7.983106051735022e-05,3.084754208633182e-06,-0.000307794929710139,0.00023104862340142198,-0.000307794929710139,0.00023104862340142198
317,15.850000000000001,-7.634827596336713e-05,-7.882880943866175e-05,2.4805334752946233e-06,-0.0003059016920015308,0.00022955341603816368,-0.0003059016920015308,0.00022955341603816368
318,15.9,-7.17558684570907e-05,-7.317320538735235e-05,1.4173369302616484e-06,-0.0002915854175620516,0.00021982954910496088,-0.0002915854175620516,0.00021982954910496088
319,15.950000000000001,-7.147404513663247e-05,-7.197508714306154e-05,5.010420064290705e-07,-0.0002899232816673622,0.00021844923653072974,-0.0002899232816673622,0.00021844923653072974
320,16.0,-7.167555131659675e-05,-7.117688076930941e-05,-4.986705472873407e-07,-0.00028853190639404296,0.0002168563550774462,-0.00028853190639404296,0.0002168563550774462
321,16.05,-7.183904891738813e-05,-7.039303299373702e-05,-1.4460159236511096e-06,-0.00028715650673200954,0.00021531745781462142,-0.00028715650673200954,0.00021531745781462142
322,16.1,-7.196852996149694e-05,-6.962337902176236e-05,-2.34515093973458e-06,-0.00028576490540646035,0.0002137963754449634,-0.00028576490540646035,0.0002137963754449634
323,16.150000000000002,-7.256638060693099e-05,-6.918705742533478e-05,-3.379323181596213e-06,-0.00028474058931260963,0.00021217420870567864,-0.00028474058931260963,0.00021217420870567864
324,16.2,-7.226974649099382e-05,-6.847008429352187e-05,-3.799662197471955e-06,-0.0002832025675908931,0.00021093282109989927,-0.0002832025675908931,0.00021093282109989927
325,16.25,-7.253908795257225e-05,-6.820616429561206e-05,-4.332923656960187e-06,-0.0002823354813846935,0.00020979639343212124,-0.0002823354813846935,0.00020979639343212124
326,16.3,-7.193879565048356e-05,-6.744203409940816e-05,-4.496761551075394e-06,-0.0002809489668309056,0.00020901017118042203,-0.0002809489668309056,0.00020901017118042203
327,16.35,-6.547996786721022e-05,-6.668852506397176e-05,1.2085571967615418e-06,-0.00027895758262112363,0.0002134776147539134,-0.00027895758262112363,0.0002134776147539134
328,16.400000000000002,-6.578654545363882e-05,-6.595043455286776e-05,1.6388909922893753e-07,-0.0002776114960627598,0.00021182495060912098,-0.0002776114960627598,0.00021182495060912098
329,16.45,-6.646094204731945e-05,-6.547212543688306e-05,-9.888166104363876e-07,-0.00027635164558966006,0.0002098907035423406,-0.00027635164558966006,0.0002098907035423406
330,16.5,-6.715556872793904e-05,-6.493428308226265e-05,-2.2212856456763877e-06,-0.0002752206253544136,0.00020806505662647457,-0.0002752206253544136,0.00020806505662647457
331,16.55,-6.730072094973671e-05,-6.416253854119154e-05,-3.1381824085451737e-06,-0.00027372847250448833,0.0002064277515547516,-0.00027372847250448833,0.0002064277515547516
332,16.6,-6.548802866701564e-05,-6.339621973305684e-05,-2.0918089339588033e-06,-0.0002715677934997768,0.00020607976483276116,-0.0002715677934997768,0.00020607976483276116
333,16.650000000000002,-6.445870616644811e-05,-6.414487739317232e-05,-3.1382877327579175e-07,-0.00027173782393409226,0.00020727911776764415,-0.00027173782393409226,0.00020727911776764415
334,16.7,-6.389105028015152e-05,-6.336952184305834e-05,-5.215284370931733e-07,-0.00027025696291121265,0.00020636591263106113,-0.00027025696291121265,0.00020636591263106113
335,16.75,-6.035360256184674e-05,-5.9507351511923225e-05,-8.462510499235171e-07,-0.0002605682787328901,0.00020021467617104336,-0.0002605682787328901,0.00020021467617104336
336,16.8,-6.028070093999638e-05,-5.884301447980799e-05,-1.4376864601883888e-06,-0.00025948199273459786,0.00019920129179460148,-0.00025948199273459786,0.00019920129179460148
337,16.85,-5.733042495514873e-05,-5.58890440134462e-05,-1.441380941702528e-06,-0.0002559850687319314,0.00019865464377678268,-0.0002559850687319314,0.00019865464377678268
338,16.900000000000002,-5.762858597724296e-05,-5.554243053972137e-05,-2.0861554375215915e-06,-0.00025366256257811917,0.0001960339766008762,-0.00025366256257811917,0.0001960339766008762
339,16.95,-5.696681605038556e-05,-5.498964640606894e-05,-1.9771696443166183e-06,-0.00025255286699189626,0.0001955860509415107,-0.00025255286699189626,0.0001955860509415107
340,17.0,-5.4783300730720796e-05,-5.4400225267877934e-05,-3.830754628428629e-07,-0.0002514081681538993,0.00019662486742317849,-0.0002514081681538993,0.00019662486742317849
341,17.05,-5.1987699577926705e-05,-5.384964895130469e-05,1.8619493733779819e-06,-0.0002503039149256283,0.00019831621534770162,-0.0002503039149256283,0.00019831621534770162
342,17.1,-5.211968473828321e-05,-5.326865044915336e-05,1.1489657108701475e-06,-0.00024917080886210897,0.00019705112412382575,-0.00024917080886210897,0.00019705112412382575
343,17.150000000000002,-5.1999576787808977e-05,-5.2597893327476105e-05,5.98316539667128e-07,-0.00024794948354961953,0.00019594990676181055,-0.00024794948354961953,0.00019594990676181055
344,17.2,-5.2099137101579984e-05,-5.203836475982949e-05,-6.07723417504939e-08,-0.00024684089757217903,0.00019474176047059905,-0.00024684089757217903,0.00019474176047059905
345,17.25,-5.208423683322749e-05,-5.150571524438512e-05,-5.785215888423755e-07,-0.0002457606741742353,0.0001936764373410078,-0.0002457606741742353,0.0001936764373410078
346,17.3,-5.233341961430327e-05,-5.1260572537226376e-05,-1.0728470770768908e-06,-0.0002449946564998853,0.000192661236885582,-0.0002449946564998853,0.000192661236885582
347,17.35,-5.204125611490973e-05,-5.0846759456241805e-05,-1.1944966586679233e-06,-0.00024397796630933733,0.0001919367101944276,-0.00024397796630933733,0.0001919367101944276
348,17.400000000000002,-5.172672376052567e-05,-5.027298834647351e-05,-1.4537354140521595e-06,-0.000242829215486851,0.00019110249172632534,-0.000242829215486851,0.00019110249172632534
349,17.45,-5.09845175882262e-05,-4.9707892332817124e-05,-1.2766252554090725e-06,-0.00024169089887710466,0.00019070638128887847,-0.00024169089887710466,0.00019070638128887847
350,17.5,-4.998271488165784e-05,-4.816980121668953e-05,-1.8129136649683108e-06,-0.0002369527830608126,0.00018697006817915477,-0.0002369527830608126,0.00018697006817915477
351,17.55,-4.890361805598431e-05,-4.780452087668571e-05,-1.0990971792986022e-06,-0.00023602325846669764,0.00018711964041071333,-0.00023602325846669764,0.00018711964041071333
352,17.6,-4.8991640813067505e-05,-4.734046714739911e-05,-1.6511736656683954e-06,-0.00023499769542688315,0.00018600605461381565,-0.00023499769542688315,0.00018600605461381565
353,17.650000000000002,-4.9080362863662685e-05,-4.690959712869356e-05,-2.170765734969127e-06,-0.00023400763524760267,0.00018492727238394,-0.00023400763524760267,0.00018492727238394
354,17.7,-4.952845865680011e-05,-4.7175474784537553e-05,-2.3529838722625583e-06,-0.00023078064297852842,0.0001812521843217283,-0.00023078064297852842,0.0001812521843217283
355,17.75,-5.0372896295725056e-05,-4.750228230285943e-05,-2.8706139928656287e-06,-0.00023065010814765521,0.00018027721185193016,-0.00023065010814765521,0.00018027721185193016
356,17.8,-4.9104357916940344e-05,-4.703367395876911e-05,-2.0706839581712328e-06,-0.00022971875656413985,0.0001806143986471995,-0.00022971875656413985,0.0001806143986471995
357,17.85,-4.491055053557069e-05,-4.656859347773569e-05,1.658042942164998e-06,-0.000228792291655326,0.0001838817411197553,-0.000228792291655326,0.0001838817411197553
358,17.900000000000002,-4.633984502699917e-05,-4.762937050695471e-05,1.289525479955536e-06,-0.0002293930237367051,0.00018305317870970594,-0.0002293930237367051,0.00018305317870970594
359,17.95,-4.569694228440113e-05,-4.628051295510395e-05,5.835706707028158e-07,-0.00022756454234287114,0.00018186760005847,-0.00022756454234287114,0.00018186760005847
360,18.0,-4.664078945970651e-05,-4.692767963998536e-05,2.8689018027885184e-07,-0.00022673468245804844,0.00018009389299834192,-0.00022673468245804844,0.00018009389299834192
361,18.05,-4.608050995735802e-05,-4.56109837425804e-05,-4.6952621477761513e-07,-0.00022496028051003018,0.00017887977055267216,-0.00022496028051003018,0.00017887977055267216
362,18.1,-4.614984757456142e-05,-4.515256645352677e-05,-9.972811210346515e-07,-0.00022406141915838054,0.00017791157158381912,-0.00022406141915838054,0.00017791157158381912
363,18.150000000000002,-4.529107481410222e-05,-4.449780893059892e-05,-7.932658835032948e-07,-0.00022296728687475146,0.00017767621206064924,-0.00022296728687475146,0.00017767621206064924
364,18.2,-4.504448624320645e-05,-4.367979838441617e-05,-1.3646878587902814e-06,-0.00022169455294261063,0.00017665006669940418,-0.00022169455294261063,0.00017665006669940418
365,18.25,-4.387481411449734e-05,-4.271049494287145e-05,-1.1643191716258873e-06,-0.000216215870968113,0.00017234105685361566,-0.000216215870968113,0.00017234105685361566
366,18.3,-4.3908719181029454e-05,-4.1881363690193597e-05,-2.0273554908358576e-06,-0.00021495395133039723,0.00017104523214936778,-0.00021495395133039723,0.00017104523214936778
367,18.35,-4.429460730848156e-05,-4.221058382062448e-05,-2.0840234878570813e-06,-0.00021486854386930013,0.00017057393656081857,-0.00021486854386930013,0.00017057393656081857
368,18.400000000000002,-4.3922838897092475e-05,-4.1004331149101165e-05,-2.918507747991311e-06,-0.00021544137032602982,0.00017151853142893735,-0.00021544137032602982,0.00017151853142893735
369,18.45,-4.372720170997546e-05,-4.1098747988317564e-05,-2.628453721657897e-06,-0.00021511784823694032,0.00017139064652696486,-0.00021511784823694032,0.00017139064652696486
370,18.5,-4.406508758547645e-05,-4.13746540305982e-05,-2.690433554878247e-06,-0.00021497512686991516,0.00017091003928443871,-0.00021497512686991516,0.00017091003928443871
371,18.55,-4.3715810738698124e-05,-4.025436509319817e-05,-3.4614456454999535e-06,-0.0002134221752971306,0.00016970636455843248,-0.0002134221752971306,0.00016970636455843248
372,18.6,-4.264828141087307e-05,-3.9709941947961805e-05,-2.938339462911263e-06,-0.0002124630812372798,0.00016981479982640672,-0.0002124630812372798,0.00016981479982640672
373,18.650000000000002,-4.068319389061159e-05,-3.9965777855325576e-05,-7.17416035286015e-07,-0.0002123123833015566,0.000171629189410945,-0.0002123123833015566,0.000171629189410945
374,18.7,-4.0355052990603824e-05,-3.947561501464138e-05,-8.794379759624461e-07,-0.00021210011979809384,0.00017174506680749002,-0.00021210011979809384,0.00017174506680749002
375,18.75,-3.9639249480805105e-05,-3.839033264369254e-05,-1.248916837112563e-06,-0.00020989171934617432,0.0001702524698653692,-0.00020989171934617432,0.0001702524698653692
376,18.8,-3.911312059345917e-05,-3.7753824198415215e-05,-1.3592963950439572e-06,-0.0002094565777118913,0.00017034345711843213,-0.0002094565777118913,0.00017034345711843213
377,18.85,-3.726341945253786e-05,-3.821868936926831e-05,9.55269916730453e-07,-0.00020872570937551887,0.00017146228992298101,-0.00020872570937551887,0.00017146228992298101
378,18.900000000000002,-3.639292209345335e-05,-3.632985382475115e-05,-6.306826870219705e-08,-0.00020540202152854783,0.00016900909943509448,-0.00020540202152854783,0.00016900909943509448
379,18.95,-3.61123511991579e-05,-3.594378969811023e-05,-1.6856150104766632e-07,-0.00020387724877933647,0.00016776489758017857,-0.00020387724877933647,0.00016776489758017857
380,19.0,-3.582084546449593e-05,-3.544654220132131e-05,-3.743032631746231e-07,-0.0002036575160037304,0.00016783667053923447,-0.0002036575160037304,0.00016783667053923447
381,19.05,-3.549015826287416e-05,-3.5074708764860614e-05,-4.1544949801354666e-07,-0.00020214677772332584,0.00016665661946045168,-0.00020214677772332584,0.00016665661946045168
382,19.1,-3.450486442280187e-05,-3.461526502698271e-05,1.1040060418083381e-07,-0.00019889905122924,0.00016439418680643813,-0.00019889905122924,0.00016439418680643813
383,19.150000000000002,-3.389705901013507e-05,-3.3238431198410334e-05,-6.586278117247325e-07,-0.00019794231363552616,0.0001640452546253911,-0.00019794231363552616,0.0001640452546253911
384,19.200000000000003,-3.359403275848827e-05,-3.258856176729131e-05,-1.0054709911969592e-06,-0.0001962174199859076,0.00016262338722741932,-0.0001962174199859076,0.00016262338722741932
385,19.25,-3.331153198615766e-05,-3.1700755512179434e-05,-1.610776473978227e-06,-0.00019491902356539721,0.00016160749157923955,-0.00019491902356539721,0.00016160749157923955
386,19.3,-3.3782651704949984e-05,-3.2375899212589474e-05,-1.4067524923605098e-06,-0.00019596452732895234,0.00016218187562400235,-0.00019596452732895234,0.00016218187562400235
387,19.35,-3.321858738036809e-05,-3.10057320066395e-05,-2.2128553737285926e-06,-0.00019350160520191398,0.00016028301782154588,-0.00019350160520191398,0.00016028301782154588
388,19.400000000000002,-3.285059157476233e-05,-3.1158595719961745e-05,-1.691995854800588e-06,-0.00019331419780506024,0.0001604636062302979,-0.00019331419780506024,0.0001604636062302979
389,19.450000000000003,-3.320327370159859e-05,-3.1230103930480905e-05,-1.9731697711176856e-06,-0.00019374280160809056,0.00016053952790649197,-0.00019374280160809056,0.00016053952790649197
390,19.5,-3.30128362977522e-05,-3.087861746878633e-05,-2.13421882896587e-06,-0.00019231045919796726,0.00015929762290021505,-0.00019231045919796726,0.00015929762290021505
391,19.55,-3.2853429752677243e-05,-3.0066051458800725e-05,-2.7873782938765187e-06,-0.0001911404591772423,0.00015828702942456506,-0.0001911404591772423,0.00015828702942456506
392,19.6,-3.287640325688734e-05,-3.0172445231906033e-05,-2.7039580249813106e-06,-0.00019090692079008528,0.00015803051753319794,-0.00019090692079008528,0.00015803051753319794
393,19.650000000000002,-3.238121063775523e-05,-2.9861717328415306e-05,-2.519493309339925e-06,-0.00019096774984444546,0.00015858653920669023,-0.00019096774984444546,0.00015858653920669023
394,19.700000000000003,-3.102588872061496e-05,-2.9480398515058588e-05,-1.54549020555637e-06,-0.00018951108840895475,0.0001584851996883398,-0.00018951108840895475,0.0001584851996883398
395,19.75,-3.068565638941756e-05,-2.9171277282240645e-05,-1.5143791071769147e-06,-0.00018957850816282506,0.0001588928517734075,-0.00018957850816282506,0.0001588928517734075
396,19.8,-3.018973183577245e-05,-2.9272565382959092e-05,-9.171664528133568e-07,-0.00018932899139764695,0.0001591392595618745,-0.00018932899139764695,0.0001591392595618745
397,19.85,-2.9691402942955136e-05,-2.8494237177743732e-05,-1.1971657652114046e-06,-0.00018745880600410734,0.0001577674030611522,-0.00018745880600410734,0.0001577674030611522
398,19.900000000000002,-2.9852610594849338e-05,-2.926592321060116e-05,-5.866873842481788e-07,-0.00018861392732486554,0.0001587613167300162,-0.00018861392732486554,0.0001587613167300162
399,19.950000000000003,-2.967619861782289e-05,-2.887624394214968e-05,-7.999546756732116e-07,-0.00018714736774216905,0.00015747116912434616,-0.00018714736774216905,0.00015747116912434616
400,20.0,-2.8877833452067847e-05,-2.856609473693605e-05,-3.1173871513179733e-07,-0.00018708418155010244,0.0001582063480980346,-0.00018708418155010244,0.0001582063480980346
401,20.05,-2.8810081952546085e-05,-2.819216400982192e-05,-6.179179427241663e-07,-0.00018562800110920603,0.00015681791915665995,-0.00018562800110920603,0.00015681791915665995
402,20.1,-2.7821432899699516e-05,-2.825889357138933e-05,4.3746067168981326e-07,-0.0001860829414720196,0.0001582615085723201,-0.0001860829414720196,0.0001582615085723201
403,20.150000000000002,-2.4850675377940945e-05,-2.589524152715575e-05,1.044566149214805e-06,-0.0001772208675897615,0.00015237019221182055,-0.0001772208675897615,0.00015237019221182055
404,20.200000000000003,-2.529230188796916e-05,-2.601336035334734e-05,7.210584653781809e-07,-0.0001770911062049484,0.00015179880431697923,-0.0001770911062049484,0.00015179880431697923
405,20.25,-2.5454105278877037e-05,-2.613124208204053e-05,6.771368031634939e-07,-0.0001776828765511048,0.00015222877127222777,-0.0001776828765511048,0.00015222877127222777
406,20.3,-2.4686305877041903e-05,-2.511537256903897e-05,4.290666919970673e-07,-0.00017564973077774536,0.00015096342490070346,-0.00017564973077774536,0.00015096342490070346
407,20.35,-2.4626191160281863e-05,-2.5581613858656792e-05,9.554226983749291e-07,-0.00017660868704774864,0.00015198249588746677,-0.00017660868704774864,0.00015198249588746677
408,20.400000000000002,-2.4427420152628443e-05,-2.51398795809311e-05,7.124594283026586e-07,-0.0001751502342674219,0.00015072281411479345,-0.0001751502342674219,0.00015072281411479345
409,20.450000000000003,-2.4167338119829296e-05,-2.4572617261376464e-05,4.052791415471678e-07,-0.00017432713875149234,0.00015015980063166304,-0.00017432713875149234,0.00015015980063166304
410,20.5,-2.4534302994538848e-05,-2.5014288213216932e-05,4.799852186780838e-07,-0.00017526800099335908,0.00015073369799882024,-0.00017526800099335908,0.00015073369799882024
411,20.55,-2.434277125273887e-05,-2.4425618739753265e-05,8.284748701439392e-08,-0.00017366331199880107,0.0001493205407460622,-0.00017366331199880107,0.0001493205407460622
412,20.6,-2.430451610213602e-05,-2.418344144597997e-05,-1.2107465615605138e-07,-0.00017316902854022236,0.00014886451243808634,-0.00017316902854022236,0.00014886451243808634
413,20.650000000000002,-2.2568304330672362e-05,-2.2733626846647893e-05,1.6532251597553078e-07,-0.0001722105497890261,0.00014964224545835374,-0.0001722105497890261,0.00014964224545835374
414,20.700000000000003,-2.2534369099824758e-05,-2.2434091953496947e-05,-1.0027714632781151e-07,-0.00017086469284962246,0.0001483303237497977,-0.00017086469284962246,0.0001483303237497977
415,20.75,-2.2485247498371663e-05,-2.2151609887744472e-05,-3.3363761062719097e-07,-0.00017028891314572415,0.00014780366564735249,-0.00017028891314572415,0.00014780366564735249
416,20.8,-2.2517312420200497e-05,-2.21947433752234e-05,-3.225690449770983e-07,-0.00017078506813798127,0.00014826775571778078,-0.00017078506813798127,0.00014826775571778078
417,20.85,-2.1663480414435554e-05,-2.1345520134696662e-05,-3.17960279738892e-07,-0.00016851097952871486,0.0001468474991142793,-0.00016851097952871486,0.0001468474991142793
418,20.900000000000002,-2.1659134286533543e-05,-2.1361505788847167e-05,-2.976284976863769e-07,-0.0001682441067133385,0.00014658497242680496,-0.0001682441067133385,0.00014658497242680496
419,20.950000000000003,-2.1637333425195138e-05,-2.1221017854125864e-05,-4.163155710692733e-07,-0.0001678085233106421,0.00014617118988544697,-0.0001678085233106421,0.00014617118988544697
420,21.0,-2.1865745768234746e-05,-2.1474579622809565e-05,-3.911661454251801e-07,-0.00016853323948691655,0.0001466674937186818,-0.00016853323948691655,0.0001466674937186818
421,21.05,-2.0461677094241182e-05,-1.9715574511874448e-05,-7.461025823667337e-07,-0.00016572633060482782,0.00014526465351058664,-0.00016572633060482782,0.00014526465351058664
422,21.1,-2.242607307545441e-05,-2.1239216310480156e-05,-1.1868567649742555e-06,-0.0001669893870965316,0.00014456331402107719,-0.0001669893870965316,0.00014456331402107719
423,21.150000000000002,-2.1966317020671866e-05,-2.0993335932555547e-05,-9.729810881163195e-07,-0.00016653796253960268,0.0001445716455189308,-0.00016653796253960268,0.0001445716455189308
424,21.200000000000003,-2.198336503256293e-05,-2.1030008349534314e-05,-9.53356683028615e-07,-0.00016712256682729394,0.000145139201794731,-0.00016712256682729394,0.000145139201794731
425,21.25,-2.0069273728218207e-05,-1.890415267209871e-05,-1.165121056119498e-06,-0.00016401600474735944,0.00014394673101914124,-0.00016401600474735944,0.00014394673101914124
426,21.3,-2.202981179522112e-05,-2.0525561828762655e-05,-1.504249966458466e-06,-0.00016255473842627401,0.0001405249266310529,-0.00016255473842627401,0.0001405249266310529
427,21.35,-2.124614028642391e-05,-2.0279316987033146e-05,-9.668232993907631e-07,-0.00016217424060511492,0.000140928100318691,-0.00016217424060511492,0.000140928100318691
428,21.400000000000002,-2.0765561928648424e-05,-1.9949614852409876e-05,-8.159470762385475e-07,-0.00016170938391224816,0.00014094382198359974,-0.00016170938391224816,0.00014094382198359974
429,21.450000000000003,-2.1362304260419407e-05,-1.9897417569327256e-05,-1.4648866910921507e-06,-0.00016151071959229378,0.00014014841533187438,-0.00016151071959229378,0.00014014841533187438
430,21.5,-2.1193690915133345e-05,-1.9856797998714533e-05,-1.336892916418812e-06,-0.00016206966152894708,0.00014087597061381374,-0.00016206966152894708,0.00014087597061381374
431,21.55,-1.941512951519897e-05,-1.960764575166353e-05,1.925162364645606e-07,-0.00016090141144824431,0.00014148628193304534,-0.00016090141144824431,0.00014148628193304534
432,21.6,-1.9102977256046927e-05,-1.9320005141796034e-05,2.170278857491075e-07,-0.0001604506851147195,0.00014134770785867258,-0.0001604506851147195,0.00014134770785867258
433,21.650000000000002,-1.786668389924806e-05,-1.8634909500921954e-05,7.682256016738949e-07,-0.00015602005183644905,0.000138153367937201,-0.00015602005183644905,0.000138153367937201
434,21.700000000000003,-1.6606301885380148e-05,-1.658316430016684e-05,-2.313758521330927e-08,-0.00015311827969890943,0.00013651197781352928,-0.00015311827969890943,0.00013651197781352928
435,21.75,-1.6340023534233694e-05,-1.6552659798494015e-05,2.126362642603209e-07,-0.00015373805938197714,0.00013739803584774345,-0.00015373805938197714,0.00013739803584774345
436,21.8,-1.606044677693319e-05,-1.632586663395057e-05,2.654198570173798e-07,-0.0001533735236591244,0.0001373130768821912,-0.0001533735236591244,0.0001373130768821912
437,21.85,-1.5763159811665872e-05,-1.5900875621209583e-05,1.377158095437109e-07,-0.00015204321426829487,0.000136280054456629,-0.00015204321426829487,0.000136280054456629
438,21.900000000000002,-1.551775038022285e-05,-1.5773155496018767e-05,2.554051157959172e-07,-0.0001525677722107964,0.00013705002183057356,-0.0001525677722107964,0.00013705002183057356
439,21.950000000000003,-1.5340298944233055e-05,-1.5473854593360967e-05,1.3355564912791238e-07,-0.0001513582349686602,0.00013601793602442715,-0.0001513582349686602,0.00013601793602442715
440,22.0,-1.547343862506878e-05,-1.5100259850394888e-05,-3.7317877467389217e-07,-0.00015007533541112325,0.00013460189678605447,-0.00015007533541112325,0.00013460189678605447
441,22.05,-1.5289914981675423e-05,-1.5113924512175572e-05,-1.7599046949985165e-07,-0.0001507445349033438,0.00013545461992166838,-0.0001507445349033438,0.00013545461992166838
442,22.1,-1.5258880406321396e-05,-1.4928099530701714e-05,-3.307808756196813e-07,-0.00015041950185279266,0.00013516062144647127,-0.00015041950185279266,0.00013516062144647127
443,22.150000000000002,-1.538591918426313e-05,-1.459439450290501e-05,-7.915246813581205e-07,-0.00014917296615751197,0.00013378704697324884,-0.00014917296615751197,0.00013378704697324884
444,22.200000000000003,-1.5322908752501974e-05,-1.4619593380357527e-05,-7.03315372144447e-07,-0.00014985676899384557,0.0001345338602413436,-0.00014985676899384557,0.0001345338602413436
445,22.25,-1.473681281893846e-05,-1.4056062157453425e-05,-6.807506614850356e-07,-0.000149166205586262,0.00013442939276732353,-0.000149166205586262,0.00013442939276732353
446,22.3,-1.4863484415705841e-05,-1.3758338674411741e-05,-1.1051457412940996e-06,-0.000147942524680775,0.00013307904026506917,-0.000147942524680775,0.00013307904026506917
447,22.35,-1.4645543442881603e-05,-1.3739655351611767e-05,-9.058880912698361e-07,-0.00014857553977483783,0.00013392999633195623,-0.00014857553977483783,0.00013392999633195623
448,22.400000000000002,-1.4546072180321445e-05,-1.3457381373476971e-05,-1.0886908068444742e-06,-0.0001473659319331454,0.00013281985975282395,-0.0001473659319331454,0.00013281985975282395
449,22.450000000000003,-1.4030304666290405e-05,-1.3393245035225943e-05,-6.370596310644626e-07,-0.00014795583844002248,0.00013392553377373207,-0.00014795583844002248,0.00013392553377373207
450,22.5,-1.3970638440552463e-05,-1.3192171090899345e-05,-7.784673496531178e-07,-0.0001476063409039046,0.00013363570246335214,-0.0001476063409039046,0.00013363570246335214
451,22.55,-1.4068256787513889e-05,-1.289689058827628e-05,-1.1713661992376082e-06,-0.00014638168054616077,0.00013231342375864688,-0.00014638168054616077,0.00013231342375864688
452,22.6,-1.4115010775972436e-05,-1.3065714466342172e-05,-1.049296309630264e-06,-0.00014720824263484965,0.0001330932318588772,-0.00014720824263484965,0.0001330932318588772
453,22.650000000000002,-1.4052871530445543e-05,-1.2797098393535918e-05,-1.2557731369096252e-06,-0.00014600896253742033,0.0001319560910069748,-0.00014600896253742033,0.0001319560910069748
454,22.700000000000003,-1.3895596847390834e-05,-1.2697703849779387e-05,-1.1978929976114467e-06,-0.00014656948711317064,0.0001326738902657798,-0.00014656948711317064,0.0001326738902657798
455,22.75,-1.3751487034863175e-05,-1.240282686585391e-05,-1.348660169009265e-06,-0.00014534272408777636,0.00013159123705291318,-0.00014534272408777636,0.00013159123705291318
456,22.8,-1.3379193903872988e-05,-1.2304612201002835e-05,-1.0745817028701533e-06,-0.0001459066446304177,0.00013252745072654472,-0.0001459066446304177,0.00013252745072654472
457,22.85,-1.2227443526136028e-05,-1.2020770808177023e-05,-2.0667271795900487e-07,-0.000144689753636152,0.00013246231011001597,-0.000144689753636152,0.00013246231011001597
458,22.900000000000002,-1.0928822079092626e-05,-1.2032958249396993e-05,1.1041361703043667e-06,-0.00014536616999773338,0.00013443734791864076,-0.00014536616999773338,0.00013443734791864076
459,22.950000000000003,-1.1623935762816728e-05,-1.2502878585996895e-05,8.789428231801666e-07,-0.00014490193220011356,0.00013327799643729683,-0.00014490193220011356,0.00013327799643729683
460,23.0,-1.1135426207786736e-05,-1.1530944967655393e-05,3.955187598686567e-07,-0.00014459635952311796,0.00013346093331533123,-0.00014459635952311796,0.00013346093331533123
461,23.05,-1.5612801559372613e-05,-1.6069078865203256e-05,4.5627730583064235e-07,-0.00014819927857079418,0.00013258647701142157,-0.00014819927857079418,0.00013258647701142157
462,23.1,-1.3482615968785083e-05,-1.3666161082266635e-05,1.8354511348155145e-07,-0.0001464993163275071,0.00013301670035872201,-0.0001464993163275071,0.00013301670035872201
463,23.150000000000002,-1.355790374746313e-05,-1.3486217345219748e-05,-7.168640224338147e-08,-0.00014538298565196082,0.0001318250819044977,-0.00014538298565196082,0.0001318250819044977
464,23.200000000000003,-1.3590170239607957e-05,-1.343622561434078e-05,-1.539446252671778e-07,-0.0001460032606575227,0.00013241309041791475,-0.0001460032606575227,0.00013241309041791475
465,23.25,-1.336248841932175e-05,-1.327045944443206e-05,-9.20289748896891e-08,-0.00014490015292589704,0.0001315376645065753,-0.00014490015292589704,0.0001315376645065753
466,23.3,-1.2974159658396545e-05,-1.321070311847994e-05,2.3654346008339535e-07,-0.0001455126072693458,0.00013253844761094925,-0.0001455126072693458,0.00013253844761094925
467,23.35,-1.3044860601274522e-05,-1.3062786175822137e-05,1.7925574547615364e-08,-0.00014442637004088852,0.000131381509439614,-0.00014442637004088852,0.000131381509439614
468,23.400000000000002,-1.2956177584122486e-05,-1.2943680877625109e-05,-1.2496706497376901e-08,-0.00014498129634931146,0.00013202511876518898,-0.00014498129634931146,0.00013202511876518898
469,23.450000000000003,-1.2870006138809842e-05,-1.2573458475411305e-05,-2.965476633985369e-07,-0.00014237264422070137,0.00012950263808189153,-0.00014237264422070137,0.00012950263808189153
470,23.5,-1.286361527075286e-05,-1.2493309373994688e-05,-3.7030589675817144e-07,-0.0001429677348935793,0.00013010411962282643,-0.0001429677348935793,0.00013010411962282643
471,23.55,-1.2945898607785722e-05,-1.2384223847544681e-05,-5.61674760241041e-07,-0.00014191841614568304,0.00012897251753789731,-0.00014191841614568304,0.00012897251753789731
472,23.6,-1.2931900677859431e-05,-1.2297999788118525e-05,-6.339008897409066e-07,-0.00014251040080339684,0.0001295785001255374,-0.00014251040080339684,0.0001295785001255374
473,23.650000000000002,-1.1551627210781845e-05,-1.078249271253731e-05,-7.691344982445346e-07,-0.00014005496592718765,0.0001285033387164058,-0.00014005496592718765,0.0001285033387164058
474,23.700000000000003,-1.1027974684996167e-05,-1.0673524303088896e-05,-3.544503819072706e-07,-0.0001406077703112165,0.00012957979562622034,-0.0001406077703112165,0.00012957979562622034
475,23.75,-1.0429078597606889e-05,-1.059031202120799e-05,1.6123342360110037e-07,-0.00013956567606963316,0.00012913659747202627,-0.00013956567606963316,0.00012913659747202627
476,23.8,-1.0337840155916211e-05,-1.0471325598439603e-05,1.3348544252339182e-07,-0.00014011155969095962,0.0001297737195350434,-0.00014011155969095962,0.0001297737195350434
477,23.85,-1.0257383732614755e-05,-1.0147113698350705e-05,-1.1027003426405062e-07,-0.00014042609895602274,0.00013016871522340798,-0.00014042609895602274,0.00013016871522340798
478,23.900000000000002,-1.0201849802937701e-05,-1.0020816629725335e-05,-1.8103317321236683e-07,-0.00014091655433082114,0.00013071470452788344,-0.00014091655433082114,0.00013071470452788344
479,23.950000000000003,-9.990831815187562e-06,-9.917269069226164e-06,-7.356274596139794e-08,-0.00014065534970363194,0.00013066451788844438,-0.00014065534970363194,0.00013066451788844438
480,24.0,-8.95134339162773e-06,-9.505772296264101e-06,5.544289046363707e-07,-0.0001400864924905592,0.00013113514909893147,-0.0001400864924905592,0.00013113514909893147
481,24.05,-8.828671091976048e-06,-9.408188847261842e-06,5.795177552857943e-07,-0.00013983417473328327,0.00013100550364130722,-0.00013983417473328327,0.00013100550364130722
482,24.1,-8.878790553445981e-06,-9.322478873783153e-06,4.436883203371721e-07,-0.00013959463978797075,0.00013071584923452477,-0.00013959463978797075,0.00013071584923452477
483,24.150000000000002,-8.921876127221395e-06,-9.231086459441745e-06,3.0921033222034984e-07,-0.00013935035659661552,0.00013042848046939412,-0.00013935035659661552,0.00013042848046939412
484,24.200000000000003,-8.965443009545382e-06,-9.143462100204408e-06,1.780190906590266e-07,-0.00013911076115980092,0.00013014531815025554,-0.00013911076115980092,0.00013014531815025554
485,24.25,-9.539415856574252e-06,-9.551735411761543e-06,1.2319555187291446e-08,-0.00013681024870995483,0.00012727083285338057,-0.00013681024870995483,0.00012727083285338057
486,24.3,-9.579778885937529e-06,-9.495302412205954e-06,-8.447647373157504e-08,-0.0001366367554516165,0.00012705697656567897,-0.0001366367554516165,0.00012705697656567897
487,24.35,-8.724273908189417e-06,-8.532536339434485e-06,-1.9173756875493263e-07,-0.00013558449441771403,0.0001268602205095246,-0.00013558449441771403,0.0001268602205095246
488,24.400000000000002,-8.69936168013119e-06,-8.47219418319695e-06,-2.2716749693424003e-07,-0.0001354268383806684,0.0001267274767005372,-0.0001354268383806684,0.0001267274767005372
489,24.450000000000003,-7.92883178024617e-06,-7.937441816858957e-06,8.610036612786615e-09,-0.00013479536545971598,0.0001268665336794698,-0.00013479536545971598,0.0001268665336794698
490,24.5,-7.914437361478122e-06,-7.86698383119282e-06,-4.745353028530077e-08,-0.00013462869220092987,0.00012671425483945175,-0.00013462869220092987,0.00012671425483945175
491,24.55,-8.062951586618183e-06,-7.976887008633682e-06,-8.606457798450094e-08,-0.00013263451657368266,0.00012457156498706448,-0.00013263451657368266,0.00012457156498706448
492,24.6,-8.005756797935248e-06,-7.865914861634662e-06,-1.3984193630058615e-07,-0.00013244029426938634,0.0001244345374714511,-0.00013244029426938634,0.0001244345374714511
493,24.650000000000002,-7.91772335007046e-06,-7.7985637583063e-06,-1.1915959176416106e-07,-0.0001322899633063538,0.00012437223995628334,-0.0001322899633063538,0.00012437223995628334
494,24.700000000000003,-8.494599034625239e-06,-8.285468350951767e-06,-2.091306836734715e-07,-0.00013269276277813298,0.00012419816374350775,-0.00013269276277813298,0.00012419816374350775
495,24.75,-7.864664596013426e-06,-7.664460111637216e-06,-2.002044843762105e-07,-0.0001319878854484368,0.00012412322085242336,-0.0001319878854484368,0.00012412322085242336
496,24.8,-7.469217864208844e-06,-7.607299696182407e-06,1.38081831973563e-07,-0.00013184661420492162,0.00012437739634071278,-0.00013184661420492162,0.00012437739634071278
497,24.85,-7.530566076940914e-06,-7.6095502463496545e-06,7.898416940874006e-08,-0.00013176502660017386,0.00012423446052323294,-0.00013176502660017386,0.00012423446052323294
498,24.900000000000002,-7.499929584486864e-06,-7.536207662526311e-06,3.627807803944661e-08,-0.0001316080385323476,0.00012410810894786074,-0.0001316080385323476,0.00012410810894786074
499,24.950000000000003,-8.056728723282447e-06,-8.019386246842279e-06,-3.7342476440168265e-08,-0.00013200780009655757,0.00012395107137327512,-0.00013200780009655757,0.00012395107137327512
500,25.0,-7.409774566813354e-06,-7.3761143185581795e-06,-3.36602482551746e-08,-0.0001312813368879739,0.00012387156232116054,-0.0001312813368879739,0.00012387156232116054
501,25.05,-7.39641412339509e-06,-7.317035477065918e-06,-7.937864632917169e-08,-0.00013113932838100932,0.00012374291425761423,-0.00013113932838100932,0.00012374291425761423
502,25.1,-7.384974576751802e-06,-7.259802137520588e-06,-1.2517243923121348e-07,-0.00013099934729785196,0.00012361437272110016,-0.00013099934729785196,0.00012361437272110016
503,25.150000000000002,-7.374037089613594e-06,-7.202999120383492e-06,-1.7103796923010213e-07,-0.00013086001444862015,0.00012348597735900655,-0.00013086001444862015,0.00012348597735900655
504,25.200000000000003,-8.069021256496e-06,-7.80312725950842e-06,-2.658939969875804e-07,-0.00013137782816490873,0.00012330880690841273,-0.00013137782816490873,0.00012330880690841273
505,25.25,-7.361482192047575e-06,-7.102548113394051e-06,-2.5893407865352353e-07,-0.00013059518606142013,0.00012323370386937255,-0.00013059518606142013,0.00012323370386937255
506,25.3,-7.351944777411745e-06,-7.046830354276821e-06,-3.0511442313492405e-07,-0.00013045757738766185,0.0001231056326102501,-0.00013045757738766185,0.0001231056326102501
507,25.35,-7.342992391246028e-06,-6.991479780110437e-06,-3.515126111355914e-07,-0.00013032054409694313,0.0001229775517056971,-0.00013032054409694313,0.0001229775517056971
508,25.400000000000002,-7.060228870203744e-06,-6.936496242761293e-06,-1.237326274424511e-07,-0.00013018408373054202,0.00012312385486033827,-0.00013018408373054202,0.00012312385486033827
509,25.450000000000003,-7.746892938254035e-06,-7.598843175730156e-06,-1.4804976252387886e-07,-0.00013076515745560506,0.00012301826451735102,-0.00013076515745560506,0.00012301826451735102
510,25.5,-6.54388971899067e-06,-6.840549893945796e-06,2.96660174955126e-07,-0.00012992583083822857,0.0001233819411192379,-0.00012992583083822857,0.0001233819411192379
511,25.55,-6.663256408856455e-06,-6.689198973135217e-06,2.5942564278761788e-08,-0.00012797126532995405,0.0001213080089210976,-0.00012797126532995405,0.0001213080089210976
512,25.6,-6.651134055957186e-06,-6.628493206090835e-06,-2.2640849866351074e-08,-0.00012783621022400277,0.00012118507616804558,-0.00012783621022400277,0.00012118507616804558
513,25.650000000000002,-7.43548049930709e-06,-7.339926878381113e-06,-9.555362092597672e-08,-0.00012847394639166636,0.00012103846589235927,-0.00012847394639166636,0.00012103846589235927
514,25.700000000000003,-6.315816722501921e-06,-6.551032353336416e-06,2.3521563083449436e-07,-0.00012761202954288323,0.00012129621282038131,-0.00012761202954288323,0.00012129621282038131
515,25.75,-6.2417651069957e-06,-6.507488819849598e-06,2.657237128538976e-07,-0.00012749604730303126,0.00012125428219603556,-0.00012749604730303126,0.00012125428219603556
516,25.8,-6.2311886219745816e-06,-6.464897080696332e-06,2.337084587217508e-07,-0.00012738162467035869,0.0001211504360483841,-0.00012738162467035869,0.0001211504360483841
517,25.85,-6.992411401895993e-06,-7.222037480459672e-06,2.296260785636795e-07,-0.0001280675281383041,0.00012107511673640811,-0.0001280675281383041,0.00012107511673640811
518,25.900000000000002,-6.0859122423817524e-06,-6.396839356938069e-06,3.109271145563166e-07,-0.00012717171200075038,0.00012108579975836863,-0.00012717171200075038,0.00012108579975836863
519,25.950000000000003,-6.098476581062329e-06,-6.410725725918057e-06,3.122491448557283e-07,-0.0001271155093471173,0.00012101703276605496,-0.0001271155093471173,0.00012101703276605496
520,26.0,-6.12654852560901e-06,-6.378936332074479e-06,2.5238780646546867e-07,-0.0001270141856197559,0.00012088763709414688,-0.0001270141856197559,0.00012088763709414688
521,26.05,-6.159753337842133e-06,-6.352416027111964e-06,1.9266268926983118e-07,-0.00012691867329877817,0.00012075891996093604,-0.00012691867329877817,0.00012075891996093604
522,26.1,-6.154274363234791e-06,-6.258031824824408e-06,1.0375746158961744e-07,-0.0001266820111627875,0.0001205277367995527,-0.0001266820111627875,0.0001205277367995527
523,26.150000000000002,-6.182723087277964e-06,-6.22965723282893e-06,4.6934145550966145e-08,-0.00012658331812807186,0.0001204005950407939,-0.00012658331812807186,0.0001204005950407939
524,26.200000000000003,-7.234541991030241e-06,-7.048325750906844e-06,-1.8621624012339708e-07,-0.00012733224913095178,0.00012009770713992154,-0.00012733224913095178,0.00012009770713992154
525,26.25,-6.248726542201766e-06,-6.182223998878433e-06,-6.650254332333252e-08,-0.00012639697783492184,0.00012014825129272007,-0.00012639697783492184,0.00012014825129272007
526,26.3,-6.278094820677538e-06,-6.158203320864196e-06,-1.1989149981334145e-07,-0.00012630438331811668,0.00012002628849743915,-0.00012630438331811668,0.00012002628849743915
527,26.35,-6.225375124957466e-06,-6.137796348107165e-06,-8.757877685030154e-08,-0.0001262159092681306,0.00011999053414317313,-0.0001262159092681306,0.00011999053414317313
528,26.400000000000002,-6.260909194200082e-06,-6.119885479126476e-06,-1.410237150736052e-07,-0.0001261304625141424,0.00011986955331994231,-0.0001261304625141424,0.00011986955331994231
529,26.450000000000003,-6.120029704570484e-06,-5.9379188635515276e-06,-1.8211084101895677e-07,-0.00012588147959150938,0.0001197614498869389,-0.00012588147959150938,0.0001197614498869389
530,26.5,-6.138340884920268e-06,-5.907183103058967e-06,-2.3115778186130086e-07,-0.00012578427400798206,0.0001196459331230618,-0.00012578427400798206,0.0001196459331230618
531,26.55,-6.158822623669735e-06,-5.879035863852565e-06,-2.7978675981717015e-07,-0.0001256901160045686,0.00011953129338089887,-0.0001256901160045686,0.00011953129338089887
532,26.6,-6.180255415655367e-06,-5.852200699224604e-06,-3.2805471643076277e-07,-0.00012559775663407722,0.00011941750121842185,-0.00012559775663407722,0.00011941750121842185
533,26.650000000000002,-7.486320642735578e-06,-6.746936604075668e-06,-7.393840386599098e-07,-0.00012642744567223303,0.00011894112502949746,-0.00012642744567223303,0.00011894112502949746
534,26.700000000000003,-6.23280873490728e-06,-5.809937697020606e-06,-4.228710378866746e-07,-0.00012542587285512019,0.0001191930641202129,-0.00012542587285512019,0.0001191930641202129
535,26.75,-5.79957438784362e-06,-5.786708011251468e-06,-1.2866376592151752e-08,-0.00012533855653989315,0.00011953898215204953,-0.00012533855653989315,0.00011953898215204953
536,26.8,-5.708181005426027e-06,-5.68305727855181e-06,-2.5123726874217483e-08,-0.00012517123457941035,0.00011946305357398432,-0.00012517123457941035,0.00011946305357398432
537,26.85,-5.732720671502989e-06,-5.657504103935921e-06,-7.521656756706759e-08,-0.00012508244732045161,0.00011934972664894863,-0.00012508244732045161,0.00011934972664894863
538,26.900000000000002,-5.7602279304180826e-06,-5.634915939312058e-06,-1.2531199110602425e-07,-0.0001249970530762284,0.00011923682514581032,-0.0001249970530762284,0.00011923682514581032
539,26.950000000000003,-5.786706001931208e-06,-5.611304500138192e-06,-1.7540150179301542e-07,-0.00012491108576228392,0.00011912437976035271,-0.00012491108576228392,0.00011912437976035271
540,27.0,-6.972446905617602e-06,-6.575120822237631e-06,-3.973260833799708e-07,-0.00012581292553352977,0.00011884047862791217,-0.00012581292553352977,0.00011884047862791217
541,27.05,-5.582479740029456e-06,-5.578651961661732e-06,-3.827778367723725e-09,-0.00012475488209875423,0.00011917240235872478,-0.00012475488209875423,0.00011917240235872478
542,27.1,-5.456185928176538e-06,-5.428606627807751e-06,-2.757930036878654e-08,-0.0001245436559319954,0.00011908747000381886,-0.0001245436559319954,0.00011908747000381886
543,27.150000000000002,-5.488864774028102e-06,-5.414754825890172e-06,-7.410994813792994e-08,-0.00012446904009689772,0.00011898017532286961,-0.00012446904009689772,0.00011898017532286961
544,27.200000000000003,-5.499475954406918e-06,-5.405003155812606e-06,-9.447279859431252e-08,-0.00012439887120236146,0.00011889939524795454,-0.00012439887120236146,0.00011889939524795454
545,27.25,-6.6793974617951335e-06,-6.4176191915996765e-06,-2.61778270195457e-07,-0.0001253514402835665,0.00011867204282177136,-0.0001253514402835665,0.00011867204282177136
546,27.3,-5.334148138080863e-06,-5.401710837739954e-06,6.756269965909105e-08,-0.00012427584781346117,0.00011894169967538031,-0.00012427584781346117,0.00011894169967538031
547,27.35,-5.034667052816744e-06,-5.400909757320223e-06,3.6624270450347966e-07,-0.0001242157492762339,0.00011918108222341714,-0.0001242157492762339,0.00011918108222341714
548,27.400000000000002,-5.08702971546704e-06,-5.408099722532815e-06,3.21070007065775e-07,-0.0001241639592484249,0.00011907692953295787,-0.0001241639592484249,0.00011907692953295787
549,27.450000000000003,-6.485556683699656e-06,-6.455255885338784e-06,-3.03007983608717e-08,-0.00012515247706214625,0.0001186669203784466,-0.00012515247706214625,0.0001186669203784466
550,27.5,-5.2314458629521e-06,-5.482342072586762e-06,2.50896209634662e-07,-0.00012412125982921203,0.00011888981396625993,-0.00012412125982921203,0.00011888981396625993
551,27.55,-5.379578506214955e-06,-5.5387854228688755e-06,1.5920691665392065e-07,-0.0001241237638862332,0.00011874418538001825,-0.0001241237638862332,0.00011874418538001825
552,27.6,-5.408547480989512e-06,-5.558163732381258e-06,1.4961625139174595e-07,-0.00012408532204859053,0.00011867677456760102,-0.00012408532204859053,0.00011867677456760102
553,27.650000000000002,-5.568165793556901e-06,-5.61471047970623e-06,4.6544686149329364e-08,-0.00012408847417461343,0.00011852030838105653,-0.00012408847417461343,0.00011852030838105653
554,27.700000000000003,-5.636158054711515e-06,-5.671902105011614e-06,3.5744050300098534e-08,-0.0001240884147232145,0.00011845225666850298,-0.0001240884147232145,0.00011845225666850298
555,27.75,-5.481382097993759e-06,-5.481169665660656e-06,-2.1243233310312557e-10,-0.00012384483881271787,0.00011836345671472411,-0.00012384483881271787,0.00011836345671472411
556,27.8,-5.634457151071359e-06,-5.52956921660913e-06,-1.0488793446222938e-07,-0.00012384073636418798,0.00011820627921311662,-0.00012384073636418798,0.00011820627921311662
557,27.85,-5.7454988966476606e-06,-5.539056200943185e-06,-2.0644269570447542e-07,-0.00012379382112275098,0.00011804832222610332,-0.00012379382112275098,0.00011804832222610332
558,27.900000000000002,-5.70218683870749e-06,-5.543330322588517e-06,-1.5885651611897308e-07,-0.00012374607531164284,0.00011804388847293535,-0.00012374607531164284,0.00011804388847293535
559,27.950000000000003,-5.580109337266492e-06,-5.625390019839513e-06,4.528068257302057e-08,-0.0001237722402809848,0.00011819213094371831,-0.0001237722402809848,0.00011819213094371831
560,28.0,-5.727766630769793e-06,-5.688919395282682e-06,-3.884723548711074e-08,-0.0001237842724416678,0.000118056505810898,-0.0001237842724416678,0.000118056505810898
561,28.05,-5.98025951203951e-06,-5.7327650390532245e-06,-2.474944729862852e-07,-0.00012377687207482398,0.00011779661256278447,-0.00012377687207482398,0.00011779661256278447
562,28.1,-6.062209838564314e-06,-5.849455393773769e-06,-2.127544447905454e-07,-0.0001238384303607715,0.00011777622052220718,-0.0001238384303607715,0.00011777622052220718
563,28.150000000000002,-6.235686512034988e-06,-5.815243429456498e-06,-4.204430825784901e-07,-0.00012375343045876547,0.00011751774394673048,-0.00012375343045876547,0.00011751774394673048
564,28.200000000000003,-6.133028478849667e-06,-5.795166842220488e-06,-3.3786163662917855e-07,-0.00012367870621625125,0.00011754567773740159,-0.00012367870621625125,0.00011754567773740159
565,28.25,-5.796812320379985e-06,-5.49222969592301e-06,-3.045826244569752e-07,-0.00012332542058814716,0.00011752860826776717,-0.00012332542058814716,0.00011752860826776717
566,28.3,-5.875931782917121e-06,-5.274903368789904e-06,-6.010284141272165e-07,-0.0001229019315314248,0.00011702599974850768,-0.0001229019315314248,0.00011702599974850768
567,28.35,-6.023266924559678e-06,-5.464280259922483e-06,-5.589866646371949e-07,-0.0001230336649583818,0.00011701039803382212,-0.0001230336649583818,0.00011701039803382212
568,28.400000000000002,-6.064034801633866e-06,-5.622298944177174e-06,-4.417358574566925e-07,-0.00012313851370987082,0.00011707447890823696,-0.00012313851370987082,0.00011707447890823696
569,28.450000000000003,-5.095506933727734e-06,-5.260322613767577e-06,1.6481568003984339e-07,-0.0001227237086676015,0.00011762820173387377,-0.0001227237086676015,0.00011762820173387377
570,28.5,-5.082138703649264e-06,-5.326358913701418e-06,2.442202100521539e-07,-0.00012273313222108752,0.00011765099351743825,-0.00012273313222108752,0.00011765099351743825
571,28.55,-5.248771219878989e-06,-5.287442780893863e-06,3.86715610148737e-08,-0.0001226420178311587,0.00011739324661127972,-0.0001226420178311587,0.00011739324661127972
572,28.6,-5.4411226659834e-06,-5.553196235044568e-06,1.1207356906116795e-07,-0.00012285181052546556,0.00011741068785948216,-0.00012285181052546556,0.00011741068785948216
573,28.650000000000002,-5.206834036597385e-06,-5.685284500007458e-06,4.784504634100725e-07,-0.0001229323040451974,0.00011772547000860002,-0.0001229323040451974,0.00011772547000860002
574,28.700000000000003,-5.2696299350785125e-06,-5.694075098029279e-06,4.2444516295076636e-07,-0.0001228898368445776,0.00011762020690949908,-0.0001228898368445776,0.00011762020690949908
575,28.75,-5.7631708525462955e-06,-6.047013766109099e-06,2.8384291356280327e-07,-0.0001231877075911193,0.000117424536738573,-0.0001231877075911193,0.000117424536738573
576,28.8,-5.91041786623947e-06,-6.097524061565908e-06,1.8710619532643803e-07,-0.00012318752209622484,0.00011727710422998537,-0.00012318752209622484,0.00011727710422998537
577,28.85,-6.167409698942805e-06,-6.548412420327517e-06,3.810027213847116e-07,-0.00012358392751351545,0.00011741651781457265,-0.00012358392751351545,0.00011741651781457265
578,28.900000000000002,-6.556271907154354e-06,-6.8604297314276525e-06,3.0415782427329845e-07,-0.00012384578755568772,0.00011728951564853336,-0.00012384578755568772,0.00011728951564853336
579,28.950000000000003,-7.60991938686395e-06,-7.186963183828191e-06,-4.229562030357597e-07,-0.00012253274745941336,0.00011492282807254941,-0.00012253274745941336,0.00011492282807254941
580,29.0,-8.379872123542853e-06,-7.779433916898899e-06,-6.004382066439544e-07,-0.0001230862267877344,0.00011470635466419155,-0.0001230862267877344,0.00011470635466419155
581,29.05,-8.454469183627467e-06,-7.692907344577177e-06,-7.615618390502898e-07,-0.00012296528462273985,0.00011451081543911238,-0.00012296528462273985,0.00011451081543911238
582,29.1,-8.154238109403522e-06,-7.302487734257987e-06,-8.517503751455348e-07,-0.00012253678177470494,0.00011438254366530142,-0.00012253678177470494,0.00011438254366530142
583,29.150000000000002,-8.72363024040368e-06,-7.704424555909413e-06,-1.019205684494266e-06,-0.00012290515156149076,0.00011418152132108709,-0.00012290515156149076,0.00011418152132108709
584,29.200000000000003,-9.161018380998698e-06,-7.956833331191014e-06,-1.2041850498076837e-06,-0.00012312446045575275,0.00011396344207475405,-0.00012312446045575275,0.00011396344207475405
585,29.25,-1.0813209609494834e-05,-9.21074341717199e-06,-1.6024661923228446e-06,-0.0001242401661652749,0.00011342695655578005,-0.0001242401661652749,0.00011342695655578005
586,29.3,-9.824689252146968e-06,-9.095270476122458e-06,-7.294187760245094e-07,-0.00012416431560442753,0.00011433962635228057,-0.00012416431560442753,0.00011433962635228057
587,29.35,-1.0224596937558061e-05,-9.879425792998194e-06,-3.4517114455986764e-07,-0.00012491303219157098,0.00011468843525401292,-0.00012491303219157098,0.00011468843525401292
588,29.400000000000002,-1.1197531246676107e-05,-1.0518477209798258e-05,-6.790540368778485e-07,-0.00012542023768294746,0.00011422270643627136,-0.00012542023768294746,0.00011422270643627136
589,29.450000000000003,-1.1417176288164299e-05,-1.0539356473408948e-05,-8.778198147553513e-07,-0.00012547763678001086,0.00011406046049184656,-0.00012547763678001086,0.00011406046049184656
590,29.5,-1.258300744422236e-05,-1.1332499671558574e-05,-1.2505077726637866e-06,-0.00012613680718744752,0.00011355379974322516,-0.00012613680718744752,0.00011355379974322516
591,29.55,-1.1087342075999373e-05,-1.0303573280285176e-05,-7.837687957141974e-07,-0.00012514914218421323,0.00011406180010821386,-0.00012514914218421323,0.00011406180010821386
592,29.6,-1.2672066308061503e-05,-1.171408424873025e-05,-9.57982059331252e-07,-0.00012643582877377725,0.00011376376246571574,-0.00012643582877377725,0.00011376376246571574
593,29.650000000000002,-1.2532201795423248e-05,-1.1779890500321775e-05,-7.523112951014724e-07,-0.0001265506639629824,0.00011401846216755915,-0.0001265506639629824,0.00011401846216755915
594,29.700000000000003,-1.4877638014443306e-05,-1.3400087856765044e-05,-1.477550157678262e-06,-0.00012804351577395617,0.00011316587775951287,-0.00012804351577395617,0.00011316587775951287
595,29.75,-1.5377035150310192e-05,-1.3647901776489007e-05,-1.7291333738211848e-06,-0.00012833673390918795,0.00011295969875887776,-0.00012833673390918795,0.00011295969875887776
596,29.8,-1.547438373217247e-05,-1.4811528826626398e-05,-6.628549055460722e-07,-0.0001294733555104757,0.00011399897177830323,-0.0001294733555104757,0.00011399897177830323
597,29.85,-1.8581086421942672e-05,-1.748521011994893e-05,-1.0958763019937427e-06,-0.0001320216145195967,0.00011344052809765404,-0.0001320216145195967,0.00011344052809765404
598,29.900000000000002,-1.5341849436634192e-05,-1.676348496905069e-05,1.421635532416497e-06,-0.00013138028533438818,0.00011603843589775398,-0.00013138028533438818,0.00011603843589775398
599,29.950000000000003,-1.8194938693705254e-05,-1.891617328833802e-05,7.212345946327674e-07,-0.00013344233204412863,0.00011524739335042338,-0.00013344233204412863,0.00011524739335042338
