frame,time,delta_H,rhs_u_command,slack_u_command,rhs_u_saturated,slack_u_saturated,rhs_u_cvt,slack_u_cvt
0,0.0,-0.009794129886096625,-0.009408876559253218,-0.00038525332684340684,-0.009408876559253218,-0.00038525332684340684,-0.013352582098343942,0.003558452212247317
1,0.05,-0.010275384850755076,-0.009877485683590556,-0.00039789916716452024,-0.009877485683590556,-0.00039789916716452024,-0.01386684341060829,0.0035914585598532146
2,0.1,-0.010750746946812884,-0.010343743400745477,-0.0004070035460674061,-0.010343743400745477,-0.0004070035460674061,-0.014389977421317873,0.0036392304745049894
3,0.15000000000000002,-0.011220246204314721,-0.010804706183908717,-0.000415540020406004,-0.010804706183908719,-0.00041554002040600224,-0.01489646895943618,0.0036762227551214582
4,0.2,-0.011682129736739988,-0.011264012768347206,-0.00041811696839278226,-0.011264012768347206,-0.00041811696839278226,-0.015383192463482456,0.003701062726742468
5,0.25,-0.012134776117925794,-0.01171898129275478,-0.0004157948251710137,-0.01171898129275478,-0.0004157948251710137,-0.01584947874583713,0.0037147026279113343
6,0.30000000000000004,-0.01258849461034628,-0.012166786644869587,-0.000421707965476692,-0.012166786644869587,-0.000421707965476692,-0.016278727863787947,0.003690233253441668
7,0.35000000000000003,-0.013038886819559004,-0.012605269097117403,-0.0004336177224416003,-0.012605269097117407,-0.00043361772244159685,-0.016677748570322143,0.0036388617507631393
8,0.4,-0.01347878815577197,-0.013036629172521682,-0.00044215898325028827,-0.013036629172521682,-0.00044215898325028827,-0.01710937285907684,0.0036305847033048684
9,0.45,-0.013906701776817298,-0.013455556470364954,-0.0004511453064523444,-0.013455556470364954,-0.0004511453064523444,-0.01751162002152619,0.0036049182447088907
10,0.5,-0.014321911131251364,-0.013865709870594,-0.0004562012606573636,-0.013865709870594,-0.0004562012606573636,-0.01783729527790641,0.0035153841466550456
11,0.55,-0.014727989860123913,-0.014264419548998675,-0.0004635703111252384,-0.014264419548998675,-0.0004635703111252384,-0.018146067752432462,0.0034180778923085485
12,0.6000000000000001,-0.015124194103914967,-0.014659260255640334,-0.00046493384827463353,-0.014659260255640334,-0.00046493384827463353,-0.018462535787358864,0.003338341683443897
13,0.65,-0.015511417146927053,-0.015047910445424367,-0.0004635067015026865,-0.015047910445424367,-0.0004635067015026865,-0.01871841537120985,0.0032069982242827963
14,0.7000000000000001,-0.0158893392235675,-0.015427722344980566,-0.00046161687858693387,-0.015427722344980566,-0.00046161687858693387,-0.018986846822365244,0.0030975075987977434
15,0.75,-0.016259201585431926,-0.015786190582183123,-0.0004730110032488029,-0.015786190582183127,-0.0004730110032487994,-0.019208733217630943,0.002949531632199017
16,0.8,-0.01661474201578106,-0.0161322377799952,-0.00048250423578585777,-0.0161322377799952,-0.00048250423578585777,-0.01942947967673586,0.0028147376609548025
17,0.8500000000000001,-0.01690030404382814,-0.016407558270324727,-0.0004927457735034134,-0.01640755827032473,-0.0004927457735034099,-0.019596867879949017,0.0026965638361208764
18,0.9,-0.017167038756808806,-0.01666525351406183,-0.0005017852427469764,-0.01666525351406183,-0.0005017852427469764,-0.019672882325555356,0.0025058435687465505
19,0.9500000000000001,-0.017434360477811106,-0.016928765009848704,-0.0005055954679624025,-0.016928765009848704,-0.0005055954679624025,-0.019854617723232833,0.0024202572454217267
20,1.0,-0.017692561798659412,-0.01718368478395016,-0.0005088770147092525,-0.01718368478395016,-0.0005088770147092525,-0.019973070640029778,0.0022805088413703663
21,1.05,-0.017912615273197985,-0.017407715536018234,-0.0005048997371797509,-0.017407715536018234,-0.0005048997371797509,-0.02008840786241892,0.0021757925892209352
22,1.1,-0.018083778343721768,-0.017588060037619525,-0.0004957183061022434,-0.017588060037619525,-0.0004957183061022434,-0.02022503678864075,0.0021412584449189836
23,1.1500000000000001,-0.018225059567389845,-0.017738295732873947,-0.0004867638345158985,-0.01773829573287395,-0.00048676383451589506,-0.020300642213984955,0.00207558264659511
24,1.2000000000000002,-0.018339357760028596,-0.017849432487241586,-0.0004899252727870104,-0.017849432487241586,-0.0004899252727870104,-0.02033197552277152,0.001992617762742923
25,1.25,-0.018474493571030814,-0.017984015812040823,-0.000490477758989992,-0.017984015812040823,-0.000490477758989992,-0.020362880473869346,0.001888386902838532
26,1.3,-0.018537471100554814,-0.018049766046699892,-0.000487705053854922,-0.018049766046699892,-0.000487705053854922,-0.020307518721014856,0.0017700476204600413
27,1.35,-0.01864283448539994,-0.018160418455259338,-0.0004824160301406012,-0.018160418455259338,-0.0004824160301406012,-0.020286601690483706,0.0016437672050837668
28,1.4000000000000001,-0.018680456514298616,-0.018214444386432868,-0.00046601212786574753,-0.018214444386432868,-0.00046601212786574753,-0.020218236658026825,0.001537780143728209
29,1.4500000000000002,-0.017879571097798808,-0.017458009597125488,-0.00042156150067331963,-0.018232674621741465,0.00035310352394265707,-0.020092927037979366,0.0022133559401805586
30,1.5,-0.01721534281180781,-0.016815311613331285,-0.0004000311984765255,-0.018169636536513007,0.000954293724705197,-0.01989293781675976,0.00267759500495195
31,1.55,-0.016766592799430158,-0.016392471850806518,-0.00037412094862364006,-0.018057484972709075,0.0012908921732789173,-0.019677281393376732,0.002910688593946574
32,1.6,-0.016444920156139076,-0.016075242310437023,-0.00036967784570205234,-0.017887032631817304,0.0014421124756782283,-0.01936578879798457,0.0029208686418454935
33,1.6500000000000001,-0.016144021563521793,-0.01582496565943885,-0.00031905590408294257,-0.017706649406456828,0.0015626278429350347,-0.01897662701067414,0.0028326054471523483
34,1.7000000000000002,-0.01581985623433213,-0.015523440444416559,-0.0002964157899155717,-0.017410883860570454,0.0015910276262383234,-0.018476886467958455,0.0026570302336263243
35,1.75,-0.015589283806981657,-0.01529398044205536,-0.00029530336492629775,-0.017173888351867752,0.0015846045448860945,-0.017991430620685367,0.0024021468137037094
36,1.8,-0.015341245930380554,-0.015020886430189409,-0.0003203595001911447,-0.016815515018896113,0.0014742690885155597,-0.017455841360061078,0.002114595429680524
37,1.85,-0.014968263122723147,-0.014710007242446727,-0.0002582558802764201,-0.016423915686578593,0.0014556525638554467,-0.01691509709619584,0.0019468339734726933
38,1.9000000000000001,-0.014561431474933495,-0.01430051408525653,-0.00026091738967696544,-0.01592168612004163,0.0013602546451081353,-0.016284184083737746,0.001722752608804251
39,1.9500000000000002,-0.014109174370515842,-0.01390092254108138,-0.00020825182943446166,-0.015439006999502368,0.0013298326289865256,-0.01571085157920393,0.001601677208688087
40,2.0,-0.01362545319316344,-0.013427514572591533,-0.0001979386205719063,-0.014853954487853469,0.0012285012946900292,-0.015074682902593365,0.001449229709429926
41,2.0500000000000003,-0.013140337640258903,-0.0129602733039917,-0.00018006433626720393,-0.014314117550390365,0.0011737799101314613,-0.01443901659461738,0.001298678954358477
42,2.1,-0.012741197666600201,-0.012507242459046929,-0.0002339552075532724,-0.01378510961662755,0.0010439119500273483,-0.01388892268706221,0.0011477250204620093
43,2.15,-0.012311579512435111,-0.01214620147287728,-0.00016537803955783172,-0.013379234244073356,0.0010676547316382443,-0.013405003733292948,0.0010934242208578363
44,2.2,-0.011608786931096349,-0.011393713953657389,-0.0002150729774389598,-0.01276122885077356,0.0011524419196772117,-0.01276122885077356,0.0011524419196772117
45,2.25,-0.009984947035061364,-0.009872186533818232,-0.00011276050124313201,-0.01226359836927091,0.002278651334209545,-0.01226359836927091,0.002278651334209545
46,2.3000000000000003,-0.00850324421940074,-0.008366700924607895,-0.00013654329479284577,-0.011580175252109505,0.0030769310327087643,-0.011580175252109505,0.0030769310327087643
47,2.35,-0.0075513802266153895,-0.007453479702345704,-9.790052426968555e-05,-0.011144400407958473,0.0035930201813430835,-0.011144400407958473,0.0035930201813430835
48,2.4000000000000004,-0.007063438330591421,-0.006939496416959256,-0.00012394191363216452,-0.01089350696654534,0.0038300686359539187,-0.01089350696654534,0.0038300686359539187
49,2.45,-0.006712423972570547,-0.006559738992211603,-0.00015268498035894435,-0.01052168629155368,0.0038092623189831323,-0.01052168629155368,0.0038092623189831323
50,2.5,-0.0064742792513693415,-0.0063019120306467835,-0.00017236722072255795,-0.010271313660841675,0.003797034409472334,-0.010271313660841675,0.003797034409472334
51,2.5500000000000003,-0.0063060560664578436,-0.006153779073281307,-0.00015227699317653647,-0.010029894759722376,0.0037238386932645327,-0.010029894759722376,0.0037238386932645327
52,2.6,-0.006149738545285222,-0.006048918936827365,-0.0001008196084578564,-0.00972579445453245,0.0035760559092472277,-0.00972579445453245,0.0035760559092472277
53,2.6500000000000004,-0.006180601570770938,-0.006001333448256937,-0.00017926812251400134,-0.00952086529985017,0.0033402637290792323,-0.00952086529985017,0.0033402637290792323
54,2.7,-0.006020412997445712,-0.0058430188220243914,-0.0001773941754213207,-0.009171390211237227,0.003150977213791515,-0.009171390211237227,0.003150977213791515
55,2.75,-0.005936228175704827,-0.005760139706219962,-0.0001760884694848655,-0.008832938308771788,0.0028967101330669605,-0.008832938308771788,0.0028967101330669605
56,2.8000000000000003,-0.005720074312225765,-0.005588741011354223,-0.00013133330087154206,-0.008536023901730763,0.0028159495895049985,-0.008536023901730763,0.0028159495895049985
57,2.85,-0.005549808263565326,-0.0054415549160166275,-0.00010825334754869815,-0.008220057930003374,0.0026702496664380484,-0.008220057930003374,0.0026702496664380484
58,2.9000000000000004,-0.005526675245879575,-0.005405579134002527,-0.00012109611187704865,-0.008004172696584783,0.002477497450705208,-0.008004172696584783,0.002477497450705208
59,2.95,-0.005366607159889014,-0.005229840311400442,-0.0001367668484885719,-0.007638151048241364,0.00227154388835235,-0.007638151048241364,0.00227154388835235
60,3.0,-0.005271556418746992,-0.005160068451639801,-0.00011148796710719073,-0.0073367037557564175,0.0020651473370094254,-0.0073367037557564175,0.0020651473370094254
61,3.0500000000000003,-0.005003016738631683,-0.004953323113094078,-4.9693625537604313e-05,-0.007230229850750036,0.0022272131121183533,-0.007230229850750036,0.0022272131121183533
62,3.1,-0.004286644526370953,-0.004200428664661054,-8.621586170989935e-05,-0.006958132117789718,0.002671487591418765,-0.006958132117789718,0.002671487591418765
63,3.1500000000000004,-0.0037975075611580422,-0.003711226408149813,-8.628115300822903e-05,-0.006719182958974381,0.0029216753978163383,-0.006719182958974381,0.0029216753978163383
64,3.2,-0.0034078704197280096,-0.003384889218359208,-2.298120136880145e-05,-0.0065437240303511165,0.003135853610623107,-0.0065437240303511165,0.003135853610623107
65,3.25,-0.0031756741046022885,-0.0031433776119825594,-3.22964926197291e-05,-0.006319429003283217,0.0031437548986809286,-0.006319429003283217,0.0031437548986809286
66,3.3000000000000003,-0.002622615323710109,-0.0025560471116632725,-6.656821204683661e-05,-0.005914442853901571,0.0032918275301914617,-0.005914442853901571,0.0032918275301914617
67,3.35,-0.002161939254526235,-0.002135552276905099,-2.638697762113616e-05,-0.00577992724492827,0.003617987990402035,-0.00577992724492827,0.003617987990402035
68,3.4000000000000004,-0.0017223053366355323,-0.0017488816360940011,2.6576299458468816e-05,-0.005403003721246658,0.0036806983846111255,-0.005403003721246658,0.0036806983846111255
69,3.45,-0.0015185774792562112,-0.0015477853431843792,2.9207863928167998e-05,-0.00524261585109037,0.0037240383718341588,-0.00524261585109037,0.0037240383718341588
70,3.5,-0.0014592530724506503,-0.001411964840734553,-4.7288231716097195e-05,-0.005157939159183971,0.0036986860867333207,-0.005157939159183971,0.0036986860867333207
71,3.5500000000000003,-0.0012930060693771006,-0.0012869441865029474,-6.061882874153256e-06,-0.004961297650829908,0.0036682915814528075,-0.004961297650829908,0.0036682915814528075
72,3.6,-0.0012798571368326517,-0.0012051210248696194,-7.473611196303232e-05,-0.004872846502401035,0.0035929893655683833,-0.004872846502401035,0.0035929893655683833
73,3.6500000000000004,-0.001216680976649398,-0.0011373125397835554,-7.936843686584256e-05,-0.0048108243769523825,0.0035941434003029845,-0.0048108243769523825,0.0035941434003029845
74,3.7,-0.0010280920221724665,-0.0010907255930054807,6.26335708330142e-05,-0.004762557465788263,0.003734465443615796,-0.004762557465788263,0.003734465443615796
75,3.75,-0.0010057038264433826,-0.001028588139646523,2.288431320314043e-05,-0.004680882726223961,0.0036751788997805785,-0.004680882726223961,0.0036751788997805785
76,3.8000000000000003,-0.0023054072718773355,-0.0021986435519187747,-0.00010676371995856082,-0.004668815585238906,0.00236340831336157,-0.004668815585238906,0.00236340831336157
77,3.85,-0.002219233173037738,-0.00220382675492119,-1.540641811654782e-05,-0.0045360553863361824,0.0023168222132984445,-0.0045360553863361824,0.0023168222132984445
78,3.9000000000000004,-0.0021260170012149526,-0.002126706606568087,6.896053531342712e-07,-0.004361912123566361,0.0022358951223514084,-0.004361912123566361,0.0022358951223514084
79,3.95,-0.002232404122413323,-0.002086740482073952,-0.0001456636403393708,-0.004203309592123806,0.0019709054697104834,-0.004203309592123806,0.0019709054697104834
80,4.0,-0.002042666785248559,-0.001993664748620438,-4.9002036628121356e-05,-0.003907095355131232,0.0018644285698826727,-0.003907095355131232,0.0018644285698826727
81,4.05,-0.0019655968216324426,-0.0019567158718220676,-8.880949810375054e-06,-0.003778685044159105,0.0018130882225266625,-0.003778685044159105,0.0018130882225266625
82,4.1000000000000005,-0.002056060109566271,-0.0019600219394913677,-9.603817007490349e-05,-0.003708364104439311,0.0016523039948730398,-0.003708364104439311,0.0016523039948730398
83,4.15,-0.0019110412410405786,-0.00195619221139262,4.515097035204122e-05,-0.003618898412688015,0.0017078571716474364,-0.003618898412688015,0.0017078571716474364
84,4.2,-0.0019863463804007386,-0.0019719682244316032,-1.4378155969135397e-05,-0.003563563763082239,0.0015772173826815003,-0.003563563763082239,0.0015772173826815003
85,4.25,-0.0021045550569950278,-0.001923837098005839,-0.00018071795898918878,-0.0034185804114116635,0.0013140253544166357,-0.0034185804114116635,0.0013140253544166357
86,4.3,-0.0017773555711895206,-0.0018620218563728194,8.46662851832988e-05,-0.0032246689541670635,0.001447313382977543,-0.0032246689541670635,0.001447313382977543
87,4.3500000000000005,-0.0017638473522323395,-0.0017102030311224477,-5.364432110989176e-05,-0.0030000450031489926,0.0012361976509166531,-0.0030000450031489926,0.0012361976509166531
88,4.4,-0.0017167783248390744,-0.0016327351512752208,-8.404317356385362e-05,-0.002818872155821899,0.0011020938309828244,-0.002818872155821899,0.0011020938309828244
89,4.45,-0.001578839149840805,-0.0015578110366108195,-2.1028113229985476e-05,-0.0026920489946883485,0.0011132098448475435,-0.0026920489946883485,0.0011132098448475435
90,4.5,-0.0015465842239393846,-0.0015346944915697314,-1.1889732369653157e-05,-0.0025761806079706738,0.0010295963840312892,-0.0025761806079706738,0.0010295963840312892
91,4.55,-0.0015702169212571393,-0.001510934101948552,-5.928281930858725e-05,-0.0024991958475286498,0.0009289789262715105,-0.0024991958475286498,0.0009289789262715105
92,4.6000000000000005,-0.0014934115765267153,-0.0014877722477659016,-5.639328760813703e-06,-0.0023832678400675096,0.0008898562635407943,-0.0023832678400675096,0.0008898562635407943
93,4.65,-0.0014439003287803898,-0.0014698909409489153,2.5990612168525547e-05,-0.0023057113280771264,0.0008618109992967367,-0.0023057113280771264,0.0008618109992967367
94,4.7,-0.001503980072916855,-0.0014675964456716624,-3.638362724519271e-05,-0.0022971666476761425,0.0007931865747592875,-0.0022971666476761425,0.0007931865747592875
95,4.75,-0.0014133159114466665,-0.0013616166791141572,-5.169923233250924e-05,-0.0022299461802664875,0.000816630268819821,-0.0022299461802664875,0.000816630268819821
96,4.800000000000001,-0.0012978059406609788,-0.0012734513922117747,-2.4354548449204106e-05,-0.002133584084300136,0.0008357781436391571,-0.002133584084300136,0.0008357781436391571
97,4.8500000000000005,-0.0013124892295941493,-0.001262939036160096,-4.9550193434053265e-05,-0.0021146717997393423,0.000802182570145193,-0.0021146717997393423,0.000802182570145193
98,4.9,-0.0012141938024423649,-0.001211343352044749,-2.8504503976158925e-06,-0.0019947867675357465,0.0007805929650933816,-0.0019947867675357465,0.0007805929650933816
99,4.95,-0.001129301765195323,-0.0011514275403980835,2.21257752027605e-05,-0.0018834576959197939,0.0007541559307244709,-0.0018834576959197939,0.0007541559307244709
100,5.0,-0.0011723074324366811,-0.0011325380558796048,-3.9769376557076365e-05,-0.001841940199400449,0.000669632766963768,-0.001841940199400449,0.000669632766963768
101,5.050000000000001,-0.0011363480170000217,-0.0011086242869689014,-2.7723730031120304e-05,-0.0017924181776220111,0.0006560701606219894,-0.0017924181776220111,0.0006560701606219894
102,5.1000000000000005,-0.0010316362737621265,-0.0010443818197490994,1.2745545986972851e-05,-0.0016141792809625142,0.0005825430072003877,-0.0016141792809625142,0.0005825430072003877
103,5.15,-0.0009785674206654882,-0.0009597073201230149,-1.886010054247332e-05,-0.0014595602153640022,0.000480992794698514,-0.0014595602153640022,0.000480992794698514
104,5.2,-0.0009595070444745613,-0.000945398763054299,-1.4108281420262291e-05,-0.0014299840470438697,0.00047047700256930844,-0.0014299840470438697,0.00047047700256930844
105,5.25,-0.0009851689545167241,-0.0009223166920191399,-6.285226249758428e-05,-0.0013915683567279269,0.0004063994022112027,-0.0013915683567279269,0.0004063994022112027
106,5.300000000000001,-0.000954287487318406,-0.0009075057025820079,-4.678178473639801e-05,-0.0013572116631564485,0.0004029241758380425,-0.0013572116631564485,0.0004029241758380425
107,5.3500000000000005,-0.0008619763154661397,-0.0008568277666079131,-5.148548858226621e-06,-0.0012929257750412821,0.0004309494595751424,-0.0012929257750412821,0.0004309494595751424
108,5.4,-0.0008772590391958879,-0.0008408319618465033,-3.642707734938461e-05,-0.0012641056273806806,0.0003868465881847927,-0.0012641056273806806,0.0003868465881847927
109,5.45,-0.0008976582468713801,-0.000840598555006551,-5.705969186482903e-05,-0.0012488982007209444,0.00035123995384956437,-0.0012488982007209444,0.00035123995384956437
110,5.5,-0.0008249947840437422,-0.0008222115929940431,-2.7831910496990816e-06,-0.0012234356305938633,0.00039844084655012114,-0.0012234356305938633,0.00039844084655012114
111,5.550000000000001,-0.0007517233827339931,-0.0007624004729484763,1.0677090214483188e-05,-0.001148789327789604,0.00039706594505561086,-0.001148789327789604,0.00039706594505561086
112,5.6000000000000005,-0.0007499019979363419,-0.0007335208227896232,-1.6381175146718734e-05,-0.0011189765000459012,0.0003690745021095593,-0.0011189765000459012,0.0003690745021095593
113,5.65,-0.0006902461132322069,-0.0007137280325942848,2.3481919362077896e-05,-0.0010960225355041856,0.0004057764222719787,-0.0010960225355041856,0.0004057764222719787
114,5.7,-0.0006849323633421056,-0.0006992664148125844,1.4334051470478774e-05,-0.0010763618014638671,0.0003914294381217615,-0.0010763618014638671,0.0003914294381217615
115,5.75,-0.000707508504414589,-0.0006964924582169888,-1.1016046197600193e-05,-0.0010664059185105043,0.0003588974140959153,-0.0010664059185105043,0.0003588974140959153
116,5.800000000000001,-0.0006313876633701199,-0.0006547398166265037,2.335215325638385e-05,-0.0010163796422614504,0.0003849919788913305,-0.0010163796422614504,0.0003849919788913305
117,5.8500000000000005,-0.0006308208941701032,-0.0006355670440502335,4.746149880130251e-06,-0.000989513829507786,0.0003586929353376828,-0.000989513829507786,0.0003586929353376828
118,5.9,-0.0006317738523013983,-0.0006221671188999297,-9.606733401468573e-06,-0.0009676153566883182,0.00033584150438691995,-0.0009676153566883182,0.00033584150438691995
119,5.95,-0.0006465147393852622,-0.0006210461278259745,-2.5468611559287648e-05,-0.0009463523051098728,0.00029983756572461067,-0.0009463523051098728,0.00029983756572461067
120,6.0,-0.0006040416496837508,-0.0005935104283960629,-1.0531221287687974e-05,-0.0008820456590355258,0.000278004009351775,-0.0008820456590355258,0.000278004009351775
121,6.050000000000001,-0.0006231615173000193,-0.000580075462968944,-4.308605433107535e-05,-0.0008622636746504772,0.0002391021573504579,-0.0008622636746504772,0.0002391021573504579
122,6.1000000000000005,-0.0006466385059236135,-0.0005667732204856174,-7.986528543799608e-05,-0.0008428310364306668,0.0001961925305070533,-0.0008428310364306668,0.0001961925305070533
123,6.15,-0.0005799463738880295,-0.0005562158079320146,-2.3730565956014927e-05,-0.0008261858094257903,0.0002462394355377608,-0.0008261858094257903,0.0002462394355377608
124,6.2,-0.0005272648069634123,-0.0005402658862240542,1.3001079260641893e-05,-0.0008061697333387341,0.0002789049263753218,-0.0008061697333387341,0.0002789049263753218
125,6.25,-0.0005484757711142763,-0.000527341423203292,-2.113434791098422e-05,-0.0007801017839907442,0.00023162601287646798,-0.0007801017839907442,0.00023162601287646798
126,6.300000000000001,-0.0005308580534499896,-0.0004966805954580398,-3.417745799194985e-05,-0.0007316864471940912,0.00020082839374410157,-0.0007316864471940912,0.00020082839374410157
127,6.3500000000000005,-0.0004557249515610984,-0.00048589277447180865,3.0167822910710275e-05,-0.0007158789795478234,0.000260154027986725,-0.0007158789795478234,0.000260154027986725
128,6.4,-0.00040254677483675394,-0.0004549315942055613,5.238481936880739e-05,-0.0006730593893792172,0.00027051261454246324,-0.0006730593893792172,0.00027051261454246324
129,6.45,-0.00042154280308048797,-0.0004440879539518797,2.2545150871391723e-05,-0.0006577299852068305,0.00023618718212634255,-0.0006577299852068305,0.00023618718212634255
130,6.5,-0.0004499831839703816,-0.00043946162231019354,-1.0521561660188075e-05,-0.0006286846740158618,0.00017870149004548018,-0.0006286846740158618,0.00017870149004548018
131,6.550000000000001,-0.0004607721175822199,-0.00042859317650863595,-3.217894107358397e-05,-0.0006192841202287089,0.00015851200264648902,-0.0006192841202287089,0.00015851200264648902
132,6.6000000000000005,-0.00040721851684955013,-0.0004079734524400776,7.549355905274685e-07,-0.0005809962075132086,0.0001737776906636585,-0.0005809962075132086,0.0001737776906636585
133,6.65,-0.00038980866658322455,-0.00039895902058602935,9.150354002804804e-06,-0.0005696307181625507,0.00017982205157932615,-0.0005696307181625507,0.00017982205157932615
134,6.7,-0.0003834575992935907,-0.0003764261765491584,-7.031422744432296e-06,-0.000543473056069157,0.00016001545677556627,-0.000543473056069157,0.00016001545677556627
135,6.75,-0.0003803275358136293,-0.000370601320774177,-9.726215039452331e-06,-0.0005346128976423223,0.00015428536182869297,-0.0005346128976423223,0.00015428536182869297
136,6.800000000000001,-0.0003842525141166675,-0.00036416778727407616,-2.0084726842591342e-05,-0.0005249206502271724,0.00014066813611050485,-0.0005249206502271724,0.00014066813611050485
137,6.8500000000000005,-0.00035707380547944645,-0.0003573481839528701,2.7437847342363974e-07,-0.000511996603736738,0.00015492279825729159,-0.000511996603736738,0.00015492279825729159
138,6.9,-0.00034180192914679,-0.00033689971991528124,-4.902209231508734e-06,-0.0004709256578964704,0.00012912372874968042,-0.0004709256578964704,0.00012912372874968042
139,6.95,-0.00036025432675867997,-0.00033110600659060497,-2.9148320168074994e-05,-0.00046207303199990735,0.00010181870524122739,-0.00046207303199990735,0.00010181870524122739
140,7.0,-0.00033026715827721986,-0.00030995827983501203,-2.0308878442207832e-05,-0.00043576060412105016,0.0001054934458438303,-0.00043576060412105016,0.0001054934458438303
141,7.050000000000001,-0.0003404777440327855,-0.00030860669491279756,-3.1871049119987964e-05,-0.00043241283512821394,9.193509109542842e-05,-0.00043241283512821394,9.193509109542842e-05
142,7.1000000000000005,-0.0003000051156840655,-0.000300845518378574,8.404026945084886e-07,-0.0004226481258099982,0.00012264301012593267,-0.0004226481258099982,0.00012264301012593267
143,7.15,-0.0002866007425619266,-0.0002907303710664305,4.129628504503935e-06,-0.00041048392663658117,0.0001238831840746546,-0.00041048392663658117,0.0001238831840746546
144,7.2,-0.0002795363770340398,-0.00028313990985837935,3.6035328243395805e-06,-0.00040093979132243434,0.00012140341428839457,-0.00040093979132243434,0.00012140341428839457
145,7.25,-0.0002677216650568415,-0.0002768571503442262,9.135485287384726e-06,-0.0003926287214274284,0.0001249070563705869,-0.0003926287214274284,0.0001249070563705869
146,7.300000000000001,-0.0002764710758849098,-0.00026940337894086505,-7.067696944044772e-06,-0.000383257209734957,0.00010678613385004719,-0.000383257209734957,0.00010678613385004719
147,7.3500000000000005,-0.00027660578191746055,-0.00026050313684624347,-1.610264507121708e-05,-0.0003720807433339313,9.547496141647076e-05,-0.0003720807433339313,9.547496141647076e-05
148,7.4,-0.0002413643470080551,-0.0002456823857574591,4.31803874940403e-06,-0.00035092579477966166,0.00010956144777160657,-0.00035092579477966166,0.00010956144777160657
149,7.45,-0.00021495166126395127,-0.00022661369006540545,1.166202880145418e-05,-0.0003301693442138511,0.00011521768294989984,-0.0003301693442138511,0.00011521768294989984
150,7.5,-0.00020680673723361132,-0.00022328417640336235,1.6477439169751033e-05,-0.00032479473703069976,0.00011798799979708844,-0.00032479473703069976,0.00011798799979708844
151,7.550000000000001,-0.00021640883198181804,-0.0002187874241236253,2.37859214180725e-06,-0.00031942022803659574,0.0001030113960547777,-0.00031942022803659574,0.0001030113960547777
152,7.6000000000000005,-0.000217096144954132,-0.00020676220415046488,-1.0333940803667106e-05,-0.0003003430762214302,8.324693126729823e-05,-0.0003003430762214302,8.324693126729823e-05
153,7.65,-0.0002210847270709415,-0.00020161358073212407,-1.9471146338817438e-05,-0.0002940657586348123,7.298103156387078e-05,-0.0002940657586348123,7.298103156387078e-05
154,7.7,-0.00021615090506976742,-0.00019519912513928905,-2.0951779930478365e-05,-0.00028696674877582757,7.081584370606015e-05,-0.00028696674877582757,7.081584370606015e-05
155,7.75,-0.00019945822062150675,-0.00018814455064037589,-1.1313669981130868e-05,-0.0002781005275503182,7.864230692881144e-05,-0.0002781005275503182,7.864230692881144e-05
156,7.800000000000001,-0.00017837366113959696,-0.0001828369639264921,4.4633027868951265e-06,-0.00027157658303833033,9.320292189873337e-05,-0.00027157658303833033,9.320292189873337e-05
157,7.8500000000000005,-0.00018187883089115786,-0.000177574596533359,-4.304234357798851e-06,-0.00026513619648874917,8.325736559759131e-05,-0.00026513619648874917,8.325736559759131e-05
158,7.9,-0.00017280372220751516,-0.00017242109378739232,-3.826284201228483e-07,-0.00025892645351306074,8.612273130554558e-05,-0.00025892645351306074,8.612273130554558e-05
159,7.95,-0.00016294689548868035,-0.00017056962366671503,7.622728178034678e-06,-0.0002560153765075278,9.306848101884745e-05,-0.0002560153765075278,9.306848101884745e-05
160,8.0,-0.0001677480278257093,-0.00016778401258377702,3.5984758067715344e-08,-0.00025179285398526806,8.404482615955876e-05,-0.00025179285398526806,8.404482615955876e-05
161,8.05,-0.0001663345874471922,-0.00016274566933499325,-3.588918112198958e-06,-0.0002455935662468816,7.925897879968938e-05,-0.0002455935662468816,7.925897879968938e-05
162,8.1,-0.00016929605145188376,-0.00015772731483014292,-1.156873662174084e-05,-0.00023798233577266127,6.868628432077752e-05,-0.00023798233577266127,6.868628432077752e-05
163,8.15,-0.00012911411124494343,-0.00015414853679321744,2.5034425548274005e-05,-0.00023400353412378908,0.00010488942287884565,-0.00023400353412378908,0.00010488942287884565
164,8.200000000000001,-0.00013462224604832151,-0.00014981803560667459,1.5195789558353071e-05,-0.00022865089691355197,9.402865086523046e-05,-0.00022865089691355197,9.402865086523046e-05
165,8.25,-0.00013476690093483512,-0.00014408045180767102,9.313550872835897e-06,-0.00022050815249892222,8.57412515640871e-05,-0.00022050815249892222,8.57412515640871e-05
166,8.3,-0.0001332060051262296,-0.00013979604354406424,6.590038417834645e-06,-0.00021527412969921374,8.206812457298414e-05,-0.00021527412969921374,8.206812457298414e-05
167,8.35,-0.00013779635073163377,-0.00013373910269344537,-4.057248038188396e-06,-0.00020728372808348838,6.948737735185462e-05,-0.00020728372808348838,6.948737735185462e-05
168,8.4,-0.00013841282560411727,-0.00012433398889630844,-1.4078836707808828e-05,-0.00019309186990986785,5.467904430575058e-05,-0.00019309186990986785,5.467904430575058e-05
169,8.450000000000001,-0.00014396813146300147,-0.00012118281260501043,-2.2785318857991042e-05,-0.00018921962834873835,4.525149688573688e-05,-0.00018921962834873835,4.525149688573688e-05
170,8.5,-0.00016126048509179647,-0.0001315525121307617,-2.9707972961034757e-05,-0.0001939789558315937,3.2718470739797234e-05,-0.0001939789558315937,3.2718470739797234e-05
171,8.55,-0.00011112850215488912,-0.00011453075554425206,3.4022533893629373e-06,-0.00018098345999052957,6.985495783564045e-05,-0.00018098345999052957,6.985495783564045e-05
172,8.6,-9.790644644813717e-05,-0.00011088300749811065,1.297656104997348e-05,-0.000171218223234264,7.331177678612683e-05,-0.000171218223234264,7.331177678612683e-05
173,8.65,-0.00010296006310128725,-0.00010757252744706627,4.6124643457790205e-06,-0.000167432024383537,6.447196128224976e-05,-0.000167432024383537,6.447196128224976e-05
174,8.700000000000001,-0.00010365130523748434,-9.953852949021802e-05,-4.112775747266314e-06,-0.00015633304922425698,5.268174398677264e-05,-0.00015633304922425698,5.268174398677264e-05
175,8.75,-0.00010245052958768319,-9.672381725523915e-05,-5.72671233244404e-06,-0.00015317739532804325,5.072686574036006e-05,-0.00015317739532804325,5.072686574036006e-05
176,8.8,-0.00010168984738201381,-0.00010748265708214889,5.7928097001350804e-06,-0.00015957986732070505,5.7890019938691245e-05,-0.00015957986732070505,5.7890019938691245e-05
177,8.85,-8.743637680330707e-05,-8.70440128655009e-05,-3.9236393780616677e-07,-0.00014368282510014994,5.6246448296842875e-05,-0.00014368282510014994,5.6246448296842875e-05
178,8.9,-9.11647778103486e-05,-8.468409452560626e-05,-6.480683284742337e-06,-0.00014102897931968247,4.986420150933387e-05,-0.00014102897931968247,4.986420150933387e-05
179,8.950000000000001,-9.170484020470937e-05,-8.239447183745891e-05,-9.310368367250457e-06,-0.0001384580110050104,4.675317080030103e-05,-0.0001384580110050104,4.675317080030103e-05
180,9.0,-8.201609898650375e-05,-8.014238616026101e-05,-1.8737128262427352e-06,-0.00013593485227502615,5.39187532885224e-05,-0.00013593485227502615,5.39187532885224e-05
181,9.05,-7.974439323366056e-05,-7.854174997438173e-05,-1.2026432592788302e-06,-0.0001339166293897232,5.417223615606265e-05,-0.0001339166293897232,5.417223615606265e-05
182,9.1,-7.51419632849526e-05,-7.641935041551532e-05,1.2773871305627225e-06,-0.0001315462082516434,5.640424496669081e-05,-0.0001315462082516434,5.640424496669081e-05
183,9.15,-7.959467828544398e-05,-8.764661761764975e-05,8.051939332205776e-06,-0.0001407693637039481,6.117468541850412e-05,-0.0001407693637039481,6.117468541850412e-05
184,9.200000000000001,-6.576814907877093e-05,-7.254827613387614e-05,6.780127055105206e-06,-0.0001287567981220085,6.298864904323757e-05,-0.0001287567981220085,6.298864904323757e-05
185,9.25,-6.239225490234368e-05,-7.053568213653183e-05,8.143427234188152e-06,-0.00012649387043734548,6.41016155350018e-05,-0.00012649387043734548,6.41016155350018e-05
186,9.3,-6.486346976375401e-05,-6.855840454022223e-05,3.694934776468222e-06,-0.00012428332627973385,5.941985651597984e-05,-0.00012428332627973385,5.941985651597984e-05
187,9.35,-6.790438498294193e-05,-6.662623970657463e-05,-1.2781452763673082e-06,-0.00012212238730447786,5.421800232153592e-05,-0.00012212238730447786,5.421800232153592e-05
188,9.4,-7.014599662191756e-05,-6.476667728597133e-05,-5.379319335946226e-06,-0.0001200445658144932,4.989856919257564e-05,-0.0001200445658144932,4.989856919257564e-05
189,9.450000000000001,-7.555267061065685e-05,-6.587400418359058e-05,-9.678666427066266e-06,-0.00012073311376291868,4.518044315226183e-05,-0.00012073311376291868,4.518044315226183e-05
190,9.5,-8.796790005205501e-05,-7.654550842202327e-05,-1.1422391630031749e-05,-0.00012789472098428872,3.99268209322337e-05,-0.00012789472098428872,3.99268209322337e-05
191,9.55,-6.542120847274902e-05,-6.327871866624372e-05,-2.142489806505299e-06,-0.00011875556237502503,5.3334353902276016e-05,-0.00011875556237502503,5.3334353902276016e-05
192,9.600000000000001,-6.683749590719046e-05,-6.032055506302269e-05,-6.516940844167768e-06,-0.00011428899686563232,4.745150095844186e-05,-0.00011428899686563232,4.745150095844186e-05
193,9.65,-6.530189031139777e-05,-5.919947579636841e-05,-6.10241451502936e-06,-0.00011236190970338354,4.7060019391985766e-05,-0.00011236190970338354,4.7060019391985766e-05
194,9.700000000000001,-5.850526836792547e-05,-5.269332188909791e-05,-5.811946478827559e-06,-0.0001095689261315172,5.106365776359173e-05,-0.0001095689261315172,5.106365776359173e-05
195,9.75,-5.673960155339053e-05,-5.229789729736047e-05,-4.44170425603006e-06,-0.00011032058134989357,5.3580979796503044e-05,-0.00011032058134989357,5.3580979796503044e-05
196,9.8,-4.922964353659687e-05,-4.978494751293493e-05,5.553039763380623e-07,-0.00010642194972408082,5.7192306187483954e-05,-0.00010642194972408082,5.7192306187483954e-05
197,9.850000000000001,-5.446459657254543e-05,-5.922985201610779e-05,4.765255443562359e-06,-0.00011340388397543458,5.893928740288915e-05,-0.00011340388397543458,5.893928740288915e-05
198,9.9,-4.5115165046238914e-05,-4.554285443131208e-05,4.2768938507316425e-07,-0.0001029688604763912,5.785369543015228e-05,-0.0001029688604763912,5.785369543015228e-05
199,9.950000000000001,-4.441600696059034e-05,-4.3358389026667455e-05,-1.0576179339228826e-06,-9.995075879404498e-05,5.553475183345464e-05,-9.995075879404498e-05,5.553475183345464e-05
200,10.0,-4.6709205200334836e-05,-4.436525062984721e-05,-2.3439545704876242e-06,-9.691630422497001e-05,5.0207099024635174e-05,-9.691630422497001e-05,5.0207099024635174e-05
201,10.05,-4.28122114717322e-05,-4.3736209294610285e-05,9.239978228780868e-07,-9.560781050094852e-05,5.2795599029216325e-05,-9.560781050094852e-05,5.2795599029216325e-05
202,10.100000000000001,-3.743997399419108e-05,-3.848616286241045e-05,1.0461888682193732e-06,-8.830792539019967e-05,5.086795139600859e-05,-8.830792539019967e-05,5.086795139600859e-05
203,10.15,-4.2669628065761245e-05,-3.929931355186396e-05,-3.3703145138972834e-06,-9.029067508656535e-05,4.7621047020804104e-05,-9.029067508656535e-05,4.7621047020804104e-05
204,10.200000000000001,-3.8297836998379964e-05,-3.7318913168332004e-05,-9.789238300479593e-07,-8.706836511976896e-05,4.8770528121388996e-05,-8.706836511976896e-05,4.8770528121388996e-05
205,10.25,-2.786717149971807e-05,-3.6934425694213464e-05,9.067254194495395e-06,-8.606430732492627e-05,5.81971358252082e-05,-8.606430732492627e-05,5.81971358252082e-05
206,10.3,-3.345399069720756e-05,-4.6216855386744176e-05,1.2762864689536618e-05,-9.325105340620648e-05,5.979706270899892e-05,-9.325105340620648e-05,5.979706270899892e-05
207,10.350000000000001,-3.24827835589403e-05,-3.6498397977540966e-05,4.015614418600668e-06,-8.700839592787033e-05,5.452561236893003e-05,-8.700839592787033e-05,5.452561236893003e-05
208,10.4,-3.1229586441972046e-05,-3.459707359877686e-05,3.367487156804815e-06,-8.39106802439143e-05,5.268109380194225e-05,-8.39106802439143e-05,5.268109380194225e-05
209,10.450000000000001,-3.516515595625158e-05,-3.419479287843381e-05,-9.703630778177695e-07,-8.292410726971501e-05,4.775895131346343e-05,-8.292410726971501e-05,4.775895131346343e-05
210,10.5,-3.070636925439629e-05,-3.123199505276836e-05,5.256257983720654e-07,-7.806966765487255e-05,4.736329840047626e-05,-7.806966765487255e-05,4.736329840047626e-05
211,10.55,-3.3993919156039e-05,-3.1287127152575985e-05,-2.7067920034630136e-06,-7.948267928363455e-05,4.548876012759555e-05,-7.948267928363455e-05,4.548876012759555e-05
212,10.600000000000001,-3.125923286217969e-05,-3.046817535906073e-05,-7.910575031189552e-07,-7.755177786386164e-05,4.629254500168195e-05,-7.755177786386164e-05,4.629254500168195e-05
213,10.65,-4.333456755301057e-05,-3.791201613520402e-05,-5.422551417806554e-06,-8.619104203592508e-05,4.2856474482914504e-05,-8.619104203592508e-05,4.2856474482914504e-05
214,10.700000000000001,-4.516389007203081e-05,-3.719919904672294e-05,-7.964691025307871e-06,-8.295952705683751e-05,3.77956369848067e-05,-8.295952705683751e-05,3.77956369848067e-05
215,10.75,-4.629108410481031e-05,-3.552971488567431e-05,-1.0761369219135999e-05,-8.210411170179661e-05,3.5813027596986305e-05,-8.210411170179661e-05,3.5813027596986305e-05
216,10.8,-4.9244834540385085e-05,-3.52520555540107e-05,-1.3992778986374386e-05,-8.108134811055048e-05,3.18365135701654e-05,-8.108134811055048e-05,3.18365135701654e-05
217,10.850000000000001,-4.4989053820110314e-05,-3.347237200106185e-05,-1.1516681819048462e-05,-7.944752405310595e-05,3.4458470232995637e-05,-7.944752405310595e-05,3.4458470232995637e-05
218,10.9,-3.9455972581370347e-05,-3.283728330662988e-05,-6.618689274740464e-06,-7.634233045826027e-05,3.688635787688992e-05,-7.634233045826027e-05,3.688635787688992e-05
219,10.950000000000001,-4.823160119071801e-05,-4.1176565070569383e-05,-7.055036120148626e-06,-8.516436585881311e-05,3.69327646680951e-05,-8.516436585881311e-05,3.69327646680951e-05
220,11.0,-3.625359155190466e-05,-3.089412299403017e-05,-5.359468557874494e-06,-7.437086615774262e-05,3.811727460583796e-05,-7.437086615774262e-05,3.811727460583796e-05
221,11.05,-2.223472656459613e-05,-2.9629183354239978e-05,7.3944567896438475e-06,-7.574785879492988e-05,5.351313223033375e-05,-7.574785879492988e-05,5.351313223033375e-05
222,11.100000000000001,-1.5458092986753158e-05,-2.7895285163535007e-05,1.243719217678185e-05,-7.287546553022167e-05,5.741737254346851e-05,-7.287546553022167e-05,5.741737254346851e-05
223,11.15,-1.7357000481110774e-05,-3.010454108939008e-05,1.2747540608279305e-05,-7.520353026380978e-05,5.784652978269901e-05,-7.520353026380978e-05,5.784652978269901e-05
224,11.200000000000001,-1.9075810405944083e-05,-2.7309510859181874e-05,8.233700453237791e-06,-7.257115544126745e-05,5.349534503532337e-05,-7.257115544126745e-05,5.349534503532337e-05
225,11.25,-2.1450839658321286e-05,-2.824024925300024e-05,6.789409594678953e-06,-7.612995450173105e-05,5.467911484340976e-05,-7.612995450173105e-05,5.467911484340976e-05
226,11.3,-2.2547869582112412e-05,-2.7854008970981853e-05,5.306139388869441e-06,-7.536636008877891e-05,5.28184905066665e-05,-7.536636008877891e-05,5.28184905066665e-05
227,11.350000000000001,-2.472556217703037e-05,-2.6931691361024948e-05,2.206129183994579e-06,-7.504547061324862e-05,5.031990843621825e-05,-7.504547061324862e-05,5.031990843621825e-05
228,11.4,-2.6581627740496216e-05,-2.6180532971826374e-05,-4.0109476866984206e-07,-7.441546721664483e-05,4.783383947614862e-05,-7.441546721664483e-05,4.783383947614862e-05
229,11.450000000000001,-2.950527308320794e-05,-2.6240814412426972e-05,-3.264458670780967e-06,-7.411241992297005e-05,4.460714683976211e-05,-7.411241992297005e-05,4.460714683976211e-05
230,11.5,-3.8482898313096925e-05,-3.3962442762143624e-05,-4.520455550953301e-06,-8.039924934757823e-05,4.1916351034481305e-05,-8.039924934757823e-05,4.1916351034481305e-05
231,11.55,-2.9629047321177993e-05,-2.435488891168616e-05,-5.2741584094918335e-06,-7.274540784266733e-05,4.311636052148934e-05,-7.274540784266733e-05,4.311636052148934e-05
232,11.600000000000001,-3.179497773175832e-05,-2.3736612674829145e-05,-8.058365056929177e-06,-7.226114524500033e-05,4.046616751324201e-05,-7.226114524500033e-05,4.046616751324201e-05
233,11.65,-3.0716205845493505e-05,-2.340667896882088e-05,-7.309526876672625e-06,-7.159563853881633e-05,4.087943269332282e-05,-7.159563853881633e-05,4.087943269332282e-05
234,11.700000000000001,-3.178305607587362e-05,-2.2406677180414197e-05,-9.37637889545942e-06,-7.120002893663396e-05,3.941697286076034e-05,-7.120002893663396e-05,3.941697286076034e-05
235,11.75,-3.379628501365417e-05,-2.1774787632870778e-05,-1.2021497380783392e-05,-7.071280899217118e-05,3.691652397851701e-05,-7.071280899217118e-05,3.691652397851701e-05
236,11.8,-3.4737676081864066e-05,-2.1472783604173045e-05,-1.3264892477691021e-05,-7.00883466939619e-05,3.535067061209783e-05,-7.00883466939619e-05,3.535067061209783e-05
237,11.850000000000001,-1.826103427937653e-05,-2.1441204782063272e-05,3.180170502686741e-06,-7.064610988321456e-05,5.238507560383803e-05,-7.064610988321456e-05,5.238507560383803e-05
238,11.9,-1.4734676912153688e-05,-2.112026581191532e-05,6.385588899761632e-06,-6.991158545330247e-05,5.517690854114878e-05,-6.991158545330247e-05,5.517690854114878e-05
239,11.950000000000001,-1.2383041575914078e-05,-2.029167344572927e-05,7.908631869815192e-06,-6.95939583992944e-05,5.721091682338032e-05,-6.95939583992944e-05,5.721091682338032e-05
240,12.0,-1.1800655474569766e-05,-1.9744921311764793e-05,7.944265837195028e-06,-6.910405575294051e-05,5.730340027837074e-05,-6.910405575294051e-05,5.730340027837074e-05
241,12.05,-1.30713945061256e-05,-1.971393633468279e-05,6.6425418285571885e-06,-6.865968218287437e-05,5.5588287676748766e-05,-6.865968218287437e-05,5.5588287676748766e-05
242,12.100000000000001,-1.0828774863247403e-05,-1.894727871484645e-05,8.118503851599046e-06,-6.840432182099274e-05,5.7575546957745334e-05,-6.840432182099274e-05,5.7575546957745334e-05
243,12.15,-1.6657157017041513e-05,-2.591026496247079e-05,9.253107945429279e-06,-7.34683137081259e-05,5.681115669108439e-05,-7.34683137081259e-05,5.681115669108439e-05
244,12.200000000000001,-1.5104197226945004e-05,-1.8791889026792457e-05,3.687691799847453e-06,-6.743546534245972e-05,5.233126811551472e-05,-6.743546534245972e-05,5.233126811551472e-05
245,12.25,-1.6414127136599177e-05,-1.807972357291258e-05,1.6655964363134022e-06,-6.723086400264684e-05,5.081673686604767e-05,-6.723086400264684e-05,5.081673686604767e-05
246,12.3,-1.8727455867617593e-05,-1.7922813140516857e-05,-8.046427271007363e-07,-6.670350292053437e-05,4.797604705291678e-05,-6.670350292053437e-05,4.797604705291678e-05
247,12.350000000000001,-1.7800378261378924e-05,-1.7242590003105117e-05,-5.577882582738072e-07,-6.653332526164513e-05,4.87329470002662e-05,-6.653332526164513e-05,4.87329470002662e-05
248,12.4,-1.0919796057606845e-05,-1.2824972395260773e-05,1.9051763376539272e-06,-6.478957279025157e-05,5.3869776732644724e-05,-6.478957279025157e-05,5.3869776732644724e-05
249,12.450000000000001,-1.7196196961499766e-05,-1.6014951305467454e-05,-1.1812456560323112e-06,-6.486928819191307e-05,4.767309123041331e-05,-6.486928819191307e-05,4.767309123041331e-05
250,12.5,-1.2153098123190986e-05,-1.1940934231154714e-05,-2.121638920362718e-07,-6.325017442781776e-05,5.109707630462678e-05,-6.325017442781776e-05,5.109707630462678e-05
251,12.55,-1.3543831011153529e-05,-1.0867509895211782e-05,-2.676321115941747e-06,-6.171265691392957e-05,4.816882590277604e-05,-6.171265691392957e-05,4.816882590277604e-05
252,12.600000000000001,-1.0948216526029952e-05,-1.0311489344013354e-05,-6.367271820165984e-07,-6.151222349019506e-05,5.056400696416511e-05,-6.151222349019506e-05,5.056400696416511e-05
253,12.65,-8.710147421764347e-06,-1.002420313643374e-05,1.3140557146693923e-06,-5.989390190870312e-05,5.1183754486938774e-05,-5.989390190870312e-05,5.1183754486938774e-05
254,12.700000000000001,-1.1588976799092876e-05,-1.688942324456435e-05,5.300446445471473e-06,-6.518931250421265e-05,5.360033570511978e-05,-6.518931250421265e-05,5.360033570511978e-05
255,12.75,-9.10575048562734e-06,-1.041735722993287e-05,1.311606744305531e-06,-6.089516504754996e-05,5.178941456192262e-05,-6.089516504754996e-05,5.178941456192262e-05
256,12.8,-7.344272527465279e-06,-9.476749898811666e-06,2.132477371346387e-06,-5.954023009414318e-05,5.21959575666779e-05,-5.954023009414318e-05,5.21959575666779e-05
257,12.850000000000001,-1.0745006829404602e-05,-9.688226340975138e-06,-1.0567804884294636e-06,-6.011766335962754e-05,4.9372656530222935e-05,-6.011766335962754e-05,4.9372656530222935e-05
258,12.9,-1.1647219497756822e-05,-9.382712658115957e-06,-2.264506839640865e-06,-5.6831733016260156e-05,4.5184513518503334e-05,-5.6831733016260156e-05,4.5184513518503334e-05
259,12.950000000000001,-1.8506623140179812e-05,-2.0270970505147286e-05,1.764347364967474e-06,-6.357120556696081e-05,4.5064582426781e-05,-6.357120556696081e-05,4.5064582426781e-05
260,13.0,-6.073341749512906e-06,-8.77067705297517e-06,2.6973353034622634e-06,-5.658613377759778e-05,5.0512792028084875e-05,-5.658613377759778e-05,5.0512792028084875e-05
261,13.05,-7.578553830489554e-06,-8.588084984832919e-06,1.0095311543433647e-06,-5.99271513398337e-05,5.234859750934415e-05,-5.99271513398337e-05,5.234859750934415e-05
262,13.100000000000001,-5.793455524205626e-06,-7.764756494971965e-06,1.9713009707663387e-06,-5.923976604568296e-05,5.3446310521477336e-05,-5.923976604568296e-05,5.3446310521477336e-05
263,13.15,-6.99663088932212e-06,-8.023884999940393e-06,1.0272541106182731e-06,-5.944325764713055e-05,5.244662675780843e-05,-5.944325764713055e-05,5.244662675780843e-05
264,13.200000000000001,-1.2792067541012031e-05,-1.4170913237362207e-05,1.3788456963501761e-06,-6.380101866421345e-05,5.100895112320142e-05,-6.380101866421345e-05,5.100895112320142e-05
265,13.25,-7.539936087708199e-06,-7.208902552194754e-06,-3.310335355134452e-07,-5.794083751410266e-05,5.040090142639446e-05,-5.794083751410266e-05,5.040090142639446e-05
266,13.3,-7.698269328226814e-06,-6.827916564241018e-06,-8.703527639857965e-07,-5.7968600243646004e-05,5.027033091541919e-05,-5.7968600243646004e-05,5.027033091541919e-05
267,13.350000000000001,-9.066601443841193e-06,-6.912272590346679e-06,-2.154328853494514e-06,-5.776037447732212e-05,4.8693773033480926e-05,-5.776037447732212e-05,4.8693773033480926e-05
268,13.4,-8.446742618239966e-06,-6.521264079846022e-06,-1.9254785383939443e-06,-5.777316122443051e-05,4.9326418606190545e-05,-5.777316122443051e-05,4.9326418606190545e-05
269,13.450000000000001,-1.4226890908464185e-05,-1.3389528136608943e-05,-8.373627718552419e-07,-6.247014797232564e-05,4.8243257063861455e-05,-6.247014797232564e-05,4.8243257063861455e-05
270,13.5,-8.671089041456526e-06,-6.406375197222473e-06,-2.2647138442340525e-06,-5.760578510138619e-05,4.893469605992966e-05,-5.760578510138619e-05,4.893469605992966e-05
271,13.55,-9.922097318426637e-06,-6.431203128172465e-06,-3.490894190254172e-06,-5.7337823794656185e-05,4.741572647622955e-05,-5.7337823794656185e-05,4.741572647622955e-05
272,13.600000000000001,-9.84107544699242e-06,-6.060783403105518e-06,-3.780292043886902e-06,-5.737088648908621e-05,4.752981104209379e-05,-5.737088648908621e-05,4.752981104209379e-05
273,13.65,-1.1048529070745161e-05,-6.096608083920347e-06,-4.951920986824814e-06,-5.7110176845992495e-05,4.6061647775247333e-05,-5.7110176845992495e-05,4.6061647775247333e-05
274,13.700000000000001,-1.616983268259986e-05,-1.2561183454138557e-05,-3.6086492284613034e-06,-6.210775064524237e-05,4.593791796264251e-05,-6.210775064524237e-05,4.593791796264251e-05
275,13.75,-1.182962035395363e-05,-6.019805458637885e-06,-5.8098148953157444e-06,-5.6978038275873074e-05,4.5148417921919445e-05,-5.6978038275873074e-05,4.5148417921919445e-05
276,13.8,-9.12091895299838e-06,-5.651836021959169e-06,-3.4690829310392112e-06,-5.7022651753220557e-05,4.7901732800222176e-05,-5.7022651753220557e-05,4.7901732800222176e-05
277,13.850000000000001,-6.047514488072281e-06,-5.371288758904549e-06,-6.76225729167732e-07,-5.644401558893818e-05,5.03965011008659e-05,-5.644401558893818e-05,5.03965011008659e-05
278,13.9,-5.369671726374037e-06,-5.475998767186644e-06,1.0632704081260697e-07,-5.6934635609728316e-05,5.156496388335428e-05,-5.6934635609728316e-05,5.156496388335428e-05
279,13.950000000000001,-1.1837562037264604e-05,-1.2833802603435302e-05,9.962405661706982e-07,-6.212159271270637e-05,5.028403067544177e-05,-6.212159271270637e-05,5.028403067544177e-05
280,14.0,-6.740088179579828e-06,-5.890799370202355e-06,-8.492888093774735e-07,-5.727096224587556e-05,5.0530874066295734e-05,-5.727096224587556e-05,5.0530874066295734e-05
281,14.05,-7.922084567901777e-06,-5.897949396734327e-06,-2.0241351711674504e-06,-5.6982803238209186e-05,4.906071867030741e-05,-5.6982803238209186e-05,4.906071867030741e-05
282,14.100000000000001,-8.163901660696027e-06,-5.5184547708768864e-06,-2.6454468898191404e-06,-5.6997622057944295e-05,4.883372039724827e-05,-5.6997622057944295e-05,4.883372039724827e-05
283,14.15,-9.28659416965516e-06,-5.536948356193162e-06,-3.7496458134619986e-06,-5.6717083091023705e-05,4.7430488921368545e-05,-5.6717083091023705e-05,4.7430488921368545e-05
284,14.200000000000001,-1.2680896166461508e-05,-1.200953301198106e-05,-6.713631544804481e-07,-6.171423369985297e-05,4.903333753339146e-05,-6.171423369985297e-05,4.903333753339146e-05
285,14.25,-9.070246677955751e-06,-5.436623233221649e-06,-3.6336234447341024e-06,-5.6548036208276105e-05,4.7477789530320353e-05,-5.6548036208276105e-05,4.7477789530320353e-05
286,14.3,-7.71448291003729e-06,-5.071009338528727e-06,-2.643473571508563e-06,-5.657202366880717e-05,4.885754075876988e-05,-5.657202366880717e-05,4.885754075876988e-05
287,14.350000000000001,-8.83962573805519e-06,-5.085857429747235e-06,-3.753768308307955e-06,-5.6286719886746395e-05,4.7447094148691205e-05,-5.6286719886746395e-05,4.7447094148691205e-05
288,14.4,-8.493327882330703e-06,-4.7224566997770535e-06,-3.77087118255365e-06,-5.631278012514009e-05,4.781945224280939e-05,-5.631278012514009e-05,4.781945224280939e-05
289,14.450000000000001,-1.0027765335207661e-05,-1.1676313259364945e-05,1.648547924157284e-06,-6.109419404876562e-05,5.1066428713557956e-05,-6.109419404876562e-05,5.1066428713557956e-05
290,14.5,-9.220279647559337e-06,-4.6600129461410645e-06,-4.560266701418273e-06,-5.616729700275772e-05,4.6947017355198384e-05,-5.616729700275772e-05,4.6947017355198384e-05
291,14.55,-6.650946089870047e-06,-4.455456050695636e-06,-2.1954900391744104e-06,-5.601449444476287e-05,4.9363548354892826e-05,-5.601449444476287e-05,4.9363548354892826e-05
292,14.600000000000001,-6.699872196369583e-06,-4.496054579019503e-06,-2.2038176173500802e-06,-5.575236252055728e-05,4.9052490324187696e-05,-5.575236252055728e-05,4.9052490324187696e-05
293,14.65,-6.43235352248972e-06,-2.9680544069671964e-06,-3.4642991155225235e-06,-5.3613496522116143e-05,4.7181142999626423e-05,-5.3613496522116143e-05,4.7181142999626423e-05
294,14.700000000000001,-7.412964928565913e-06,-1.003175348342644e-05,2.618788554860528e-06,-5.852077946803749e-05,5.1107814539471575e-05,-5.852077946803749e-05,5.1107814539471575e-05
295,14.75,-4.156610184491427e-06,-2.923610326994486e-06,-1.2329998574969412e-06,-5.350455369099099e-05,4.934794350649956e-05,-5.350455369099099e-05,4.934794350649956e-05
296,14.8,8.858094413533024e-08,-2.9734194978347244e-06,3.0620004419700546e-06,-5.3268058816384826e-05,5.3356639760520156e-05,-5.3268058816384826e-05,5.3356639760520156e-05
297,14.850000000000001,-7.374153885297829e-07,-2.6253562312560365e-06,1.8879408427262536e-06,-5.331548326839284e-05,5.257806787986306e-05,-5.331548326839284e-05,5.257806787986306e-05
298,14.9,1.0914165782249796e-06,-2.422419754766e-06,3.5138363329909796e-06,-5.282264012146364e-05,5.391405669968862e-05,-5.282264012146364e-05,5.391405669968862e-05
299,14.950000000000001,-1.6548784456116294e-06,-9.777871717384513e-06,8.122993271772884e-06,-5.8666920331546246e-05,5.701204188593462e-05,-5.8666920331546246e-05,5.701204188593462e-05
300,15.0,-1.0515536954525118e-06,-3.388869224273444e-06,2.337315528820932e-06,-5.3695251509961695e-05,5.264369781450918e-05,-5.3695251509961695e-05,5.264369781450918e-05
301,15.05,-2.07644385930017e-06,-3.0560526642497537e-06,9.796088049495837e-07,-5.375574315685549e-05,5.167929929755532e-05,-5.375574315685549e-05,5.167929929755532e-05
302,15.100000000000001,-1.893868424751588e-06,-3.1192093252139656e-06,1.2253409004623776e-06,-5.3530393042112126e-05,5.163652461736054e-05,-5.3530393042112126e-05,5.163652461736054e-05
303,15.15,-1.5661670025313157e-06,-9.510797381103307e-06,7.944630378571991e-06,-5.8448423728063576e-05,5.688225672553226e-05,-5.8448423728063576e-05,5.688225672553226e-05
304,15.200000000000001,-1.698378985670601e-06,-2.9240817355870125e-06,1.2257027499164114e-06,-5.362326137520168e-05,5.192488238953108e-05,-5.362326137520168e-05,5.192488238953108e-05
305,15.25,-9.87281081776814e-07,-2.9881070481268995e-06,2.0008259663500854e-06,-5.3399949458289627e-05,5.241266837651281e-05,-5.3399949458289627e-05,5.241266837651281e-05
306,15.3,-2.024037944359236e-06,-2.6637384219176204e-06,6.397004775583844e-07,-5.346498886963077e-05,5.144095092527153e-05,-5.346498886963077e-05,5.144095092527153e-05
307,15.350000000000001,-2.2592969439738653e-06,-2.7608912166149053e-06,5.0159427264104e-07,-5.327124167782073e-05,5.101194473384687e-05,-5.327124167782073e-05,5.101194473384687e-05
308,15.4,-4.945677860357378e-06,-9.165797030860629e-06,4.2201191705032506e-06,-5.820058273310993e-05,5.325490487275255e-05,-5.820058273310993e-05,5.325490487275255e-05
309,15.450000000000001,-3.859075989876004e-06,-2.572805398311519e-06,-1.2862705915644852e-06,-5.307845917468071e-05,4.9219383184804705e-05,-5.307845917468071e-05,4.9219383184804705e-05
310,15.5,-2.2705204640871557e-06,-2.4067437725714717e-06,1.36223308484316e-07,-5.323605910386762e-05,5.096553863978047e-05,-5.323605910386762e-05,5.096553863978047e-05
311,15.55,-2.606980836983297e-06,-3.183671794073203e-06,5.766909570899062e-07,-5.3720127120329095e-05,5.11131462833458e-05,-5.3720127120329095e-05,5.11131462833458e-05
312,15.600000000000001,-3.5413187093880083e-06,-2.8669555227525672e-06,-6.743631866354411e-07,-5.378508127311196e-05,5.024376256372395e-05,-5.378508127311196e-05,5.024376256372395e-05
313,15.65,-5.473915919429473e-06,-9.658731119156515e-06,4.184815199727042e-06,-5.8765251797011624e-05,5.329133587758215e-05,-5.8765251797011624e-05,5.329133587758215e-05
314,15.700000000000001,-5.115680842493475e-06,-2.8349539379908833e-06,-2.280726904502592e-06,-5.340216994966082e-05,4.828648910716734e-05,-5.340216994966082e-05,4.828648910716734e-05
315,15.75,-3.8190273976557165e-06,-2.7204670678682246e-06,-1.098560329787492e-06,-5.36128363812543e-05,4.9793808983598585e-05,-5.36128363812543e-05,4.9793808983598585e-05
316,15.8,-3.5381170586656907e-06,-3.1970773084641267e-06,-3.4103975020156397e-07,-5.541280880656483e-05,5.187469174789914e-05,-5.541280880656483e-05,5.187469174789914e-05
317,15.850000000000001,-5.217916102528974e-06,-8.639595741920774e-06,3.4216796393917995e-06,-5.777478996965093e-05,5.255687386712196e-05,-5.777478996965093e-05,5.255687386712196e-05
318,15.9,-5.2228201516957284e-06,-2.9765895187280895e-06,-2.246230632967639e-06,-5.519636939428569e-05,4.9973549242589964e-05,-5.519636939428569e-05,4.9973549242589964e-05
319,15.950000000000001,-4.849808337370476e-06,-2.870844388227008e-06,-1.978963949143468e-06,-5.543713102926667e-05,5.0587322691896196e-05,-5.543713102926667e-05,5.0587322691896196e-05
320,16.0,-5.0978479841923274e-06,-2.741480608628899e-06,-2.3563673755634285e-06,-5.4400480162575296e-05,4.930263217838297e-05,-5.4400480162575296e-05,4.930263217838297e-05
321,16.05,-2.8102090599002594e-06,-8.884237616994316e-06,6.074028557094057e-06,-5.848023892056641e-05,5.567002986066615e-05,-5.848023892056641e-05,5.567002986066615e-05
322,16.1,-3.284499016542597e-06,-2.2498873937406653e-06,-1.0346116228019317e-06,-5.6470742372432e-05,5.3186243355889404e-05,-5.6470742372432e-05,5.3186243355889404e-05
323,16.150000000000002,-1.60329206577714e-06,-2.5494605510464204e-06,9.461684852692805e-07,-5.3941559462883685e-05,5.2338267397106545e-05,-5.3941559462883685e-05,5.2338267397106545e-05
324,16.2,-5.376335692197642e-07,-1.8331389363303315e-06,1.2955053671105672e-06,-5.4777720378117124e-05,5.424008680889736e-05,-5.4777720378117124e-05,5.424008680889736e-05
325,16.25,-8.430110085333453e-06,-9.065209382813597e-06,6.350992974801435e-07,-5.900789764121617e-05,5.057778755588272e-05,-5.900789764121617e-05,5.057778755588272e-05
326,16.3,-1.5132115271931923e-07,-2.009155184425151e-06,1.8578340317058318e-06,-5.43187061211669e-05,5.416738496844758e-05,-5.43187061211669e-05,5.416738496844758e-05
327,16.35,-1.3211631841869576e-06,-1.711235544510592e-06,3.9007236032363454e-07,-5.501321743342501e-05,5.369205424923805e-05,-5.501321743342501e-05,5.369205424923805e-05
328,16.400000000000002,-1.1573006564180588e-06,-1.8946533952113126e-06,7.373527387932538e-07,-5.3288627649276725e-05,5.2131326992858666e-05,-5.3288627649276725e-05,5.2131326992858666e-05
329,16.45,-8.316936450425416e-06,-8.599448620036102e-06,2.82512169610686e-07,-5.965318817594084e-05,5.133625172551542e-05,-5.965318817594084e-05,5.133625172551542e-05
330,16.5,-4.2312713022241155e-07,-1.1024983100256897e-06,6.793711798032782e-07,-5.447913094824977e-05,5.405600381802736e-05,-5.447913094824977e-05,5.405600381802736e-05
331,16.55,-7.767974685712886e-07,-1.4423851070739043e-06,6.655876385026157e-07,-5.297749497940872e-05,5.2200697510837434e-05,-5.297749497940872e-05,5.2200697510837434e-05
332,16.6,-3.475807163866307e-06,-2.3103783787209577e-06,-1.1654287851453492e-06,-5.3780926025581286e-05,5.030511886171498e-05,-5.3780926025581286e-05,5.030511886171498e-05
333,16.650000000000002,-7.345092660981933e-06,-7.648707023085015e-06,3.036143621030815e-07,-5.923584647834466e-05,5.1890753817362724e-05,-5.923584647834466e-05,5.1890753817362724e-05
334,16.7,2.789927784352386e-07,-1.418997598177705e-06,1.6979903766129437e-06,-5.301403450627232e-05,5.329302728470756e-05,-5.301403450627232e-05,5.329302728470756e-05
335,16.75,-2.6648719941846366e-07,-1.2732909908157464e-06,1.0068037913972827e-06,-5.4849326511721885e-05,5.458283931230342e-05,-5.4849326511721885e-05,5.458283931230342e-05
336,16.8,-1.260624772791985e-06,-1.5590296303385258e-06,2.984048575465407e-07,-5.322225249774904e-05,5.1961627724957056e-05,-5.322225249774904e-05,5.1961627724957056e-05
337,16.85,-6.997067596437034e-06,-7.718226824394284e-06,7.211592279572493e-07,-5.9093940533901214e-05,5.209687293746418e-05,-5.9093940533901214e-05,5.209687293746418e-05
338,16.900000000000002,-3.399551389282607e-07,-6.832867566349275e-07,3.4333161770666686e-07,-5.4323277422388794e-05,5.3983322283460533e-05,-5.4323277422388794e-05,5.3983322283460533e-05
339,16.95,-9.830980411962287e-07,-1.618709616406048e-06,6.356115752098192e-07,-5.3416188308343675e-05,5.2433090267147446e-05,-5.3416188308343675e-05,5.2433090267147446e-05
340,17.0,-1.8705976945199154e-06,-1.3864805296803798e-06,-4.841171648395356e-07,-5.3163324343081485e-05,5.129272664856157e-05,-5.3163324343081485e-05,5.129272664856157e-05
341,17.05,-7.832097050686215e-06,-7.423601561390399e-06,-4.0849548929581655e-07,-5.925578218054865e-05,5.1423685129862435e-05,-5.925578218054865e-05,5.1423685129862435e-05
342,17.1,-4.019620296613624e-07,-1.0431272969200145e-06,6.411652672586521e-07,-5.2889774463466856e-05,5.248781243380549e-05,-5.2889774463466856e-05,5.248781243380549e-05
343,17.150000000000002,-9.805116274463899e-09,-3.114045723175244e-07,3.015994560430605e-07,-5.416116691262441e-05,5.415136179634995e-05,-5.416116691262441e-05,5.415136179634995e-05
344,17.2,-1.5819992271737249e-06,-1.8708976884773876e-06,2.888984613036627e-07,-5.377897598108483e-05,5.21969767539111e-05,-5.377897598108483e-05,5.21969767539111e-05
345,17.25,-7.014336422361822e-06,-7.531833718697145e-06,5.174972963353226e-07,-5.9136018804720406e-05,5.2121682382358584e-05,-5.9136018804720406e-05,5.2121682382358584e-05
346,17.3,5.165416094854436e-09,-5.234129945988301e-07,5.285784106936846e-07,-5.405018622114255e-05,5.4055351637237405e-05,-5.405018622114255e-05,5.4055351637237405e-05
347,17.35,-4.81776047722704e-07,-1.4867872080036436e-07,-3.3309732692233966e-07,-5.408787144191259e-05,5.3606095394189884e-05,-5.408787144191259e-05,5.3606095394189884e-05
348,17.400000000000002,-1.5332726757133486e-06,-1.4201359724446385e-06,-1.1313670326871006e-07,-5.3047354621004256e-05,5.151408194529091e-05,-5.3047354621004256e-05,5.151408194529091e-05
349,17.45,-8.226820138901303e-06,-8.726410880258976e-06,4.995907413576728e-07,-5.8641382224896316e-05,5.041456208599501e-05,-5.8641382224896316e-05,5.041456208599501e-05
350,17.5,-6.12894765605887e-07,-4.149390059855069e-07,-1.9795575962038003e-07,-5.4031865786039695e-05,5.341897102043381e-05,-5.4031865786039695e-05,5.341897102043381e-05
351,17.55,-1.5977274641088002e-06,-1.324324167126112e-06,-2.734032969826881e-07,-5.310649990988192e-05,5.150877244577312e-05,-5.310649990988192e-05,5.150877244577312e-05
352,17.6,-8.913578372293784e-06,-7.694678199642787e-06,-1.2189001726509978e-06,-5.944445535512492e-05,5.0530876982831135e-05,-5.944445535512492e-05,5.0530876982831135e-05
353,17.650000000000002,-1.4188590911068388e-06,-1.084344554798244e-06,-3.345145363085948e-07,-5.289602101565396e-05,5.1477161924547123e-05,-5.289602101565396e-05,5.1477161924547123e-05
354,17.7,-2.0969299574513656e-06,-1.1151101427963713e-06,-9.818198146549942e-07,-5.4575797116425565e-05,5.24788671589742e-05,-5.4575797116425565e-05,5.24788671589742e-05
355,17.75,-3.875855181023624e-06,-1.7365241020944653e-06,-2.139331078929159e-06,-5.395997280050037e-05,5.008411761947674e-05,-5.395997280050037e-05,5.008411761947674e-05
356,17.8,-9.458335815892838e-06,-7.81155006826483e-06,-1.6467857476280081e-06,-5.798567094022429e-05,4.8527335124331454e-05,-5.798567094022429e-05,4.8527335124331454e-05
357,17.85,-2.671601485149111e-06,-8.886129700101151e-07,-1.7829885151389958e-06,-5.476729676832727e-05,5.209569528317816e-05,-5.476729676832727e-05,5.209569528317816e-05
358,17.900000000000002,-3.321133559941458e-06,-1.286678789551047e-06,-2.0344547703904113e-06,-5.3334174415009394e-05,5.0013040855067935e-05,-5.3334174415009394e-05,5.0013040855067935e-05
359,17.95,-4.658379694877368e-06,-1.890722310705499e-06,-2.767657384171869e-06,-5.549232694541014e-05,5.083394725053277e-05,-5.549232694541014e-05,5.083394725053277e-05
360,18.0,-1.0719203748177364e-05,-8.199631465273904e-06,-2.51957228290346e-06,-6.026271889625314e-05,4.954351514807578e-05,-6.026271889625314e-05,4.954351514807578e-05
361,18.05,-1.6246394358709892e-06,-1.7100597308063847e-06,8.542029493539541e-08,-5.380616447305844e-05,5.2181525037187454e-05,-5.380616447305844e-05,5.2181525037187454e-05
362,18.1,-1.940898120000867e-06,-1.4748904223674224e-06,-4.660076976334444e-07,-5.3642492977967495e-05,5.170159485796663e-05,-5.3642492977967495e-05,5.170159485796663e-05
363,18.150000000000002,-3.3626814945897365e-06,-1.4926962445974497e-06,-1.8699852499922869e-06,-5.556854733868161e-05,5.220586584409187e-05,-5.556854733868161e-05,5.220586584409187e-05
364,18.2,-1.0077136176622759e-05,-8.675407068633439e-06,-1.4017291079893195e-06,-5.910895363400715e-05,4.903181745738439e-05,-5.910895363400715e-05,4.903181745738439e-05
365,18.25,-1.99284162394342e-06,-9.336607611300947e-07,-1.059180862813325e-06,-5.506757864360823e-05,5.307473701966481e-05,-5.506757864360823e-05,5.307473701966481e-05
366,18.3,-1.701104351603533e-06,-1.2461841958116253e-06,-4.5492015579190765e-07,-5.354430478979658e-05,5.1843200438193046e-05,-5.354430478979658e-05,5.1843200438193046e-05
367,18.35,-2.7966463782558293e-06,-1.4744084693765849e-06,-1.3222379088792444e-06,-5.5315224782009915e-05,5.2518578403754086e-05,-5.5315224782009915e-05,5.2518578403754086e-05
368,18.400000000000002,-9.692055608079286e-06,-8.545864624848728e-06,-1.1461909832305583e-06,-5.90792986606312e-05,4.9387243052551914e-05,-5.90792986606312e-05,4.9387243052551914e-05
369,18.45,-5.076611839793799e-07,-3.3047206976416883e-07,-1.7718911421521104e-07,-5.3289176491595384e-05,5.2781515307616004e-05,-5.3289176491595384e-05,5.2781515307616004e-05
370,18.5,-2.0413130572549676e-06,-1.0314867388424903e-06,-1.0098263184124773e-06,-5.3420854183700124e-05,5.137954112644516e-05,-5.3420854183700124e-05,5.137954112644516e-05
371,18.55,-8.719289367853378e-06,-7.243068170431313e-06,-1.4762211974220647e-06,-5.830006374793023e-05,4.958077438007685e-05,-5.830006374793023e-05,4.958077438007685e-05
372,18.6,-9.0313607792325e-07,-7.548098043844449e-07,-1.483262735388051e-07,-5.183553907844724e-05,5.093240300052399e-05,-5.183553907844724e-05,5.093240300052399e-05
373,18.650000000000002,-1.876043893123125e-06,-6.577894814012099e-07,-1.218254411721915e-06,-5.463283587913532e-05,5.2756791986012194e-05,-5.463283587913532e-05,5.2756791986012194e-05
374,18.7,-2.462727698659961e-06,-6.80341761098492e-07,-1.7823859375614691e-06,-5.3701994040744194e-05,5.123926634208423e-05,-5.3701994040744194e-05,5.123926634208423e-05
375,18.75,-1.0359178430174865e-05,-8.268965381527478e-06,-2.090213048647387e-06,-5.893920795121638e-05,4.8580029521041515e-05,-5.893920795121638e-05,4.8580029521041515e-05
376,18.8,-8.045905834919154e-07,-2.4722542692791914e-07,-5.573651565639962e-07,-5.295530712920419e-05,5.215071654571227e-05,-5.295530712920419e-05,5.215071654571227e-05
377,18.85,-2.8289752882493246e-06,-1.1669856052862052e-06,-1.6619896829631194e-06,-5.227780939996492e-05,4.9448834111715595e-05,-5.227780939996492e-05,4.9448834111715595e-05
378,18.900000000000002,-1.949487729913102e-06,-1.0535763992554277e-06,-8.959113306576743e-07,-5.541060014463431e-05,5.346111241472121e-05,-5.541060014463431e-05,5.346111241472121e-05
379,18.95,-9.289233443343647e-06,-7.653067617161075e-06,-1.6361658261825729e-06,-5.711585193951996e-05,4.782661849617631e-05,-5.711585193951996e-05,4.782661849617631e-05
380,19.0,-8.471094594675321e-07,3.408503553376615e-08,-8.811944950012983e-07,-5.308461248210669e-05,5.2237503022639155e-05,-5.308461248210669e-05,5.2237503022639155e-05
381,19.05,-6.150125029247278e-07,-7.578750543548709e-07,1.4286255143014317e-07,-5.331003017113713e-05,5.26950176682124e-05,-5.331003017113713e-05,5.26950176682124e-05
382,19.1,-2.6087271647323718e-06,-6.246170919011687e-07,-1.984110072831203e-06,-5.34331287035522e-05,5.0824401538819826e-05,-5.34331287035522e-05,5.0824401538819826e-05
383,19.150000000000002,-8.761329603368395e-06,-7.960833091440209e-06,-8.004965119281863e-07,-5.911647309229861e-05,5.035514348893021e-05,-5.911647309229861e-05,5.035514348893021e-05
384,19.200000000000003,-1.0365867377792881e-06,2.6032205021133214e-08,-1.0626189428004212e-06,-5.2820286514628563e-05,5.1783699776849275e-05,-5.2820286514628563e-05,5.1783699776849275e-05
385,19.25,-1.6102676394513793e-06,-9.315302318636921e-08,-1.51711461626501e-06,-5.1437683525623846e-05,4.982741588617247e-05,-5.1437683525623846e-05,4.982741588617247e-05
386,19.3,-8.61498015725104e-06,-7.300985135732457e-06,-1.3139950215185825e-06,-5.9862093533042514e-05,5.1247113375791474e-05,-5.9862093533042514e-05,5.1247113375791474e-05
387,19.35,-1.2128467901106887e-06,-3.2429989178590156e-07,-8.885468983247872e-07,-5.1634516469153835e-05,5.0421669679043146e-05,-5.1634516469153835e-05,5.0421669679043146e-05
388,19.400000000000002,-8.414182186555763e-07,3.3378548120413086e-07,-1.1752036998597073e-06,-5.292876600691662e-05,5.2087347788261045e-05,-5.292876600691662e-05,5.2087347788261045e-05
389,19.450000000000003,3.891942151668104e-06,-4.795177921673447e-07,4.3714599438354486e-06,-5.3163748518873686e-05,5.705569067054179e-05,-5.3163748518873686e-05,5.705569067054179e-05
390,19.5,-1.2977929322754989e-05,-7.5246969706169855e-06,-5.453232352138003e-06,-5.7163442358448064e-05,4.4185513035693075e-05,-5.7163442358448064e-05,4.4185513035693075e-05
391,19.55,-1.3193102654796007e-07,-2.4166811092899153e-07,1.0973708438103146e-07,-5.4765836504486096e-05,5.4633905477938136e-05,-5.4765836504486096e-05,5.4633905477938136e-05
392,19.6,3.7443586267116302e-06,-1.0309662237423561e-07,3.847455249085866e-06,-5.156924949313214e-05,5.531360811984377e-05,-5.156924949313214e-05,5.531360811984377e-05
393,19.650000000000002,-1.0526467733029676e-05,-5.887039698178346e-06,-4.639428034851331e-06,-5.7398589734484033e-05,4.687212200145436e-05,-5.7398589734484033e-05,4.687212200145436e-05
394,19.700000000000003,6.233881384432038e-07,-2.2124830980975997e-06,2.8358712365408035e-06,-5.689124655682766e-05,5.751463469527087e-05,-5.689124655682766e-05,5.751463469527087e-05
395,19.75,2.091413774163442e-06,-1.1223919499547363e-06,3.2138057241181785e-06,-5.614745232798062e-05,5.8238866102144065e-05,-5.614745232798062e-05,5.8238866102144065e-05
396,19.8,1.6405206080261081e-06,-9.181288025261441e-07,2.558649410552252e-06,-5.5984215693540514e-05,5.762473630156662e-05,-5.5984215693540514e-05,5.762473630156662e-05
397,19.85,-1.3928058732348703e-05,-8.50650013914373e-06,-5.4215585932049734e-06,-6.154145948820816e-05,4.761340075585945e-05,-6.154145948820816e-05,4.761340075585945e-05
398,19.900000000000002,9.57107283872105e-07,-1.3349092794368234e-06,2.2920165633089285e-06,-5.480025964332416e-05,5.5757366927196263e-05,-5.480025964332416e-05,5.5757366927196263e-05
399,19.950000000000003,1.996975719009697e-06,-1.1066856018624315e-06,3.1036613208721287e-06,-5.570841776107823e-05,5.7705393480087926e-05,-5.570841776107823e-05,5.7705393480087926e-05
400,20.0,-1.1021861465509986e-05,-6.048271624917374e-06,-4.973589840592612e-06,-5.4157871444532905e-05,4.313600997902292e-05,-5.4157871444532905e-05,4.313600997902292e-05
401,20.05,1.7463849171228674e-06,-5.019367336641117e-07,2.248321650786979e-06,-5.410074455663852e-05,5.5847129473761386e-05,-5.410074455663852e-05,5.5847129473761386e-05
402,20.1,1.4017302429891743e-06,-1.3731266307402404e-06,2.774856873729415e-06,-5.43835842828044e-05,5.5785314525793575e-05,-5.43835842828044e-05,5.5785314525793575e-05
403,20.150000000000002,-1.2984503400259584e-05,-6.560303720604514e-06,-6.4241996796550695e-06,-5.8371596077018976e-05,4.538709267675939e-05,-5.8371596077018976e-05,4.538709267675939e-05
404,20.200000000000003,1.3898016868463259e-06,-1.4551941709683269e-06,2.844995857814653e-06,-5.4398912633366614e-05,5.578871432021294e-05,-5.4398912633366614e-05,5.578871432021294e-05
405,20.25,1.9366482668647933e-06,-3.4945950407627924e-07,2.2861077709410727e-06,-5.3611010712922864e-05,5.554765897978766e-05,-5.3611010712922864e-05,5.554765897978766e-05
406,20.3,-1.2621524488443114e-05,-6.328807560382619e-06,-6.292716928060495e-06,-5.809867060604559e-05,4.547714611760247e-05,-5.809867060604559e-05,4.547714611760247e-05
407,20.35,1.1520839502399127e-06,-1.413871993409156e-06,2.5659559436490687e-06,-5.431454748495727e-05,5.546663143519718e-05,-5.431454748495727e-05,5.546663143519718e-05
408,20.400000000000002,1.701952338617474e-06,-2.3942769293916616e-07,1.9413800315566402e-06,-5.345603029211768e-05,5.5157982630735156e-05,-5.345603029211768e-05,5.5157982630735156e-05
409,20.450000000000003,1.2906358255460049e-06,-1.003867210900149e-06,2.2945030364461537e-06,-5.396896360791598e-05,5.525959943346199e-05,-5.396896360791598e-05,5.525959943346199e-05
410,20.5,-1.0816949402414622e-05,-6.149286885043599e-06,-4.667662517371023e-06,-5.583212388975707e-05,4.501517448734245e-05,-5.583212388975707e-05,4.501517448734245e-05
411,20.55,9.733689809721113e-07,-5.781895391578224e-07,1.5515585201299338e-06,-5.223689178626854e-05,5.321026076724065e-05,-5.223689178626854e-05,5.321026076724065e-05
412,20.6,2.4009437842309467e-06,-5.086528802996964e-07,2.909596664530643e-06,-5.529675373967474e-05,5.769769752390569e-05,-5.529675373967474e-05,5.769769752390569e-05
413,20.650000000000002,-1.2239103462263756e-05,-6.667171719008801e-06,-5.571931743254955e-06,-5.6733356082971086e-05,4.449425262070733e-05,-5.6733356082971086e-05,4.449425262070733e-05
414,20.700000000000003,1.1175011063180307e-06,-7.736712560975714e-07,1.8911723624156021e-06,-5.5150526238314195e-05,5.6268027344632225e-05,-5.5150526238314195e-05,5.6268027344632225e-05
415,20.75,1.0003382366896574e-06,1.0462695627795476e-07,8.957112804117026e-07,-5.308409213042018e-05,5.4084430367109835e-05,-5.308409213042018e-05,5.4084430367109835e-05
416,20.8,-1.2380451513305246e-05,-6.1816982913971546e-06,-6.198753221908092e-06,-5.655358042995514e-05,4.4173128916649896e-05,-5.655358042995514e-05,4.4173128916649896e-05
417,20.85,5.563331122449e-07,-6.206395188616866e-07,1.1769726311065867e-06,-5.497411020913284e-05,5.553044332137774e-05,-5.497411020913284e-05,5.553044332137774e-05
418,20.900000000000002,-1.7868834611967088e-07,-2.556019337975646e-08,-1.5312815273991442e-07,-5.1696558325182854e-05,5.151786997906318e-05,-5.1696558325182854e-05,5.151786997906318e-05
419,20.950000000000003,-1.0585857662004372e-05,-6.535900822623368e-06,-4.049956839381004e-06,-5.947714750398261e-05,4.8891289841978235e-05,-5.947714750398261e-05,4.8891289841978235e-05
420,21.0,3.3260663669931745e-06,-4.430222471963421e-07,3.7690886141895165e-06,-5.207126659267216e-05,5.539733295966534e-05,-5.207126659267216e-05,5.539733295966534e-05
421,21.05,2.2994702231216024e-06,-5.562373596171206e-07,2.855707582738723e-06,-5.527974423104058e-05,5.7579214454162184e-05,-5.527974423104058e-05,5.7579214454162184e-05
422,21.1,-7.389139076385831e-06,-5.242484590947849e-06,-2.146654485437982e-06,-5.328844041562045e-05,4.589930133923462e-05,-5.328844041562045e-05,4.589930133923462e-05
423,21.150000000000002,2.516491181214775e-06,-7.914397305212073e-08,2.595635154266896e-06,-5.317396984136868e-05,5.5690461022583455e-05,-5.317396984136868e-05,5.5690461022583455e-05
424,21.200000000000003,2.1847800240060167e-06,-5.9052091617775e-07,2.7753009401837667e-06,-5.49370598738814e-05,5.7121839897887415e-05,-5.49370598738814e-05,5.7121839897887415e-05
425,21.25,-1.085338135231595e-05,-5.729454059312915e-06,-5.123927293003034e-06,-5.607350609910294e-05,4.522012474678699e-05,-5.607350609910294e-05,4.522012474678699e-05
426,21.3,2.2224173668039526e-06,-6.9044017241462e-07,2.9128575392185725e-06,-5.497643412899936e-05,5.7198851495803314e-05,-5.497643412899936e-05,5.7198851495803314e-05
427,21.35,8.358659637774934e-07,-5.881027359226028e-07,1.4239686997000963e-06,-5.2217777809767716e-05,5.305364377354521e-05,-5.2217777809767716e-05,5.305364377354521e-05
428,21.400000000000002,7.22274398512468e-07,-6.04357700077207e-07,1.326632098589675e-06,-5.4023732951880607e-05,5.4746007350393075e-05,-5.4023732951880607e-05,5.4746007350393075e-05
429,21.450000000000003,-1.0295061670717587e-05,-6.991780327179294e-06,-3.303281343538293e-06,-5.701155508360608e-05,4.6716493412888494e-05,-5.701155508360608e-05,4.6716493412888494e-05
430,21.5,1.02410611191317e-06,-8.059757905571607e-07,1.8300819024703308e-06,-5.3899437510743136e-05,5.4923543622656306e-05,-5.3899437510743136e-05,5.4923543622656306e-05
431,21.55,-1.5597247493559507e-08,-5.611748840272537e-07,5.455776365336942e-07,-5.406099404122773e-05,5.404539679373417e-05,-5.406099404122773e-05,5.404539679373417e-05
432,21.6,-1.0957795998800535e-05,-6.826162315744757e-06,-4.131633683055778e-06,-5.6943203517680756e-05,4.598540751888022e-05,-5.6943203517680756e-05,4.598540751888022e-05
433,21.650000000000002,3.544627691365321e-07,-7.666444711441285e-07,1.1211072402806607e-06,-5.394161737149017e-05,5.42960801406267e-05,-5.394161737149017e-05,5.42960801406267e-05
434,21.700000000000003,-4.5890867106379574e-08,-8.740541173011701e-07,8.281632501947905e-07,-5.26422003405049e-05,5.259630947339852e-05,-5.26422003405049e-05,5.259630947339852e-05
435,21.75,-1.198563194870772e-05,-6.2189217986756235e-06,-5.766710150032097e-06,-5.8073883441549405e-05,4.6088251492841685e-05,-5.8073883441549405e-05,4.6088251492841685e-05
436,21.8,-2.3360276069084307e-07,-1.0014774030592236e-06,7.678746423683806e-07,-5.279370916092008e-05,5.2560106400229236e-05,-5.279370916092008e-05,5.2560106400229236e-05
437,21.85,-1.1082946118623482e-06,-5.00300774736442e-07,-6.079938371259062e-07,-5.4180485001717965e-05,5.307219038985562e-05,-5.4180485001717965e-05,5.307219038985562e-05
438,21.900000000000002,-1.1913241590777446e-05,-6.476825171618106e-06,-5.43641641915934e-06,-5.6793982701650234e-05,4.488074111087279e-05,-5.6793982701650234e-05,4.488074111087279e-05
439,21.950000000000003,1.6770874711191652e-07,-6.936331108820873e-07,8.613418579940038e-07,-5.405023490574737e-05,5.421794365285929e-05,-5.405023490574737e-05,5.421794365285929e-05
440,22.0,5.585119853268594e-07,-4.617055639311262e-07,1.0202175492579855e-06,-5.422220893360056e-05,5.478072091892742e-05,-5.422220893360056e-05,5.478072091892742e-05
441,22.05,-1.3218317434393612e-05,-6.328866472000947e-06,-6.889450962392665e-06,-5.674184171672815e-05,4.3523524282334536e-05,-5.674184171672815e-05,4.3523524282334536e-05
442,22.1,1.969442556815082e-06,-6.568570747701963e-07,2.6262996315852784e-06,-5.409453819361988e-05,5.606398075043496e-05,-5.409453819361988e-05,5.606398075043496e-05
443,22.150000000000002,3.0831441364398415e-06,-7.55654847366011e-07,3.8387989838058525e-06,-5.279851378774007e-05,5.588165792417991e-05,-5.279851378774007e-05,5.588165792417991e-05
444,22.200000000000003,-1.1682091171083542e-05,-5.7837840544766665e-06,-5.898307116606875e-06,-5.791991316152028e-05,4.623782199043674e-05,-5.791991316152028e-05,4.623782199043674e-05
445,22.25,3.3088609427966986e-06,-8.884753650327266e-07,4.197336307829425e-06,-5.295521744561312e-05,5.626407838840982e-05,-5.295521744561312e-05,5.626407838840982e-05
446,22.3,2.02505610724657e-06,-4.747250990472408e-08,2.072528617151294e-06,-5.3984929775523564e-05,5.6009985882770134e-05,-5.3984929775523564e-05,5.6009985882770134e-05
447,22.35,-1.109424762457678e-05,-6.044319131373166e-06,-5.0499284932036145e-06,-5.6644339915187626e-05,4.5550092290610846e-05,-5.6644339915187626e-05,4.5550092290610846e-05
448,22.400000000000002,3.3364942704228184e-06,-5.884048201467593e-07,3.924899090569578e-06,-5.4193217662852194e-05,5.752971193327501e-05,-5.4193217662852194e-05,5.752971193327501e-05
449,22.450000000000003,2.9650828861083056e-06,-4.081652319737095e-07,3.3732481180820152e-06,-5.4077923361983686e-05,5.704300624809199e-05,-5.4077923361983686e-05,5.704300624809199e-05
450,22.5,-1.2825296763052663e-05,-5.518319334195891e-06,-7.306977428856772e-06,-5.650349911698126e-05,4.36782023539286e-05,-5.650349911698126e-05,4.36782023539286e-05
451,22.55,2.9243203112372385e-06,-5.548884303027668e-07,3.4792087415400054e-06,-5.422490492225872e-05,5.714922523349596e-05,-5.422490492225872e-05,5.714922523349596e-05
452,22.6,2.2438635018939834e-06,-6.469906589238445e-07,2.890854160817828e-06,-5.292747609318482e-05,5.51713395950788e-05,-5.292747609318482e-05,5.51713395950788e-05
453,22.650000000000002,-1.2638720782165436e-05,-5.063608643036198e-06,-7.5751121391292375e-06,-5.744033969259653e-05,4.48016189104311e-05,-5.744033969259653e-05,4.48016189104311e-05
454,22.700000000000003,2.4607934689946376e-06,-7.845608179436509e-07,3.2453542869382883e-06,-5.30779389413033e-05,5.553873241029794e-05,-5.30779389413033e-05,5.553873241029794e-05
455,22.75,4.094908431673261e-06,-3.3898664682076487e-07,4.433895078494026e-06,-5.415849026827564e-05,5.82533986999489e-05,-5.415849026827564e-05,5.82533986999489e-05
456,22.8,-1.1238573366378901e-05,-4.961624101050725e-06,-6.2769492653281764e-06,-5.741387683126025e-05,4.617530346488135e-05,-5.741387683126025e-05,4.617530346488135e-05
457,22.85,3.7054913002432244e-06,-7.484388141086313e-07,4.453930114351855e-06,-5.311506183818831e-05,5.682055313843154e-05,-5.311506183818831e-05,5.682055313843154e-05
458,22.900000000000002,3.680588516852268e-06,-2.986637078497141e-07,3.979252224701982e-06,-5.418595773645656e-05,5.7866546253308826e-05,-5.418595773645656e-05,5.7866546253308826e-05
459,22.950000000000003,-1.1316906911584823e-05,-5.481498883367261e-06,-5.835408028217562e-06,-5.637377118326457e-05,4.505686427167975e-05,-5.637377118326457e-05,4.505686427167975e-05
460,23.0,2.730996198518909e-06,-7.413962693378972e-07,3.4723924678568063e-06,-5.4939281805407464e-05,5.767027800392637e-05,-5.4939281805407464e-05,5.767027800392637e-05
461,23.05,1.7106601895022777e-06,-4.595868231819755e-07,2.1702470126842534e-06,-5.296630762403989e-05,5.467696781354217e-05,-5.296630762403989e-05,5.467696781354217e-05
462,23.1,-9.898504160110733e-06,-5.040564585268401e-06,-4.857939574842331e-06,-5.7649401525324176e-05,4.775089736521344e-05,-5.7649401525324176e-05,4.775089736521344e-05
463,23.150000000000002,1.078374227914125e-06,-5.74525664645997e-07,1.652899892560122e-06,-5.309084225531218e-05,5.4169216483226306e-05,-5.309084225531218e-05,5.4169216483226306e-05
464,23.200000000000003,1.6497342036903007e-06,-5.123116557535177e-07,2.1620458594438184e-06,-5.454372466785448e-05,5.619345887154478e-05,-5.454372466785448e-05,5.619345887154478e-05
465,23.25,-5.925696846986739e-06,-5.235658608662479e-06,-6.900382383242596e-07,-5.6285157615111244e-05,5.0359460768124505e-05,-5.6285157615111244e-05,5.0359460768124505e-05
466,23.3,4.401404049003688e-06,-2.8698592375891615e-07,4.688389972762604e-06,-5.462571079857531e-05,5.9027114847579e-05,-5.462571079857531e-05,5.9027114847579e-05
467,23.35,3.6087521029237735e-06,-3.3248944472089167e-07,3.9412415476446654e-06,-5.298220626524346e-05,5.6590958368167234e-05,-5.298220626524346e-05,5.6590958368167234e-05
468,23.400000000000002,-6.534171553607138e-06,-5.196421801485284e-06,-1.3377497521218533e-06,-5.795278739957638e-05,5.141861584596924e-05,-5.795278739957638e-05,5.141861584596924e-05
469,23.450000000000003,3.5628229313466875e-06,-4.773534084460222e-07,4.04017633979271e-06,-5.313308925195993e-05,5.669591218330662e-05,-5.313308925195993e-05,5.669591218330662e-05
470,23.5,3.3515687631879842e-06,-1.2879430855520234e-08,3.3644481940435045e-06,-5.417991721111825e-05,5.7531485974306236e-05,-5.417991721111825e-05,5.7531485974306236e-05
471,23.55,-5.4199085857131735e-06,-4.7171892921019904e-06,-7.02719293611183e-07,-5.7211398300499805e-05,5.179148971478663e-05,-5.7211398300499805e-05,5.179148971478663e-05
472,23.6,3.831325204428637e-06,-1.498800880896411e-07,3.9812052925182785e-06,-5.461175544443897e-05,5.8443080648867605e-05,-5.461175544443897e-05,5.8443080648867605e-05
473,23.650000000000002,1.2801456257260924e-06,-6.628379758019996e-07,1.942983601528092e-06,-5.344538031145391e-05,5.4725525937180006e-05,-5.344538031145391e-05,5.4725525937180006e-05
474,23.700000000000003,-5.7751228927926945e-06,-4.9323705671147146e-06,-8.4275232567798e-07,-5.6203637631973104e-05,5.042851473918041e-05,-5.6203637631973104e-05,5.042851473918041e-05
475,23.75,3.49832471524536e-06,-1.2702853306359324e-07,3.6253532483089534e-06,-5.4662512728666415e-05,5.8160837443911775e-05,-5.4662512728666415e-05,5.8160837443911775e-05
476,23.8,2.6798040702047388e-06,-1.9202999289456481e-07,2.8718340630993034e-06,-5.304716355981859e-05,5.572696763002333e-05,-5.304716355981859e-05,5.572696763002333e-05
477,23.85,-5.738150570033795e-06,-4.9392564901371285e-06,-7.988940798966669e-07,-5.7959090376505276e-05,5.222093980647148e-05,-5.7959090376505276e-05,5.222093980647148e-05
478,23.900000000000002,2.327505747468095e-06,-7.34741986904419e-07,3.062247734372514e-06,-5.3618763661430953e-05,5.594626940889905e-05,-5.3618763661430953e-05,5.594626940889905e-05
479,23.950000000000003,3.720121712902369e-07,-7.220102680215634e-07,1.0940224393118002e-06,-5.5110463939618675e-05,5.548247611090891e-05,-5.5110463939618675e-05,5.548247611090891e-05
480,24.0,-6.35384816893847e-06,-4.839988606921145e-06,-1.5138595620173249e-06,-5.757301239299085e-05,5.121916422405238e-05,-5.757301239299085e-05,5.121916422405238e-05
481,24.05,2.1216366135057285e-06,-3.8028783066155474e-07,2.5019244441672834e-06,-5.473895094935644e-05,5.686058756286217e-05,-5.473895094935644e-05,5.686058756286217e-05
482,24.1,2.1628188568989515e-06,-2.0653612895898866e-07,2.36935498585794e-06,-5.495980420113717e-05,5.712262305803612e-05,-5.495980420113717e-05,5.712262305803612e-05
483,24.150000000000002,-6.839095110233728e-06,-5.059593143826537e-06,-1.779501966407191e-06,-5.6576588903469137e-05,4.973749379323541e-05,-5.6576588903469137e-05,4.973749379323541e-05
484,24.200000000000003,1.799585359396616e-06,-3.03330893337287e-07,2.102916252733903e-06,-5.472507336479281e-05,5.652465872418943e-05,-5.472507336479281e-05,5.652465872418943e-05
485,24.25,1.3661210855886452e-06,-3.79357099266766e-07,1.745478184855411e-06,-5.344098650666751e-05,5.4807107592256155e-05,-5.344098650666751e-05,5.4807107592256155e-05
486,24.3,-6.4117183846690295e-06,-4.6251941506854796e-06,-1.78652423398355e-06,-5.780987650709457e-05,5.139815812242554e-05,-5.780987650709457e-05,5.139815812242554e-05
487,24.35,-4.1345958168292896e-07,-1.0101572472086576e-06,5.966976655257286e-07,-5.408131905801343e-05,5.36678594763305e-05,-5.408131905801343e-05,5.36678594763305e-05
488,24.400000000000002,-6.7861763284327026e-06,-4.180918078025665e-06,-2.6052582504070377e-06,-5.7375884190855575e-05,5.058970786242287e-05,-5.7375884190855575e-05,5.058970786242287e-05
489,24.450000000000003,1.4626432149889013e-06,-3.044288059270259e-08,1.493086095581604e-06,-5.297543797256071e-05,5.443808118754961e-05,-5.297543797256071e-05,5.443808118754961e-05
490,24.5,1.5539209030634993e-06,-1.2195500378034273e-07,1.675875906843842e-06,-5.46972300812006e-05,5.62511509842641e-05,-5.46972300812006e-05,5.62511509842641e-05
491,24.55,-8.21639994041945e-06,-5.506694037106838e-06,-2.7097059033126115e-06,-5.695593146905894e-05,4.873953152863949e-05,-5.695593146905894e-05,4.873953152863949e-05
492,24.6,2.3551309769054285e-06,3.974050072823066e-07,1.957725969623122e-06,-5.42791549732655e-05,5.663428595017093e-05,-5.42791549732655e-05,5.663428595017093e-05
493,24.650000000000002,1.4361951303776266e-06,-1.621832808567497e-07,1.5983784112343763e-06,-5.3322863194484114e-05,5.475905832486174e-05,-5.3322863194484114e-05,5.475905832486174e-05
494,24.700000000000003,-8.063971975502682e-06,-4.68036966960743e-06,-3.3836023058952514e-06,-5.76393416857277e-05,4.957536971022502e-05,-5.76393416857277e-05,4.957536971022502e-05
495,24.75,6.59773600197866e-07,-5.756210456105401e-07,1.2353946458084061e-06,-5.5107466905292653e-05,5.576724050549052e-05,-5.5107466905292653e-05,5.576724050549052e-05
496,24.8,-7.112151637178599e-06,-4.077033813131209e-06,-3.03511782404739e-06,-5.5709273154362605e-05,4.8597121517184006e-05,-5.5709273154362605e-05,4.8597121517184006e-05
497,24.85,1.7394041578189245e-06,5.317652221363409e-07,1.2076389356825836e-06,-5.382888381825001e-05,5.5568287976068936e-05,-5.382888381825001e-05,5.5568287976068936e-05
498,24.900000000000002,-7.746542340925089e-08,-9.642710515269665e-07,8.868056281177156e-07,-5.531265261731656e-05,5.523518719390731e-05,-5.531265261731656e-05,5.523518719390731e-05
499,24.950000000000003,-8.302112654456906e-06,-4.430979953389149e-06,-3.871132701067757e-06,-5.731450175251088e-05,4.901238909805397e-05,-5.731450175251088e-05,4.901238909805397e-05
500,25.0,1.504414758768391e-06,7.217831038818303e-07,7.826316548865607e-07,-5.361740745508049e-05,5.512182221384888e-05,-5.361740745508049e-05,5.512182221384888e-05
501,25.05,1.376784511286644e-06,2.1239940183067268e-07,1.1643851094559713e-06,-5.4658629170566575e-05,5.603541368185322e-05,-5.4658629170566575e-05,5.603541368185322e-05
502,25.1,-8.485941048075318e-06,-5.310268606317512e-06,-3.1756724417578067e-06,-5.679286154071969e-05,4.830692049264437e-05,-5.679286154071969e-05,4.830692049264437e-05
503,25.150000000000002,1.2583036137492343e-06,8.927777639946507e-07,3.6552584975458353e-07,-5.345277964890338e-05,5.471108326265262e-05,-5.345277964890338e-05,5.471108326265262e-05
504,25.200000000000003,-8.791467282831533e-06,-4.619545311117552e-06,-4.171921971713981e-06,-5.6250188513157767e-05,4.745872123032623e-05,-5.6250188513157767e-05,4.745872123032623e-05
505,25.25,3.6544690895645715e-07,-6.053826266992382e-07,9.708295356556954e-07,-5.5046870822388376e-05,5.541231773134483e-05,-5.5046870822388376e-05,5.541231773134483e-05
506,25.3,6.548514863702337e-07,-7.518672228824785e-08,7.300382086584816e-07,-5.31778972033598e-05,5.3832748689730033e-05,-5.31778972033598e-05,5.3832748689730033e-05
507,25.35,-7.094515425354331e-06,-3.708666087735302e-06,-3.3858493376190286e-06,-5.661825572325563e-05,4.95237402979013e-05,-5.661825572325563e-05,4.95237402979013e-05
508,25.400000000000002,1.0152950413733208e-06,7.482823474441997e-07,2.6701269392912117e-07,-5.3605434743226044e-05,5.4620729784599365e-05,-5.3605434743226044e-05,5.4620729784599365e-05
509,25.450000000000003,-5.916639067571339e-07,-9.417737789320339e-07,3.501098721749e-07,-5.5604290993764775e-05,5.501262708700764e-05,-5.5604290993764775e-05,5.501262708700764e-05
510,25.5,-8.882214724614812e-06,-4.726333421518148e-06,-4.155881303096664e-06,-5.6395759323450204e-05,4.751354459883539e-05,-5.6395759323450204e-05,4.751354459883539e-05
511,25.55,7.31336467385546e-07,8.537560286499442e-07,-1.2241956126439816e-07,-5.351003516815036e-05,5.424137163553591e-05,-5.351003516815036e-05,5.424137163553591e-05
512,25.6,-7.220589761436358e-06,-3.0504652695262103e-06,-4.170124491910147e-06,-5.460979987957589e-05,4.738921011813953e-05,-5.460979987957589e-05,4.738921011813953e-05
513,25.650000000000002,-3.0590500110783125e-07,-4.4478452653504895e-07,1.388795254272177e-07,-5.490674956900027e-05,5.460084456789244e-05,-5.490674956900027e-05,5.460084456789244e-05
514,25.700000000000003,2.1667622451815305e-07,9.268622285771572e-07,-7.101860040590041e-07,-5.20759539337774e-05,5.2292630158295554e-05,-5.20759539337774e-05,5.2292630158295554e-05
515,25.75,-5.578636480318977e-06,-3.694483314628431e-06,-1.884153165690546e-06,-5.664513914099505e-05,5.106650266067607e-05,-5.664513914099505e-05,5.106650266067607e-05
516,25.8,-4.654824650174305e-07,-1.0337634109073277e-07,-3.6210612392669774e-07,-5.426479100635702e-05,5.379930854133959e-05,-5.426479100635702e-05,5.379930854133959e-05
517,25.85,-4.635433615618467e-06,-3.3907483570681865e-06,-1.2446852585502807e-06,-5.626615512060998e-05,5.163072150499151e-05,-5.626615512060998e-05,5.163072150499151e-05
518,25.900000000000002,1.486526455041215e-06,9.782168861893104e-08,1.388704766422284e-06,-5.452143755184869e-05,5.6007964006889906e-05,-5.452143755184869e-05,5.6007964006889906e-05
519,25.950000000000003,1.4225256639299744e-07,1.0188785101993232e-06,-8.766259438063258e-07,-5.200575131548108e-05,5.214800388187408e-05,-5.200575131548108e-05,5.214800388187408e-05
520,26.0,-6.311921702417678e-06,-5.013755121517831e-06,-1.2981665808998463e-06,-5.6526396878464236e-05,5.021447517604656e-05,-5.6526396878464236e-05,5.021447517604656e-05
521,26.05,1.26062989291853e-06,1.02307709938236e-06,2.3755279353616998e-07,-5.3631902164474136e-05,5.4892532057392666e-05,-5.3631902164474136e-05,5.4892532057392666e-05
522,26.1,-4.737805354260161e-06,-3.535740781513657e-06,-1.2020645727465034e-06,-5.523318219789772e-05,5.049537684363756e-05,-5.523318219789772e-05,5.049537684363756e-05
523,26.150000000000002,9.63073211401877e-07,-1.593706713742483e-07,1.1224438827761253e-06,-5.428981008246919e-05,5.525288329387107e-05,-5.428981008246919e-05,5.525288329387107e-05
524,26.200000000000003,1.6394192938751218e-06,1.1813493498208806e-06,4.5806994405424116e-07,-5.322808247302401e-05,5.486750176689913e-05,-5.322808247302401e-05,5.486750176689913e-05
525,26.25,-3.2168332322335402e-06,-3.631198599362026e-06,4.1436536712848563e-07,-5.661445373079101e-05,5.339762049855747e-05,-5.661445373079101e-05,5.339762049855747e-05
526,26.3,3.699229944587046e-07,-7.738751926323294e-08,4.473105137219375e-07,-5.425462317801362e-05,5.4624546172472325e-05,-5.425462317801362e-05,5.4624546172472325e-05
527,26.35,-3.438759117901924e-06,-3.3420463823284496e-06,-9.671273557347433e-08,-5.6254452518238085e-05,5.281569340033616e-05,-5.6254452518238085e-05,5.281569340033616e-05
528,26.400000000000002,2.4141020129597734e-06,8.513312171588372e-07,1.5627707958009363e-06,-5.378859929580884e-05,5.6202701308768615e-05,-5.378859929580884e-05,5.6202701308768615e-05
529,26.450000000000003,-3.332384341803163e-07,-7.728568794480845e-08,-2.5595274623550784e-07,-5.2917789181760795e-05,5.258455074758048e-05,-5.2917789181760795e-05,5.258455074758048e-05
530,26.5,-4.303943319960979e-06,-4.369225896046685e-06,6.528257608570569e-08,-5.731754959249226e-05,5.301360627253128e-05,-5.731754959249226e-05,5.301360627253128e-05
531,26.55,1.342396336534435e-06,1.1869874392020852e-06,1.554088973323497e-07,-5.316575295212869e-05,5.4508149288663124e-05,-5.316575295212869e-05,5.4508149288663124e-05
532,26.6,-4.842351568834502e-06,-4.42440212692988e-06,-4.179494419046218e-07,-5.7150905980875946e-05,5.2308554412041444e-05,-5.7150905980875946e-05,5.2308554412041444e-05
533,26.650000000000002,1.4109542976203926e-06,1.0755907799134467e-06,3.353635177069459e-07,-5.320200212994623e-05,5.461295642756662e-05,-5.320200212994623e-05,5.461295642756662e-05
534,26.700000000000003,-3.0345719739255372e-06,-2.2422675365952944e-06,-7.923044373302428e-07,-5.5012890105824904e-05,5.197831813189937e-05,-5.5012890105824904e-05,5.197831813189937e-05
535,26.75,8.7226744938107e-08,-1.0790832751913345e-07,1.9513507245724046e-07,-5.416283507415158e-05,5.425006181908969e-05,-5.416283507415158e-05,5.425006181908969e-05
536,26.8,-5.138656333780744e-07,6.583199121661838e-07,-1.1721855455442582e-06,-5.363103897025012e-05,5.3117173336872043e-05,-5.363103897025012e-05,5.3117173336872043e-05
537,26.85,-3.9227055244062115e-06,-3.5734814398974613e-06,-3.492240845087501e-07,-5.525280363129995e-05,5.133009810689374e-05,-5.525280363129995e-05,5.133009810689374e-05
538,26.900000000000002,4.931270609631611e-07,-8.698764382174725e-08,5.801147047849083e-07,-5.4472401108587184e-05,5.4965528169550345e-05,-5.4472401108587184e-05,5.4965528169550345e-05
539,26.950000000000003,-4.917334749832136e-06,-3.2199899206888842e-06,-1.697344829143252e-06,-5.476026228123235e-05,4.984292753140021e-05,-5.476026228123235e-05,4.984292753140021e-05
540,27.0,1.1128029022700048e-06,1.191512656574094e-06,-7.870975430408928e-08,-5.3061459990156336e-05,5.417426289242634e-05,-5.3061459990156336e-05,5.417426289242634e-05
541,27.05,-3.658138501227981e-06,-3.398034719170726e-06,-2.60103782057255e-07,-5.624769378868242e-05,5.258955528745444e-05,-5.624769378868242e-05,5.258955528745444e-05
542,27.1,-7.094290650488944e-07,2.07529363313911e-07,-9.169584283628053e-07,-5.262260252410883e-05,5.191317345905994e-05,-5.262260252410883e-05,5.191317345905994e-05
543,27.150000000000002,7.242807253948769e-07,1.4867358040856e-06,-7.624550786907232e-07,-5.280811114334528e-05,5.353239186874016e-05,-5.280811114334528e-05,5.353239186874016e-05
544,27.200000000000003,-6.697896332008568e-06,-5.377216398380291e-06,-1.3206799336282772e-06,-5.686289745749171e-05,5.016500112548314e-05,-5.686289745749171e-05,5.016500112548314e-05
545,27.25,1.5859082194147334e-06,1.1941853630306138e-06,3.917228563841196e-07,-5.331018170448502e-05,5.489608992389975e-05,-5.331018170448502e-05,5.489608992389975e-05
546,27.3,-4.291238292708499e-06,-3.275409023274476e-06,-1.015829269434023e-06,-5.4957614268279535e-05,5.0666375975571035e-05,-5.4957614268279535e-05,5.0666375975571035e-05
547,27.35,-4.888454414597732e-07,-6.445974487066856e-08,-4.243856965891046e-07,-5.405428440990976e-05,5.356543896844999e-05,-5.405428440990976e-05,5.356543896844999e-05
548,27.400000000000002,-4.657325647361432e-06,-2.721220323443854e-06,-1.936105323917578e-06,-5.5434912103557685e-05,5.077758645619625e-05,-5.5434912103557685e-05,5.077758645619625e-05
549,27.450000000000003,7.964344042044047e-07,1.0675135598210605e-06,-2.710791556166558e-07,-5.3081603312707236e-05,5.387803771691164e-05,-5.3081603312707236e-05,5.387803771691164e-05
550,27.5,-7.247240294550039e-07,2.4849000913230057e-07,-9.732140385873044e-07,-5.3764414936943273e-05,5.303969090748827e-05,-5.3764414936943273e-05,5.303969090748827e-05
551,27.55,-5.2377311667850535e-06,-3.906402288014607e-06,-1.3313288787704461e-06,-5.6744993987859073e-05,5.150726282107402e-05,-5.6744993987859073e-05,5.150726282107402e-05
552,27.6,4.875792760650199e-07,1.2913007570803761e-06,-8.037214810153562e-07,-5.286988946881636e-05,5.335746874488138e-05,-5.286988946881636e-05,5.335746874488138e-05
553,27.650000000000002,-3.638114274728821e-06,-3.212162506564661e-06,-4.2595176816415984e-07,-5.57262256026867e-05,5.208811132795788e-05,-5.57262256026867e-05,5.208811132795788e-05
554,27.700000000000003,-1.0980144997674302e-06,5.027782993484954e-07,-1.6007927991159256e-06,-5.359271584662675e-05,5.249470134685932e-05,-5.359271584662675e-05,5.249470134685932e-05
555,27.75,-3.2947859727183726e-06,-3.255872833678885e-06,-3.8913139039487485e-08,-5.597350943918323e-05,5.2678723466464856e-05,-5.597350943918323e-05,5.2678723466464856e-05
556,27.8,-1.655381436593828e-06,2.6200210656383373e-07,-1.917383543157662e-06,-5.248301415670216e-05,5.0827632720108335e-05,-5.248301415670216e-05,5.0827632720108335e-05
557,27.85,-3.4934977888312346e-06,-1.7827701442648738e-06,-1.7107276445663608e-06,-5.43912096440476e-05,5.0897711855216365e-05,-5.43912096440476e-05,5.0897711855216365e-05
558,27.900000000000002,-9.948375812030008e-07,-7.621863551778096e-07,-2.326512260251912e-07,-5.460262477672354e-05,5.360778719552054e-05,-5.460262477672354e-05,5.360778719552054e-05
559,27.950000000000003,-8.669464657273807e-08,1.5144746614128358e-06,-1.6011693079855738e-06,-5.2562008809425434e-05,5.2475314162852696e-05,-5.2562008809425434e-05,5.2475314162852696e-05
560,28.0,-6.045671018028997e-06,-3.982621409939404e-06,-2.063049608089593e-06,-5.5539526507724597e-05,4.94938554896956e-05,-5.5539526507724597e-05,4.94938554896956e-05
561,28.05,2.8301574062084e-07,-9.073298606236158e-09,2.9208903922707616e-07,-5.4180294183926154e-05,5.4463309924546994e-05,-5.4180294183926154e-05,5.4463309924546994e-05
562,28.1,-3.621952632038017e-06,-2.0680469493457693e-06,-1.5539056826922476e-06,-5.348896363220532e-05,4.9867011000167305e-05,-5.348896363220532e-05,4.9867011000167305e-05
563,28.150000000000002,4.814477119197136e-07,1.3298123072802538e-06,-8.483645953605402e-07,-5.2730654560569e-05,5.3212102272488714e-05,-5.2730654560569e-05,5.3212102272488714e-05
564,28.200000000000003,-5.0639392312756826e-06,-4.577328963579807e-06,-4.866102676958755e-07,-5.70780354897606e-05,5.201409625848492e-05,-5.70780354897606e-05,5.201409625848492e-05
565,28.25,5.901743962422046e-07,1.2071065169344836e-06,-6.16932120692279e-07,-5.278506739777538e-05,5.3375241794017584e-05,-5.278506739777538e-05,5.3375241794017584e-05
566,28.3,1.5943609366075862e-07,1.5680051585291054e-06,-1.4085690648683468e-06,-5.2510696770913086e-05,5.2670132864573844e-05,-5.2510696770913086e-05,5.2670132864573844e-05
567,28.35,-5.555550336433512e-06,-5.059236384005149e-06,-4.963139524283636e-07,-5.640695663047569e-05,5.085140629404218e-05,-5.640695663047569e-05,5.085140629404218e-05
568,28.400000000000002,2.8763421933142297e-07,1.1846097138385402e-06,-8.969754945071172e-07,-5.316621863465494e-05,5.3453852853986365e-05,-5.316621863465494e-05,5.3453852853986365e-05
569,28.450000000000003,-3.7606259621902893e-06,-1.9912581618814297e-06,-1.7693678003088596e-06,-5.346273186178363e-05,4.970210589959334e-05,-5.346273186178363e-05,4.970210589959334e-05
570,28.5,2.3085727507421439e-07,1.372781418484739e-07,9.357913322574047e-08,-5.373131754666714e-05,5.3962174821741355e-05,-5.373131754666714e-05,5.3962174821741355e-05
571,28.55,-4.364950099589038e-06,-2.4549922345636396e-06,-1.909957865025398e-06,-5.5045081439754645e-05,5.068013134016561e-05,-5.5045081439754645e-05,5.068013134016561e-05
572,28.6,2.520485471446676e-07,1.1025175945195002e-07,1.417967876927176e-07,-5.3696588712109236e-05,5.3948637259253903e-05,-5.3696588712109236e-05,5.3948637259253903e-05
573,28.650000000000002,-4.384221796049914e-06,-2.351460578746851e-06,-2.032761217303063e-06,-5.488693068154915e-05,5.0502708885499236e-05,-5.488693068154915e-05,5.0502708885499236e-05
574,28.700000000000003,2.102340119769508e-07,1.263259654823535e-06,-1.0530256428465842e-06,-5.271227116636162e-05,5.292250517833857e-05,-5.271227116636162e-05,5.292250517833857e-05
575,28.75,-1.3906935512064678e-06,-3.604103829945517e-07,-1.030283168211916e-06,-5.4195713624301896e-05,5.280502007309543e-05,-5.4195713624301896e-05,5.280502007309543e-05
576,28.8,-3.602954633530331e-06,-2.8400690453145833e-06,-7.628855882157475e-07,-5.5507553611910494e-05,5.190459897838016e-05,-5.5507553611910494e-05,5.190459897838016e-05
577,28.85,-4.7434150829417376e-08,3.179095336538206e-07,-3.65343684483238e-07,-5.3453858890901385e-05,5.340642474007197e-05,-5.3453858890901385e-05,5.340642474007197e-05
578,28.900000000000002,-2.928634100562988e-06,-1.6858555505518874e-06,-1.2427785500111005e-06,-5.419429464612929e-05,5.12656605455663e-05,-5.419429464612929e-05,5.12656605455663e-05
579,28.950000000000003,-1.333326649310962e-06,6.86176243544318e-07,-2.01950289285528e-06,-5.3259685536821144e-05,5.192635888751018e-05,-5.3259685536821144e-05,5.192635888751018e-05
580,29.0,-3.6390224185112174e-06,-2.970893175478693e-06,-6.681292430325243e-07,-5.412630250376009e-05,5.048728008524887e-05,-5.412630250376009e-05,5.048728008524887e-05
581,29.05,-1.1366183960692666e-06,4.1946462718131415e-07,-1.5560830232505809e-06,-5.378469110020708e-05,5.2648072704137817e-05,-5.378469110020708e-05,5.2648072704137817e-05
582,29.1,-3.7351859583090175e-06,-1.6716729271880464e-06,-2.063513031120971e-06,-5.3045543652854544e-05,4.9310357694545526e-05,-5.3045543652854544e-05,4.9310357694545526e-05
583,29.150000000000002,-1.1651824758374119e-06,-6.175637494955282e-07,-5.476187263418837e-07,-5.4346302215947794e-05,5.318111974011038e-05,-5.4346302215947794e-05,5.318111974011038e-05
584,29.200000000000003,-3.0214258062155608e-06,-1.3782156220668871e-06,-1.6432101841486736e-06,-5.385486875740443e-05,5.083344295118887e-05,-5.385486875740443e-05,5.083344295118887e-05
585,29.25,-1.139588067244901e-06,-6.396283630690332e-07,-4.999597041758678e-07,-5.431369665617513e-05,5.317410858893023e-05,-5.431369665617513e-05,5.317410858893023e-05
586,29.3,-3.0313927079639313e-06,-1.2948168699814477e-06,-1.7365758379824836e-06,-5.372307658549051e-05,5.069168387752658e-05,-5.372307658549051e-05,5.069168387752658e-05
587,29.35,-1.1786201152830245e-06,5.261686155518226e-07,-1.704788730834847e-06,-5.332393839700465e-05,5.2145318281721626e-05,-5.332393839700465e-05,5.2145318281721626e-05
588,29.400000000000002,3.1389580321672383e-06,4.733413437472416e-07,2.665616688419997e-06,-5.3234940038922957e-05,5.6373898071090195e-05,-5.3234940038922957e-05,5.6373898071090195e-05
589,29.450000000000003,-8.174343871791834e-06,-3.4311944210265615e-06,-4.743149450765272e-06,-5.599817615659446e-05,4.7823832284802626e-05,-5.599817615659446e-05,4.7823832284802626e-05
590,29.5,2.3551587464698542e-06,3.610865944461596e-07,1.9940721520236948e-06,-5.328985082133304e-05,5.5645009567802896e-05,-5.328985082133304e-05,5.5645009567802896e-05
591,29.55,-6.231170099457728e-06,-2.4322415977922013e-06,-3.7989285016655266e-06,-5.494891900914347e-05,4.871774890968574e-05,-5.494891900914347e-05,4.871774890968574e-05
592,29.6,4.0124262601359817e-07,1.8449746239682528e-06,-1.4437319979546546e-06,-5.137212568544393e-05,5.1773368311457525e-05,-5.137212568544393e-05,5.1773368311457525e-05
593,29.650000000000002,-5.2497156475261875e-06,-2.922856285273673e-06,-2.3268593622525144e-06,-5.431827541562917e-05,4.906855976810298e-05,-5.431827541562917e-05,4.906855976810298e-05
594,29.700000000000003,1.3603385091709441e-06,6.25793581045864e-07,7.345449281250801e-07,-5.31856912400175e-05,5.4546029749188446e-05,-5.31856912400175e-05,5.4546029749188446e-05
595,29.75,-5.487361644185285e-06,-9.855362530012426e-07,-4.501825391184042e-06,-5.167525243517525e-05,4.6187890790989966e-05,-5.167525243517525e-05,4.6187890790989966e-05
596,29.8,2.7581305874768702e-06,-6.385507924615831e-07,3.3966813799384536e-06,-5.4266984738813447e-05,5.702511532629032e-05,-5.4266984738813447e-05,5.702511532629032e-05
597,29.85,-5.792916762947797e-06,-7.068983749560928e-07,-5.0860183879917045e-06,-5.24927218320223e-05,4.6699805069074503e-05,-5.24927218320223e-05,4.6699805069074503e-05
598,29.900000000000002,3.6165107075714076e-06,-6.625051137198679e-07,4.279015821291276e-06,-5.42475333621625e-05,5.7864044069733906e-05,-5.42475333621625e-05,5.7864044069733906e-05
599,29.950000000000003,6.132740550723881e-06,1.7195646315246469e-06,4.413175919199234e-06,-5.210018987387161e-05,5.823293042459549e-05,-5.210018987387161e-05,5.823293042459549e-05
