shape,seed,alpha,yaw_deg,diameter_m,perimeter_m,area_m2,mass_kg,object_reach_m,concavity_ratio,vertex_count,target_distance_m,shape_scale_factor,annulus_min_m,annulus_max_m,case_id,sampler_attempts,goal_angle_deg,J,J_over_diameter,target_over_diameter,J_over_target,efficiency,direction_error_deg,max_cross_track,max_cross_track_over_diameter,rotation_deg,max_strict_coverage,final_strict_coverage,min_inter_agent_distance,d_min,min_signed_clearance,max_penetration,penetration_budget,solver_fallbacks,solver_infeasible,barrier_scalings,min_barrier_scale,margin_relaxations,solves,first_detection_frame,contact_ready_frame,transport_frame,brake_frame,hold_frame,final_phase,frames_run,terminated_by,settled,completion_time_s,wall_seconds,fps,success,domain_eligible,finite_time_eligible,formal_caging,map_complete,runtime_map_gap_m,runtime_map_gap_required_m,runtime_domain_eligible,certified_inscribed_radius,required_boundary_agents,failure_class
circle,0,0.1,295.9095771000572,1.8315789473684216,5.751764434843443,2.630530252071159,2.630530252071159,0.9157894736842793,7.438494264988549e-15,64,0.1831578947368422,1.5789473684210527,1.2658,2.0658,circle__a0.10__seed000,1,213.89921974319353,0.20522626961124085,0.11204882536245905,0.1,1.1204882536245904,0.9119680465848317,24.22124631200588,0.09232383021171234,0.0504066889086935,0.0,1.0,1.0,0.29331964582811154,0.28,0.08834093500103447,0.04165906499896553,0.09329408984030889,0,0,0,1.0,0,2448,0,81,82,105,113,HOLD,153,settled,True,7.65,5.465923300000213,27.991611225132637,True,True,False,False,True,0.032544353743525045,0.1,True,0.9146863651562468,10,SUCCESS
circle,1,0.1,294.62286448116544,1.8315789473684219,5.751764434843441,2.630530252071159,2.630530252071159,0.9157894736848755,9.403589018575076e-14,64,0.1831578947368422,1.5789473684210527,1.2658,2.0658,circle__a0.10__seed001,1,67.05487627201978,0.15012779440950133,0.08196632453392311,0.1,0.8196632453392311,0.7380472539283677,42.434663830388516,0.13725216486430683,0.07493652679373071,0.0,1.0,1.0,0.28033081459964077,0.28,0.07311508089757655,0.05688491910242345,0.08793167869235537,0,0,21,0.20703125,7,48000,0,56,57,1085,,BRAKE,3000,watchdog,False,150.0,114.38516989999971,26.227176150743365,False,True,False,False,True,0.030100804355597754,0.1,True,0.9146863651556496,10,TRANSPORT_STALL
circle,2,0.1,7.169352360693546,1.8315789473684219,5.751764434843443,2.6305302520711598,2.6305302520711598,0.9157894736847875,0.0,64,0.1831578947368422,1.5789473684210527,1.2658,2.0658,circle__a0.10__seed002,1,78.6348106982665,0.13228069604626827,0.07222221910572114,0.1,0.7222221910572115,0.820276041402381,34.88756389228334,0.09223761374889117,0.05035961670198079,0.0,1.0,1.0,0.28031042076653045,0.28,0.07587995646840574,0.05412004353159426,0.08720534048212197,0,0,0,1.0,0,48000,0,96,149,2001,,BRAKE,3000,watchdog,False,150.0,105.54688189999979,28.423388223276408,False,True,False,False,True,0.030606031509106138,0.1,True,0.9146863651557392,10,TRANSPORT_STALL
circle,3,0.1,345.65282214594936,1.8315789473684216,5.751764434843441,2.630530252071159,2.630530252071159,0.9157894736844683,0.0,64,0.1831578947368422,1.5789473684210527,1.2658,2.0658,circle__a0.10__seed003,1,30.576349067927193,0.012256319390183209,0.00669166863257129,0.1,0.06691668632571289,0.7529380475389539,41.15447437673568,0.01082136154777711,0.005908214638154168,0.0,1.0,1.0,0.280006211638086,0.28,0.0936325319445172,0.0363674680554828,0.08435626569276214,0,0,63,0.0,10,48000,0,71,72,,,TRANSPORT,3000,watchdog,False,150.0,109.11608079999951,27.493656095463553,False,True,False,False,True,0.03319960920108714,0.1,True,0.9146863651560572,10,TRANSPORT_STALL
circle,4,0.1,65.81690614644336,1.8315789473684214,5.751764434843442,2.630530252071159,2.630530252071159,0.9157894736847688,0.0,64,0.18315789473684216,1.5789473684210527,1.2658,2.0658,circle__a0.10__seed004,1,157.4812119101344,0.21692687704186656,0.11843708804009953,0.1,1.1843708804009951,0.9934460232897327,6.563380145750744,0.025775636834136126,0.014072905168062824,0.0,1.0,1.0,0.32797003123515417,0.28,0.0869308995900959,0.04306910040990411,0.0946834130251279,0,0,0,1.0,0,2528,0,70,109,110,117,HOLD,158,settled,True,7.9,4.978434099999504,31.7368869058678,True,True,False,False,True,0.03334702396919083,0.1,True,0.914686365155757,10,SUCCESS
circle,0,0.4,295.9095771000572,1.8315789473684216,5.751764434843443,2.630530252071159,2.630530252071159,0.9157894736842793,7.438494264988549e-15,64,0.7326315789473687,1.5789473684210527,1.2658,2.0658,circle__a0.40__seed000,1,213.89921974319353,0.8169544588906742,0.4460383539920346,0.4,1.1150958849800865,0.9722142149422812,13.538162710510782,0.19670901288529785,0.10739859898909937,0.0,1.0,1.0,0.28649417114822356,0.28,0.07312167040265381,0.05687832959734619,0.0939146989808415,0,0,0,1.0,0,3584,0,81,82,156,183,HOLD,224,settled,True,11.200000000000001,7.2470689000001585,30.90904793246758,True,True,False,False,True,0.031613185957726365,0.1,True,0.9146863651562468,10,SUCCESS
circle,1,0.4,294.62286448116544,1.8315789473684219,5.751764434843441,2.630530252071159,2.630530252071159,0.9157894736848755,9.403589018575076e-14,64,0.7326315789473687,1.5789473684210527,1.2658,2.0658,circle__a0.40__seed001,1,67.05487627201978,0.15948091124850622,0.08707291131383957,0.4,0.2176822782845989,0.728842242708501,43.21057721071438,0.1498179575544868,0.08179716073377148,0.0,1.0,1.0,0.2806974473426627,0.28,0.06856968318846456,0.06143031681153545,0.08690571132151742,0,0,26,0.26953125,8,48000,0,56,57,,,TRANSPORT,3000,watchdog,False,150.0,130.0704424000005,23.064425280989038,False,True,False,False,True,0.032908418995281054,0.1,True,0.9146863651556496,10,TRANSPORT_STALL
circle,2,0.4,7.169352360693546,1.8315789473684219,5.751764434843443,2.6305302520711598,2.6305302520711598,0.9157894736847875,0.0,64,0.7326315789473687,1.5789473684210527,1.2658,2.0658,circle__a0.40__seed002,1,78.6348106982665,0.32535401380687895,0.17763581213593957,0.4,0.44408953033984894,0.7156419222840509,44.304168252684676,0.3175458965885327,0.1733727596316701,0.0,1.0,1.0,0.28115707566665454,0.28,0.08185392743418506,0.04814607256581495,0.09591551095315419,0,0,0,1.0,0,48000,0,96,149,,,TRANSPORT,3000,watchdog,False,150.0,131.1537174999994,22.87392273116478,False,True,False,False,True,0.031725952223710795,0.1,True,0.9146863651557392,10,TRANSPORT_STALL
circle,3,0.4,345.65282214594936,1.8315789473684216,5.751764434843441,2.630530252071159,2.630530252071159,0.9157894736844683,0.0,64,0.7326315789473687,1.5789473684210527,1.2658,2.0658,circle__a0.40__seed003,1,30.576349067927193,0.011564280692584961,0.006313831412618224,0.4,0.015784578531545558,0.7301717559398802,43.09920510778299,0.01082136154777711,0.005908214638154168,0.0,1.0,1.0,0.280006211638086,0.28,0.0936325319445172,0.0363674680554828,0.08435626569276214,0,0,63,0.0,10,48000,0,71,72,,,TRANSPORT,3000,watchdog,False,150.0,132.99205389999952,22.557738692085955,False,True,False,False,True,0.03169176125766904,0.1,True,0.9146863651560572,10,TRANSPORT_STALL
circle,4,0.4,65.81690614644336,1.8315789473684214,5.751764434843442,2.630530252071159,2.630530252071159,0.9157894736847688,0.0,64,0.7326315789473686,1.5789473684210527,1.2658,2.0658,circle__a0.40__seed004,1,157.4812119101344,0.8602586510953952,0.46968144743714096,0.4,1.1742036185928524,0.9989426397399124,2.6350411194955417,0.04346546645902777,0.023731145480503663,0.0,1.0,1.0,0.3176704585833094,0.28,0.0869308995900959,0.04306910040990411,0.09856710668218863,0,0,0,1.0,0,3264,0,70,117,144,163,HOLD,204,settled,True,10.200000000000001,9.433002300000226,21.626200599992977,True,True,False,False,True,0.03263409269531896,0.1,True,0.914686365155757,10,SUCCESS
circle,0,0.8,295.9095771000572,1.8315789473684216,5.751764434843443,2.630530252071159,2.630530252071159,0.9157894736842793,7.438494264988549e-15,64,1.4652631578947375,1.5789473684210527,1.2658,2.0658,circle__a0.80__seed000,1,213.89921974319353,1.6592373094148676,0.9059054275540941,0.8,1.1323817844426174,0.9681108718441671,14.50841155047353,0.429367838226049,0.234424969146406,0.0,1.0,1.0,0.28649417114822356,0.28,0.06739935701244291,0.06260064298755709,0.09797521343248555,0,0,0,1.0,0,4624,0,81,82,204,247,HOLD,289,settled,True,14.450000000000001,12.950744499999928,22.31531940113571,True,True,False,False,True,0.03372019279950214,0.1,True,0.9146863651562468,10,SUCCESS
circle,1,0.8,294.62286448116544,1.8315789473684219,5.751764434843441,2.630530252071159,2.630530252071159,0.9157894736848755,9.403589018575076e-14,64,1.4652631578947375,1.5789473684210527,1.2658,2.0658,circle__a0.80__seed001,1,67.05487627201978,0.15948091124850622,0.08707291131383957,0.8,0.10884113914229945,0.728842242708501,43.21057721071438,0.1498179575544868,0.08179716073377148,0.0,1.0,1.0,0.2806974473426627,0.28,0.06856968318846456,0.06143031681153545,0.08690571132151742,0,0,26,0.26953125,8,48000,0,56,57,,,TRANSPORT,3000,watchdog,False,150.0,133.7114932000004,22.43636600118374,False,True,False,False,True,0.032908418995281054,0.1,True,0.9146863651556496,10,TRANSPORT_STALL
circle,2,0.8,7.169352360693546,1.8315789473684219,5.751764434843443,2.6305302520711598,2.6305302520711598,0.9157894736847875,0.0,64,1.4652631578947375,1.5789473684210527,1.2658,2.0658,circle__a0.80__seed002,1,78.6348106982665,0.32535401380687895,0.17763581213593957,0.8,0.22204476516992447,0.7156419222840509,44.304168252684676,0.3175458965885327,0.1733727596316701,0.0,1.0,1.0,0.28115707566665454,0.28,0.08185392743418506,0.04814607256581495,0.09591551095315419,0,0,0,1.0,0,48000,0,96,149,,,TRANSPORT,3000,watchdog,False,150.0,129.60903589999998,23.14653433819733,False,True,False,False,True,0.031725952223710795,0.1,True,0.9146863651557392,10,TRANSPORT_STALL
circle,3,0.8,345.65282214594936,1.8315789473684216,5.751764434843441,2.630530252071159,2.630530252071159,0.9157894736844683,0.0,64,1.4652631578947375,1.5789473684210527,1.2658,2.0658,circle__a0.80__seed003,1,30.576349067927193,0.011564280692584961,0.006313831412618224,0.8,0.007892289265772779,0.7301717559398802,43.09920510778299,0.01082136154777711,0.005908214638154168,0.0,1.0,1.0,0.280006211638086,0.28,0.0936325319445172,0.0363674680554828,0.08435626569276214,0,0,63,0.0,10,48000,0,71,72,,,TRANSPORT,3000,watchdog,False,150.0,128.28263789999983,23.385861478297556,False,True,False,False,True,0.03169176125766904,0.1,True,0.9146863651560572,10,TRANSPORT_STALL
circle,4,0.8,65.81690614644336,1.8315789473684214,5.751764434843442,2.630530252071159,2.630530252071159,0.9157894736847688,0.0,64,1.4652631578947373,1.5789473684210527,1.2658,2.0658,circle__a0.80__seed004,1,157.4812119101344,1.7139297277026324,0.9357662306422416,0.8,1.169707788302802,0.9954704311088148,5.4554443725449655,0.163687580789237,0.08936965617803168,0.0,1.0,1.0,0.280531451858322,0.28,0.0869308995900959,0.04306910040990411,0.10002622322859941,0,0,0,1.0,0,4112,0,70,117,179,216,HOLD,257,settled,True,12.850000000000001,9.814839200000279,26.184840603399056,True,True,False,False,True,0.03643150522295356,0.1,True,0.914686365155757,10,SUCCESS
rectangle,0,0.1,2.6492090329109885,2.1423121586364458,5.905263157894735,2.0642659279778375,2.0642659279778375,1.0711560793182486,4.107825191113079e-15,4,0.21423121586364458,1.5789473684210527,1.4212,2.2212,rectangle__a0.10__seed000,1,213.89921974319353,0.3242836132015514,0.15137085036568795,0.1,1.5137085036568796,0.9780583161612286,12.024580013259811,0.06925660007444037,0.03232796854335239,0.0222450312752399,1.0,1.0,0.2930585671924502,0.28,0.08738390402436792,0.04261609597563208,0.09541294885177098,0,0,0,1.0,0,3120,0,111,112,144,154,HOLD,195,settled,True,9.75,7.8122815000006085,24.96069810080254,False,True,False,False,True,0.03481930528709277,0.1,True,0.5684210526315613,10,CONTRACT_FAILURE
rectangle,1,0.1,51.30584724389186,2.142312158636446,5.905263157894735,2.0642659279778384,2.0642659279778384,1.0711560793182495,5.218048215738236e-15,4,0.21423121586364463,1.5789473684210527,1.4212,2.2212,rectangle__a0.10__seed001,1,67.05487627201978,0.3036420749976503,0.1417356820636795,0.1,1.417356820636795,0.9995101214987864,1.7934924440891407,0.020996476183325813,0.009800848162431099,0.0,1.0,1.0,0.2844481726594121,0.28,0.09702547451382995,0.03297452548617005,0.09605249606574714,0,0,1,0.78125,0,2784,0,77,91,115,124,HOLD,174,settled,True,8.700000000000001,7.018060000000332,24.793176461870054,False,True,False,False,True,0.03523151840589375,0.1,True,0.5684210526315767,10,CONTRACT_FAILURE
rectangle,2,0.1,144.0427887846588,2.142312158636447,5.905263157894737,2.06426592797784,2.06426592797784,1.0711560793182298,2.7755575615628914e-15,4,0.21423121586364471,1.5789473684210527,1.4212,2.2212,rectangle__a0.10__seed002,1,78.6348106982665,0.28373022611032817,0.1324411220682791,0.1,1.324411220682791,0.9999554121297207,0.5410627162264842,0.005709259014329634,0.0026649986517200655,0.0,1.0,0.99375,0.28225317113201326,0.28,0.0833374327696178,0.0466625672303822,0.09199726206337652,0,0,4,0.546875,0,3040,0,90,91,130,150,HOLD,190,settled,True,9.5,7.47127300000011,25.430739848483277,False,True,False,False,True,0.027944513596491957,0.1,True,0.5684210526315692,10,CONTRACT_FAILURE
rectangle,3,0.1,311.9250095777334,2.142312158636447,5.905263157894738,2.06426592797784,2.06426592797784,1.0711560793182329,0.0,4,0.21423121586364471,1.5789473684210527,1.4212,2.2212,rectangle__a0.10__seed003,1,30.576349067927193,0.2640650982517791,0.12326172784261888,0.1,1.2326172784261886,0.9995413306778356,1.7354179221318669,0.011987085562909883,0.005595396317285293,-1.3114874524314006,1.0,1.0,0.28972532056485634,0.28,0.07939827844756482,0.05060172155243518,0.09660550455981118,0,0,1,0.984375,0,2480,0,93,97,109,115,HOLD,155,settled,True,7.75,5.990440399999898,25.87455840475479,False,False,False,False,True,0.03700826784393754,0.1,False,0.5684210526315634,10,WRENCH_INFEASIBLE
rectangle,4,0.1,324.76644232888276,2.142312158636447,5.905263157894738,2.06426592797784,2.06426592797784,1.0711560793182344,2.1094237467877974e-15,4,0.21423121586364471,1.5789473684210527,1.4212,2.2212,rectangle__a0.10__seed004,1,157.4812119101344,6.288836393780379,2.935536900366163,0.1,29.355369003661625,0.9995890134935002,1.6427303734068621,0.2757351697082018,0.12870914660900937,-6.8740396321564035,1.0,0.31875,0.20383753929367274,0.28,0.05583777833991851,0.07416222166008149,0.09144228373643776,124,124,658,0.0,28,48000,0,82,,,,CONTACT_READY,3000,watchdog,False,150.0,147.74517620000006,20.305231461086436,False,True,False,False,False,0.6827021160557821,0.1,False,0.5684210526315653,10,SOLVER_FAILURE
rectangle,0,0.4,2.6492090329109885,2.1423121586364458,5.905263157894735,2.0642659279778375,2.0642659279778375,1.0711560793182486,4.107825191113079e-15,4,0.8569248634545783,1.5789473684210527,1.4212,2.2212,rectangle__a0.40__seed000,1,213.89921974319353,1.2033723958298788,0.5617166438507308,0.4,1.404291609626827,0.9621080624696511,15.823116252454739,0.3504020638340792,0.16356256132958027,0.15260935486738667,1.0,1.0,0.2932401607109832,0.28,0.08542854485081164,0.044571455149188366,0.10096418319574746,0,0,0,1.0,0,4048,0,111,112,186,211,HOLD,253,settled,True,12.65,12.762035400000059,19.824423931624484,False,True,False,False,True,0.030873238760319208,0.1,True,0.5684210526315613,10,CONTRACT_FAILURE
rectangle,1,0.4,51.30584724389186,2.142312158636446,5.905263157894735,2.0642659279778384,2.0642659279778384,1.0711560793182495,5.218048215738236e-15,4,0.8569248634545785,1.5789473684210527,1.4212,2.2212,rectangle__a0.40__seed001,1,67.05487627201978,1.2259866979902028,0.5722726695303486,0.4,1.4306816738258714,0.9986397735076932,2.9887699311323384,0.06401028730590835,0.029879066431966698,0.8430248034352882,1.0,1.0,0.28009726377332556,0.28,0.0787094896371522,0.051290510362847805,0.09932581406669999,0,0,16,0.25390625,0,4928,0,77,91,177,212,HOLD,308,settled,True,15.4,16.00146599999971,19.248236380342,False,True,False,False,True,0.032196685424772824,0.1,True,0.5684210526315767,10,CONTRACT_FAILURE
rectangle,2,0.4,144.0427887846588,2.142312158636447,5.905263157894737,2.06426592797784,2.06426592797784,1.0711560793182298,2.7755575615628914e-15,4,0.8569248634545789,1.5789473684210527,1.4212,2.2212,rectangle__a0.40__seed002,1,78.6348106982665,1.0616621152091794,0.49556835633370677,0.4,1.238920890834267,0.9997584718120336,1.2593031317178423,0.02333801482296549,0.010893844171532791,0.5560393768793195,1.0,1.0,0.28405229393992804,0.28,0.0893770954542665,0.0406229045457335,0.09583920817375931,0,0,3,0.890625,0,4784,0,90,91,210,258,HOLD,299,settled,True,14.950000000000001,15.505007800000385,19.284092201488125,False,True,False,False,True,0.029967012851292142,0.1,True,0.5684210526315692,10,CONTRACT_FAILURE
rectangle,3,0.4,311.9250095777334,2.142312158636447,5.905263157894738,2.06426592797784,2.06426592797784,1.0711560793182329,0.0,4,0.8569248634545789,1.5789473684210527,1.4212,2.2212,rectangle__a0.40__seed003,1,30.576349067927193,1.0881130917136212,0.507915285513849,0.4,1.2697882137846226,0.9996642351486955,1.4847980834795718,0.04724641656560696,0.022053936619432096,-1.3114874524314006,1.0,1.0,0.2886776925774069,0.28,0.07939827844756482,0.05060172155243518,0.09821502154982661,0,0,1,0.984375,0,3376,0,93,97,144,171,HOLD,211,settled,True,10.55,10.49347409999973,20.10773534000579,False,False,False,False,True,0.029899123710065707,0.1,False,0.5684210526315634,10,WRENCH_INFEASIBLE
rectangle,4,0.4,324.76644232888276,2.142312158636447,5.905263157894738,2.06426592797784,2.06426592797784,1.0711560793182344,2.1094237467877974e-15,4,0.8569248634545789,1.5789473684210527,1.4212,2.2212,rectangle__a0.40__seed004,1,157.4812119101344,1.2313049386511377,0.5747551465304882,0.4,1.4368878663262206,0.9988678084753918,2.7267075701822283,0.058642110388699875,0.027373279917350977,0.0,1.0,0.99375,0.28000473495606487,0.28,0.08008216951562991,0.049917830484370096,0.09971871491262412,0,0,0,1.0,0,5488,0,82,236,245,271,HOLD,343,settled,True,17.150000000000002,16.78121209999972,20.439524746845056,False,True,False,False,True,0.04224584281559054,0.1,True,0.5684210526315653,10,CONTRACT_FAILURE
rectangle,0,0.8,2.6492090329109885,2.1423121586364458,5.905263157894735,2.0642659279778375,2.0642659279778375,1.0711560793182486,4.107825191113079e-15,4,1.7138497269091566,1.5789473684210527,1.4212,2.2212,rectangle__a0.80__seed000,1,213.89921974319353,2.5054309839236892,1.1694985596862615,0.8,1.461873199607827,0.9743047309242217,13.016630297271396,0.5941652996513603,0.27734767655407366,0.14952438834668175,1.0,0.975,0.2862844680227745,0.28,0.0779847192123955,0.052015280787604506,0.10500814460900426,0,0,0,1.0,0,5248,0,111,112,230,276,HOLD,328,settled,True,16.400000000000002,19.277355199999874,17.014782193773247,False,True,False,False,True,0.0408787837899379,0.1,True,0.5684210526315613,10,CONTRACT_FAILURE
rectangle,1,0.8,51.30584724389186,2.142312158636446,5.905263157894735,2.0642659279778384,2.0642659279778384,1.0711560793182495,5.218048215738236e-15,4,1.713849726909157,1.5789473684210527,1.4212,2.2212,rectangle__a0.80__seed001,1,67.05487627201978,2.357792316389277,1.1005829878172289,0.8,1.375728734771536,0.9976036246651478,3.9673618835868574,0.1686260281199049,0.07871216500364409,0.8430248034352882,1.0,0.99375,0.28069388779858545,0.28,0.08628136023903285,0.043718639760967154,0.09908305152783939,0,0,4,0.83203125,0,6960,0,77,91,234,320,HOLD,435,settled,True,21.75,25.996400200000608,16.7330859908823,False,True,False,False,True,0.03841361146967397,0.1,True,0.5684210526315767,10,CONTRACT_FAILURE
rectangle,2,0.8,144.0427887846588,2.142312158636447,5.905263157894737,2.06426592797784,2.06426592797784,1.0711560793182298,2.7755575615628914e-15,4,1.7138497269091577,1.5789473684210527,1.4212,2.2212,rectangle__a0.80__seed002,1,78.6348106982665,2.1688062826430334,1.0123670698034266,0.8,1.2654588372542832,0.998498003274845,3.140700308421143,0.13180284242364515,0.06152364019048274,0.6252302523660925,1.0,1.0,0.28563183609235654,0.28,0.0766971573787055,0.053302842621294505,0.09583920817375931,0,0,11,0.49609375,0,9008,0,90,91,374,522,HOLD,563,settled,True,28.150000000000002,31.147146799999973,18.075491909904265,False,True,False,False,True,0.028210218249056878,0.1,True,0.5684210526315692,10,CONTRACT_FAILURE
rectangle,3,0.8,311.9250095777334,2.142312158636447,5.905263157894738,2.06426592797784,2.06426592797784,1.0711560793182329,0.0,4,1.7138497269091577,1.5789473684210527,1.4212,2.2212,rectangle__a0.80__seed003,1,30.576349067927193,2.148944301191006,1.0030957871978752,0.8,1.253869733997344,0.9987847379554484,2.8249878798498513,0.10813433036538544,0.0504755247406202,-1.3110040072635325,1.0,1.0,0.28926323422907246,0.28,0.07939827844756482,0.05060172155243518,0.09821502154982661,0,0,7,0.8515625,0,4752,0,93,97,196,256,HOLD,297,settled,True,14.850000000000001,12.725573799999438,23.33882971941219,False,False,False,False,True,0.029865419875570356,0.1,False,0.5684210526315634,10,WRENCH_INFEASIBLE
rectangle,4,0.8,324.76644232888276,2.142312158636447,5.905263157894738,2.06426592797784,2.06426592797784,1.0711560793182344,2.1094237467877974e-15,4,1.7138497269091577,1.5789473684210527,1.4212,2.2212,rectangle__a0.80__seed004,1,157.4812119101344,2.3587938477428403,1.1010504880129985,0.8,1.376313110016248,0.996727105965974,4.636840142139494,0.19131060554289858,0.08930099414861428,0.0,1.0,0.99375,0.28325434409407396,0.28,0.08008866274126077,0.04991133725873924,0.10053485760405813,0,0,0,1.0,0,6848,0,82,236,294,348,HOLD,428,settled,True,21.400000000000002,20.039379400000144,21.35794684340359,True,True,False,False,True,0.03515760805472059,0.1,True,0.5684210526315653,10,SUCCESS
ellipse24,0,0.1,240.35960971863827,2.2736842105263166,5.7367850397786775,2.3415022043801237,2.3415022043801237,1.1368421052633593,3.164135620181696e-14,24,0.22736842105263166,1.5789473684210527,1.4868,2.2868,ellipse24__a0.10__seed000,1,213.89921974319353,0.2613096170667985,0.11492784083956412,0.1,1.149278408395641,0.9786173248051261,11.869859168739213,0.05492302093913681,0.024155958283416646,0.0,1.0,1.0,0.2811510299755105,0.28,0.09380036953450138,0.03619963046549862,0.08842646293832662,0,0,0,1.0,0,3312,0,84,104,146,167,HOLD,207,settled,True,10.350000000000001,7.3827782999997,28.038225121836373,True,True,False,False,True,0.030368105973373506,0.1,True,0.6612109085480771,10,SUCCESS
ellipse24,1,0.1,51.96082619518845,2.273684210526316,5.736785039778677,2.341502204380123,2.341502204380123,1.136842105263282,0.0,24,0.22736842105263164,1.5789473684210527,1.4868,2.2868,ellipse24__a0.10__seed001,1,67.05487627201978,0.16391946584035416,0.07209420951311872,0.1,0.7209420951311871,0.6630902129989429,48.464021979291736,0.18504298676421665,0.08138464695648416,0.0,1.0,1.0,0.28053016196744496,0.28,0.07666035586132372,0.053339644138676284,0.08865541247566085,0,0,0,1.0,0,48000,0,82,122,,,TRANSPORT,3000,watchdog,False,150.0,138.08090410000023,21.72639308493632,False,True,False,False,True,0.033557091953539266,0.1,True,0.6612109085481227,10,TRANSPORT_STALL
ellipse24,2,0.1,337.8162828327549,2.2736842105263158,5.7367850397786775,2.341502204380124,2.341502204380124,1.136842105263207,0.0,24,0.22736842105263158,1.5789473684210527,1.4868,2.2868,ellipse24__a0.10__seed002,1,78.6348106982665,0.25490142793656406,0.1121094243239518,0.1,1.121094243239518,0.9997614019399308,1.2516408242864046,0.006226976646966857,0.002738716580841905,0.0,1.0,1.0,0.30079137368625,0.28,0.09610477377781192,0.03389522622218809,0.08934080296913313,0,0,0,1.0,0,4752,0,96,97,135,257,HOLD,297,settled,True,14.850000000000001,12.201724800000193,24.340821061625263,True,True,False,False,True,0.037278995386387195,0.1,True,0.661210908548025,10,SUCCESS
ellipse24,3,0.1,87.55480147549532,2.2736842105263166,5.7367850397786775,2.3415022043801237,2.3415022043801237,1.1368421052632551,0.0,24,0.22736842105263166,1.5789473684210527,1.4868,2.2868,ellipse24__a0.10__seed003,1,30.576349067927193,0.24733721845150253,0.10878257293005894,0.1,1.0878257293005895,0.8722390727672663,29.28011401468909,0.13868631692477051,0.06099629679561664,0.0,1.0,1.0,0.2800055553764642,0.28,0.08816082193829378,0.04183917806170623,0.09498353770674862,0,0,43,0.00390625,4,3856,0,98,99,132,169,HOLD,241,settled,True,12.05,10.33172360000026,23.326214417891894,False,True,False,False,True,0.030934163118287436,0.1,True,0.6612109085480536,10,CONTRACT_FAILURE
ellipse24,4,0.1,79.5474514184066,2.2736842105263166,5.736785039778677,2.3415022043801232,2.3415022043801232,1.1368421052633364,3.186340080674199e-14,24,0.22736842105263166,1.5789473684210527,1.4868,2.2868,ellipse24__a0.10__seed004,1,157.4812119101344,0.2693230653209236,0.11845227409948024,0.1,1.1845227409948025,0.9452043752486283,19.05521792738689,0.09302579406405082,0.04091412238928159,0.1891990204053551,1.0,1.0,0.32597914201166395,0.28,0.08674734099120023,0.04325265900879978,0.0982648305236379,0,0,0,1.0,0,2624,0,103,106,117,123,HOLD,164,settled,True,8.200000000000001,6.391085600000224,25.6607422062997,True,True,False,False,True,0.03439525528764018,0.1,True,0.6612109085480106,10,SUCCESS
ellipse24,0,0.4,240.35960971863827,2.2736842105263166,5.7367850397786775,2.3415022043801237,2.3415022043801237,1.1368421052633593,3.164135620181696e-14,24,0.9094736842105267,1.5789473684210527,1.4868,2.2868,ellipse24__a0.40__seed000,1,213.89921974319353,1.018085932226726,0.4477692757478654,0.4,1.1194231893696636,0.9613961721147496,15.972023082813926,0.2913935234627529,0.128159188560007,0.0,1.0,1.0,0.28412605478327485,0.28,0.08378553050836737,0.04621446949163263,0.0953373380228906,0,0,0,1.0,0,4768,0,84,104,213,257,HOLD,298,settled,True,14.9,13.303584499999488,22.39997799089497,True,True,False,False,True,0.036534877413592605,0.1,True,0.6612109085480771,10,SUCCESS
ellipse24,1,0.4,51.96082619518845,2.273684210526316,5.736785039778677,2.341502204380123,2.341502204380123,1.136842105263282,0.0,24,0.9094736842105265,1.5789473684210527,1.4868,2.2868,ellipse24__a0.40__seed001,1,67.05487627201978,0.29418936795338674,0.12938884238690618,0.4,0.32347210596726544,0.6856671611726206,46.71190179439854,0.3123161292965474,0.13736126057024073,0.0,1.0,1.0,0.28053016196744496,0.28,0.07885307055673227,0.051146929443267736,0.09001538912317046,0,0,0,1.0,0,48000,0,82,122,,,TRANSPORT,3000,watchdog,False,150.0,128.9464621999996,23.265469628371157,False,True,False,False,True,0.03482820227764063,0.1,True,0.6612109085481227,10,TRANSPORT_STALL
ellipse24,2,0.4,337.8162828327549,2.2736842105263158,5.7367850397786775,2.341502204380124,2.341502204380124,1.136842105263207,0.0,24,0.9094736842105263,1.5789473684210527,1.4868,2.2868,ellipse24__a0.40__seed002,1,78.6348106982665,0.9916097422373559,0.43612465515068893,0.4,1.0903116378767224,0.9996922290360563,1.421551480059856,0.04329429663819433,0.019041473058465097,0.0,1.0,1.0,0.29019281543877434,0.28,0.0954726336619461,0.03452736633805391,0.09187029855252564,0,0,0,1.0,0,6944,0,96,97,245,394,HOLD,434,settled,True,21.700000000000003,20.10564880000038,21.585973390721506,True,True,False,False,True,0.03426233165173822,0.1,True,0.661210908548025,10,SUCCESS
ellipse24,3,0.4,87.55480147549532,2.2736842105263166,5.7367850397786775,2.3415022043801237,2.3415022043801237,1.1368421052632551,0.0,24,0.9094736842105267,1.5789473684210527,1.4868,2.2868,ellipse24__a0.40__seed003,1,30.576349067927193,1.0024792763043144,0.4409052372634715,0.4,1.1022630931586788,0.8464207917070241,32.175516996439015,0.6306968089862598,0.2773898002485864,0.0,1.0,1.0,0.28038195118558706,0.28,0.09274853751855128,0.03725146248144873,0.09701109683405659,0,0,34,0.015625,6,5504,0,98,99,183,288,HOLD,344,settled,True,17.2,15.600348899999517,22.05078887690843,False,True,False,False,True,0.03633452542760362,0.1,True,0.6612109085480536,10,CONTRACT_FAILURE
ellipse24,4,0.4,79.5474514184066,2.2736842105263166,5.736785039778677,2.3415022043801232,2.3415022043801232,1.1368421052633364,3.186340080674199e-14,24,0.9094736842105267,1.5789473684210527,1.4868,2.2868,ellipse24__a0.40__seed004,1,157.4812119101344,1.0442221821592415,0.45926438567188843,0.4,1.148160964179721,0.9538971286431115,17.465636640812704,0.3285535830735023,0.14450273329621624,0.1891990204053551,1.0,1.0,0.32597914201166395,0.28,0.08674734099120023,0.04325265900879978,0.09874217435300006,0,0,0,1.0,0,3456,0,103,106,151,175,HOLD,216,settled,True,10.8,8.990378899999996,24.02568372285178,True,True,False,False,True,0.03131713580867865,0.1,True,0.6612109085480106,10,SUCCESS
ellipse24,0,0.8,240.35960971863827,2.2736842105263166,5.7367850397786775,2.3415022043801237,2.3415022043801237,1.1368421052633593,3.164135620181696e-14,24,1.8189473684210533,1.5789473684210527,1.4868,2.2868,ellipse24__a0.80__seed000,1,213.89921974319353,2.0133253936723645,0.8854903351799748,0.8,1.1068629189749686,0.92234131713914,22.729197160873994,0.843398002156643,0.37093893613370854,0.0,1.0,1.0,0.28412605478327485,0.28,0.07474174442288896,0.055258255577111046,0.09739126232453729,0,0,0,1.0,0,6400,0,84,104,286,359,HOLD,400,settled,True,20.0,16.04430130000037,24.930970350200962,True,True,False,False,True,0.032538033786327136,0.1,True,0.6612109085480771,10,SUCCESS
ellipse24,1,0.8,51.96082619518845,2.273684210526316,5.736785039778677,2.341502204380123,2.341502204380123,1.136842105263282,0.0,24,1.818947368421053,1.5789473684210527,1.4868,2.2868,ellipse24__a0.80__seed001,1,67.05487627201978,0.29418936795338674,0.12938884238690618,0.8,0.16173605298363272,0.6856671611726206,46.71190179439854,0.3123161292965474,0.13736126057024073,0.0,1.0,1.0,0.28053016196744496,0.28,0.07885307055673227,0.051146929443267736,0.09001538912317046,0,0,0,1.0,0,48000,0,82,122,,,TRANSPORT,3000,watchdog,False,150.0,133.33381479999935,22.499918752793494,False,True,False,False,True,0.03482820227764063,0.1,True,0.6612109085481227,10,TRANSPORT_STALL
ellipse24,2,0.8,337.8162828327549,2.2736842105263158,5.7367850397786775,2.341502204380124,2.341502204380124,1.136842105263207,0.0,24,1.8189473684210526,1.5789473684210527,1.4868,2.2868,ellipse24__a0.80__seed002,1,78.6348106982665,1.9857486475694857,0.8733616736995423,0.8,1.0917020921244278,0.9995544736706915,1.710371467600713,0.06023914549572612,0.02649406862080547,0.0,1.0,1.0,0.2830280266362484,0.28,0.09314720015524618,0.03685279984475383,0.09187029855252564,0,0,0,1.0,0,24528,0,96,97,479,1493,HOLD,1533,settled,True,76.65,66.3510110999996,23.10439546564814,True,True,False,False,True,0.03300672708699293,0.1,True,0.661210908548025,10,SUCCESS
ellipse24,3,0.8,87.55480147549532,2.2736842105263166,5.7367850397786775,2.3415022043801237,2.3415022043801237,1.1368421052632551,0.0,24,1.8189473684210533,1.5789473684210527,1.4868,2.2868,ellipse24__a0.80__seed003,1,30.576349067927193,1.9800191895459158,0.8708417731799164,0.8,1.0885522164748955,0.8437373637113527,32.463093846586915,1.2596190483332095,0.5539991184798836,0.0,1.0,1.0,0.2808555420217867,0.28,0.09120511585878673,0.03879488414121328,0.09701109683405659,0,0,31,0.265625,1,9472,0,98,99,308,528,HOLD,592,settled,True,29.6,25.16113960000075,23.528346069030288,False,True,False,False,True,0.029520321946556946,0.1,True,0.6612109085480536,10,CONTRACT_FAILURE
ellipse24,4,0.8,79.5474514184066,2.2736842105263166,5.736785039778677,2.3415022043801232,2.3415022043801232,1.1368421052633364,3.186340080674199e-14,24,1.8189473684210533,1.5789473684210527,1.4868,2.2868,ellipse24__a0.80__seed004,1,157.4812119101344,2.0966528535061,0.9221389864957382,0.8,1.1526737331196728,0.9575404526726224,16.756143695511096,0.6312660768634433,0.27764017269456986,0.1891990204053551,1.0,1.0,0.28018097685076376,0.28,0.08674734099120023,0.04325265900879978,0.09997368163703081,0,0,3,0.9453125,0,4528,0,103,106,195,242,HOLD,283,settled,True,14.15,11.704240500000196,24.179270752339313,False,True,False,False,True,0.03211689310106776,0.1,True,0.6612109085480106,10,CONTRACT_FAILURE
l_shape,0,0.1,94.02441069197113,2.5455844122715705,7.199999999999998,2.05875,2.05875,1.320047119236101,0.2229299363057311,6,0.25455844122715704,1.5789473684210527,1.67,2.47,l_shape__a0.10__seed000,1,213.89921974319353,0.35707933406290376,0.14027401029858658,0.09999999999999999,1.402740102985866,0.9998280462880588,1.0625506255454988,0.037693298957040794,0.014807326276564095,1.8905608512360688,1.0,1.0,0.2916835482451172,0.28,0.07955261621936496,0.05044738378063504,0.0996001784638185,0,0,0,1.0,0,2640,0,93,104,117,124,HOLD,165,settled,True,8.25,7.034829299999728,23.454726897212186,False,True,False,False,True,0.031799440149282446,0.1,True,0.32443316770982533,12,CONTRACT_FAILURE
l_shape,1,0.1,207.4825206504869,2.545584412271571,7.199999999999999,2.0587499999999994,2.0587499999999994,1.320047119236072,0.22292993630573055,6,0.2545584412271571,1.5789473684210527,1.67,2.47,l_shape__a0.10__seed001,1,67.05487627201978,0.30255609049706533,0.11885525737764759,0.1,1.188552573776476,0.9544061732284379,17.368196227033085,0.09463092718995658,0.037174539069993746,0.06514629412503185,1.0,1.0,0.28138096820122915,0.28,0.08467438459739221,0.045325615402607794,0.09122628970514189,0,0,1,0.62890625,0,4480,0,120,126,223,240,HOLD,280,settled,True,14.0,12.278402899999492,22.804268786456877,False,True,False,False,True,0.03355739310191766,0.1,True,0.32443316770982195,12,CONTRACT_FAILURE
l_shape,2,0.1,173.9164002050729,2.545584412271571,7.199999999999999,2.05875,2.05875,1.3200471192360868,0.222929936305731,6,0.2545584412271571,1.5789473684210527,1.67,2.47,l_shape__a0.10__seed002,1,78.6348106982665,0.3005929742638025,0.11808407248831562,0.1,1.1808407248831563,0.998112025755219,3.5213080107507815,0.018497263657540654,0.007266411425356932,0.0,1.0,0.99375,0.28221942161966757,0.28,0.0878759664255485,0.042124033574451505,0.09174652257631866,0,0,4,0.72265625,0,4656,0,94,222,236,251,HOLD,291,settled,True,14.55,13.88550000000032,20.957113535702227,False,True,False,False,True,0.03012602056124379,0.1,True,0.3244331677098252,12,CONTRACT_FAILURE
l_shape,3,0.1,249.30444502135222,2.5455844122715705,7.1999999999999975,2.058749999999999,2.058749999999999,1.3200471192360852,0.22292993630573066,6,0.25455844122715704,1.5789473684210527,1.67,2.47,l_shape__a0.10__seed003,1,30.576349067927193,0.2831819625372935,0.11124438112213063,0.09999999999999999,1.1124438112213064,0.9999911746854039,0.24071494100707566,0.009258885401135224,0.003637233696317692,0.0,0.98125,0.95625,0.2812818266332968,0.28,0.08074861433083981,0.049251385669160194,0.09153578381205327,0,0,41,0.140625,2,3680,0,120,121,167,189,HOLD,230,settled,True,11.5,10.637506099999882,21.621609222861224,False,True,False,False,True,0.03594943190621849,0.1,True,0.32443316770982195,12,CONTRACT_FAILURE
l_shape,4,0.1,229.01050601925087,2.5455844122715705,7.199999999999998,2.058749999999998,2.058749999999998,1.3200471192360732,0.2229299363057311,6,0.25455844122715704,1.5789473684210527,1.67,2.47,l_shape__a0.10__seed004,1,157.4812119101344,0.36574730622831036,0.1436791113526395,0.09999999999999999,1.436791113526395,0.9906898034497844,7.824463678773198,0.05026025224113646,0.019744091768807762,0.217606744679047,0.99375,0.9875,0.28318905580838566,0.28,0.07627848922425985,0.05372151077574015,0.09079063488515438,0,0,7,0.7734375,0,4768,0,125,202,215,232,HOLD,298,settled,True,14.9,13.561692000000221,21.973659333952956,False,True,False,False,True,0.027761990888978124,0.1,True,0.3244331677098255,12,CONTRACT_FAILURE
l_shape,0,0.4,94.02441069197113,2.5455844122715705,7.199999999999998,2.05875,2.05875,1.320047119236101,0.2229299363057311,6,1.0182337649086282,1.5789473684210527,1.67,2.47,l_shape__a0.40__seed000,1,213.89921974319353,1.292553362114108,0.5077629152201985,0.39999999999999997,1.269407288050496,0.994062349188232,6.246835678086779,0.14148537501277014,0.05558070450569528,2.7836636427035004,0.99375,0.99375,0.2916835482451172,0.28,0.07957555148295181,0.05042444851704819,0.10134731344562936,0,0,0,1.0,0,3600,0,93,104,156,185,HOLD,225,settled,True,11.25,11.424733099999685,19.694114342155284,True,True,False,False,True,0.03426177737512042,0.1,True,0.32443316770982533,12,SUCCESS
l_shape,1,0.4,207.4825206504869,2.545584412271571,7.199999999999999,2.0587499999999994,2.0587499999999994,1.320047119236072,0.22292993630573055,6,1.0182337649086284,1.5789473684210527,1.67,2.47,l_shape__a0.40__seed001,1,67.05487627201978,1.2099351254565371,0.4753074066700631,0.4,1.1882685166751576,0.9986459521714272,2.981972606624767,0.19601677801370687,0.07700266275546128,0.35398653445328426,1.0,1.0,0.2816735795671006,0.28,0.07997147123615063,0.050028528763849375,0.09677683057693481,0,0,2,0.62890625,0,8656,0,120,126,424,501,HOLD,541,settled,True,27.05,24.942852099999982,21.689580559233658,False,True,False,False,True,0.03395576720417798,0.1,True,0.32443316770982195,12,CONTRACT_FAILURE
l_shape,2,0.4,173.9164002050729,2.545584412271571,7.199999999999999,2.05875,2.05875,1.3200471192360868,0.222929936305731,6,1.0182337649086284,1.5789473684210527,1.67,2.47,l_shape__a0.40__seed002,1,78.6348106982665,2.7438560387799784,1.0778884509005453,0.4,2.694721127251363,0.9994436239213901,1.9113577984324839,0.09938438698675062,0.03904187443466635,0.0,1.0,1.0,0.28013411679860617,0.28,0.07958145287834294,0.05041854712165707,0.09291427133016658,0,0,36,0.109375,2,48000,0,94,,,,CONTACT_READY,3000,watchdog,False,150.0,134.1319497000004,22.366035882649896,False,True,False,False,True,0.033811249944567856,0.1,True,0.3244331677098252,12,TRANSPORT_NEVER_ARMED
l_shape,3,0.4,249.30444502135222,2.5455844122715705,7.1999999999999975,2.058749999999999,2.058749999999999,1.3200471192360852,0.22292993630573066,6,1.0182337649086282,1.5789473684210527,1.67,2.47,l_shape__a0.40__seed003,1,30.576349067927193,1.1608427466658975,0.45602209892148543,0.39999999999999997,1.1400552473037135,0.8744178259997545,29.023849766310345,0.6440974665105217,0.2530253812859251,1.7269940714820147,0.9375,0.9375,0.281043205806444,0.28,0.08074861433083981,0.049251385669160194,0.09769319135820564,0,0,51,0.08203125,2,6144,0,120,121,293,341,HOLD,384,settled,True,19.200000000000003,17.05962069999987,22.509292952803044,False,True,False,False,True,0.034051016415410744,0.1,True,0.32443316770982195,12,CONTRACT_FAILURE
l_shape,4,0.4,229.01050601925087,2.5455844122715705,7.199999999999998,2.058749999999998,2.058749999999998,1.3200471192360732,0.2229299363057311,6,1.0182337649086282,1.5789473684210527,1.67,2.47,l_shape__a0.40__seed004,1,157.4812119101344,1.2652939805819163,0.49705441881332946,0.39999999999999997,1.2426360470333238,0.993666558580391,6.451890539887835,0.1430859228673121,0.05620945908433983,1.2894946072736477,0.99375,0.99375,0.28318785083066816,0.28,0.07627848922425985,0.05372151077574015,0.09630246762333067,0,0,7,0.7734375,0,6128,0,125,202,295,342,HOLD,383,settled,True,19.150000000000002,16.775187400000505,22.831339577165526,False,True,False,False,True,0.0340459299511398,0.1,True,0.3244331677098255,12,CONTRACT_FAILURE
l_shape,0,0.8,94.02441069197113,2.5455844122715705,7.199999999999998,2.05875,2.05875,1.320047119236101,0.2229299363057311,6,2.0364675298172563,1.5789473684210527,1.67,2.47,l_shape__a0.80__seed000,1,213.89921974319353,2.5152081674230846,0.988067084044807,0.7999999999999999,1.2350838550560088,0.9897632148504791,8.205227054138433,0.36268126237409004,0.14247465557445366,1.8648089048177814,0.9625,0.95625,0.2815931337570875,0.28,0.06396753070695275,0.06603246929304725,0.10134731344562936,0,0,0,1.0,0,4976,0,93,104,212,271,HOLD,311,settled,True,15.55,14.99424529999942,20.741290660358345,True,True,False,False,True,0.03170649826062944,0.1,True,0.32443316770982533,12,SUCCESS
l_shape,1,0.8,207.4825206504869,2.545584412271571,7.199999999999999,2.0587499999999994,2.0587499999999994,1.320047119236072,0.22292993630573055,6,2.0364675298172568,1.5789473684210527,1.67,2.47,l_shape__a0.80__seed001,1,67.05487627201978,2.4881423524315203,0.9774346277565427,0.8,1.2217932846956783,0.9994071089615179,1.973088353303482,0.19601677801370687,0.07700266275546128,-2.3017330510675835,0.99375,0.99375,0.2816735795671006,0.28,0.07859160515546167,0.05140839484453834,0.09826980709070907,0,0,3,0.5625,0,12848,0,120,126,581,763,HOLD,803,settled,True,40.150000000000006,37.96702530000039,21.149931912100364,False,True,False,False,True,0.038138910075768286,0.1,True,0.32443316770982195,12,CONTRACT_FAILURE
l_shape,2,0.8,173.9164002050729,2.545584412271571,7.199999999999999,2.05875,2.05875,1.3200471192360868,0.222929936305731,6,2.0364675298172568,1.5789473684210527,1.67,2.47,l_shape__a0.80__seed002,1,78.6348106982665,2.4143243283816473,0.9484361692123999,0.8,1.1855452115154999,0.9994158807444298,1.9584366776177418,0.0825565802239564,0.03243128761551711,0.5524189539188407,1.0,0.9875,0.28013411679860617,0.28,0.07926700485803627,0.050732995141963735,0.09617926867768395,0,0,36,0.41796875,1,25088,0,94,1145,1158,1404,HOLD,1568,settled,True,78.4,72.20800260000033,21.715044642434034,False,True,False,False,True,0.03305466686254527,0.1,True,0.3244331677098252,12,CONTRACT_FAILURE
l_shape,3,0.8,249.30444502135222,2.5455844122715705,7.1999999999999975,2.058749999999999,2.058749999999999,1.3200471192360852,0.22292993630573066,6,2.0364675298172563,1.5789473684210527,1.67,2.47,l_shape__a0.80__seed003,1,30.576349067927193,2.4519842365807842,0.9632303783604405,0.7999999999999999,1.2040379729505506,0.7991025406089729,36.955513447520175,1.844787761004451,0.7247010753645531,3.5828017511476666,0.99375,0.99375,0.28266650697058066,0.28,0.07823813880007358,0.05176186119992643,0.09958997398368577,0,0,52,0.08203125,2,11280,0,120,121,379,665,HOLD,705,settled,True,35.25,34.20960769999965,20.608245677134942,False,True,False,False,True,0.03721828564097153,0.1,True,0.32443316770982195,12,CONTRACT_FAILURE
l_shape,4,0.8,229.01050601925087,2.5455844122715705,7.199999999999998,2.058749999999998,2.058749999999998,1.3200471192360732,0.2229299363057311,6,2.0364675298172563,1.5789473684210527,1.67,2.47,l_shape__a0.80__seed004,1,157.4812119101344,2.5363939591062747,0.9963896490248011,0.7999999999999999,1.2454870612810014,0.9982373017733054,3.4024396351198773,0.24075998217289118,0.09457945335155761,1.2894946072736477,0.99375,0.96875,0.28078961665934676,0.28,0.07627848922425985,0.05372151077574015,0.1000994117421563,0,0,7,0.7734375,0,7712,0,125,202,370,441,HOLD,482,settled,True,24.1,24.415485999999873,19.741568937026383,False,True,False,False,True,0.03141563800656002,0.1,True,0.3244331677098255,12,CONTRACT_FAILURE
u_shape,0,0.1,55.08814987455239,2.6888504788304846,9.947368421052632,2.368421052631579,2.368421052631579,1.4385600837915984,0.33566433566434084,8,0.26888504788304846,1.5789473684210527,1.7886,2.5886,u_shape__a0.10__seed000,1,213.89921974319353,0.3669699242987014,0.13647836768458577,0.1,1.3647836768458579,0.999120528294013,2.4031473498929845,0.021468443571207606,0.007984245959464918,0.0,0.85,0.85,0.2841452979016404,0.28,0.07111698267670437,0.058883017323295636,0.09994518993183973,0,0,0,1.0,0,2592,0,88,90,113,121,HOLD,162,settled,True,8.1,6.75687999999991,23.975562685736932,True,True,False,False,True,0.04968999918700151,0.1,True,0.25546099377140186,16,SUCCESS
u_shape,1,0.1,25.221726305622283,2.6888504788304854,9.947368421052632,2.368421052631579,2.368421052631579,1.4385600837915598,0.33566433566433695,8,0.26888504788304857,1.5789473684210527,1.7886,2.5886,u_shape__a0.10__seed001,1,67.05487627201978,0.36620049288390555,0.13619221141786372,0.1,1.361922114178637,0.9680944733703608,14.51216149672425,0.09478881921185692,0.03525254377591322,0.07176441013050198,0.6625,0.6625,0.2956597363629027,0.28,0.07844190196924548,0.05155809803075452,0.10149699121037278,0,0,0,1.0,0,2480,0,76,77,104,113,HOLD,155,settled,True,7.75,6.207471700000497,24.96990844114321,False,True,False,False,False,0.11673389971072747,0.1,False,0.2554609937714051,16,MAP_INCOMPLETE
u_shape,2,0.1,200.35203784118772,2.6888504788304854,9.947368421052634,2.3684210526315805,2.3684210526315805,1.4385600837915689,0.33566433566433684,8,0.26888504788304857,1.5789473684210527,1.7886,2.5886,u_shape__a0.10__seed002,1,78.6348106982665,0.3253766340832474,0.12100956771116922,0.1,1.2100956771116922,0.9821717529904607,10.835258993688624,0.06227645531341186,0.023160996047834902,0.45350205265775195,0.975,0.96875,0.2802488331358863,0.28,0.0721255011526711,0.0578744988473289,0.09413956932499548,0,0,0,1.0,0,12144,0,111,219,288,714,HOLD,759,settled,True,37.95,40.96431170000051,18.52832303294847,True,True,False,False,True,0.03508192469263191,0.1,True,0.25546099377140175,16,SUCCESS
u_shape,3,0.1,173.65363923164685,2.6888504788304846,9.947368421052628,2.3684210526315788,2.3684210526315788,1.4385600837915544,0.33566433566433274,8,0.26888504788304846,1.5789473684210527,1.7886,2.5886,u_shape__a0.10__seed003,1,30.576349067927193,0.3179885035564306,0.11826187661232085,0.1,1.1826187661232086,0.8640544804499514,30.22508597605871,0.18526016326988023,0.06889939203702362,0.0,0.9,0.9,0.29959017742081107,0.28,0.073287402179433,0.05671259782056701,0.09301486375454647,0,0,2,0.84765625,0,5344,0,105,270,277,294,HOLD,334,settled,True,16.7,15.992921700000807,20.884239056831195,False,True,False,False,True,0.035976256804215526,0.1,True,0.25546099377140186,16,CONTRACT_FAILURE
u_shape,4,0.1,60.32539674406807,2.688850478830485,9.947368421052632,2.3684210526315805,2.3684210526315805,1.4385600837915704,0.33566433566433274,8,0.2688850478830485,1.5789473684210527,1.7886,2.5886,u_shape__a0.10__seed004,1,157.4812119101344,0.37574696210263736,0.13974260192633264,0.1,1.3974260192633263,0.999746824843992,1.2893099566900885,0.02435814056542701,0.009058942011540031,1.053761614972442,0.66875,0.66875,0.3098461410876695,0.28,0.056337225682673284,0.07366277431732672,0.1051774649541123,0,0,0,1.0,0,2640,0,76,98,117,124,HOLD,165,settled,True,8.25,6.712281500000245,24.581805754123092,False,False,False,False,True,0.036863417419877524,0.1,False,0.255460993771405,16,WRENCH_INFEASIBLE
u_shape,0,0.4,55.08814987455239,2.6888504788304846,9.947368421052632,2.368421052631579,2.368421052631579,1.4385600837915984,0.33566433566434084,8,1.0755401915321938,1.5789473684210527,1.7886,2.5886,u_shape__a0.40__seed000,1,213.89921974319353,1.3032826232313173,0.4846988084656087,0.4,1.2117470211640218,0.9907066161603855,7.81738463771337,0.1789303901496958,0.0665453105549854,0.0,0.9125,0.9125,0.29162993598427983,0.28,0.07062497074298059,0.059375029257019415,0.10048194709678038,0,0,0,1.0,0,4608,0,88,90,191,248,HOLD,288,settled,True,14.4,13.712556499999664,21.002648193282344,True,True,False,False,True,0.034025598099333025,0.1,True,0.25546099377140186,16,SUCCESS
u_shape,1,0.4,25.221726305622283,2.6888504788304854,9.947368421052632,2.368421052631579,2.368421052631579,1.4385600837915598,0.33566433566433695,8,1.0755401915321943,1.5789473684210527,1.7886,2.5886,u_shape__a0.40__seed001,1,67.05487627201978,1.596585832188611,0.5937800724728455,0.4,1.4844501811821138,0.977258584186253,12.242577789275003,0.3470519714904839,0.12907075875837992,0.07176441013050198,0.6125,0.5875,0.2802339849128303,0.28,0.07901497572120846,0.05098502427879155,0.1041129045678082,0,0,16,0.08203125,0,3632,0,76,77,153,185,HOLD,227,settled,True,11.350000000000001,10.462248300000283,21.697057218570684,False,True,False,False,False,0.25298094769347007,0.1,False,0.2554609937714051,16,MAP_INCOMPLETE
u_shape,2,0.4,200.35203784118772,2.6888504788304854,9.947368421052634,2.3684210526315805,2.3684210526315805,1.4385600837915689,0.33566433566433684,8,1.0755401915321943,1.5789473684210527,1.7886,2.5886,u_shape__a0.40__seed002,1,78.6348106982665,1.2463732639905956,0.46353386839594934,0.4,1.1588346709898731,0.8565058254007398,31.07350783709133,0.758114772859368,0.2819475381126844,-0.5098943484648434,0.9875,0.9875,0.2802488331358863,0.28,0.07487577318610673,0.05512422681389327,0.09551954308412926,0,0,0,1.0,0,41664,0,111,219,1489,2564,HOLD,2604,settled,True,130.20000000000002,147.83793689999948,17.61388216450421,True,True,False,False,True,0.037392567727420375,0.1,True,0.25546099377140175,16,SUCCESS
u_shape,3,0.4,173.65363923164685,2.6888504788304846,9.947368421052628,2.3684210526315788,2.3684210526315788,1.4385600837915544,0.33566433566433274,8,1.0755401915321938,1.5789473684210527,1.7886,2.5886,u_shape__a0.40__seed003,1,30.576349067927193,1.2890506925726846,0.47940586608347113,0.4,1.1985146652086778,0.8210075428853588,34.81421979380487,0.8963881087533929,0.3333722405952736,0.0,0.88125,0.88125,0.28997603545095774,0.28,0.073287402179433,0.05671259782056701,0.09822165895410975,0,0,2,0.84765625,0,6720,0,105,247,333,379,HOLD,420,settled,True,21.0,22.075639099999535,19.025496752209943,False,True,False,False,True,0.0344390467008793,0.1,True,0.25546099377140186,16,CONTRACT_FAILURE
u_shape,4,0.4,60.32539674406807,2.688850478830485,9.947368421052632,2.3684210526315805,2.3684210526315805,1.4385600837915704,0.33566433566433274,8,1.075540191532194,1.5789473684210527,1.7886,2.5886,u_shape__a0.40__seed004,1,157.4812119101344,1.6907630251353807,0.6288051486859834,0.4,1.5720128717149584,0.9998530435320533,0.9822845235864797,0.042026090569434016,0.015629761082034302,1.053761614972442,0.6875,0.675,0.295845141278621,0.28,0.056337225682673284,0.07366277431732672,0.1051774649541123,0,0,0,1.0,0,3952,0,76,98,168,206,HOLD,247,settled,True,12.350000000000001,14.43740009999965,17.10834348907502,False,False,False,False,False,0.19752578007459043,0.1,False,0.255460993771405,16,WRENCH_INFEASIBLE
u_shape,0,0.8,55.08814987455239,2.6888504788304846,9.947368421052632,2.368421052631579,2.368421052631579,1.4385600837915984,0.33566433566434084,8,2.1510803830643876,1.5789473684210527,1.7886,2.5886,u_shape__a0.80__seed000,1,213.89921974319353,2.5648597679190126,0.9538870934298281,0.8,1.192358866787285,0.9898150149508136,8.184405249782355,0.3872426174461949,0.1440179067207285,0.002821332750112379,0.925,0.925,0.29162993598427983,0.28,0.07062497074298059,0.059375029257019415,0.10048194709678038,0,0,0,1.0,0,6368,0,88,90,283,357,HOLD,398,settled,True,19.900000000000002,25.66250880000007,15.509005884880551,True,True,False,False,True,0.03682024975310175,0.1,True,0.25546099377140186,16,SUCCESS
u_shape,1,0.8,25.221726305622283,2.6888504788304854,9.947368421052632,2.368421052631579,2.368421052631579,1.4385600837915598,0.33566433566433695,8,2.1510803830643885,1.5789473684210527,1.7886,2.5886,u_shape__a0.80__seed001,1,67.05487627201978,3.175923875839197,1.1811455865037777,0.8,1.476431983129722,0.9798504661506898,11.52131569300691,0.6474671036249007,0.24079699065547008,-0.08906224949731686,0.6125,0.53125,0.280141534988792,0.28,0.0711635668894992,0.05883643311050081,0.1041129045678082,0,0,28,0.015625,0,5408,0,76,77,214,297,HOLD,338,settled,True,16.900000000000002,23.33049200000005,14.487478446661102,False,True,False,False,False,0.23822100551312436,0.1,False,0.2554609937714051,16,MAP_INCOMPLETE
u_shape,2,0.8,200.35203784118772,2.6888504788304854,9.947368421052634,2.3684210526315805,2.3684210526315805,1.4385600837915689,0.33566433566433684,8,2.1510803830643885,1.5789473684210527,1.7886,2.5886,u_shape__a0.80__seed002,1,78.6348106982665,2.0028277570327044,0.7448639382520941,0.8,0.9310799228151175,0.8427790360757724,32.56524696398684,1.2791573782566292,0.47572648175401644,-0.02372283232352362,0.98125,0.9125,0.2802488331358863,0.28,0.07487577318610673,0.05512422681389327,0.09551954308412926,0,0,0,1.0,0,48000,0,111,219,2619,,BRAKE,3000,watchdog,False,150.0,177.56456290000006,16.895263058144803,False,True,False,False,True,0.03855416180300848,0.1,True,0.25546099377140175,16,TRANSPORT_STALL
u_shape,3,0.8,173.65363923164685,2.6888504788304846,9.947368421052628,2.3684210526315788,2.3684210526315788,1.4385600837915544,0.33566433566433274,8,2.1510803830643876,1.5789473684210527,1.7886,2.5886,u_shape__a0.80__seed003,1,30.576349067927193,2.5036360255787447,0.9311176077993377,0.8,1.163897009749172,0.822520463645226,34.662096412447625,1.7311505174814923,0.6438255050293671,0.0,0.9625,0.9625,0.29959017742081107,0.28,0.073287402179433,0.05671259782056701,0.10141120627023242,0,0,2,0.84765625,0,10672,0,105,247,452,627,HOLD,667,settled,True,33.35,37.83700829999998,17.62824361565606,False,True,False,False,True,0.060416845495253634,0.1,True,0.25546099377140186,16,CONTRACT_FAILURE
u_shape,4,0.8,60.32539674406807,2.688850478830485,9.947368421052632,2.3684210526315805,2.3684210526315805,1.4385600837915704,0.33566433566433274,8,2.151080383064388,1.5789473684210527,1.7886,2.5886,u_shape__a0.80__seed004,1,157.4812119101344,3.784598808188207,1.4075155305155969,0.8,1.759394413144496,0.999113432966237,2.412823258378164,0.1594702070550913,0.059307948995532406,1.053761614972442,0.6875,0.55,0.295845141278621,0.28,0.056337225682673284,0.07366277431732672,0.1051774649541123,0,0,0,1.0,0,6048,0,76,98,244,337,HOLD,378,settled,True,18.900000000000002,24.054060800000116,15.714602334421562,False,False,False,False,False,0.25872974781147895,0.1,False,0.255460993771405,16,WRENCH_INFEASIBLE
c_shape,0,0.1,275.6115336385853,2.6888504788304846,10.421052631578949,2.308587257617729,2.308587257617729,1.4798042265875468,0.352447552447548,8,0.26888504788304846,1.5789473684210527,1.8298,2.6298,c_shape__a0.10__seed000,1,213.89921974319353,0.34908055626917256,0.1298252018911089,0.1,1.2982520189110893,0.9364811384256424,20.531234156123798,0.13073326686553896,0.04862050452221553,0.0,0.7,0.6875,0.31270519416256454,0.28,0.07180199321427919,0.05819800678572082,0.09961919828400606,0,0,0,1.0,0,2544,0,96,97,109,118,HOLD,159,settled,True,7.95,7.297416200000043,21.788533864904,True,False,False,False,True,0.05511044724990156,0.1,False,0.27745582012205244,17,COVER_INFEASIBLE
c_shape,1,0.1,202.3682975727607,2.6888504788304854,10.421052631578949,2.3085872576177295,2.3085872576177295,1.4798042265875575,0.352447552447552,8,0.26888504788304857,1.5789473684210527,1.8298,2.6298,c_shape__a0.10__seed001,1,67.05487627201978,0.37527889793909813,0.1395685259904543,0.1,1.395685259904543,0.746601945774279,41.70312092747105,0.3343979719082255,0.12436465863050584,-0.04673039331043698,0.71875,0.7125,0.2803614361255758,0.28,0.06794223343905526,0.06205776656094475,0.09584453212882017,0,0,0,1.0,0,4480,0,80,219,219,239,HOLD,280,settled,True,14.0,13.788697400000274,20.306486673642894,True,False,False,False,True,0.03702766741273988,0.1,False,0.27745582012205233,17,COVER_INFEASIBLE
c_shape,2,0.1,157.13330326412455,2.688850478830485,10.421052631578949,2.30858725761773,2.30858725761773,1.4798042265875895,0.352447552447556,8,0.2688850478830485,1.5789473684210527,1.8298,2.6298,c_shape__a0.10__seed002,1,78.6348106982665,0.32039968027377025,0.11915860803577595,0.1,1.1915860803577594,0.9979470367106644,3.6719989570586073,0.023079158688151205,0.008583280799678189,0.0,0.725,0.725,0.2906477709429823,0.28,0.07683188695934687,0.05316811304065314,0.08985895646893363,0,0,0,1.0,0,4416,0,95,158,161,195,HOLD,276,settled,True,13.8,12.868227099999785,21.448176027294746,True,False,False,False,True,0.03423809748357597,0.1,False,0.27745582012205244,17,COVER_INFEASIBLE
c_shape,3,0.1,46.982850713394605,2.688850478830485,10.421052631578947,2.308587257617729,2.308587257617729,1.4798042265875224,0.35244755244755577,8,0.2688850478830485,1.5789473684210527,1.8298,2.6298,c_shape__a0.10__seed003,1,30.576349067927193,0.3332394111243313,0.12393378276254087,0.1,1.2393378276254086,0.9997696595655888,1.2297902843058683,0.030431743090702026,0.011317752076693497,0.0,0.71875,0.7,0.2844603263472745,0.28,0.06855612392827638,0.06144387607172362,0.09431927924885898,0,0,0,1.0,0,3376,0,82,148,152,171,HOLD,211,settled,True,10.55,9.180539699999827,22.98339824182711,True,False,False,False,True,0.055644419361507616,0.1,False,0.2774558201220524,17,COVER_INFEASIBLE
c_shape,4,0.1,267.58201150280627,2.6888504788304846,10.421052631578949,2.3085872576177273,2.3085872576177273,1.4798042265875506,0.35244755244755166,8,0.26888504788304846,1.5789473684210527,1.8298,2.6298,c_shape__a0.10__seed004,1,157.4812119101344,3.7992724644333267,1.4129727533551142,0.1,14.12972753355114,0.9332042031037412,21.060068486273288,1.4801032975768922,0.5504595027614414,-0.5930076723755024,0.90625,0.88125,0.2800003584074361,0.28,0.02616561669782866,0.10383438330217135,0.0901680073950457,0,0,0,1.0,0,48000,0,122,,,,CONTACT_READY,3000,watchdog,False,150.0,177.92321769999944,16.861205854866963,False,False,False,False,True,0.0731677390113853,0.1,False,0.27745582012205605,17,SAFETY_VIOLATION
c_shape,0,0.4,275.6115336385853,2.6888504788304846,10.421052631578949,2.308587257617729,2.308587257617729,1.4798042265875468,0.352447552447548,8,1.0755401915321938,1.5789473684210527,1.8298,2.6298,c_shape__a0.40__seed000,1,213.89921974319353,1.4669180060041629,0.5455558118806959,0.4,1.3638895297017397,0.9999793094404473,0.3685738311761292,0.12633933856047877,0.04698637561112363,0.0,0.7375,0.7375,0.31270519416256454,0.28,0.07030211215209728,0.059697887847902725,0.10333363752668889,0,0,0,1.0,0,3536,0,96,97,151,180,HOLD,221,settled,True,11.05,12.734051800000088,17.355041700081546,True,False,False,False,False,0.12599849057122595,0.1,False,0.27745582012205244,17,COVER_INFEASIBLE
c_shape,1,0.4,202.3682975727607,2.6888504788304854,10.421052631578949,2.3085872576177295,2.3085872576177295,1.4798042265875575,0.352447552447552,8,1.0755401915321943,1.5789473684210527,1.8298,2.6298,c_shape__a0.40__seed001,1,67.05487627201978,1.4052921193312347,0.5226367663041145,0.4,1.306591915760286,0.7086027178895793,44.878657959203615,1.399352383466418,0.5204277420717964,-0.04673039331043698,0.70625,0.68125,0.2807377281894226,0.28,0.06794223343905526,0.06205776656094475,0.10396393875894235,0,0,6,0.6953125,0,6144,0,80,194,296,343,HOLD,384,settled,True,19.200000000000003,20.917149300000347,18.358142139378124,False,False,False,False,True,0.04049686002856459,0.1,False,0.27745582012205233,17,COVER_INFEASIBLE
c_shape,2,0.4,157.13330326412455,2.688850478830485,10.421052631578949,2.30858725761773,2.30858725761773,1.4798042265875895,0.352447552447556,8,1.075540191532194,1.5789473684210527,1.8298,2.6298,c_shape__a0.40__seed002,1,78.6348106982665,1.2311599254150585,0.4578759343846264,0.4,1.144689835961566,0.9991434008061683,2.3716875136408597,0.05212203433100587,0.01938450454622391,0.00269988005657252,0.75625,0.73125,0.2903137763293595,0.28,0.074846569248393,0.055153430751607,0.09444169131111524,0,0,0,1.0,0,5936,0,95,162,253,331,HOLD,371,settled,True,18.55,19.585350299999845,18.94272986273842,True,False,False,False,True,0.03465638809155565,0.1,False,0.27745582012205244,17,COVER_INFEASIBLE
c_shape,3,0.4,46.982850713394605,2.688850478830485,10.421052631578947,2.308587257617729,2.308587257617729,1.4798042265875224,0.35244755244755577,8,1.075540191532194,1.5789473684210527,1.8298,2.6298,c_shape__a0.40__seed003,1,30.576349067927193,1.3584314935733415,0.5052090119061552,0.4,1.2630225297653879,0.9942935895142851,6.123868735153311,0.14574684199249066,0.0542041452806566,0.0,0.7125,0.68125,0.2802398917360269,0.28,0.06855612392827638,0.06144387607172362,0.10167993737329846,0,0,2,0.39453125,0,4368,0,82,141,192,232,HOLD,273,settled,True,13.65,12.12123259999953,22.522461948301412,False,False,False,False,False,0.11717980723191408,0.1,False,0.2774558201220524,17,COVER_INFEASIBLE
c_shape,4,0.4,267.58201150280627,2.6888504788304846,10.421052631578949,2.3085872576177273,2.3085872576177273,1.4798042265875506,0.35244755244755166,8,1.0755401915321938,1.5789473684210527,1.8298,2.6298,c_shape__a0.40__seed004,1,157.4812119101344,3.86942835574674,1.439064160023412,0.4,3.5976604000585297,0.9384478661931862,20.207491556689686,1.4271879392908136,0.5307799561660895,-8.515597448057472,0.9,0.88125,0.280102439269979,0.28,0.012075791999636822,0.11792420800036318,0.09314993610861459,0,0,0,1.0,0,48000,0,122,,,,CONTACT_READY,3000,watchdog,False,150.0,176.14236249999976,17.03167799852806,False,False,False,False,True,0.07947024543067481,0.1,False,0.27745582012205605,17,SAFETY_VIOLATION
c_shape,0,0.8,275.6115336385853,2.6888504788304846,10.421052631578949,2.308587257617729,2.308587257617729,1.4798042265875468,0.352447552447548,8,2.1510803830643876,1.5789473684210527,1.8298,2.6298,c_shape__a0.80__seed000,1,213.89921974319353,2.9185518048905834,1.0854273333041589,0.8,1.3567841666301985,0.9999253267083108,0.7002014096967838,0.12633933856047877,0.04698637561112363,0.0,0.71875,0.69375,0.31270519416256454,0.28,0.06659864912890973,0.06340135087109028,0.10333363752668889,0,0,0,1.0,0,5472,0,96,97,204,266,HOLD,342,settled,True,17.1,21.80049710000003,15.687715671400884,True,False,False,False,False,0.2020776134474098,0.1,False,0.27745582012205244,17,COVER_INFEASIBLE
c_shape,1,0.8,202.3682975727607,2.6888504788304854,10.421052631578949,2.3085872576177295,2.3085872576177295,1.4798042265875575,0.352447552447552,8,2.1510803830643885,1.5789473684210527,1.8298,2.6298,c_shape__a0.80__seed001,1,67.05487627201978,2.78739895182858,1.0366507820996274,0.8,1.295813477624534,0.7031240319247525,45.3218139987899,2.818888193666054,1.0483618244522577,-0.04673039331043698,0.70625,0.63125,0.2980556203339892,0.28,0.06794223343905526,0.06205776656094475,0.10396393875894235,0,0,0,1.0,0,8528,0,80,194,378,493,HOLD,533,settled,True,26.650000000000002,31.800498999999945,16.76074328267619,True,False,False,False,True,0.06793281397469585,0.1,False,0.27745582012205233,17,COVER_INFEASIBLE
c_shape,2,0.8,157.13330326412455,2.688850478830485,10.421052631578949,2.30858725761773,2.30858725761773,1.4798042265875895,0.352447552447556,8,2.151080383064388,1.5789473684210527,1.8298,2.6298,c_shape__a0.80__seed002,1,78.6348106982665,2.488960969754756,0.9256598644478473,0.8,1.157074830559809,0.9996847121415549,1.438807406873649,0.0849242924770256,0.03158386572464357,0.0012306911478928064,0.79375,0.74375,0.2903137763293595,0.28,0.074846569248393,0.055153430751607,0.0946727557341131,0,0,0,1.0,0,10480,0,95,162,442,580,HOLD,655,settled,True,32.75,36.35364690000006,18.017449578077926,True,False,False,False,True,0.037068375619651796,0.1,False,0.27745582012205244,17,COVER_INFEASIBLE
c_shape,3,0.8,46.982850713394605,2.688850478830485,10.421052631578947,2.308587257617729,2.308587257617729,1.4798042265875224,0.35244755244755577,8,2.151080383064388,1.5789473684210527,1.8298,2.6298,c_shape__a0.80__seed003,1,30.576349067927193,2.679190531756308,0.9964074063804476,0.8,1.2455092579755593,0.9923740934866756,7.080431835725783,0.3327816440612317,0.12376353638153022,0.0,0.7125,0.65625,0.2935328096253405,0.28,0.06855612392827638,0.06144387607172362,0.10167993737329846,0,0,0,1.0,0,6304,0,82,141,262,354,HOLD,394,settled,True,19.700000000000003,21.777873800000634,18.091756964813918,True,False,False,False,False,0.18320869918183455,0.1,False,0.2774558201220524,17,COVER_INFEASIBLE
c_shape,4,0.8,267.58201150280627,2.6888504788304846,10.421052631578949,2.3085872576177273,2.3085872576177273,1.4798042265875506,0.35244755244755166,8,2.1510803830643876,1.5789473684210527,1.8298,2.6298,c_shape__a0.80__seed004,1,157.4812119101344,2.527220386967918,0.9398887765849786,0.8,1.1748609707312232,0.9350693563534063,20.760647158807608,0.9580152301146794,0.35629174536003505,-0.08302117948403007,0.81875,0.6875,0.30555520395615704,0.28,0.08514570221625116,0.044854297783748845,0.09957970262665013,0,0,0,1.0,0,8640,0,122,426,438,499,HOLD,540,settled,True,27.0,31.370736900000338,17.213494274021794,True,False,False,False,True,0.058784493451823586,0.1,False,0.27745582012205605,17,COVER_INFEASIBLE
star10,0,0.1,226.13361443243363,2.102335457073498,7.4144636596349836,1.7438171889341796,1.7438171889341796,1.1052631578947538,0.39962412521438984,10,0.21023354570734978,1.5789473684210527,1.4553,2.2553,star10__a0.10__seed000,1,213.89921974319353,0.24870140862242804,0.11829768069869613,0.1,1.1829768069869613,0.9999867798060919,0.2946164697886492,0.020193724553039034,0.0096053769559446,-5.219190679193832,0.98125,0.9375,0.28123335009852607,0.28,0.08739983540477958,0.042600164595220424,0.09052417297896813,0,0,13,0.6875,1,2656,0,72,89,114,126,HOLD,166,settled,True,8.3,7.731556599999749,21.470450077285264,False,True,False,False,True,0.033850159002547106,0.1,True,0.536842105263141,12,CONTRACT_FAILURE
star10,1,0.1,46.300259801862865,2.1023354570734973,7.414463659634983,1.743817188934179,1.743817188934179,1.1052631578948013,0.3996241252143947,10,0.21023354570734976,1.5789473684210527,1.4553,2.2553,star10__a0.10__seed001,1,67.05487627201978,0.001907244817009888,0.0009072028969462464,0.1,0.009072028969462463,0.2609013004480057,74.87645116352803,0.02042763414277891,0.009716638738146328,-1.937751194676565,0.975,0.94375,0.2800353304871039,0.28,0.08502469915626727,0.04497530084373273,0.0873747938302123,0,0,475,0.01171875,34,48000,0,156,,,,CONTACT_READY,3000,watchdog,False,150.0,147.36259359999985,20.35794788020074,False,True,False,False,True,0.0346268252997274,0.1,True,0.5368421052630936,12,TRANSPORT_NEVER_ARMED
star10,2,0.1,242.90902260917775,2.102335457073498,7.414463659634981,1.7438171889341794,1.7438171889341794,1.105263157894768,0.39962412521438984,10,0.21023354570734978,1.5789473684210527,1.4553,2.2553,star10__a0.10__seed002,1,78.6348106982665,0.2180038315026405,0.10369602566000916,0.1,1.0369602566000915,0.5359929080569027,57.58872692434693,0.34336972260073917,0.16332775126131308,-2.6354314736299465,0.975,0.9375,0.2800000004566105,0.28,0.07419226168837313,0.05580773831162687,0.09648670835023836,0,0,90,0.328125,12,33248,0,131,1368,1981,2038,HOLD,2078,settled,True,103.9,89.91091899999992,23.111764656748775,False,True,False,False,True,0.03326692384779918,0.1,True,0.5368421052631264,12,CONTRACT_FAILURE
star10,3,0.1,25.05987775937552,2.102335457073498,7.414463659634983,1.7438171889341796,1.7438171889341796,1.105263157894774,0.3996241252143853,10,0.21023354570734978,1.5789473684210527,1.4553,2.2553,star10__a0.10__seed003,1,30.576349067927193,0.20661632473445996,0.09827942730989037,0.1,0.9827942730989035,0.9359769612335455,20.613442679677775,0.0777173005614882,0.03696712639269881,-13.717592974418496,1.0,0.99375,0.28000131720309646,0.28,0.08951521144039976,0.04048478855960025,0.09133809304100812,0,0,1057,0.0,70,29840,0,284,1180,1190,1825,HOLD,1865,settled,True,93.25,79.50114100000064,23.45878281168298,False,True,False,False,True,0.03498995173883414,0.1,True,0.5368421052631211,12,CONTRACT_FAILURE
star10,4,0.1,257.6166860042555,2.1023354570734973,7.414463659634982,1.743817188934179,1.743817188934179,1.105263157894841,0.39962412521437995,10,0.21023354570734976,1.5789473684210527,1.4553,2.2553,star10__a0.10__seed004,1,157.4812119101344,0.24262697419084103,0.11540830621226536,0.1,1.1540830621226534,0.9262723522774421,22.138996387687968,0.09871301470586073,0.04695397890652126,-0.7485823546736118,0.96875,0.9625,0.2800365267918717,0.28,0.10326958465975565,0.026730415340244354,0.0935499221419541,0,0,9,0.44140625,0,3104,0,127,128,147,154,HOLD,194,settled,True,9.700000000000001,7.744345000000976,25.050536875613826,False,True,False,False,True,0.03164932153801862,0.1,True,0.5368421052630542,12,CONTRACT_FAILURE
star10,0,0.4,226.13361443243363,2.102335457073498,7.4144636596349836,1.7438171889341796,1.7438171889341796,1.1052631578947538,0.39962412521438984,10,0.8409341828293991,1.5789473684210527,1.4553,2.2553,star10__a0.40__seed000,1,213.89921974319353,1.0111975638022657,0.48098773219088325,0.4,1.202469330477208,0.9993477031144078,2.069587978077684,0.1265051396209366,0.06017362224249161,-4.804837709380863,0.96875,0.94375,0.28026954776666546,0.28,0.03766888332542748,0.09233111667457253,0.11030717009679947,0,0,86,0.015625,0,4016,0,72,89,177,206,HOLD,251,settled,True,12.55,10.374629399999321,24.19363529265117,False,True,False,False,True,0.034494225022049074,0.1,True,0.536842105263141,12,CONTRACT_FAILURE
star10,1,0.4,46.300259801862865,2.1023354570734973,7.414463659634983,1.743817188934179,1.743817188934179,1.1052631578948013,0.3996241252143947,10,0.840934182829399,1.5789473684210527,1.4553,2.2553,star10__a0.40__seed001,1,67.05487627201978,0.19066571280645425,0.09069233559513172,0.4,0.22673083898782928,0.738290041550476,42.41404365265172,0.17423101595185236,0.08287498332658397,-16.12523943306782,1.0,0.93125,0.27999999999999964,0.28,0.0759380504609655,0.05406194953903451,0.09139286510990298,0,0,379,0.015625,20,48000,0,156,223,,,TRANSPORT,3000,watchdog,False,150.0,160.7500059999984,18.662518743545366,False,True,False,False,True,0.03442044702619553,0.1,True,0.5368421052630936,12,TRANSPORT_STALL
star10,2,0.4,242.90902260917775,2.102335457073498,7.414463659634981,1.7438171889341794,1.7438171889341794,1.105263157894768,0.39962412521438984,10,0.8409341828293991,1.5789473684210527,1.4553,2.2553,star10__a0.40__seed002,1,78.6348106982665,0.0794078178362541,0.037771240345625776,0.4,0.09442810086406443,0.47311142927873945,61.7635435589228,0.14786895726212868,0.07033556741128548,-1.0662082070184282,0.9625,0.94375,0.2800016651046218,0.28,0.07419206576846768,0.055807934231532325,0.08839550555377852,0,0,74,0.33984375,11,48000,0,131,1013,,,TRANSPORT,3000,watchdog,False,150.0,154.79257890000008,19.380774074047025,False,True,False,False,True,0.0330423988149222,0.1,True,0.5368421052631264,12,TRANSPORT_STALL
star10,3,0.4,25.05987775937552,2.102335457073498,7.414463659634983,1.7438171889341796,1.7438171889341796,1.105263157894774,0.3996241252143853,10,0.8409341828293991,1.5789473684210527,1.4553,2.2553,star10__a0.40__seed003,1,30.576349067927193,0.338251337770739,0.1608931327456148,0.4,0.40223283186403697,0.8623792347897499,30.4152179207678,0.19857166475318652,0.09445289241784616,-9.800327506258526,0.98125,0.9375,0.28000131720309646,0.28,0.07476578181169984,0.05523421818830017,0.09550540206072078,0,0,1206,0.0,94,48000,0,284,798,,,TRANSPORT,3000,watchdog,False,150.0,144.84709339999972,20.71149603061352,False,True,False,False,True,0.03592767608425879,0.1,True,0.5368421052631211,12,TRANSPORT_STALL
star10,4,0.4,257.6166860042555,2.1023354570734973,7.414463659634982,1.743817188934179,1.743817188934179,1.105263157894841,0.39962412521437995,10,0.840934182829399,1.5789473684210527,1.4553,2.2553,star10__a0.40__seed004,1,157.4812119101344,0.9640663570839361,0.4585692325362481,0.4,1.1464230813406202,0.9200391891230151,23.068188211719793,0.4144099515311834,0.19711885186394193,1.4297099703444305,0.975,0.96875,0.2801235470716031,0.28,0.09186618484432672,0.03813381515567328,0.09659580684404193,0,0,7,0.7421875,1,4784,0,127,128,200,259,HOLD,299,settled,True,14.950000000000001,12.204250200000388,24.49966160149605,False,True,False,False,True,0.03510033961408189,0.1,True,0.5368421052630542,12,CONTRACT_FAILURE
star10,0,0.8,226.13361443243363,2.102335457073498,7.4144636596349836,1.7438171889341796,1.7438171889341796,1.1052631578947538,0.39962412521438984,10,1.6818683656587983,1.5789473684210527,1.4553,2.2553,star10__a0.80__seed000,1,213.89921974319353,1.9917124058822528,0.9473808754834802,0.8,1.1842260943543503,0.9845589592663263,10.08175950117243,0.35412385820225367,0.1684430793433902,-3.3030602071659754,0.9625,0.925,0.28026954776666546,0.28,0.03766888332542748,0.09233111667457253,0.1103071724267097,0,0,71,0.015625,0,5136,0,72,89,228,280,HOLD,321,settled,True,16.05,14.222198699999353,22.570349829243675,False,True,False,False,True,0.03171436840697145,0.1,True,0.536842105263141,12,CONTRACT_FAILURE
star10,1,0.8,46.300259801862865,2.1023354570734973,7.414463659634983,1.743817188934179,1.743817188934179,1.1052631578948013,0.3996241252143947,10,1.681868365658798,1.5789473684210527,1.4553,2.2553,star10__a0.80__seed001,1,67.05487627201978,0.19066571280645425,0.09069233559513172,0.8,0.11336541949391464,0.738290041550476,42.41404365265172,0.17423101595185236,0.08287498332658397,-16.12523943306782,1.0,0.93125,0.27999999999999964,0.28,0.0759380504609655,0.05406194953903451,0.09139286510990298,0,0,379,0.015625,20,48000,0,156,223,,,TRANSPORT,3000,watchdog,False,150.0,161.6369039000001,18.5601179409871,False,True,False,False,True,0.03442044702619553,0.1,True,0.5368421052630936,12,TRANSPORT_STALL
star10,2,0.8,242.90902260917775,2.102335457073498,7.414463659634981,1.7438171889341794,1.7438171889341794,1.105263157894768,0.39962412521438984,10,1.6818683656587983,1.5789473684210527,1.4553,2.2553,star10__a0.80__seed002,1,78.6348106982665,0.0794078178362541,0.037771240345625776,0.8,0.047214050432032216,0.47311142927873945,61.7635435589228,0.14786895726212868,0.07033556741128548,-1.0662082070184282,0.9625,0.94375,0.2800016651046218,0.28,0.07419206576846768,0.055807934231532325,0.08839550555377852,0,0,74,0.33984375,11,48000,0,131,1013,,,TRANSPORT,3000,watchdog,False,150.0,173.43221910000102,17.29782398892215,False,True,False,False,True,0.0330423988149222,0.1,True,0.5368421052631264,12,TRANSPORT_STALL
star10,3,0.8,25.05987775937552,2.102335457073498,7.414463659634983,1.7438171889341796,1.7438171889341796,1.105263157894774,0.3996241252143853,10,1.6818683656587983,1.5789473684210527,1.4553,2.2553,star10__a0.80__seed003,1,30.576349067927193,0.338251337770739,0.1608931327456148,0.8,0.20111641593201848,0.8623792347897499,30.4152179207678,0.19857166475318652,0.09445289241784616,-9.800327506258526,0.98125,0.9375,0.28000131720309646,0.28,0.07476578181169984,0.05523421818830017,0.09550540206072078,0,0,1206,0.0,94,48000,0,284,798,,,TRANSPORT,3000,watchdog,False,150.0,182.7329606000003,16.4173994125064,False,True,False,False,True,0.03592767608425879,0.1,True,0.5368421052631211,12,TRANSPORT_STALL
star10,4,0.8,257.6166860042555,2.1023354570734973,7.414463659634982,1.743817188934179,1.743817188934179,1.105263157894841,0.39962412521437995,10,1.681868365658798,1.5789473684210527,1.4553,2.2553,star10__a0.80__seed004,1,157.4812119101344,1.9522706924785915,0.9286199716177552,0.8,1.1607749645221939,0.9493236573381634,18.318570562278786,0.646353849621423,0.3074456302616726,0.5211295129773877,0.975,0.9625,0.2801230986840522,0.28,0.09218972549975753,0.03781027450024248,0.09709270699762125,0,0,178,0.03515625,7,8448,0,127,128,331,487,HOLD,528,settled,True,26.400000000000002,31.820113100000526,16.59327854494619,False,True,False,False,True,0.029702235809290996,0.1,True,0.5368421052630542,12,CONTRACT_FAILURE
convex_random,0,0.1,293.23089683215187,2.4153159583753836,6.88598307834278,3.052976803343482,3.052976803343482,1.3111095269095219,0.0,7,0.24153159583753836,1.5789473684210527,1.6611,2.4611,convex_random__a0.10__seed000,1,213.89921974319353,0.31093916298745633,0.12873643380247596,0.1,1.2873643380247595,0.9961809261881002,5.0090454241869145,0.028385084309853814,0.011752120550284652,0.0,1.0,1.0,0.28982329413843044,0.28,0.0885515974629922,0.04144840253700781,0.09090747467312946,0,0,0,1.0,0,3824,0,89,103,136,152,HOLD,239,settled,True,11.950000000000001,12.08192280000003,19.781619528308806,True,True,False,False,True,0.03152024071823922,0.1,True,0.7807909185641873,11,SUCCESS
convex_random,1,0.1,80.52592380485316,3.0165178036262,8.019725469885202,4.119028685728285,4.119028685728285,1.5579480290101388,4.3298697960381105e-15,6,0.30165178036262,1.5789473684210527,1.9079,2.7079,convex_random__a0.10__seed001,1,67.05487627201978,0.3511863278784854,0.11642110232411663,0.1,1.1642110232411662,0.9949145099193971,5.780804174943997,0.04352702524659837,0.014429560201592013,0.0,0.98125,0.98125,0.3066307544298278,0.28,0.07366695455198827,0.05633304544801174,0.09135105522996445,0,0,0,1.0,0,5072,0,81,114,227,277,HOLD,317,settled,True,15.850000000000001,17.433510099999694,18.183372033610464,True,False,False,False,True,0.03694260775703677,0.1,False,0.963107383956389,13,WRENCH_INFEASIBLE
convex_random,2,0.1,33.514906216565116,2.910780238406528,7.4933904563397755,3.629762525926443,3.629762525926443,1.500936535300051,1.1102230246251565e-15,9,0.29107802384065284,1.5789473684210527,1.8509,2.6509,convex_random__a0.10__seed002,1,78.6348106982665,0.3173475175408301,0.1090248976386339,0.1,1.090248976386339,0.9918026835769987,7.341259868246529,0.04088545475992142,0.014046218337081907,0.0,1.0,1.0,0.3332041778588382,0.28,0.07780391258095266,0.05219608741904734,0.08871525279280108,0,0,0,1.0,0,5184,0,100,101,224,284,HOLD,324,settled,True,16.2,15.282170700000279,21.201176610335473,True,True,False,False,True,0.03519508594153392,0.1,True,0.885408835454692,12,SUCCESS
convex_random,3,0.1,249.6961072884745,2.4045866343150344,6.978890399214118,3.4392372427443845,3.4392372427443845,1.2255656985656174,0.0,7,0.24045866343150346,1.5789473684210527,1.5756,2.3756,convex_random__a0.10__seed003,1,30.576349067927193,0.29223505632340313,0.12153234662166731,0.1,1.215323466216673,0.9955256925902856,5.42203857993976,0.029577124582395337,0.012300294844989278,0.0,1.0,1.0,0.28002414574503953,0.28,0.07832752267265049,0.05167247732734952,0.09596606544751768,0,0,6,0.41796875,0,3504,0,76,85,157,179,HOLD,219,settled,True,10.950000000000001,10.138024699999733,21.601841234417762,False,False,False,False,True,0.03289606749871726,0.1,False,0.9073462958182317,12,WRENCH_INFEASIBLE
convex_random,4,0.1,283.5216312014414,2.3567028305122117,6.931879584875514,3.4684861579462236,3.4684861579462236,1.2440879025716685,1.9984014443252818e-15,9,0.23567028305122117,1.5789473684210527,1.5941,2.3941,convex_random__a0.10__seed004,1,157.4812119101344,0.3022178726115932,0.12823758205692332,0.1,1.2823758205692333,0.994613210064799,5.949737393634266,0.031539687645004644,0.013382971852310174,0.0,1.0,1.0,0.30954580316878844,0.28,0.07918703300233265,0.05081296699766735,0.09155376336640285,0,0,5,0.8828125,0,2640,0,77,78,112,125,HOLD,165,settled,True,8.25,9.251987999999983,17.83400497276913,False,True,False,False,True,0.03353733226284066,0.1,True,0.9391831868625808,12,CONTRACT_FAILURE
convex_random,0,0.4,293.23089683215187,2.4153159583753836,6.88598307834278,3.052976803343482,3.052976803343482,1.3111095269095219,0.0,7,0.9661263833501534,1.5789473684210527,1.6611,2.4611,convex_random__a0.40__seed000,1,213.89921974319353,1.1268643003974752,0.46654943693389045,0.4,1.166373592334726,0.9991905891259086,2.305427373617876,0.10510288270913609,0.04351516924511671,0.0,1.0,1.0,0.28982329413843044,0.28,0.08506154456356145,0.044938455436438554,0.09120229209457799,0,0,0,1.0,0,5776,0,89,103,224,287,HOLD,361,settled,True,18.05,20.461450299999342,17.642933160021975,True,True,False,False,True,0.03336606077257519,0.1,True,0.7807909185641873,11,SUCCESS
convex_random,1,0.4,80.52592380485316,3.0165178036262,8.019725469885202,4.119028685728285,4.119028685728285,1.5579480290101388,4.3298697960381105e-15,6,1.20660712145048,1.5789473684210527,1.9079,2.7079,convex_random__a0.40__seed001,1,67.05487627201978,1.3859498188769317,0.45945355177776875,0.4,1.148633879444422,0.9932957382334956,6.638287321050299,0.1612984835862813,0.05347174924423852,-0.054420167108595645,1.0,1.0,0.2801112121196903,0.28,0.07366695455198827,0.05633304544801174,0.09288965582517195,0,0,0,1.0,0,10096,0,81,114,392,591,HOLD,631,settled,True,31.55,47.50279589999991,13.283428649722936,True,False,False,False,True,0.031130140664286047,0.1,False,0.963107383956389,13,WRENCH_INFEASIBLE
convex_random,2,0.4,33.514906216565116,2.910780238406528,7.4933904563397755,3.629762525926443,3.629762525926443,1.500936535300051,1.1102230246251565e-15,9,1.1643120953626114,1.5789473684210527,1.8509,2.6509,convex_random__a0.40__seed002,1,78.6348106982665,1.3669196760976767,0.46960593522717486,0.4,1.1740148380679372,0.9999993715035097,0.06423756666352923,0.07391085683867196,0.025392111662518903,0.0,1.0,1.0,0.28152998478722013,0.28,0.07020163500753132,0.05979836499246868,0.0910746437354267,0,0,0,1.0,0,25712,0,100,101,341,1567,HOLD,1607,settled,True,80.35000000000001,101.10445679999975,15.894452637027609,True,True,False,False,True,0.032072293086081914,0.1,True,0.885408835454692,12,SUCCESS
convex_random,3,0.4,249.6961072884745,2.4045866343150344,6.978890399214118,3.4392372427443845,3.4392372427443845,1.2255656985656174,0.0,7,0.9618346537260138,1.5789473684210527,1.5756,2.3756,convex_random__a0.40__seed003,1,30.576349067927193,1.136926422057206,0.4728157454726386,0.4,1.1820393636815962,0.9948347086117008,5.826022516919599,0.1360540060639297,0.056581037306932286,0.0,1.0,1.0,0.2836053201390158,0.28,0.07187628806160935,0.05812371193839065,0.09656288108780847,0,0,14,0.37109375,0,6320,0,76,85,252,355,HOLD,395,settled,True,19.75,19.858748799999375,19.89047769212995,False,False,False,False,True,0.03177814962385122,0.1,False,0.9073462958182317,12,WRENCH_INFEASIBLE
convex_random,4,0.4,283.5216312014414,2.3567028305122117,6.931879584875514,3.4684861579462236,3.4684861579462236,1.2440879025716685,1.9984014443252818e-15,9,0.9426811322048847,1.5789473684210527,1.5941,2.3941,convex_random__a0.40__seed004,1,157.4812119101344,1.1073826961569477,0.4698864370253531,0.4,1.1747160925633826,0.9362897414901137,20.562479374510108,0.4160245034611033,0.17652819781723753,0.0,1.0,1.0,0.2954645264249482,0.28,0.049290929664407415,0.08070907033559259,0.09705040611492115,0,0,1,0.96875,0,3840,0,77,78,166,199,HOLD,240,settled,True,12.0,10.842384800000218,22.13535162485611,False,True,False,False,True,0.030704786713897175,0.1,True,0.9391831868625808,12,CONTRACT_FAILURE
convex_random,0,0.8,293.23089683215187,2.4153159583753836,6.88598307834278,3.052976803343482,3.052976803343482,1.3111095269095219,0.0,7,1.9322527667003069,1.5789473684210527,1.6611,2.4611,convex_random__a0.80__seed000,1,213.89921974319353,2.309920402967773,0.9563636570850536,0.8,1.195454571356317,0.9997039450626432,1.3942302446989607,0.10510288270913609,0.04351516924511671,-0.23681071766164472,1.0,1.0,0.28982329413843044,0.28,0.06449483354251193,0.06550516645748808,0.09866298717237645,0,0,0,1.0,0,7520,0,89,103,320,382,HOLD,470,settled,True,23.5,25.939212600000246,18.119285548397702,True,True,False,False,True,0.0352174226669294,0.1,True,0.7807909185641873,11,SUCCESS
convex_random,1,0.8,80.52592380485316,3.0165178036262,8.019725469885202,4.119028685728285,4.119028685728285,1.5579480290101388,4.3298697960381105e-15,6,2.41321424290096,1.5789473684210527,1.9079,2.7079,convex_random__a0.80__seed001,1,67.05487627201978,1.964610700371041,0.6512843047070214,0.8,0.8141053808837766,0.9979073624120123,3.707322827546675,0.16771827596282296,0.05559996223500036,0.0,1.0,0.98125,0.2801112121196903,0.28,0.07012561732121968,0.05987438267878033,0.09288965582517195,0,0,0,1.0,0,48000,0,81,114,2272,,BRAKE,3000,watchdog,False,150.0,155.86785650000093,19.24707292038742,False,False,False,False,True,0.034446176642650365,0.1,False,0.963107383956389,13,WRENCH_INFEASIBLE
convex_random,2,0.8,33.514906216565116,2.910780238406528,7.4933904563397755,3.629762525926443,3.629762525926443,1.500936535300051,1.1102230246251565e-15,9,2.3286241907252228,1.5789473684210527,1.8509,2.6509,convex_random__a0.80__seed002,1,78.6348106982665,2.7293169309974394,0.9376581904003757,0.8,1.1720727380004696,0.9926470143276406,6.952419403864856,0.3328175160151189,0.11433962331602053,0.0,1.0,1.0,0.29669682507099404,0.28,0.07020163500753132,0.05979836499246868,0.0917067463260455,0,0,0,1.0,0,20064,0,100,101,886,1112,HOLD,1254,settled,True,62.7,75.39948499999991,16.631413331271446,True,True,False,False,True,0.03277127605891399,0.1,True,0.885408835454692,12,SUCCESS
convex_random,3,0.8,249.6961072884745,2.4045866343150344,6.978890399214118,3.4392372427443845,3.4392372427443845,1.2255656985656174,0.0,7,1.9236693074520277,1.5789473684210527,1.5756,2.3756,convex_random__a0.80__seed003,1,30.576349067927193,2.298702957400681,0.9559659546454581,0.8,1.1949574433068226,0.9981687883978889,3.4679529113028575,0.139304202982667,0.05793270285823946,0.0,1.0,1.0,0.284355980835826,0.28,0.0733934853072485,0.056606514692751506,0.09656288108780847,0,0,14,0.41796875,0,27344,0,76,85,628,1621,HOLD,1709,settled,True,85.45,88.78993399999854,19.247677332433067,False,False,False,False,True,0.03094004435170374,0.1,False,0.9073462958182317,12,WRENCH_INFEASIBLE
convex_random,4,0.8,283.5216312014414,2.3567028305122117,6.931879584875514,3.4684861579462236,3.4684861579462236,1.2440879025716685,1.9984014443252818e-15,9,1.8853622644097694,1.5789473684210527,1.5941,2.3941,convex_random__a0.80__seed004,1,157.4812119101344,2.262997730073862,0.9602388985046607,0.8,1.200298623130826,0.9118555570663415,24.236951455954067,1.018786254348447,0.43229304991627704,0.0,1.0,1.0,0.31130849904446883,0.28,0.029655239160062796,0.10034476083993721,0.10064710331120444,0,0,1,0.96875,0,5264,0,77,78,226,288,HOLD,329,settled,True,16.45,17.179945300000327,19.15023559475441,False,True,False,False,True,0.033592699128942034,0.1,True,0.9391831868625808,12,CONTRACT_FAILURE
concave_random7,0,0.1,170.79533206835475,1.948205893470457,5.129655308184338,1.604518412667569,1.604518412667569,1.0461068003050698,0.027129565196699845,7,0.19482058934704571,1.5789473684210527,1.3961,2.1961,concave_random7__a0.10__seed000,1,213.89921974319353,0.23649937839006208,0.12139342108691163,0.1,1.2139342108691162,0.9978236150810043,3.780805025947371,0.016223280699679557,0.008327292692242116,-0.05119455831506743,1.0,1.0,0.28000668192637057,0.28,0.06702133344706154,0.06297866655293846,0.09454818364294734,0,0,29,0.046875,1,2608,0,96,97,113,123,HOLD,163,settled,True,8.15,7.756124400000772,21.015650548356827,False,True,False,False,True,0.03187033362715361,0.1,True,0.490417559905444,9,CONTRACT_FAILURE
concave_random7,1,0.1,245.01643324861104,1.9603361651367628,5.207238720385602,1.6696597804054698,1.6696597804054698,1.0420922280389016,0.028108387958982184,7,0.1960336165136763,1.5789473684210527,1.3921,2.1921,concave_random7__a0.10__seed001,1,67.05487627201978,0.2392804336970177,0.12206091891403958,0.1,1.2206091891403958,0.9961271101638325,5.0442368010956855,0.021120495155399446,0.010773914969795998,0.0,1.0,1.0,0.28497986168729095,0.28,0.09101838104207625,0.03898161895792375,0.09706274949708027,0,0,6,0.6640625,0,2448,0,88,89,107,113,HOLD,153,settled,True,7.65,7.484889199999088,20.44118435313894,False,True,False,False,True,0.030889430927682836,0.1,True,0.4674062728812784,9,CONTRACT_FAILURE
concave_random7,2,0.1,359.6380195682158,1.8488769989442917,4.795796989833268,1.4497931114331049,1.4497931114331049,0.9697728150431391,0.018475965362848346,7,0.18488769989442919,1.5789473684210527,1.3198,2.1198,concave_random7__a0.10__seed002,1,78.6348106982665,0.21767787297329028,0.1177351836263766,0.1,1.1773518362637658,0.944460512867123,19.18533511985417,0.07574098984930677,0.04096594305221757,-1.8649800694662286,1.0,1.0,0.28001349815394416,0.28,0.08722627968167575,0.04277372031832426,0.0911480260663067,0,0,1,0.77734375,0,3472,0,116,162,167,177,HOLD,217,settled,True,10.850000000000001,10.699978700000429,20.280414203066712,False,True,False,False,True,0.03134842518770723,0.1,True,0.48879326022025976,8,CONTRACT_FAILURE
concave_random7,3,0.1,50.521777828496774,2.0534820788577983,6.084145607412145,1.7778945511231643,1.7778945511231643,1.0964462365989496,0.19387758958773404,7,0.20534820788577984,1.5789473684210527,1.4464,2.2464,concave_random7__a0.10__seed003,1,30.576349067927193,0.24131678978864443,0.11751589764195619,0.1,1.1751589764195618,0.812555365704891,35.65364577092356,0.17310783464002638,0.08429965687176272,0.013569368523015497,1.0,1.0,0.28077256278146,0.28,0.0871474932676628,0.0428525067323372,0.09928203618610895,0,0,2,0.7734375,2,2768,0,94,95,109,131,HOLD,173,settled,True,8.65,8.428411900000356,20.525812223295908,False,True,False,False,True,0.03177446797600376,0.1,True,0.4073503535175525,10,CONTRACT_FAILURE
concave_random7,4,0.1,301.46793786675477,2.027149245130991,5.583046603484315,1.898481848012472,1.898481848012472,1.066133243431712,0.03346639504664328,7,0.20271492451309914,1.5789473684210527,1.4161,2.2161,concave_random7__a0.10__seed004,1,157.4812119101344,0.25260947956960467,0.12461316312863853,0.1,1.2461316312863853,0.9918638312250819,7.313790275226482,0.032421819795596794,0.01599380009807899,0.0,1.0,1.0,0.2899424455051717,0.28,0.08954600933977135,0.04045399066022866,0.09628468425201683,0,0,0,1.0,0,3024,0,117,140,140,149,HOLD,189,settled,True,9.450000000000001,9.474250299999767,19.94880798114492,True,True,False,False,True,0.028693380151488167,0.1,True,0.4999321861178282,9,SUCCESS
concave_random7,0,0.4,170.79533206835475,1.948205893470457,5.129655308184338,1.604518412667569,1.604518412667569,1.0461068003050698,0.027129565196699845,7,0.7792823573881829,1.5789473684210527,1.3961,2.1961,concave_random7__a0.40__seed000,1,213.89921974319353,0.9225957718007515,0.4735617394921621,0.4,1.183904348730405,0.9999961976632666,0.15800217139968303,0.0331631855115454,0.017022423360228016,0.2757463246829643,1.0,1.0,0.28002825521125446,0.28,0.04499525299067426,0.08500474700932575,0.09713445227279488,0,0,24,0.16796875,0,3456,0,96,97,155,176,HOLD,216,settled,True,10.8,11.757738199999949,18.37088020891645,False,True,False,False,True,0.028882925493601577,0.1,True,0.490417559905444,9,CONTRACT_FAILURE
concave_random7,1,0.4,245.01643324861104,1.9603361651367628,5.207238720385602,1.6696597804054698,1.6696597804054698,1.0420922280389016,0.028108387958982184,7,0.7841344660547052,1.5789473684210527,1.3921,2.1921,concave_random7__a0.40__seed001,1,67.05487627201978,0.9413162385157754,0.4801810297929715,0.4,1.2004525744824286,0.9028015485796392,25.471202693409765,0.4484042046848986,0.22873842387824117,-0.01873697392515412,1.0,1.0,0.281273918149587,0.28,0.08473466073064884,0.04526533926935117,0.10023331680815051,0,0,6,0.76171875,0,3488,0,88,89,146,177,HOLD,218,settled,True,10.9,11.741043099998933,18.567345179068443,False,True,False,False,True,0.028739786454143934,0.1,True,0.4674062728812784,9,CONTRACT_FAILURE
concave_random7,2,0.4,359.6380195682158,1.8488769989442917,4.795796989833268,1.4497931114331049,1.4497931114331049,0.9697728150431391,0.018475965362848346,7,0.7395507995777167,1.5789473684210527,1.3198,2.1198,concave_random7__a0.40__seed002,1,78.6348106982665,0.8743212519962807,0.4728931413477035,0.4,1.1822328533692585,0.9964106706488346,4.855950747148119,0.20238556306627137,0.10946404935635712,-3.130259027338589,1.0,1.0,0.2800376654443503,0.28,0.08472180496034537,0.045278195039654634,0.09580479449829578,0,0,2,0.69140625,0,4784,0,116,157,208,259,HOLD,299,settled,True,14.950000000000001,15.897981000000073,18.807419633977336,False,True,False,False,True,0.030281253354313375,0.1,True,0.48879326022025976,8,CONTRACT_FAILURE
concave_random7,3,0.4,50.521777828496774,2.0534820788577983,6.084145607412145,1.7778945511231643,1.7778945511231643,1.0964462365989496,0.19387758958773404,7,0.8213928315431194,1.5789473684210527,1.4464,2.2464,concave_random7__a0.40__seed003,1,30.576349067927193,0.9370335153758408,0.4563144353794623,0.4,1.1407860884486558,0.8961960298063376,26.337528304282397,0.4639880581499195,0.22595184196007304,0.1354788286478319,1.0,1.0,0.2806764414358339,0.28,0.08501111048356183,0.044988889516438174,0.0988497700911642,0,0,41,0.03515625,0,4768,0,94,95,155,258,HOLD,298,settled,True,14.9,15.63185969999904,19.063630669613694,False,True,False,False,True,0.029235129405795347,0.1,True,0.4073503535175525,10,CONTRACT_FAILURE
concave_random7,4,0.4,301.46793786675477,2.027149245130991,5.583046603484315,1.898481848012472,1.898481848012472,1.066133243431712,0.03346639504664328,7,0.8108596980523965,1.5789473684210527,1.4161,2.2161,concave_random7__a0.40__seed004,1,157.4812119101344,0.9762358814156451,0.48158066494633567,0.4,1.203951662365839,0.9784408941924876,11.918904902215042,0.20606160694854628,0.10165093045984924,0.0,1.0,1.0,0.2806463799845794,0.28,0.08954600933977135,0.04045399066022866,0.09861237861873065,0,0,11,0.76953125,0,3696,0,117,132,167,190,HOLD,231,settled,True,11.55,12.3748398000007,18.66690831827875,False,True,False,False,True,0.031771573778666164,0.1,True,0.4999321861178282,9,CONTRACT_FAILURE
concave_random7,0,0.8,170.79533206835475,1.948205893470457,5.129655308184338,1.604518412667569,1.604518412667569,1.0461068003050698,0.027129565196699845,7,1.5585647147763657,1.5789473684210527,1.3961,2.1961,concave_random7__a0.80__seed000,1,213.89921974319353,1.8811185017075833,0.9655645268358332,0.8,1.2069556585447914,0.9882499856440611,8.791905169363519,0.2909403994982037,0.1493376036246015,0.4882887787843224,1.0,1.0,0.28002825521125446,0.28,0.039306829318889396,0.0906931706811106,0.09822956145185796,0,0,28,0.16796875,0,4448,0,96,97,195,238,HOLD,278,settled,True,13.9,17.630975100000796,15.767704192378302,False,True,False,False,True,0.034462574207610085,0.1,True,0.490417559905444,9,CONTRACT_FAILURE
concave_random7,1,0.8,245.01643324861104,1.9603361651367628,5.207238720385602,1.6696597804054698,1.6696597804054698,1.0420922280389016,0.028108387958982184,7,1.5682689321094103,1.5789473684210527,1.3921,2.1921,concave_random7__a0.80__seed001,1,67.05487627201978,1.819470489118097,0.9281420816878935,0.8,1.1601776021098666,0.8864383904037301,27.570946831961912,0.9500217368861644,0.48462184893675425,-0.012397476407220432,1.0,1.0,0.2801630366651801,0.28,0.0830093238928962,0.04699067610710381,0.10023331680815051,0,0,54,0.01953125,0,4992,0,88,89,201,271,HOLD,312,settled,True,15.600000000000001,15.871117499998945,19.658351089645752,False,True,False,False,True,0.02899640194519036,0.1,True,0.4674062728812784,9,CONTRACT_FAILURE
concave_random7,2,0.8,359.6380195682158,1.8488769989442917,4.795796989833268,1.4497931114331049,1.4497931114331049,0.9697728150431391,0.018475965362848346,7,1.4791015991554335,1.5789473684210527,1.3198,2.1198,concave_random7__a0.80__seed002,1,78.6348106982665,1.7042813485383086,0.9217927149893977,0.8,1.1522408937367472,0.9988742277145315,2.7189652567333256,0.20238556306627137,0.10946404935635712,-3.196172068519769,1.0,1.0,0.2800376654443503,0.28,0.08471687621578596,0.04528312378421405,0.09641508430260577,0,0,21,0.08984375,0,6640,0,116,157,291,375,HOLD,415,settled,True,20.75,20.48305099999925,20.260653552052144,False,True,False,False,True,0.03303520266983715,0.1,True,0.48879326022025976,8,CONTRACT_FAILURE
concave_random7,3,0.8,50.521777828496774,2.0534820788577983,6.084145607412145,1.7778945511231643,1.7778945511231643,1.0964462365989496,0.19387758958773404,7,1.6427856630862387,1.5789473684210527,1.4464,2.2464,concave_random7__a0.80__seed003,1,30.576349067927193,1.9045983075135238,0.9274969219954977,0.8,1.159371152494372,0.999484658537314,1.8395170846258961,0.4534223086631092,0.2208065574720354,0.10754412829096152,1.0,1.0,0.2804899173286557,0.28,0.07805646724071158,0.051943532759288424,0.0988497700911642,0,0,23,0.453125,5,8192,0,94,95,329,472,HOLD,512,settled,True,25.6,25.82204449999881,19.82801942735493,False,True,False,False,True,0.03016728743697714,0.1,True,0.4073503535175525,10,CONTRACT_FAILURE
concave_random7,4,0.8,301.46793786675477,2.027149245130991,5.583046603484315,1.898481848012472,1.898481848012472,1.066133243431712,0.03346639504664328,7,1.621719396104793,1.5789473684210527,1.4161,2.2161,concave_random7__a0.80__seed004,1,157.4812119101344,1.948818790072587,0.961359305316791,0.8,1.2016991316459886,0.9697964447444954,14.117762463402833,0.49015177382223923,0.24179362964988127,0.0,1.0,1.0,0.2800418660565379,0.28,0.08954600933977135,0.04045399066022866,0.10043785935006849,0,0,16,0.76953125,0,4704,0,117,132,209,253,HOLD,294,settled,True,14.700000000000001,14.997950700000729,19.602678117883514,False,True,False,False,True,0.03139803209594327,0.1,True,0.4999321861178282,9,CONTRACT_FAILURE
concave_random15,0,0.1,96.50038485920508,1.9947472645873217,7.143178631983274,1.7930390222620838,1.7930390222620838,1.060079840140356,0.2528378713736844,15,0.19947472645873218,1.5789473684210527,1.4101,2.2101,concave_random15__a0.10__seed000,1,213.89921974319353,0.2383176506000495,0.11947260428972352,0.1,1.194726042897235,0.9963268251566457,4.912374373726487,0.020899087495130753,0.010477060360553701,-0.003856314747166578,0.96875,0.9625,0.28024306033064955,0.28,0.08837813649698559,0.04162186350301442,0.08906380500517712,0,0,8,0.86328125,0,3264,0,106,107,143,164,HOLD,204,settled,True,10.200000000000001,9.642557900000611,21.156212087664734,False,True,False,False,True,0.032181001783727,0.1,True,0.3902860003820267,12,CONTRACT_FAILURE
concave_random15,1,0.1,288.9900241593214,2.1421110184832073,8.228126754598273,1.8124948360705133,1.8124948360705133,1.10766796698048,0.34404018317618934,15,0.21421110184832073,1.5789473684210527,1.4577,2.2577,concave_random15__a0.10__seed001,1,67.05487627201978,0.26929431142212484,0.12571445135126919,0.1,1.2571445135126917,0.8282257809072777,34.0830881532495,0.18221005545586821,0.08506097671113615,-6.147175912598859,1.0,1.0,0.2814119974843543,0.28,0.08110585662559967,0.04889414337440033,0.09268515415630829,0,0,55,0.3515625,2,21648,0,123,214,1233,1300,HOLD,1353,settled,True,67.65,73.05456609999965,18.520402929338683,False,True,False,False,True,0.03294499723522987,0.1,True,0.31891722749110973,14,CONTRACT_FAILURE
concave_random15,2,0.1,101.29510715168155,1.957843950922477,6.9488935501735005,1.6252596970686337,1.6252596970686337,1.004736950175841,0.2823658976345341,15,0.1957843950922477,1.5789473684210527,1.3547,2.1547,concave_random15__a0.10__seed002,1,78.6348106982665,0.1940911468643228,0.09913514648237053,0.1,0.9913514648237052,0.7582590496807572,40.68904099318634,0.1668801445332778,0.08523669338133354,-13.33169609920783,1.0,0.9875,0.28006999678224037,0.28,0.09258100909782843,0.03741899090217157,0.08927601043782288,0,0,11,0.25,0,20032,0,129,130,890,1206,HOLD,1252,settled,True,62.6,63.08266259999982,19.846974563182176,False,True,False,False,True,0.036914175831371354,0.1,True,0.37609853636584173,12,CONTRACT_FAILURE
concave_random15,3,0.1,329.9474278057181,1.938152314993001,7.2196449020667295,1.7519352930396557,1.7519352930396557,1.0697549335063803,0.289700359021395,15,0.1938152314993001,1.5789473684210527,1.4198,2.2198,concave_random15__a0.10__seed003,1,30.576349067927193,0.06769206025025613,0.03492607868154087,0.1,0.3492607868154087,0.5929078189452063,53.63637147075897,0.11650960574433006,0.060113751041672284,3.998823603808272,1.0,0.9375,0.28002468387357954,0.28,0.07175241536287194,0.058247584637128064,0.08946154377431378,0,0,946,0.0,15,48000,0,188,2318,,,TRANSPORT,3000,watchdog,False,150.0,151.0642512000013,19.859099529961952,False,True,False,False,True,0.02991993749696916,0.1,True,0.4298395915222058,12,TRANSPORT_STALL
concave_random15,4,0.1,113.58251687542312,1.9207270781335861,6.732863223424166,1.8530053420927104,1.8530053420927104,1.0057359830822343,0.2297427771322218,15,0.1920727078133586,1.5789473684210527,1.3557,2.1557,concave_random15__a0.10__seed004,1,157.4812119101344,0.2341202294174757,0.1218914608341835,0.1,1.218914608341835,0.9479827905915834,18.56145152855708,0.07861484643255756,0.04092973297848718,-0.3897572572553657,1.0,1.0,0.28099331918644443,0.28,0.08259967399013449,0.04740032600986552,0.09174604425007041,0,0,29,0.2890625,0,3824,0,118,119,143,172,HOLD,239,settled,True,11.950000000000001,11.128038799999558,21.477279536445316,False,True,False,False,True,0.03236483112859973,0.1,True,0.48325294026424287,11,CONTRACT_FAILURE
concave_random15,0,0.4,96.50038485920508,1.9947472645873217,7.143178631983274,1.7930390222620838,1.7930390222620838,1.060079840140356,0.2528378713736844,15,0.7978989058349287,1.5789473684210527,1.4101,2.2101,concave_random15__a0.40__seed000,1,213.89921974319353,0.9329775739959497,0.4677171843065374,0.4,1.1692929607663436,0.9998973926126209,0.8207873578287103,0.029424411784043036,0.014750947303657756,-0.46812671514005844,0.96875,0.96875,0.28049714160941575,0.28,0.08742550007740009,0.042574499922599915,0.09328257441452234,0,0,8,0.86328125,0,4928,0,106,107,233,267,HOLD,308,settled,True,15.4,16.028520100000605,19.21574780943054,False,True,False,False,True,0.03210859181035023,0.1,True,0.3902860003820267,12,CONTRACT_FAILURE
concave_random15,1,0.4,288.9900241593214,2.1421110184832073,8.228126754598273,1.8124948360705133,1.8124948360705133,1.10766796698048,0.34404018317618934,15,0.8568444073932829,1.5789473684210527,1.4577,2.2577,concave_random15__a0.40__seed001,1,67.05487627201978,0.4699367010196484,0.21938018009561552,0.4,0.5484504502390388,0.9790016573024568,11.762321284576293,0.18683950734392524,0.08722214009067707,2.485913090996837,1.0,1.0,0.28012678759184906,0.28,0.08110585662559967,0.04889414337440033,0.09416992121723591,0,0,95,0.16796875,1,48000,0,123,214,,,TRANSPORT,3000,watchdog,False,150.0,161.62614529999883,18.561353390143754,False,True,False,False,True,0.03373400740474826,0.1,True,0.31891722749110973,14,TRANSPORT_STALL
concave_random15,2,0.4,101.29510715168155,1.957843950922477,6.9488935501735005,1.6252596970686337,1.6252596970686337,1.004736950175841,0.2823658976345341,15,0.7831375803689908,1.5789473684210527,1.3547,2.1547,concave_random15__a0.40__seed002,1,78.6348106982665,0.7843928754916452,0.40064116198947464,0.4,1.0016029049736865,0.7862040035247679,38.16782861107948,0.6214916999968125,0.31743679045716816,-13.478758512526305,1.0,1.0,0.28000136051234015,0.28,0.05836784613186556,0.07163215386813444,0.0984154251152311,0,0,32,0.01171875,3,48000,0,129,130,685,,BRAKE,3000,watchdog,False,150.0,127.9168322000005,23.452738380117488,False,True,False,False,True,0.031044439299070747,0.1,True,0.37609853636584173,12,TRANSPORT_STALL
concave_random15,3,0.4,329.9474278057181,1.938152314993001,7.2196449020667295,1.7519352930396557,1.7519352930396557,1.0697549335063803,0.289700359021395,15,0.7752609259972004,1.5789473684210527,1.4198,2.2198,concave_random15__a0.40__seed003,1,30.576349067927193,0.03886386450438127,0.020052017689085298,0.4,0.050130044222713235,0.47941804650651376,61.35259938783673,0.08611141153591509,0.04442964098836889,3.5063174040473233,1.0,0.94375,0.28002468387357954,0.28,0.07779062205380796,0.05220937794619204,0.08994749963438892,0,0,997,0.015625,12,48000,0,188,2461,,,TRANSPORT,3000,watchdog,False,150.0,130.83713759999955,22.92926958683335,False,True,False,False,True,0.03050635036889364,0.1,True,0.4298395915222058,12,TRANSPORT_STALL
concave_random15,4,0.4,113.58251687542312,1.9207270781335861,6.732863223424166,1.8530053420927104,1.8530053420927104,1.0057359830822343,0.2297427771322218,15,0.7682908312534344,1.5789473684210527,1.3557,2.1557,concave_random15__a0.40__seed004,1,157.4812119101344,0.8981426917709628,0.46760557603202446,0.4,1.1690139400800612,0.9563539360630774,16.990359574017496,0.27442454147160167,0.14287534371529045,2.4222644990619795,1.0,1.0,0.281426570147937,0.28,0.08259967399013449,0.04740032600986552,0.09768108686299339,0,0,36,0.2890625,0,4784,0,118,119,225,258,HOLD,299,settled,True,14.950000000000001,10.86169350000091,27.52793567595835,False,True,False,False,True,0.03155390427241575,0.1,True,0.48325294026424287,11,CONTRACT_FAILURE
concave_random15,0,0.8,96.50038485920508,1.9947472645873217,7.143178631983274,1.7930390222620838,1.7930390222620838,1.060079840140356,0.2528378713736844,15,1.5957978116698575,1.5789473684210527,1.4101,2.2101,concave_random15__a0.80__seed000,1,213.89921974319353,1.8632213273230918,0.9340638588159987,0.8,1.1675798235199983,0.999668861147778,1.474533639496038,0.048335987446041395,0.024231634906410695,-0.5686151363260942,0.99375,0.96875,0.28049714160941575,0.28,0.08742550007740009,0.042574499922599915,0.09540898577197175,0,0,8,0.86328125,0,6736,0,106,107,307,381,HOLD,421,settled,True,21.05,16.139523900001223,26.085032161324666,False,True,False,False,True,0.029723209562448637,0.1,True,0.3902860003820267,12,CONTRACT_FAILURE
concave_random15,1,0.8,288.9900241593214,2.1421110184832073,8.228126754598273,1.8124948360705133,1.8124948360705133,1.10766796698048,0.34404018317618934,15,1.7136888147865659,1.5789473684210527,1.4577,2.2577,concave_random15__a0.80__seed001,1,67.05487627201978,0.4699367010196484,0.21938018009561552,0.8,0.2742252251195194,0.9790016573024568,11.762321284576293,0.18683950734392524,0.08722214009067707,2.485913090996837,1.0,1.0,0.28012678759184906,0.28,0.08110585662559967,0.04889414337440033,0.09416992121723591,0,0,95,0.16796875,1,48000,0,123,214,,,TRANSPORT,3000,watchdog,False,150.0,138.71712879999905,21.626745204086294,False,True,False,False,True,0.03373400740474826,0.1,True,0.31891722749110973,14,TRANSPORT_STALL
concave_random15,2,0.8,101.29510715168155,1.957843950922477,6.9488935501735005,1.6252596970686337,1.6252596970686337,1.004736950175841,0.2823658976345341,15,1.5662751607379817,1.5789473684210527,1.3547,2.1547,concave_random15__a0.80__seed002,1,78.6348106982665,1.088547231050614,0.5559928463847812,0.8,0.6949910579809765,0.785306605954777,38.250955539018115,0.8581708796861142,0.43832445342835924,-6.192919048836297,1.0,1.0,0.28000136051234015,0.28,0.05836784613186556,0.07163215386813444,0.0984154251152311,0,0,29,0.01171875,2,48000,0,129,130,,,TRANSPORT,3000,watchdog,False,150.0,129.41537059999973,23.181172267956292,False,True,False,False,True,0.03413005257703268,0.1,True,0.37609853636584173,12,TRANSPORT_STALL
concave_random15,3,0.8,329.9474278057181,1.938152314993001,7.2196449020667295,1.7519352930396557,1.7519352930396557,1.0697549335063803,0.289700359021395,15,1.5505218519944008,1.5789473684210527,1.4198,2.2198,concave_random15__a0.80__seed003,1,30.576349067927193,0.03886386450438127,0.020052017689085298,0.8,0.025065022111356618,0.47941804650651376,61.35259938783673,0.08611141153591509,0.04442964098836889,3.5063174040473233,1.0,0.94375,0.28002468387357954,0.28,0.07779062205380796,0.05220937794619204,0.08994749963438892,0,0,997,0.015625,12,48000,0,188,2461,,,TRANSPORT,3000,watchdog,False,150.0,126.91448180000043,23.637964379254864,False,True,False,False,True,0.03050635036889364,0.1,True,0.4298395915222058,12,TRANSPORT_STALL
concave_random15,4,0.8,113.58251687542312,1.9207270781335861,6.732863223424166,1.8530053420927104,1.8530053420927104,1.0057359830822343,0.2297427771322218,15,1.536581662506869,1.5789473684210527,1.3557,2.1557,concave_random15__a0.80__seed004,1,157.4812119101344,1.83226286053439,0.9539423280869457,0.8,1.192427910108682,0.9722193956621337,13.536894637315147,0.4413326277063896,0.2297737313805366,16.10213412006046,1.0,0.98125,0.28000466917586286,0.28,0.08259967399013449,0.04740032600986552,0.09768108686299339,0,0,54,0.2890625,0,7280,0,118,119,287,414,HOLD,455,settled,True,22.75,17.712790999999925,25.687651370131444,False,True,False,False,True,0.03117860106911767,0.1,True,0.48325294026424287,11,CONTRACT_FAILURE
high_aspect,0,0.1,359.39856770685714,2.5569686432686822,5.8421052631578965,0.9972299168975073,0.9972299168975073,1.2784843216343524,0.0,4,0.2556968643268682,1.5789473684210527,1.6285,2.4285,high_aspect__a0.10__seed000,1,213.89921974319353,0.4447171630710328,0.17392358887222484,0.1,1.7392358887222483,0.8519237808359671,31.578469018849674,0.27336150823930083,0.1069084319664754,0.026320640096497424,1.0,1.0,0.28035169244682057,0.28,0.10039336152447294,0.029606638475527067,0.0991973421313152,0,0,0,1.0,0,2864,1,110,135,135,136,HOLD,179,settled,True,8.950000000000001,6.3246918999993795,28.301773877715302,False,True,False,False,True,0.029637882318290842,0.1,True,0.19736842105262362,10,CONTRACT_FAILURE
high_aspect,1,0.1,20.42299161050952,2.5569686432686822,5.842105263157895,0.9972299168975072,0.9972299168975072,1.278484321634361,0.0,4,0.2556968643268682,1.5789473684210527,1.6285,2.4285,high_aspect__a0.10__seed001,1,67.05487627201978,1.4312940724218877,0.5597620745916553,0.1,5.597620745916553,0.725262039033958,43.50934924414832,1.398566452994753,0.5469626922005996,4.14389261709478,1.0,1.0,0.28004053655010924,0.28,0.10006819245852482,0.02993180754147519,0.09068752489881554,0,0,66,0.09765625,1,48000,0,129,,,,CONTACT_READY,3000,watchdog,False,150.0,116.67620419999912,25.712183735919158,False,True,False,False,True,0.033206807509739054,0.1,True,0.19736842105262117,10,TRANSPORT_NEVER_ARMED
high_aspect,2,0.1,211.05041297968904,2.556968643268682,5.842105263157894,0.9972299168975052,0.9972299168975052,1.2784843216343633,0.0,4,0.25569686432686817,1.5789473684210527,1.6285,2.4285,high_aspect__a0.10__seed002,1,78.6348106982665,0.3009201523560151,0.11768628964152493,0.09999999999999999,1.1768628964152492,0.6745821830063196,47.57828728360899,0.32929891769718334,0.12878488696530377,0.1713285662243512,1.0,0.98125,0.28311106090356236,0.28,0.10589316025255166,0.024106839747448344,0.09571803050096801,0,0,0,1.0,0,5216,0,166,168,188,202,HOLD,326,settled,True,16.3,11.813065399999687,27.596562700821806,True,True,False,False,True,0.03316370218776655,0.1,True,0.1973684210526264,10,SUCCESS
high_aspect,3,0.1,71.3809797246717,2.556968643268681,5.842105263157894,0.9972299168975057,0.9972299168975057,1.2784843216343744,0.0,4,0.2556968643268681,1.5789473684210527,1.6285,2.4285,high_aspect__a0.10__seed003,1,30.576349067927193,0.3039797601932154,0.11888286584720305,0.1,1.1888286584720305,0.6244872741261946,51.3554353742575,0.3801820095135565,0.1486846584976317,0.6066657894526358,1.0,1.0,0.28081647117359565,0.28,0.10585740543362074,0.024142594566379266,0.10030197806386851,0,0,6,0.4609375,0,3856,0,165,166,187,200,HOLD,241,settled,True,12.05,8.422939699999915,28.61233827899806,False,True,False,False,True,0.029620070371620816,0.1,True,0.19736842105261407,10,CONTRACT_FAILURE
high_aspect,4,0.1,217.0179930800533,2.5569686432686813,5.842105263157895,0.9972299168975065,0.9972299168975065,1.2784843216343689,0.0,4,0.25569686432686817,1.5789473684210527,1.6285,2.4285,high_aspect__a0.10__seed004,1,157.4812119101344,0.31569210070849946,0.12346342280714748,0.10000000000000002,1.2346342280714746,0.9950476886539816,5.704544778717577,0.08372249673843447,0.03274287189983232,5.906823871146782,1.0,1.0,0.2812665375841844,0.28,0.10371133030158923,0.026288669698410774,0.09931415671213395,0,0,0,1.0,0,4304,0,105,173,173,178,HOLD,269,settled,True,13.450000000000001,9.800400699999955,27.44785731056907,True,True,False,False,True,0.025489579976637276,0.1,True,0.1973684210526271,10,SUCCESS
high_aspect,0,0.4,359.39856770685714,2.5569686432686822,5.8421052631578965,0.9972299168975073,0.9972299168975073,1.2784843216343524,0.0,4,1.022787457307473,1.5789473684210527,1.6285,2.4285,high_aspect__a0.40__seed000,1,213.89921974319353,1.6509921427434786,0.6456833747608828,0.4,1.614208436902207,0.9955558681592012,5.403710414990207,0.25974247370583614,0.1015821896719845,0.8197377273013262,1.0,1.0,0.2823542868110859,0.28,0.09581454741600605,0.034185452583993955,0.10013904205691784,0,0,0,1.0,0,5296,1,110,127,171,210,HOLD,331,settled,True,16.55,13.387451300000976,24.724646430644786,False,True,False,False,True,0.028680470280719548,0.1,True,0.19736842105262362,10,CONTRACT_FAILURE
high_aspect,1,0.4,20.42299161050952,2.5569686432686822,5.842105263157895,0.9972299168975072,0.9972299168975072,1.278484321634361,0.0,4,1.022787457307473,1.5789473684210527,1.6285,2.4285,high_aspect__a0.40__seed001,1,67.05487627201978,1.221867573453831,0.4778578637131292,0.4,1.194644659282823,0.7254521786133659,43.493523232269446,1.1592465568888155,0.4533675295317275,-1.773645411683491,1.0,1.0,0.28144189288979105,0.28,0.10556811863824851,0.024431881361751492,0.09856234308528516,0,0,6,0.38671875,0,6576,0,129,309,330,371,HOLD,411,settled,True,20.55,15.689028899998448,26.196650068000107,False,True,False,False,True,0.03396919605192006,0.1,True,0.19736842105262117,10,CONTRACT_FAILURE
high_aspect,2,0.4,211.05041297968904,2.556968643268682,5.842105263157894,0.9972299168975052,0.9972299168975052,1.2784843216343633,0.0,4,1.0227874573074727,1.5789473684210527,1.6285,2.4285,high_aspect__a0.40__seed002,1,78.6348106982665,1.2286816877997273,0.4805227827233154,0.39999999999999997,1.2013069568082886,0.7635648708265511,40.22051499597156,1.0390708648076779,0.4063682468469341,-4.534064008257977,1.0,1.0,0.2872076504285278,0.28,0.10909978781953282,0.020900212180467184,0.09785975315612722,0,0,0,1.0,0,5296,0,166,168,253,291,HOLD,331,settled,True,16.55,12.387706899999102,26.720038072585005,True,True,False,False,True,0.034391515933791195,0.1,True,0.1973684210526264,10,SUCCESS
high_aspect,3,0.4,71.3809797246717,2.556968643268681,5.842105263157894,0.9972299168975057,0.9972299168975057,1.2784843216343744,0.0,4,1.0227874573074724,1.5789473684210527,1.6285,2.4285,high_aspect__a0.40__seed003,1,30.576349067927193,1.2735164933260494,0.49805714148221214,0.4,1.2451428537055302,0.6384970528379066,50.32016040672408,1.5350567309489302,0.6003424152228173,0.7359632186193845,1.0,1.0,0.28081647117359565,0.28,0.10585740543362074,0.024142594566379266,0.10048292422260555,0,0,6,0.4609375,0,5424,0,165,166,254,299,HOLD,339,settled,True,16.95,13.491538399999627,25.126860254869776,False,True,False,False,True,0.03260310255582808,0.1,True,0.19736842105261407,10,CONTRACT_FAILURE
high_aspect,4,0.4,217.0179930800533,2.5569686432686813,5.842105263157895,0.9972299168975065,0.9972299168975065,1.2784843216343689,0.0,4,1.0227874573074727,1.5789473684210527,1.6285,2.4285,high_aspect__a0.40__seed004,1,157.4812119101344,1.3273645307362265,0.5191164679436194,0.4000000000000001,1.2977911698590485,0.9805420098640025,11.32122322186558,0.26574495114596286,0.10392968714948722,1.6641192384895866,1.0,1.0,0.2812665375841844,0.28,0.10371133030158923,0.026288669698410774,0.09931415671213395,0,0,0,1.0,0,4416,0,105,156,205,235,HOLD,276,settled,True,13.8,10.310711200001606,26.76827957318376,True,True,False,False,True,0.02878253653172271,0.1,True,0.1973684210526271,10,SUCCESS
high_aspect,0,0.8,359.39856770685714,2.5569686432686822,5.8421052631578965,0.9972299168975073,0.9972299168975073,1.2784843216343524,0.0,4,2.045574914614946,1.5789473684210527,1.6285,2.4285,high_aspect__a0.80__seed000,1,213.89921974319353,3.008411933073958,1.1765540969748367,0.8,1.4706926212185458,0.9852605837758962,9.84946534205763,0.5223181235388701,0.20427240080315123,4.787568049797585,1.0,0.96875,0.2823536616307667,0.28,0.08340469529877949,0.046595304701220516,0.10013904205691784,0,0,0,1.0,0,6368,1,110,127,248,345,HOLD,398,settled,True,19.900000000000002,16.530005199998413,24.077427392463143,False,True,False,False,True,0.06588286189862369,0.1,True,0.19736842105262362,10,CONTRACT_FAILURE
high_aspect,1,0.8,20.42299161050952,2.5569686432686822,5.842105263157895,0.9972299168975072,0.9972299168975072,1.278484321634361,0.0,4,2.045574914614946,1.5789473684210527,1.6285,2.4285,high_aspect__a0.80__seed001,1,67.05487627201978,2.507140062489716,0.9805126351822336,0.8,1.225640793977792,0.7143971227073463,44.40618705315522,2.4557033559930943,0.9603963515383058,0.6928469925429096,1.0,1.0,0.30184973183415975,0.28,0.10556811863824851,0.024431881361751492,0.09953183668613597,0,0,0,1.0,0,8592,0,129,309,407,497,HOLD,537,settled,True,26.85,21.706522100001166,24.739108251707037,True,True,False,False,True,0.03861652439740797,0.1,True,0.19736842105262117,10,SUCCESS
high_aspect,2,0.8,211.05041297968904,2.556968643268682,5.842105263157894,0.9972299168975052,0.9972299168975052,1.2784843216343633,0.0,4,2.0455749146149453,1.5789473684210527,1.6285,2.4285,high_aspect__a0.80__seed002,1,78.6348106982665,2.4799278562663356,0.9698702652435105,0.7999999999999999,1.2123378315543882,0.7833643773909867,38.43034478342112,1.967705990627985,0.7695463907263965,-8.669188748401039,1.0,1.0,0.2872076504285278,0.28,0.10909978781953282,0.020900212180467184,0.0978598532388304,0,0,0,1.0,0,7072,0,166,168,324,402,HOLD,442,settled,True,22.1,17.998084499999095,24.558168954036315,True,True,False,False,True,0.03600343032847989,0.1,True,0.1973684210526264,10,SUCCESS
high_aspect,3,0.8,71.3809797246717,2.556968643268681,5.842105263157894,0.9972299168975057,0.9972299168975057,1.2784843216343744,0.0,4,2.045574914614945,1.5789473684210527,1.6285,2.4285,high_aspect__a0.80__seed003,1,30.576349067927193,2.522046071015422,0.9863421976858442,0.8,1.232927747107305,0.6357048603910385,50.527717730219436,3.0625038571092507,1.1977088045922701,0.8508464588026184,1.0,1.0,0.28081647117359565,0.28,0.10585740543362074,0.024142594566379266,0.10050123840885522,0,0,6,0.4609375,0,7744,0,165,166,335,443,HOLD,484,settled,True,24.200000000000003,20.73862250000093,23.338097793138303,False,True,False,False,True,0.04429686859780466,0.1,True,0.19736842105261407,10,CONTRACT_FAILURE
high_aspect,4,0.8,217.0179930800533,2.5569686432686813,5.842105263157895,0.9972299168975065,0.9972299168975065,1.2784843216343689,0.0,4,2.0455749146149453,1.5789473684210527,1.6285,2.4285,high_aspect__a0.80__seed004,1,157.4812119101344,2.6572210072113296,1.0392075062033188,0.8000000000000002,1.2990093827541482,0.9759935228425959,12.579822692896371,0.5929768203880887,0.2319061760687301,4.005694837383549,1.0,0.98125,0.2812665375841844,0.28,0.10371133030158923,0.026288669698410774,0.09931415671213395,0,0,0,1.0,0,5872,0,105,156,263,327,HOLD,367,settled,True,18.35,14.836359900000389,24.7365258374455,True,True,False,False,True,0.039375885557603955,0.1,True,0.1973684210526271,10,SUCCESS
polygon32,0,0.1,317.20527912896796,2.032338558578427,6.430973583574724,2.6535101513800767,2.6535101513800767,1.0437724946396374,0.06635781112005479,32,0.2032338558578427,1.5789473684210527,1.3938,2.1938,polygon32__a0.10__seed000,1,213.89921974319353,0.24143569824875558,0.11879698745549275,0.1,1.1879698745549272,0.9999992870144798,0.06841920302438362,0.008336479558908386,0.004101914773855178,0.0,0.99375,0.9875,0.28056834846209466,0.28,0.09471057298922719,0.03528942701077281,0.0921250344013953,0,0,0,1.0,0,2736,0,80,110,122,131,HOLD,171,settled,True,8.55,5.637668800000029,30.331686033063725,True,True,False,False,True,0.031667148086071156,0.1,True,0.8342959507501825,11,SUCCESS
polygon32,1,0.1,162.74587362796865,2.060115201239237,6.338920277829176,2.5037283382615634,2.5037283382615634,1.0554081921606666,0.0877680528028496,32,0.2060115201239237,1.5789473684210527,1.4054,2.2054,polygon32__a0.10__seed001,1,67.05487627201978,0.02585172665987684,0.012548680114746035,0.1,0.12548680114746033,0.6218425925988665,51.54918444783481,0.032557402351752744,0.01580368046028117,0.0,0.99375,0.96875,0.2800115424334917,0.28,0.0832838802594403,0.04671611974055971,0.08527161740952936,0,0,179,0.0234375,21,48000,0,75,,,,CONTACT_READY,3000,watchdog,False,150.0,109.81274929999927,27.31923223053318,False,True,False,False,True,0.03232380944360203,0.1,True,0.7954953259290223,11,TRANSPORT_NEVER_ARMED
polygon32,2,0.1,76.03357197125571,2.028082615864995,6.698865304442705,2.570718271917659,2.570718271917659,1.0452274976605627,0.10001655034885437,32,0.2028082615864995,1.5789473684210527,1.3952,2.1952,polygon32__a0.10__seed002,1,78.6348106982665,-0.00037610075438489654,-0.00018544646625477153,0.1,-0.0018544646625477152,-0.06669984658123526,93.82445903919304,0.005626148026657894,0.0027741217160713607,0.0,1.0,0.9875,0.28001921945797015,0.28,0.08250641424048337,0.047493585759516635,0.08461129455794437,0,0,154,0.0078125,9,48000,0,165,2890,,,TRANSPORT,3000,watchdog,False,150.0,111.05789630000072,27.012937395249224,False,True,False,False,True,0.03096543449235679,0.1,True,0.7907365274553566,11,TRANSPORT_STALL
polygon32,3,0.1,176.2705843942436,2.008361856068997,6.110998613723524,2.5590245627596513,2.5590245627596513,1.0351788780005127,0.04045266711621598,32,0.2008361856068997,1.5789473684210527,1.3852,2.1852,polygon32__a0.10__seed003,1,30.576349067927193,0.051925033503757795,0.02585442127714555,0.1,0.25854421277145545,0.4615376205631046,62.51362806506183,0.09980501426547272,0.04969473701358922,0.0,1.0,0.99375,0.28004412410183166,0.28,0.07253350105163141,0.0574664989483686,0.08628178865434132,0,0,80,0.1171875,14,48000,0,85,86,2084,,BRAKE,3000,watchdog,False,150.0,113.14661870000054,26.514270019453843,False,True,False,False,True,0.034541352518502516,0.1,True,0.7836857477339634,10,TRANSPORT_STALL
polygon32,4,0.1,133.25366730567754,2.043972609775105,6.9690892400603675,2.6082736740723007,2.6082736740723007,1.073427846001645,0.10736171091336544,32,0.20439726097751054,1.5789473684210527,1.4234,2.2234,polygon32__a0.10__seed004,1,157.4812119101344,0.2523559605935844,0.1234634746995708,0.1,1.2346347469957077,0.9798807634661401,11.512621289965038,0.05164579766875809,0.025267362890171306,0.0,0.84375,0.84375,0.2800013862067269,0.28,0.07152927687441046,0.05847072312558954,0.09687796464650211,0,0,0,1.0,0,3440,0,149,153,167,174,HOLD,215,settled,True,10.75,7.331534099999772,29.32537679938046,True,True,False,False,True,0.038572207823174214,0.1,True,0.7962738322888697,12,SUCCESS
polygon32,0,0.4,317.20527912896796,2.032338558578427,6.430973583574724,2.6535101513800767,2.6535101513800767,1.0437724946396374,0.06635781112005479,32,0.8129354234313708,1.5789473684210527,1.3938,2.1938,polygon32__a0.40__seed000,1,213.89921974319353,0.9679635312471345,0.47628065076135856,0.4,1.1907016269033963,0.9682071807095445,14.486368801321653,0.25008671544958544,0.1230536685898019,0.0,1.0,1.0,0.28019199366475245,0.28,0.07922850252933226,0.05077149747066774,0.09837315399384716,0,0,2,0.71875,0,3840,0,80,132,175,199,HOLD,240,settled,True,12.0,8.502109699998982,28.228287856604428,False,True,False,False,True,0.0327819459766787,0.1,True,0.8342959507501825,11,CONTRACT_FAILURE
polygon32,1,0.4,162.74587362796865,2.060115201239237,6.338920277829176,2.5037283382615634,2.5037283382615634,1.0554081921606666,0.0877680528028496,32,0.8240460804956948,1.5789473684210527,1.4054,2.2054,polygon32__a0.40__seed001,1,67.05487627201978,0.02585172665987684,0.012548680114746035,0.4,0.03137170028686508,0.6218425925988665,51.54918444783481,0.032557402351752744,0.01580368046028117,0.0,0.99375,0.96875,0.2800115424334917,0.28,0.0832838802594403,0.04671611974055971,0.08527161740952936,0,0,179,0.0234375,21,48000,0,75,,,,CONTACT_READY,3000,watchdog,False,150.0,111.32794210000066,26.947412692720405,False,True,False,False,True,0.03232380944360203,0.1,True,0.7954953259290223,11,TRANSPORT_NEVER_ARMED
polygon32,2,0.4,76.03357197125571,2.028082615864995,6.698865304442705,2.570718271917659,2.570718271917659,1.0452274976605627,0.10001655034885437,32,0.811233046345998,1.5789473684210527,1.3952,2.1952,polygon32__a0.40__seed002,1,78.6348106982665,-2.1320656302224978e-05,-1.0512715870369773e-05,0.4,-2.6281789675924434e-05,-0.0510931510106465,92.92869709089317,0.00041674488265647615,0.00020548713321460568,0.10166253003211807,1.0,0.98125,0.28001068915250316,0.28,0.07669449910890357,0.05330550089109644,0.082994194753375,0,0,382,0.0,11,48000,0,165,,,,CONTACT_READY,3000,watchdog,False,150.0,105.44622139999956,28.450521603991895,False,True,False,False,True,0.03356390449246815,0.1,True,0.7907365274553566,11,TRANSPORT_NEVER_ARMED
polygon32,3,0.4,176.2705843942436,2.008361856068997,6.110998613723524,2.5590245627596513,2.5590245627596513,1.0351788780005127,0.04045266711621598,32,0.8033447424275988,1.5789473684210527,1.3852,2.1852,polygon32__a0.40__seed003,1,30.576349067927193,0.09694796256319486,0.04827215885933667,0.4,0.12068039714834167,0.6065400522258385,52.66025551346018,0.1270794263736316,0.06327516427859592,-0.059981447360512676,1.0,0.99375,0.28000343584972504,0.28,0.06671610317561662,0.06328389682438339,0.08914194564074955,0,0,152,0.0546875,14,48000,0,85,86,,,TRANSPORT,3000,watchdog,False,150.0,101.96523470000102,29.42179272010218,False,True,False,False,True,0.03308561225000971,0.1,True,0.7836857477339634,10,TRANSPORT_STALL
polygon32,4,0.4,133.25366730567754,2.043972609775105,6.9690892400603675,2.6082736740723007,2.6082736740723007,1.073427846001645,0.10736171091336544,32,0.8175890439100422,1.5789473684210527,1.4234,2.2234,polygon32__a0.40__seed004,1,157.4812119101344,0.9581495751228385,0.4687683046928217,0.4,1.1719207617320542,0.9988502234469357,2.7478054135687002,0.05909783445246698,0.028913222305346556,0.0,0.8375,0.8,0.280357527517631,0.28,0.07286225144916345,0.05713774855083656,0.09952089240214419,0,0,0,1.0,0,4320,0,149,153,200,229,HOLD,270,settled,True,13.5,8.944755099999384,30.18528701808936,True,True,False,False,True,0.03779702403144699,0.1,True,0.7962738322888697,12,SUCCESS
polygon32,0,0.8,317.20527912896796,2.032338558578427,6.430973583574724,2.6535101513800767,2.6535101513800767,1.0437724946396374,0.06635781112005479,32,1.6258708468627416,1.5789473684210527,1.3938,2.1938,polygon32__a0.80__seed000,1,213.89921974319353,1.933045957350604,0.9511436710145008,0.8,1.188929588768126,0.9566818629600734,16.925942163569193,0.5882604270827498,0.2894500154020717,-0.1515003499561336,1.0,0.9875,0.28019199366475245,0.28,0.03700811439022888,0.09299188560977112,0.09890589752583603,0,0,0,1.0,0,5088,0,80,132,220,268,HOLD,318,settled,True,15.9,11.188460100000157,28.4221418459539,True,True,False,False,True,0.031750611830213445,0.1,True,0.8342959507501825,11,SUCCESS
polygon32,1,0.8,162.74587362796865,2.060115201239237,6.338920277829176,2.5037283382615634,2.5037283382615634,1.0554081921606666,0.0877680528028496,32,1.6480921609913897,1.5789473684210527,1.4054,2.2054,polygon32__a0.80__seed001,1,67.05487627201978,0.02585172665987684,0.012548680114746035,0.8,0.01568585014343254,0.6218425925988665,51.54918444783481,0.032557402351752744,0.01580368046028117,0.0,0.99375,0.96875,0.2800115424334917,0.28,0.0832838802594403,0.04671611974055971,0.08527161740952936,0,0,179,0.0234375,21,48000,0,75,,,,CONTACT_READY,3000,watchdog,False,150.0,100.4951971999999,29.85217287578001,False,True,False,False,True,0.03232380944360203,0.1,True,0.7954953259290223,11,TRANSPORT_NEVER_ARMED
polygon32,2,0.8,76.03357197125571,2.028082615864995,6.698865304442705,2.570718271917659,2.570718271917659,1.0452274976605627,0.10001655034885437,32,1.622466092691996,1.5789473684210527,1.3952,2.1952,polygon32__a0.80__seed002,1,78.6348106982665,-2.1320656302224978e-05,-1.0512715870369773e-05,0.8,-1.3140894837962217e-05,-0.0510931510106465,92.92869709089317,0.00041674488265647615,0.00020548713321460568,0.10166253003211807,1.0,0.98125,0.28001068915250316,0.28,0.07669449910890357,0.05330550089109644,0.082994194753375,0,0,382,0.0,11,48000,0,165,,,,CONTACT_READY,3000,watchdog,False,150.0,103.90971499999978,28.87121767199541,False,True,False,False,True,0.03356390449246815,0.1,True,0.7907365274553566,11,TRANSPORT_NEVER_ARMED
polygon32,3,0.8,176.2705843942436,2.008361856068997,6.110998613723524,2.5590245627596513,2.5590245627596513,1.0351788780005127,0.04045266711621598,32,1.6066894848551976,1.5789473684210527,1.3852,2.1852,polygon32__a0.80__seed003,1,30.576349067927193,0.09694796256319486,0.04827215885933667,0.8,0.060340198574170834,0.6065400522258385,52.66025551346018,0.1270794263736316,0.06327516427859592,-0.059981447360512676,1.0,0.99375,0.28000343584972504,0.28,0.06671610317561662,0.06328389682438339,0.08914194564074955,0,0,152,0.0546875,14,48000,0,85,86,,,TRANSPORT,3000,watchdog,False,150.0,102.51754379999875,29.26328400778596,False,True,False,False,True,0.03308561225000971,0.1,True,0.7836857477339634,10,TRANSPORT_STALL
polygon32,4,0.8,133.25366730567754,2.043972609775105,6.9690892400603675,2.6082736740723007,2.6082736740723007,1.073427846001645,0.10736171091336544,32,1.6351780878200843,1.5789473684210527,1.4234,2.2234,polygon32__a0.80__seed004,1,157.4812119101344,1.8943422338378837,0.9267943341209034,0.8,1.1584929176511292,0.9999380654425627,0.6376852785222956,0.05909783445246698,0.028913222305346556,0.0,0.8375,0.8,0.280357527517631,0.28,0.06921702544725085,0.060782974552749156,0.09952089240214419,0,0,0,1.0,0,5840,0,149,153,259,324,HOLD,365,settled,True,18.25,11.631581800000276,31.380082801807003,True,True,False,False,True,0.054209091110111934,0.1,True,0.7962738322888697,12,SUCCESS
