time,kind,id,x,y
0.0000,agent,agent_00,4.413602,2.183725
0.0000,agent,agent_01,2.470614,2.986536
0.0000,agent,agent_02,5.730571,4.392152
0.0000,agent,agent_03,1.705748,3.989566
0.0000,agent,agent_04,5.131431,5.940660
0.0000,agent,agent_05,5.606076,3.369566
0.0000,agent,agent_06,2.042334,3.039616
0.0000,agent,agent_07,3.271882,5.492523
0.0000,agent,agent_08,5.492207,5.083103
0.0000,agent,agent_09,2.370806,3.426168
0.0000,agent,agent_10,4.623748,5.548884
0.0000,agent,agent_11,1.870722,4.662757
0.0000,agent,agent_12,1.872340,3.555325
0.0000,agent,agent_13,5.234604,3.053926
0.0000,agent,agent_14,2.033180,4.993290
0.0000,agent,agent_15,2.214668,2.742320
0.0000,cargo,cargo_0,3.784836,3.806352
0.0500,agent,agent_00,4.409814,2.200810
0.0500,agent,agent_01,2.487304,2.991800
0.0500,agent,agent_02,5.716145,4.382245
0.0500,agent,agent_03,1.723240,3.990096
0.0500,agent,agent_04,5.129529,5.923263
0.0500,agent,agent_05,5.592036,3.380011
0.0500,agent,agent_06,2.059707,3.041723
0.0500,agent,agent_07,3.275779,5.476695
0.0500,agent,agent_08,5.485382,5.066989
0.0500,agent,agent_09,2.386366,3.434177
0.0500,agent,agent_10,4.608505,5.540287
0.0500,agent,agent_11,1.888200,4.661883
0.0500,agent,agent_12,1.889808,3.554267
0.0500,agent,agent_13,5.218671,3.061130
0.0500,agent,agent_14,2.050049,4.988635
0.0500,agent,agent_15,2.225659,2.745159
0.0500,cargo,cargo_0,3.784836,3.806352
0.1000,agent,agent_00,4.405483,2.217766
0.1000,agent,agent_01,2.504060,2.996848
0.1000,agent,agent_02,5.701522,4.372631
0.1000,agent,agent_03,1.740715,3.989155
0.1000,agent,agent_04,5.127703,5.905859
0.1000,agent,agent_05,5.577899,3.390327
0.1000,agent,agent_06,2.077084,3.043796
0.1000,agent,agent_07,3.280491,5.461485
0.1000,agent,agent_08,5.478554,5.050876
0.1000,agent,agent_09,2.402130,3.441775
0.1000,agent,agent_10,4.593179,5.531840
0.1000,agent,agent_11,1.905682,4.662685
0.1000,agent,agent_12,1.907276,3.553209
0.1000,agent,agent_13,5.202441,3.067359
0.1000,agent,agent_14,2.066672,4.983164
0.1000,agent,agent_15,2.237137,2.748457
0.1000,cargo,cargo_0,3.784836,3.806352
0.1500,agent,agent_00,4.401591,2.234827
0.1500,agent,agent_01,2.520716,3.002218
0.1500,agent,agent_02,5.686714,4.363305
0.1500,agent,agent_03,1.758189,3.988214
0.1500,agent,agent_04,5.125877,5.888454
0.1500,agent,agent_05,5.563499,3.400271
0.1500,agent,agent_06,2.094445,3.045992
0.1500,agent,agent_07,3.285169,5.446258
0.1500,agent,agent_08,5.471726,5.034763
0.1500,agent,agent_09,2.417889,3.449386
0.1500,agent,agent_10,4.577935,5.523245
0.1500,agent,agent_11,1.921856,4.656003
0.1500,agent,agent_12,1.924755,3.552353
0.1500,agent,agent_13,5.186668,3.073504
0.1500,agent,agent_14,2.083229,4.977495
0.1500,agent,agent_15,2.248953,2.752229
0.1500,cargo,cargo_0,3.784836,3.806352
0.2000,agent,agent_00,4.397476,2.251837
0.2000,agent,agent_01,2.537266,3.007905
0.2000,agent,agent_02,5.671839,4.354087
0.2000,agent,agent_03,1.775664,3.987274
0.2000,agent,agent_04,5.124051,5.871050
0.2000,agent,agent_05,5.549075,3.410180
0.2000,agent,agent_06,2.111726,3.048756
0.2000,agent,agent_07,3.288891,5.431189
0.2000,agent,agent_08,5.464898,5.018650
0.2000,agent,agent_09,2.433523,3.457249
0.2000,agent,agent_10,4.562497,5.515003
0.2000,agent,agent_11,1.938067,4.649412
0.2000,agent,agent_12,1.942243,3.551704
0.2000,agent,agent_13,5.172178,3.080382
0.2000,agent,agent_14,2.099711,4.971615
0.2000,agent,agent_15,2.261051,2.756463
0.2000,cargo,cargo_0,3.784836,3.806352
0.2500,agent,agent_00,4.392782,2.268695
0.2500,agent,agent_01,2.553763,3.013743
0.2500,agent,agent_02,5.656973,4.344854
0.2500,agent,agent_03,1.793139,3.986333
0.2500,agent,agent_04,5.122225,5.853645
0.2500,agent,agent_05,5.534392,3.419701
0.2500,agent,agent_06,2.129047,3.051252
0.2500,agent,agent_07,3.292727,5.416448
0.2500,agent,agent_08,5.458071,5.002536
0.2500,agent,agent_09,2.449128,3.465170
0.2500,agent,agent_10,4.547406,5.506143
0.2500,agent,agent_11,1.954293,4.642857
0.2500,agent,agent_12,1.959742,3.551902
0.2500,agent,agent_13,5.158201,3.087153
0.2500,agent,agent_14,2.116191,4.965726
0.2500,agent,agent_15,2.273327,2.761207
0.2500,cargo,cargo_0,3.784836,3.806352
0.3000,agent,agent_00,4.388181,2.285580
0.3000,agent,agent_01,2.570290,3.019497
0.3000,agent,agent_02,5.642080,4.335664
0.3000,agent,agent_03,1.810639,3.986379
0.3000,agent,agent_04,5.120575,5.836223
0.3000,agent,agent_05,5.519620,3.429084
0.3000,agent,agent_06,2.146329,3.054002
0.3000,agent,agent_07,3.294992,5.401932
0.3000,agent,agent_08,5.451243,4.986423
0.3000,agent,agent_09,2.464521,3.473494
0.3000,agent,agent_10,4.532446,5.497063
0.3000,agent,agent_11,1.970578,4.636450
0.3000,agent,agent_12,1.977234,3.552431
0.3000,agent,agent_13,5.144430,3.093347
0.3000,agent,agent_14,2.132584,4.959601
0.3000,agent,agent_15,2.286006,2.766141
0.3000,cargo,cargo_0,3.784836,3.806352
0.3500,agent,agent_00,4.383343,2.302398
0.3500,agent,agent_01,2.586848,3.025162
0.3500,agent,agent_02,5.627092,4.326630
0.3500,agent,agent_03,1.828138,3.986425
0.3500,agent,agent_04,5.118922,5.818802
0.3500,agent,agent_05,5.504958,3.438639
0.3500,agent,agent_06,2.163427,3.056052
0.3500,agent,agent_07,3.297229,5.387769
0.3500,agent,agent_08,5.444415,4.970310
0.3500,agent,agent_09,2.479329,3.482819
0.3500,agent,agent_10,4.517553,5.487873
0.3500,agent,agent_11,1.986848,4.630003
0.3500,agent,agent_12,1.994725,3.552987
0.3500,agent,agent_13,5.130893,3.098922
0.3500,agent,agent_14,2.148892,4.953254
0.3500,agent,agent_15,2.298437,2.771909
0.3500,cargo,cargo_0,3.784836,3.806352
0.4000,agent,agent_00,4.377687,2.318958
0.4000,agent,agent_01,2.603236,3.030772
0.4000,agent,agent_02,5.612026,4.317728
0.4000,agent,agent_03,1.845638,3.986472
0.4000,agent,agent_04,5.117269,5.801380
0.4000,agent,agent_05,5.490082,3.447855
0.4000,agent,agent_06,2.180407,3.058692
0.4000,agent,agent_07,3.298608,5.373838
0.4000,agent,agent_08,5.437587,4.954197
0.4000,agent,agent_09,2.494012,3.492341
0.4000,agent,agent_10,4.502693,5.478630
0.4000,agent,agent_11,2.003102,4.623520
0.4000,agent,agent_12,2.012222,3.553320
0.4000,agent,agent_13,5.117500,3.104083
0.4000,agent,agent_14,2.165213,4.946939
0.4000,agent,agent_15,2.311171,2.777817
0.4000,cargo,cargo_0,3.784836,3.806352
0.4500,agent,agent_00,4.371912,2.335478
0.4500,agent,agent_01,2.618713,3.036313
0.4500,agent,agent_02,5.596818,4.309068
0.4500,agent,agent_03,1.863138,3.986518
0.4500,agent,agent_04,5.115610,5.783959
0.4500,agent,agent_05,5.475266,3.456764
0.4500,agent,agent_06,2.197236,3.061830
0.4500,agent,agent_07,3.300123,5.360420
0.4500,agent,agent_08,5.430759,4.938084
0.4500,agent,agent_09,2.508886,3.501562
0.4500,agent,agent_10,4.487757,5.469510
0.4500,agent,agent_11,2.019354,4.617029
0.4500,agent,agent_12,2.029720,3.553516
0.4500,agent,agent_13,5.104388,3.108369
0.4500,agent,agent_14,2.181453,4.940419
0.4500,agent,agent_15,2.324074,2.783938
0.4500,cargo,cargo_0,3.784836,3.806352
0.5000,agent,agent_00,4.365453,2.351743
0.5000,agent,agent_01,2.633394,3.041888
0.5000,agent,agent_02,5.581679,4.300291
0.5000,agent,agent_03,1.880638,3.986564
0.5000,agent,agent_04,5.113951,5.766537
0.5000,agent,agent_05,5.460488,3.465249
0.5000,agent,agent_06,2.213836,3.065382
0.5000,agent,agent_07,3.303595,5.348471
0.5000,agent,agent_08,5.423931,4.921971
0.5000,agent,agent_09,2.523346,3.511418
0.5000,agent,agent_10,4.472889,5.460281
0.5000,agent,agent_11,2.035556,4.610414
0.5000,agent,agent_12,2.047186,3.552413
0.5000,agent,agent_13,5.091565,3.112223
0.5000,agent,agent_14,2.197671,4.933846
0.5000,agent,agent_15,2.337177,2.790068
0.5000,cargo,cargo_0,3.784836,3.806352
0.5500,agent,agent_00,4.358883,2.367962
0.5500,agent,agent_01,2.647525,3.047174
0.5500,agent,agent_02,5.566326,4.291892
0.5500,agent,agent_03,1.898138,3.986610
0.5500,agent,agent_04,5.113046,5.749061
0.5500,agent,agent_05,5.445382,3.473462
0.5500,agent,agent_06,2.230573,3.069445
0.5500,agent,agent_07,3.305779,5.336086
0.5500,agent,agent_08,5.417103,4.905858
0.5500,agent,agent_09,2.538063,3.520887
0.5500,agent,agent_10,4.457693,5.451602
0.5500,agent,agent_11,2.051882,4.604114
0.5500,agent,agent_12,2.064685,3.552489
0.5500,agent,agent_13,5.079416,3.115922
0.5500,agent,agent_14,2.213865,4.927211
0.5500,agent,agent_15,2.350399,2.796184
0.5500,cargo,cargo_0,3.784836,3.806352
0.6000,agent,agent_00,4.352431,2.384230
0.6000,agent,agent_01,2.661032,3.052628
0.6000,agent,agent_02,5.550831,4.283758
0.6000,agent,agent_03,1.915638,3.986657
0.6000,agent,agent_04,5.112109,5.731586
0.6000,agent,agent_05,5.430888,3.481020
0.6000,agent,agent_06,2.247241,3.073836
0.6000,agent,agent_07,3.307248,5.323965
0.6000,agent,agent_08,5.410275,4.889745
0.6000,agent,agent_09,2.552647,3.530560
0.6000,agent,agent_10,4.442345,5.443193
0.6000,agent,agent_11,2.068208,4.597811
0.6000,agent,agent_12,2.082185,3.552358
0.6000,agent,agent_13,5.067907,3.118948
0.6000,agent,agent_14,2.230053,4.920563
0.6000,agent,agent_15,2.363519,2.802431
0.6000,cargo,cargo_0,3.784836,3.806352
0.6500,agent,agent_00,4.346063,2.400530
0.6500,agent,agent_01,2.674256,3.057961
0.6500,agent,agent_02,5.535249,4.275793
0.6500,agent,agent_03,1.933136,3.986906
0.6500,agent,agent_04,5.099561,5.719388
0.6500,agent,agent_05,5.416971,3.488270
0.6500,agent,agent_06,2.263984,3.078583
0.6500,agent,agent_07,3.309637,5.312515
0.6500,agent,agent_08,5.403448,4.873632
0.6500,agent,agent_09,2.566968,3.540618
0.6500,agent,agent_10,4.427100,5.434600
0.6500,agent,agent_11,2.084508,4.591442
0.6500,agent,agent_12,2.099681,3.551999
0.6500,agent,agent_13,5.056145,3.121428
0.6500,agent,agent_14,2.246125,4.913638
0.6500,agent,agent_15,2.376221,2.809123
0.6500,cargo,cargo_0,3.784836,3.806352
0.7000,agent,agent_00,4.339661,2.416817
0.7000,agent,agent_01,2.687024,3.063240
0.7000,agent,agent_02,5.519739,4.267689
0.7000,agent,agent_03,1.950633,3.987238
0.7000,agent,agent_04,5.086956,5.707248
0.7000,agent,agent_05,5.403502,3.495230
0.7000,agent,agent_06,2.280629,3.083622
0.7000,agent,agent_07,3.311717,5.301465
0.7000,agent,agent_08,5.396620,4.857519
0.7000,agent,agent_09,2.581064,3.550989
0.7000,agent,agent_10,4.412026,5.425711
0.7000,agent,agent_11,2.100799,4.585051
0.7000,agent,agent_12,2.117118,3.550508
0.7000,agent,agent_13,5.044794,3.124106
0.7000,agent,agent_14,2.262241,4.906818
0.7000,agent,agent_15,2.390622,2.813679
0.7000,cargo,cargo_0,3.784836,3.806352
0.7500,agent,agent_00,4.333338,2.433135
0.7500,agent,agent_01,2.699615,3.068285
0.7500,agent,agent_02,5.504264,4.259517
0.7500,agent,agent_03,1.968133,3.987359
0.7500,agent,agent_04,5.074351,5.695109
0.7500,agent,agent_05,5.390583,3.501650
0.7500,agent,agent_06,2.296959,3.088451
0.7500,agent,agent_07,3.312821,5.290352
0.7500,agent,agent_08,5.389792,4.841406
0.7500,agent,agent_09,2.594730,3.561920
0.7500,agent,agent_10,4.397106,5.416565
0.7500,agent,agent_11,2.117162,4.578847
0.7500,agent,agent_12,2.134564,3.549141
0.7500,agent,agent_13,5.035626,3.126701
0.7500,agent,agent_14,2.278451,4.900224
0.7500,agent,agent_15,2.404794,2.818406
0.7500,cargo,cargo_0,3.784836,3.806352
0.8000,agent,agent_00,4.327008,2.449450
0.8000,agent,agent_01,2.711924,3.073169
0.8000,agent,agent_02,5.488924,4.251095
0.8000,agent,agent_03,1.985630,3.987696
0.8000,agent,agent_04,5.061689,5.683029
0.8000,agent,agent_05,5.378201,3.507559
0.8000,agent,agent_06,2.312883,3.093496
0.8000,agent,agent_07,3.313671,5.279344
0.8000,agent,agent_08,5.382964,4.825293
0.8000,agent,agent_09,2.608565,3.572637
0.8000,agent,agent_10,4.382319,5.407205
0.8000,agent,agent_11,2.133557,4.572725
0.8000,agent,agent_12,2.152006,3.547715
0.8000,agent,agent_13,5.024701,3.128471
0.8000,agent,agent_14,2.294609,4.893504
0.8000,agent,agent_15,2.418715,2.823279
0.8000,cargo,cargo_0,3.784836,3.806352
0.8500,agent,agent_00,4.320128,2.465541
0.8500,agent,agent_01,2.723448,3.077816
0.8500,agent,agent_02,5.473589,4.242662
0.8500,agent,agent_03,2.003034,3.985869
0.8500,agent,agent_04,5.049026,5.670950
0.8500,agent,agent_05,5.366108,3.513340
0.8500,agent,agent_06,2.328409,3.098508
0.8500,agent,agent_07,3.314538,5.268929
0.8500,agent,agent_08,5.376136,4.809180
0.8500,agent,agent_09,2.622216,3.583496
0.8500,agent,agent_10,4.367687,5.397606
0.8500,agent,agent_11,2.149904,4.566478
0.8500,agent,agent_12,2.169438,3.549257
0.8500,agent,agent_13,5.014146,3.129472
0.8500,agent,agent_14,2.310627,4.886454
0.8500,agent,agent_15,2.432353,2.828291
0.8500,cargo,cargo_0,3.784836,3.806352
0.9000,agent,agent_00,4.312899,2.481477
0.9000,agent,agent_01,2.734395,3.082471
0.9000,agent,agent_02,5.458226,4.234283
0.9000,agent,agent_03,2.020533,3.986003
0.9000,agent,agent_04,5.036364,5.658870
0.9000,agent,agent_05,5.354581,3.518530
0.9000,agent,agent_06,2.343492,3.103440
0.9000,agent,agent_07,3.316304,5.259833
0.9000,agent,agent_08,5.369308,4.793067
0.9000,agent,agent_09,2.635437,3.594292
0.9000,agent,agent_10,4.352900,5.388246
0.9000,agent,agent_11,2.166208,4.560121
0.9000,agent,agent_12,2.186934,3.549623
0.9000,agent,agent_13,5.004559,3.130672
0.9000,agent,agent_14,2.326713,4.879563
0.9000,agent,agent_15,2.446014,2.832974
0.9000,cargo,cargo_0,3.784836,3.806352
0.9500,agent,agent_00,4.305665,2.497412
0.9500,agent,agent_01,2.744917,3.087149
0.9500,agent,agent_02,5.442924,4.225792
0.9500,agent,agent_03,2.038023,3.985395
0.9500,agent,agent_04,5.023701,5.646791
0.9500,agent,agent_05,5.343286,3.523619
0.9500,agent,agent_06,2.358205,3.110018
0.9500,agent,agent_07,3.318634,5.251023
0.9500,agent,agent_08,5.362480,4.776954
0.9500,agent,agent_09,2.648149,3.605167
0.9500,agent,agent_10,4.338711,5.378003
0.9500,agent,agent_11,2.182670,4.554183
0.9500,agent,agent_12,2.204367,3.548089
0.9500,agent,agent_13,4.996581,3.131369
0.9500,agent,agent_14,2.342888,4.872884
0.9500,agent,agent_15,2.458187,2.839047
0.9500,cargo,cargo_0,3.784836,3.806352
1.0000,agent,agent_00,4.298373,2.513321
1.0000,agent,agent_01,2.754973,3.091396
1.0000,agent,agent_02,5.427653,4.217245
1.0000,agent,agent_03,2.055507,3.984658
1.0000,agent,agent_04,5.011039,5.634712
1.0000,agent,agent_05,5.332258,3.528283
1.0000,agent,agent_06,2.372478,3.116333
1.0000,agent,agent_07,3.320713,5.242463
1.0000,agent,agent_08,5.355653,4.760841
1.0000,agent,agent_09,2.660392,3.616039
1.0000,agent,agent_10,4.324134,5.368321
1.0000,agent,agent_11,2.199161,4.548327
1.0000,agent,agent_12,2.221773,3.546278
1.0000,agent,agent_13,4.990336,3.132029
1.0000,agent,agent_14,2.358942,4.865919
1.0000,agent,agent_15,2.470236,2.844883
1.0000,cargo,cargo_0,3.784836,3.806352
1.0500,agent,agent_00,4.290528,2.528964
1.0500,agent,agent_01,2.764712,3.095572
1.0500,agent,agent_02,5.412525,4.208448
1.0500,agent,agent_03,2.072980,3.983686
1.0500,agent,agent_04,4.998377,5.622632
1.0500,agent,agent_05,5.321588,3.532793
1.0500,agent,agent_06,2.386337,3.122810
1.0500,agent,agent_07,3.322789,5.233882
1.0500,agent,agent_08,5.348825,4.744728
1.0500,agent,agent_09,2.672258,3.626436
1.0500,agent,agent_10,4.310533,5.357309
1.0500,agent,agent_11,2.215647,4.542457
1.0500,agent,agent_12,2.239201,3.544694
1.0500,agent,agent_13,4.984101,3.131821
1.0500,agent,agent_14,2.375048,4.859074
1.0500,agent,agent_15,2.482092,2.850491
1.0500,cargo,cargo_0,3.784761,3.806352
1.1000,agent,agent_00,4.282090,2.544295
1.1000,agent,agent_01,2.774015,3.100219
1.1000,agent,agent_02,5.395826,4.203214
1.1000,agent,agent_03,2.086410,3.986487
1.1000,agent,agent_04,4.985714,5.610553
1.1000,agent,agent_05,5.310502,3.537549
1.1000,agent,agent_06,2.399806,3.129540
1.1000,agent,agent_07,3.324163,5.225168
1.1000,agent,agent_08,5.340728,4.729213
1.1000,agent,agent_09,2.683725,3.637074
1.1000,agent,agent_10,4.297412,5.345729
1.1000,agent,agent_11,2.232101,4.536497
1.1000,agent,agent_12,2.256254,3.540764
1.1000,agent,agent_13,4.978767,3.132058
1.1000,agent,agent_14,2.391190,4.852314
1.1000,agent,agent_15,2.493705,2.855931
1.1000,cargo,cargo_0,3.783739,3.806370
1.1500,agent,agent_00,4.273883,2.559752
1.1500,agent,agent_01,2.782948,3.104711
1.1500,agent,agent_02,5.379070,4.198163
1.1500,agent,agent_03,2.099778,3.989883
1.1500,agent,agent_04,4.972521,5.599055
1.1500,agent,agent_05,5.299824,3.541585
1.1500,agent,agent_06,2.402483,3.133358
1.1500,agent,agent_07,3.325903,5.216880
1.1500,agent,agent_08,5.332582,4.713725
1.1500,agent,agent_09,2.694871,3.646754
1.1500,agent,agent_10,4.284781,5.333617
1.1500,agent,agent_11,2.248651,4.530809
1.1500,agent,agent_12,2.273673,3.539080
1.1500,agent,agent_13,4.974085,3.132697
1.1500,agent,agent_14,2.407304,4.845489
1.1500,agent,agent_15,2.505061,2.861275
1.1500,cargo,cargo_0,3.780949,3.806474
1.2000,agent,agent_00,4.265572,2.575152
1.2000,agent,agent_01,2.795355,3.107393
1.2000,agent,agent_02,5.362214,4.193460
1.2000,agent,agent_03,2.113518,3.993009
1.2000,agent,agent_04,4.959328,5.587558
1.2000,agent,agent_05,5.289244,3.545544
1.2000,agent,agent_06,2.405252,3.137054
1.2000,agent,agent_07,3.328239,5.209006
1.2000,agent,agent_08,5.324442,4.698233
1.2000,agent,agent_09,2.705465,3.656256
1.2000,agent,agent_10,4.273034,5.320645
1.2000,agent,agent_11,2.265157,4.524997
1.2000,agent,agent_12,2.290925,3.536144
1.2000,agent,agent_13,4.970550,3.132818
1.2000,agent,agent_14,2.423416,4.838659
1.2000,agent,agent_15,2.515729,2.866993
1.2000,cargo,cargo_0,3.776505,3.806581
1.2500,agent,agent_00,4.256924,2.590366
1.2500,agent,agent_01,2.809107,3.108954
1.2500,agent,agent_02,5.345324,4.188882
1.2500,agent,agent_03,2.127514,3.996079
1.2500,agent,agent_04,4.946112,5.576086
1.2500,agent,agent_05,5.278978,3.549094
1.2500,agent,agent_06,2.410022,3.142452
1.2500,agent,agent_07,3.329736,5.200357
1.2500,agent,agent_08,5.316381,4.682701
1.2500,agent,agent_09,2.715657,3.665721
1.2500,agent,agent_10,4.261380,5.307591
1.2500,agent,agent_11,2.281681,4.519234
1.2500,agent,agent_12,2.296661,3.536952
1.2500,agent,agent_13,4.968390,3.132360
1.2500,agent,agent_14,2.439470,4.831692
1.2500,agent,agent_15,2.520234,2.864673
1.2500,cargo,cargo_0,3.771380,3.806578
1.3000,agent,agent_00,4.248387,2.605643
1.3000,agent,agent_01,2.822325,3.110835
1.3000,agent,agent_02,5.328307,4.184796
1.3000,agent,agent_03,2.138859,3.997969
1.3000,agent,agent_04,4.932897,5.564614
1.3000,agent,agent_05,5.268957,3.552560
1.3000,agent,agent_06,2.415748,3.147927
1.3000,agent,agent_07,3.330692,5.191620
1.3000,agent,agent_08,5.308141,4.667262
1.3000,agent,agent_09,2.725423,3.674999
1.3000,agent,agent_10,4.250234,5.294099
1.3000,agent,agent_11,2.298194,4.513439
1.3000,agent,agent_12,2.302485,3.537736
1.3000,agent,agent_13,4.965798,3.132479
1.3000,agent,agent_14,2.455565,4.824822
1.3000,agent,agent_15,2.525360,2.863127
1.3000,cargo,cargo_0,3.766459,3.806590
1.3500,agent,agent_00,4.239917,2.620664
1.3500,agent,agent_01,2.835964,3.111893
1.3500,agent,agent_02,5.311228,4.180984
1.3500,agent,agent_03,2.150063,3.999890
1.3500,agent,agent_04,4.919656,5.553172
1.3500,agent,agent_05,5.259096,3.556028
1.3500,agent,agent_06,2.421481,3.153427
1.3500,agent,agent_07,3.331321,5.183547
1.3500,agent,agent_08,5.299715,4.651924
1.3500,agent,agent_09,2.734685,3.684245
1.3500,agent,agent_10,4.239295,5.280439
1.3500,agent,agent_11,2.314801,4.507920
1.3500,agent,agent_12,2.308298,3.538434
1.3500,agent,agent_13,4.962781,3.132357
1.3500,agent,agent_14,2.471645,4.817918
1.3500,agent,agent_15,2.530467,2.861735
1.3500,cargo,cargo_0,3.762231,3.806580
1.4000,agent,agent_00,4.232679,2.635108
1.4000,agent,agent_01,2.851232,3.111595
1.4000,agent,agent_02,5.294126,4.177273
1.4000,agent,agent_03,2.160899,4.001629
1.4000,agent,agent_04,4.906418,5.541727
1.4000,agent,agent_05,5.249491,3.559338
1.4000,agent,agent_06,2.427588,3.158349
1.4000,agent,agent_07,3.332051,5.175935
1.4000,agent,agent_08,5.291504,4.636470
1.4000,agent,agent_09,2.743754,3.692768
1.4000,agent,agent_10,4.228468,5.266691
1.4000,agent,agent_11,2.331386,4.502336
1.4000,agent,agent_12,2.313908,3.539058
1.4000,agent,agent_13,4.960720,3.130053
1.4000,agent,agent_14,2.487878,4.811381
1.4000,agent,agent_15,2.535399,2.860379
1.4000,cargo,cargo_0,3.759166,3.806346
1.4500,agent,agent_00,4.225516,2.649085
1.4500,agent,agent_01,2.867275,3.110099
1.4500,agent,agent_02,5.277023,4.173565
1.4500,agent,agent_03,2.171898,4.003293
1.4500,agent,agent_04,4.893178,5.530283
1.4500,agent,agent_05,5.239544,3.562837
1.4500,agent,agent_06,2.433508,3.163106
1.4500,agent,agent_07,3.332857,5.168206
1.4500,agent,agent_08,5.283499,4.620908
1.4500,agent,agent_09,2.752293,3.701230
1.4500,agent,agent_10,4.218513,5.252298
1.4500,agent,agent_11,2.347979,4.496775
1.4500,agent,agent_12,2.319296,3.539704
1.4500,agent,agent_13,4.955347,3.129063
1.4500,agent,agent_14,2.504133,4.804897
1.4500,agent,agent_15,2.543704,2.868924
1.4500,cargo,cargo_0,3.756604,3.806241
1.5000,agent,agent_00,4.219588,2.662503
1.5000,agent,agent_01,2.882129,3.109152
1.5000,agent,agent_02,5.259799,4.170469
1.5000,agent,agent_03,2.183104,4.004980
1.5000,agent,agent_04,4.879946,5.518830
1.5000,agent,agent_05,5.229664,3.566222
1.5000,agent,agent_06,2.439734,3.167132
1.5000,agent,agent_07,3.333632,5.161457
1.5000,agent,agent_08,5.266704,4.615989
1.5000,agent,agent_09,2.760207,3.708403
1.5000,agent,agent_10,4.208316,5.238076
1.5000,agent,agent_11,2.364442,4.490841
1.5000,agent,agent_12,2.324774,3.540268
1.5000,agent,agent_13,4.958167,3.130272
1.5000,agent,agent_14,2.519646,4.799093
1.5000,agent,agent_15,2.552129,2.877252
1.5000,cargo,cargo_0,3.755696,3.806282
1.5500,agent,agent_00,4.213824,2.675224
1.5500,agent,agent_01,2.897871,3.107658
1.5500,agent,agent_02,5.242600,4.167239
1.5500,agent,agent_03,2.194491,4.006688
1.5500,agent,agent_04,4.864025,5.511566
1.5500,agent,agent_05,5.219680,3.569640
1.5500,agent,agent_06,2.445938,3.171201
1.5500,agent,agent_07,3.334362,5.155016
1.5500,agent,agent_08,5.249907,4.611082
1.5500,agent,agent_09,2.767712,3.715572
1.5500,agent,agent_10,4.198584,5.223531
1.5500,agent,agent_11,2.380992,4.485153
1.5500,agent,agent_12,2.330260,3.540024
1.5500,agent,agent_13,4.967841,3.128565
1.5500,agent,agent_14,2.534135,4.794455
1.5500,agent,agent_15,2.560705,2.885302
1.5500,cargo,cargo_0,3.755696,3.806282
1.6000,agent,agent_00,4.208151,2.687534
1.6000,agent,agent_01,2.887655,3.104001
1.6000,agent,agent_02,5.225341,4.164344
1.6000,agent,agent_03,2.206183,4.008370
1.6000,agent,agent_04,4.848136,5.504232
1.6000,agent,agent_05,5.209383,3.572965
1.6000,agent,agent_06,2.452035,3.175132
1.6000,agent,agent_07,3.335168,5.149041
1.6000,agent,agent_08,5.233132,4.606096
1.6000,agent,agent_09,2.775055,3.722375
1.6000,agent,agent_10,4.189308,5.208692
1.6000,agent,agent_11,2.397108,4.479806
1.6000,agent,agent_12,2.335706,3.539870
1.6000,agent,agent_13,4.961330,3.127633
1.6000,agent,agent_14,2.548178,4.789831
1.6000,agent,agent_15,2.569500,2.893163
1.6000,cargo,cargo_0,3.755696,3.806282
1.6500,agent,agent_00,4.202257,2.699459
1.6500,agent,agent_01,2.877529,3.100325
1.6500,agent,agent_02,5.208084,4.161437
1.6500,agent,agent_03,2.214087,4.009551
1.6500,agent,agent_04,4.833790,5.494209
1.6500,agent,agent_05,5.199097,3.575922
1.6500,agent,agent_06,2.458122,3.179098
1.6500,agent,agent_07,3.335753,5.143221
1.6500,agent,agent_08,5.216708,4.601391
1.6500,agent,agent_09,2.782343,3.728923
1.6500,agent,agent_10,4.180387,5.193637
1.6500,agent,agent_11,2.412945,4.474433
1.6500,agent,agent_12,2.341217,3.539723
1.6500,agent,agent_13,4.955983,3.126447
1.6500,agent,agent_14,2.561758,4.786290
1.6500,agent,agent_15,2.578430,2.900848
1.6500,cargo,cargo_0,3.755696,3.806282
1.7000,agent,agent_00,4.196651,2.710892
1.7000,agent,agent_01,2.891375,3.100614
1.7000,agent,agent_02,5.190781,4.158821
1.7000,agent,agent_03,2.222172,4.010697
1.7000,agent,agent_04,4.819444,5.484187
1.7000,agent,agent_05,5.188598,3.578754
1.7000,agent,agent_06,2.463862,3.183663
1.7000,agent,agent_07,3.336414,5.137918
1.7000,agent,agent_08,5.201539,4.596870
1.7000,agent,agent_09,2.789258,3.734949
1.7000,agent,agent_10,4.171952,5.178304
1.7000,agent,agent_11,2.428375,4.469093
1.7000,agent,agent_12,2.346734,3.539733
1.7000,agent,agent_13,4.965948,3.125032
1.7000,agent,agent_14,2.574849,4.782575
1.7000,agent,agent_15,2.586444,2.907951
1.7000,cargo,cargo_0,3.755696,3.806282
1.7500,agent,agent_00,4.191504,2.721685
1.7500,agent,agent_01,2.905741,3.100889
1.7500,agent,agent_02,5.173461,4.156318
1.7500,agent,agent_03,2.230362,4.011938
1.7500,agent,agent_04,4.805098,5.474165
1.7500,agent,agent_05,5.179485,3.579632
1.7500,agent,agent_06,2.469869,3.187537
1.7500,agent,agent_07,3.337281,5.133072
1.7500,agent,agent_08,5.195877,4.580311
1.7500,agent,agent_09,2.795768,3.740564
1.7500,agent,agent_10,4.163777,5.162830
1.7500,agent,agent_11,2.443212,4.463693
1.7500,agent,agent_12,2.352314,3.539647
1.7500,agent,agent_13,4.967222,3.122185
1.7500,agent,agent_14,2.587337,4.779319
1.7500,agent,agent_15,2.599847,2.906864
1.7500,cargo,cargo_0,3.755696,3.806282
1.8000,agent,agent_00,4.186346,2.732169
1.8000,agent,agent_01,2.919420,3.100814
1.8000,agent,agent_02,5.156188,4.153508
1.8000,agent,agent_03,2.238637,4.013167
1.8000,agent,agent_04,4.790752,5.464143
1.8000,agent,agent_05,5.170572,3.580555
1.8000,agent,agent_06,2.476086,3.191205
1.8000,agent,agent_07,3.337947,5.128348
1.8000,agent,agent_08,5.187051,4.565200
1.8000,agent,agent_09,2.802077,3.746287
1.8000,agent,agent_10,4.155506,5.147408
1.8000,agent,agent_11,2.457657,4.458289
1.8000,agent,agent_12,2.357318,3.540673
1.8000,agent,agent_13,4.963486,3.119241
1.8000,agent,agent_14,2.599798,4.776248
1.8000,agent,agent_15,2.613402,2.905909
1.8000,cargo,cargo_0,3.755696,3.806282
1.8500,agent,agent_00,4.182097,2.742448
1.8500,agent,agent_01,2.933114,3.100702
1.8500,agent,agent_02,5.139005,4.150188
1.8500,agent,agent_03,2.246992,4.014375
1.8500,agent,agent_04,4.776406,5.454121
1.8500,agent,agent_05,5.161896,3.581498
1.8500,agent,agent_06,2.482181,3.194702
1.8500,agent,agent_07,3.338637,5.123980
1.8500,agent,agent_08,5.169723,4.562753
1.8500,agent,agent_09,2.808230,3.750818
1.8500,agent,agent_10,4.147262,5.131972
1.8500,agent,agent_11,2.471675,4.452909
1.8500,agent,agent_12,2.362863,3.542349
1.8500,agent,agent_13,4.958942,3.116365
1.8500,agent,agent_14,2.611866,4.773548
1.8500,agent,agent_15,2.627014,2.905023
1.8500,cargo,cargo_0,3.755696,3.806282
1.9000,agent,agent_00,4.177699,2.752371
1.9000,agent,agent_01,2.946115,3.100792
1.9000,agent,agent_02,5.121851,4.146726
1.9000,agent,agent_03,2.254554,4.014665
1.9000,agent,agent_04,4.762060,5.444098
1.9000,agent,agent_05,5.153223,3.582503
1.9000,agent,agent_06,2.488313,3.198300
1.9000,agent,agent_07,3.339100,5.119735
1.9000,agent,agent_08,5.152434,4.560042
1.9000,agent,agent_09,2.814070,3.755395
1.9000,agent,agent_10,4.139193,5.117006
1.9000,agent,agent_11,2.484974,4.448291
1.9000,agent,agent_12,2.368422,3.543972
1.9000,agent,agent_13,4.956112,3.113117
1.9000,agent,agent_14,2.623732,4.770914
1.9000,agent,agent_15,2.640669,2.904200
1.9000,cargo,cargo_0,3.755696,3.806282
1.9500,agent,agent_00,4.173648,2.761908
1.9500,agent,agent_01,2.958700,3.100994
1.9500,agent,agent_02,5.104672,4.143391
1.9500,agent,agent_03,2.262076,4.015029
1.9500,agent,agent_04,4.748083,5.433568
1.9500,agent,agent_05,5.144260,3.583740
1.9500,agent,agent_06,2.494348,3.201844
1.9500,agent,agent_07,3.339661,5.115691
1.9500,agent,agent_08,5.135159,4.557248
1.9500,agent,agent_09,2.819682,3.759885
1.9500,agent,agent_10,4.131477,5.102271
1.9500,agent,agent_11,2.497353,4.443718
1.9500,agent,agent_12,2.373981,3.545578
1.9500,agent,agent_13,4.956572,3.109967
1.9500,agent,agent_14,2.634986,4.768730
1.9500,agent,agent_15,2.654328,2.903407
1.9500,cargo,cargo_0,3.755696,3.806282
2.0000,agent,agent_00,4.170035,2.771027
2.0000,agent,agent_01,2.971135,3.101005
2.0000,agent,agent_02,5.087520,4.139920
2.0000,agent,agent_03,2.269716,4.015119
2.0000,agent,agent_04,4.734138,5.422995
2.0000,agent,agent_05,5.135609,3.584944
2.0000,agent,agent_06,2.500318,3.205258
2.0000,agent,agent_07,3.341141,5.112066
2.0000,agent,agent_08,5.117907,4.554313
2.0000,agent,agent_09,2.825239,3.764281
2.0000,agent,agent_10,4.123798,5.088302
2.0000,agent,agent_11,2.510028,4.439323
2.0000,agent,agent_12,2.379539,3.547273
2.0000,agent,agent_13,4.967152,3.109764
2.0000,agent,agent_14,2.645603,4.766228
2.0000,agent,agent_15,2.667965,2.902624
2.0000,cargo,cargo_0,3.755696,3.806282
2.0500,agent,agent_00,4.165897,2.779730
2.0500,agent,agent_01,2.982955,3.100987
2.0500,agent,agent_02,5.070356,4.136503
2.0500,agent,agent_03,2.277529,4.015159
2.0500,agent,agent_04,4.718039,5.416134
2.0500,agent,agent_05,5.126538,3.586103
2.0500,agent,agent_06,2.506212,3.208222
2.0500,agent,agent_07,3.342255,5.109328
2.0500,agent,agent_08,5.102576,4.551591
2.0500,agent,agent_09,2.830541,3.768697
2.0500,agent,agent_10,4.116583,5.074884
2.0500,agent,agent_11,2.522383,4.434937
2.0500,agent,agent_12,2.386616,3.548309
2.0500,agent,agent_13,4.961155,3.108128
2.0500,agent,agent_14,2.656184,4.763577
2.0500,agent,agent_15,2.681558,2.901838
2.0500,cargo,cargo_0,3.755696,3.806282
2.1000,agent,agent_00,4.161733,2.788074
2.1000,agent,agent_01,2.991637,3.101001
2.1000,agent,agent_02,5.053158,4.133271
2.1000,agent,agent_03,2.285344,4.015283
2.1000,agent,agent_04,4.704685,5.404824
2.1000,agent,agent_05,5.118235,3.587077
2.1000,agent,agent_06,2.512050,3.211120
2.1000,agent,agent_07,3.342832,5.106441
2.1000,agent,agent_08,5.086725,4.548786
2.1000,agent,agent_09,2.835465,3.772274
2.1000,agent,agent_10,4.109930,5.060934
2.1000,agent,agent_11,2.534344,4.430549
2.1000,agent,agent_12,2.393669,3.549287
2.1000,agent,agent_13,4.956642,3.105893
2.1000,agent,agent_14,2.666047,4.761753
2.1000,agent,agent_15,2.695064,2.901019
2.1000,cargo,cargo_0,3.755696,3.806282
2.1500,agent,agent_00,4.158077,2.796057
2.1500,agent,agent_01,2.981515,3.097430
2.1500,agent,agent_02,5.035938,4.130148
2.1500,agent,agent_03,2.293218,4.015367
2.1500,agent,agent_04,4.691335,5.393508
2.1500,agent,agent_05,5.110857,3.587817
2.1500,agent,agent_06,2.517893,3.214125
2.1500,agent,agent_07,3.342808,5.103342
2.1500,agent,agent_08,5.071792,4.546133
2.1500,agent,agent_09,2.840403,3.775545
2.1500,agent,agent_10,4.103714,5.047786
2.1500,agent,agent_11,2.545960,4.426186
2.1500,agent,agent_12,2.400686,3.550304
2.1500,agent,agent_13,4.967544,3.104012
2.1500,agent,agent_14,2.675218,4.760801
2.1500,agent,agent_15,2.708281,2.900001
2.1500,cargo,cargo_0,3.755696,3.806282
2.2000,agent,agent_00,4.154506,2.803961
2.2000,agent,agent_01,2.990869,3.097191
2.2000,agent,agent_02,5.018760,4.126807
2.2000,agent,agent_03,2.301124,4.015390
2.2000,agent,agent_04,4.677901,5.382294
2.2000,agent,agent_05,5.103999,3.588347
2.2000,agent,agent_06,2.523632,3.217147
2.2000,agent,agent_07,3.342842,5.100433
2.2000,agent,agent_08,5.056797,4.543387
2.2000,agent,agent_09,2.845135,3.778778
2.2000,agent,agent_10,4.097617,5.034726
2.2000,agent,agent_11,2.557550,4.422127
2.2000,agent,agent_12,2.407629,3.551365
2.2000,agent,agent_13,4.978156,3.103319
2.2000,agent,agent_14,2.684239,4.759850
2.2000,agent,agent_15,2.719721,2.897553
2.2000,cargo,cargo_0,3.755696,3.806282
2.2500,agent,agent_00,4.152184,2.811394
2.2500,agent,agent_01,2.996670,3.097110
2.2500,agent,agent_02,5.001590,4.123426
2.2500,agent,agent_03,2.309112,4.015462
2.2500,agent,agent_04,4.665208,5.370247
2.2500,agent,agent_05,5.097515,3.588844
2.2500,agent,agent_06,2.529391,3.220207
2.2500,agent,agent_07,3.342659,5.097713
2.2500,agent,agent_08,5.042382,4.540358
2.2500,agent,agent_09,2.849934,3.782360
2.2500,agent,agent_10,4.091655,5.022401
2.2500,agent,agent_11,2.568876,4.418419
2.2500,agent,agent_12,2.414563,3.552446
2.2500,agent,agent_13,4.982546,3.099377
2.2500,agent,agent_14,2.692874,4.759648
2.2500,agent,agent_15,2.731182,2.895127
2.2500,cargo,cargo_0,3.755696,3.806282
2.3000,agent,agent_00,4.150028,2.818556
2.3000,agent,agent_01,2.985823,3.099158
2.3000,agent,agent_02,4.984416,4.120064
2.3000,agent,agent_03,2.316981,4.015483
2.3000,agent,agent_04,4.652457,5.358261
2.3000,agent,agent_05,5.091261,3.589140
2.3000,agent,agent_06,2.535023,3.223090
2.3000,agent,agent_07,3.342727,5.095620
2.3000,agent,agent_08,5.028074,4.537220
2.3000,agent,agent_09,2.854644,3.785708
2.3000,agent,agent_10,4.085847,5.009123
2.3000,agent,agent_11,2.580261,4.414816
2.3000,agent,agent_12,2.421437,3.553562
2.3000,agent,agent_13,4.992946,3.097263
2.3000,agent,agent_14,2.701325,4.759417
2.3000,agent,agent_15,2.742464,2.892508
2.3000,cargo,cargo_0,3.755696,3.806282
2.3500,agent,agent_00,4.147313,2.825497
2.3500,agent,agent_01,2.993773,3.099924
2.3500,agent,agent_02,4.967253,4.116648
2.3500,agent,agent_03,2.324844,4.015538
2.3500,agent,agent_04,4.639677,5.346305
2.3500,agent,agent_05,5.084982,3.589064
2.3500,agent,agent_06,2.540537,3.225827
2.3500,agent,agent_07,3.343419,5.094827
2.3500,agent,agent_08,5.013491,4.533992
2.3500,agent,agent_09,2.859082,3.788914
2.3500,agent,agent_10,4.080223,4.995909
2.3500,agent,agent_11,2.590944,4.411457
2.3500,agent,agent_12,2.428226,3.554676
2.3500,agent,agent_13,5.003191,3.096085
2.3500,agent,agent_14,2.709302,4.759254
2.3500,agent,agent_15,2.752913,2.888741
2.3500,cargo,cargo_0,3.757369,3.806398
2.4000,agent,agent_00,4.143277,2.832389
2.4000,agent,agent_01,2.982693,3.103962
2.4000,agent,agent_02,4.950563,4.113181
2.4000,agent,agent_03,2.332719,4.015578
2.4000,agent,agent_04,4.623252,5.340266
2.4000,agent,agent_05,5.079366,3.589055
2.4000,agent,agent_06,2.546151,3.228736
2.4000,agent,agent_07,3.344126,5.094486
2.4000,agent,agent_08,4.999475,4.530615
2.4000,agent,agent_09,2.863364,3.791167
2.4000,agent,agent_10,4.074444,4.983303
2.4000,agent,agent_11,2.601259,4.408156
2.4000,agent,agent_12,2.434727,3.555267
2.4000,agent,agent_13,4.996181,3.094347
2.4000,agent,agent_14,2.716921,4.759371
2.4000,agent,agent_15,2.745931,2.883111
2.4000,cargo,cargo_0,3.757520,3.806422
2.4500,agent,agent_00,4.139105,2.838895
2.4500,agent,agent_01,2.971866,3.106593
2.4500,agent,agent_02,4.934091,4.109886
2.4500,agent,agent_03,2.340602,4.015652
2.4500,agent,agent_04,4.606828,5.334226
2.4500,agent,agent_05,5.074427,3.588732
2.4500,agent,agent_06,2.551556,3.231473
2.4500,agent,agent_07,3.344773,5.094037
2.4500,agent,agent_08,4.985467,4.527260
2.4500,agent,agent_09,2.867666,3.793465
2.4500,agent,agent_10,4.068824,4.970681
2.4500,agent,agent_11,2.611816,4.405047
2.4500,agent,agent_12,2.441127,3.555794
2.4500,agent,agent_13,4.994458,3.093415
2.4500,agent,agent_14,2.724110,4.759948
2.4500,agent,agent_15,2.744085,2.874470
2.4500,cargo,cargo_0,3.757520,3.806422
2.5000,agent,agent_00,4.134521,2.845195
2.5000,agent,agent_01,2.961010,3.108405
2.5000,agent,agent_02,4.917658,4.106661
2.5000,agent,agent_03,2.347469,4.016033
2.5000,agent,agent_04,4.590403,5.328187
2.5000,agent,agent_05,5.069677,3.588268
2.5000,agent,agent_06,2.557090,3.234289
2.5000,agent,agent_07,3.345546,5.094069
2.5000,agent,agent_08,4.974067,4.524032
2.5000,agent,agent_09,2.872039,3.795353
2.5000,agent,agent_10,4.063389,4.957018
2.5000,agent,agent_11,2.622030,4.402319
2.5000,agent,agent_12,2.447512,3.556464
2.5000,agent,agent_13,4.993300,3.092735
2.5000,agent,agent_14,2.731039,4.759879
2.5000,agent,agent_15,2.756066,2.871555
2.5000,cargo,cargo_0,3.757520,3.806422
2.5500,agent,agent_00,4.130414,2.851254
2.5500,agent,agent_01,2.949680,3.111970
2.5500,agent,agent_02,4.900739,4.103462
2.5500,agent,agent_03,2.354381,4.016418
2.5500,agent,agent_04,4.573911,5.322333
2.5500,agent,agent_05,5.065161,3.587691
2.5500,agent,agent_06,2.562186,3.237362
2.5500,agent,agent_07,3.346294,5.093800
2.5500,agent,agent_08,4.962559,4.520649
2.5500,agent,agent_09,2.876290,3.797400
2.5500,agent,agent_10,4.058246,4.943203
2.5500,agent,agent_11,2.631832,4.399558
2.5500,agent,agent_12,2.453868,3.557142
2.5500,agent,agent_13,4.992244,3.091557
2.5500,agent,agent_14,2.737947,4.759762
2.5500,agent,agent_15,2.748510,2.862827
2.5500,cargo,cargo_0,3.757520,3.806422
2.6000,agent,agent_00,4.126468,2.857205
2.6000,agent,agent_01,2.938948,3.113368
2.6000,agent,agent_02,4.884466,4.099943
2.6000,agent,agent_03,2.361329,4.016723
2.6000,agent,agent_04,4.557345,5.316691
2.6000,agent,agent_05,5.060847,3.587303
2.6000,agent,agent_06,2.567155,3.240246
2.6000,agent,agent_07,3.347127,5.093499
2.6000,agent,agent_08,4.951033,4.517282
2.6000,agent,agent_09,2.880471,3.799339
2.6000,agent,agent_10,4.052791,4.929305
2.6000,agent,agent_11,2.641241,4.396786
2.6000,agent,agent_12,2.460167,3.557771
2.6000,agent,agent_13,5.001974,3.091955
2.6000,agent,agent_14,2.744592,4.759795
2.6000,agent,agent_15,2.761150,2.859888
2.6000,cargo,cargo_0,3.757520,3.806422
2.6500,agent,agent_00,4.122460,2.862851
2.6500,agent,agent_01,2.939679,3.113532
2.6500,agent,agent_02,4.868264,4.096471
2.6500,agent,agent_03,2.368291,4.017044
2.6500,agent,agent_04,4.546054,5.303321
2.6500,agent,agent_05,5.056572,3.586817
2.6500,agent,agent_06,2.571960,3.242948
2.6500,agent,agent_07,3.348022,5.093477
2.6500,agent,agent_08,4.939695,4.513863
2.6500,agent,agent_09,2.884640,3.801443
2.6500,agent,agent_10,4.047626,4.915585
2.6500,agent,agent_11,2.650340,4.393985
2.6500,agent,agent_12,2.466362,3.558387
2.6500,agent,agent_13,5.011601,3.092151
2.6500,agent,agent_14,2.751053,4.759952
2.6500,agent,agent_15,2.773776,2.856199
2.6500,cargo,cargo_0,3.757520,3.806422
2.7000,agent,agent_00,4.118714,2.868158
2.7000,agent,agent_01,2.938574,3.113203
2.7000,agent,agent_02,4.852011,4.093215
2.7000,agent,agent_03,2.375223,4.017339
2.7000,agent,agent_04,4.534869,5.289862
2.7000,agent,agent_05,5.052338,3.586012
2.7000,agent,agent_06,2.576662,3.245534
2.7000,agent,agent_07,3.349130,5.093845
2.7000,agent,agent_08,4.930015,4.510747
2.7000,agent,agent_09,2.888746,3.802818
2.7000,agent,agent_10,4.042649,4.902009
2.7000,agent,agent_11,2.659263,4.391548
2.7000,agent,agent_12,2.472500,3.558949
2.7000,agent,agent_13,5.021343,3.092612
2.7000,agent,agent_14,2.756969,4.760385
2.7000,agent,agent_15,2.786598,2.852405
2.7000,cargo,cargo_0,3.757520,3.806422
2.7500,agent,agent_00,4.115122,2.873261
2.7500,agent,agent_01,2.936664,3.112143
2.7500,agent,agent_02,4.835759,4.090159
2.7500,agent,agent_03,2.382143,4.017684
2.7500,agent,agent_04,4.523709,5.276382
2.7500,agent,agent_05,5.048130,3.584836
2.7500,agent,agent_06,2.581483,3.248250
2.7500,agent,agent_07,3.350111,5.094434
2.7500,agent,agent_08,4.920481,4.507605
2.7500,agent,agent_09,2.893012,3.804270
2.7500,agent,agent_10,4.037863,4.888190
2.7500,agent,agent_11,2.667856,4.389207
2.7500,agent,agent_12,2.478545,3.559546
2.7500,agent,agent_13,5.030613,3.093021
2.7500,agent,agent_14,2.762666,4.760836
2.7500,agent,agent_15,2.799646,2.848457
2.7500,cargo,cargo_0,3.757520,3.806422
2.8000,agent,agent_00,4.110602,2.878284
2.8000,agent,agent_01,2.943227,3.112545
2.8000,agent,agent_02,4.819558,4.087100
2.8000,agent,agent_03,2.389024,4.018017
2.8000,agent,agent_04,4.513122,5.278795
2.8000,agent,agent_05,5.044214,3.583727
2.8000,agent,agent_06,2.586178,3.250794
2.8000,agent,agent_07,3.351169,5.095496
2.8000,agent,agent_08,4.913664,4.504578
2.8000,agent,agent_09,2.897242,3.805744
2.8000,agent,agent_10,4.033155,4.874444
2.8000,agent,agent_11,2.676327,4.386899
2.8000,agent,agent_12,2.484523,3.560157
2.8000,agent,agent_13,5.031900,3.092549
2.8000,agent,agent_14,2.768124,4.761585
2.8000,agent,agent_15,2.812959,2.844356
2.8000,cargo,cargo_0,3.757520,3.806422
2.8500,agent,agent_00,4.107021,2.883024
2.8500,agent,agent_01,2.932107,3.115011
2.8500,agent,agent_02,4.803538,4.084204
2.8500,agent,agent_03,2.395832,4.018295
2.8500,agent,agent_04,4.502526,5.280900
2.8500,agent,agent_05,5.040333,3.582546
2.8500,agent,agent_06,2.590813,3.253368
2.8500,agent,agent_07,3.352273,5.096820
2.8500,agent,agent_08,4.907362,4.501393
2.8500,agent,agent_09,2.901117,3.806935
2.8500,agent,agent_10,4.028728,4.860887
2.8500,agent,agent_11,2.684766,4.384881
2.8500,agent,agent_12,2.490392,3.560895
2.8500,agent,agent_13,5.041434,3.093056
2.8500,agent,agent_14,2.773502,4.762157
2.8500,agent,agent_15,2.826610,2.840660
2.8500,cargo,cargo_0,3.757520,3.806422
2.9000,agent,agent_00,4.104478,2.887596
2.9000,agent,agent_01,2.939775,3.115965
2.9000,agent,agent_02,4.787907,4.081569
2.9000,agent,agent_03,2.402560,4.018484
2.9000,agent,agent_04,4.490651,5.282687
2.9000,agent,agent_05,5.036594,3.581279
2.9000,agent,agent_06,2.595327,3.255787
2.9000,agent,agent_07,3.353350,5.098233
2.9000,agent,agent_08,4.901667,4.497526
2.9000,agent,agent_09,2.905319,3.807663
2.9000,agent,agent_10,4.024393,4.847979
2.9000,agent,agent_11,2.692855,4.382874
2.9000,agent,agent_12,2.496229,3.561594
2.9000,agent,agent_13,5.050422,3.094183
2.9000,agent,agent_14,2.778628,4.763041
2.9000,agent,agent_15,2.841026,2.837303
2.9000,cargo,cargo_0,3.757520,3.806422
2.9500,agent,agent_00,4.102819,2.891966
2.9500,agent,agent_01,2.937992,3.115962
2.9500,agent,agent_02,4.772163,4.079099
2.9500,agent,agent_03,2.409238,4.018732
2.9500,agent,agent_04,4.477078,5.284569
2.9500,agent,agent_05,5.033573,3.580018
2.9500,agent,agent_06,2.599515,3.257328
2.9500,agent,agent_07,3.354418,5.099722
2.9500,agent,agent_08,4.897217,4.493778
2.9500,agent,agent_09,2.909417,3.808453
2.9500,agent,agent_10,4.020360,4.834730
2.9500,agent,agent_11,2.700619,4.380935
2.9500,agent,agent_12,2.502048,3.562304
2.9500,agent,agent_13,5.058264,3.094963
2.9500,agent,agent_14,2.783693,4.763838
2.9500,agent,agent_15,2.855760,2.834505
2.9500,cargo,cargo_0,3.757520,3.806422
3.0000,agent,agent_00,4.100838,2.896226
3.0000,agent,agent_01,2.941342,3.116759
3.0000,agent,agent_02,4.757342,4.075801
3.0000,agent,agent_03,2.415855,4.018991
3.0000,agent,agent_04,4.463444,5.286307
3.0000,agent,agent_05,5.030992,3.579309
3.0000,agent,agent_06,2.603596,3.258766
3.0000,agent,agent_07,3.355459,5.101336
3.0000,agent,agent_08,4.893060,4.489933
3.0000,agent,agent_09,2.913428,3.809143
3.0000,agent,agent_10,4.015982,4.822315
3.0000,agent,agent_11,2.708110,4.379023
3.0000,agent,agent_12,2.507808,3.563002
3.0000,agent,agent_13,5.065232,3.095941
3.0000,agent,agent_14,2.788546,4.764662
3.0000,agent,agent_15,2.863037,2.824453
3.0000,cargo,cargo_0,3.757520,3.806422
3.0500,agent,agent_00,4.097964,2.900388
3.0500,agent,agent_01,2.948787,3.117331
3.0500,agent,agent_02,4.742492,4.072584
3.0500,agent,agent_03,2.422431,4.019258
3.0500,agent,agent_04,4.450239,5.287478
3.0500,agent,agent_05,5.028504,3.578674
3.0500,agent,agent_06,2.607611,3.260171
3.0500,agent,agent_07,3.356788,5.103261
3.0500,agent,agent_08,4.889586,4.485638
3.0500,agent,agent_09,2.915602,3.809731
3.0500,agent,agent_10,4.011754,4.809933
3.0500,agent,agent_11,2.715439,4.377176
3.0500,agent,agent_12,2.513507,3.563715
3.0500,agent,agent_13,5.071147,3.096576
3.0500,agent,agent_14,2.793341,4.765291
3.0500,agent,agent_15,2.868652,2.812077
3.0500,cargo,cargo_0,3.757520,3.806422
3.1000,agent,agent_00,4.094585,2.904502
3.1000,agent,agent_01,2.938583,3.114800
3.1000,agent,agent_02,4.728110,4.069667
3.1000,agent,agent_03,2.428930,4.019514
3.1000,agent,agent_04,4.437192,5.288180
3.1000,agent,agent_05,5.026220,3.578288
3.1000,agent,agent_06,2.611829,3.261711
3.1000,agent,agent_07,3.358206,5.105067
3.1000,agent,agent_08,4.886545,4.481206
3.1000,agent,agent_09,2.911486,3.810891
3.1000,agent,agent_10,4.007683,4.797398
3.1000,agent,agent_11,2.722376,4.375310
3.1000,agent,agent_12,2.519172,3.564534
3.1000,agent,agent_13,5.075345,3.096360
3.1000,agent,agent_14,2.797721,4.766206
3.1000,agent,agent_15,2.873467,2.799234
3.1000,cargo,cargo_0,3.757520,3.806422
3.1500,agent,agent_00,4.092359,2.908337
3.1500,agent,agent_01,2.950508,3.115506
3.1500,agent,agent_02,4.713900,4.066800
3.1500,agent,agent_03,2.435050,4.019054
3.1500,agent,agent_04,4.424640,5.288326
3.1500,agent,agent_05,5.039196,3.587183
3.1500,agent,agent_06,2.615898,3.263067
3.1500,agent,agent_07,3.359434,5.106811
3.1500,agent,agent_08,4.884668,4.476642
3.1500,agent,agent_09,2.904775,3.812432
3.1500,agent,agent_10,4.003935,4.785500
3.1500,agent,agent_11,2.729433,4.373780
3.1500,agent,agent_12,2.524731,3.565379
3.1500,agent,agent_13,5.078553,3.096184
3.1500,agent,agent_14,2.801900,4.766712
3.1500,agent,agent_15,2.875771,2.784507
3.1500,cargo,cargo_0,3.757520,3.806422
3.2000,agent,agent_00,4.088818,2.912099
3.2000,agent,agent_01,2.949785,3.114625
3.2000,agent,agent_02,4.699383,4.063963
3.2000,agent,agent_03,2.441246,4.018684
3.2000,agent,agent_04,4.410971,5.288469
3.2000,agent,agent_05,5.037005,3.586775
3.2000,agent,agent_06,2.620188,3.264866
3.2000,agent,agent_07,3.361161,5.108480
3.2000,agent,agent_08,4.882789,4.472130
3.2000,agent,agent_09,2.909118,3.812642
3.2000,agent,agent_10,4.000103,4.773579
3.2000,agent,agent_11,2.736404,4.372159
3.2000,agent,agent_12,2.530260,3.566287
3.2000,agent,agent_13,5.068761,3.093248
3.2000,agent,agent_14,2.805858,4.767342
3.2000,agent,agent_15,2.892268,2.789109
3.2000,cargo,cargo_0,3.757520,3.806422
3.2500,agent,agent_00,4.085885,2.915712
3.2500,agent,agent_01,2.951734,3.114666
3.2500,agent,agent_02,4.685256,4.061258
3.2500,agent,agent_03,2.447369,4.018809
3.2500,agent,agent_04,4.396860,5.288193
3.2500,agent,agent_05,5.035000,3.586609
3.2500,agent,agent_06,2.624298,3.266493
3.2500,agent,agent_07,3.362913,5.110328
3.2500,agent,agent_08,4.882305,4.466978
3.2500,agent,agent_09,2.913428,3.812514
3.2500,agent,agent_10,3.996576,4.761727
3.2500,agent,agent_11,2.743150,4.370890
3.2500,agent,agent_12,2.535766,3.567036
3.2500,agent,agent_13,5.072480,3.093174
3.2500,agent,agent_14,2.809597,4.767878
3.2500,agent,agent_15,2.907635,2.792246
3.2500,cargo,cargo_0,3.757520,3.806422
3.3000,agent,agent_00,4.083079,2.919146
3.3000,agent,agent_01,2.955318,3.115603
3.3000,agent,agent_02,4.671477,4.058724
3.3000,agent,agent_03,2.453427,4.018930
3.3000,agent,agent_04,4.382710,5.287762
3.3000,agent,agent_05,5.050463,3.587636
3.3000,agent,agent_06,2.628497,3.267746
3.3000,agent,agent_07,3.364521,5.112211
3.3000,agent,agent_08,4.882620,4.461296
3.3000,agent,agent_09,2.917699,3.812416
3.3000,agent,agent_10,3.993289,4.749719
3.3000,agent,agent_11,2.749807,4.369733
3.3000,agent,agent_12,2.541279,3.568273
3.3000,agent,agent_13,5.074018,3.092401
3.3000,agent,agent_14,2.813022,4.768549
3.3000,agent,agent_15,2.909067,2.777892
3.3000,cargo,cargo_0,3.757520,3.806422
3.3500,agent,agent_00,4.080657,2.922346
3.3500,agent,agent_01,2.951722,3.115646
3.3500,agent,agent_02,4.657566,4.056178
3.3500,agent,agent_03,2.459437,4.018970
3.3500,agent,agent_04,4.369280,5.286883
3.3500,agent,agent_05,5.059806,3.588328
3.3500,agent,agent_06,2.632627,3.269046
3.3500,agent,agent_07,3.366209,5.114044
3.3500,agent,agent_08,4.882849,4.455649
3.3500,agent,agent_09,2.922011,3.812201
3.3500,agent,agent_10,3.990149,4.737818
3.3500,agent,agent_11,2.756357,4.368589
3.3500,agent,agent_12,2.545368,3.570065
3.3500,agent,agent_13,5.075913,3.091690
3.3500,agent,agent_14,2.816383,4.769156
3.3500,agent,agent_15,2.910663,2.763616
3.3500,cargo,cargo_0,3.757520,3.806422
3.4000,agent,agent_00,4.078292,2.925507
3.4000,agent,agent_01,2.941248,3.114886
3.4000,agent,agent_02,4.643722,4.053624
3.4000,agent,agent_03,2.465381,4.018990
3.4000,agent,agent_04,4.356314,5.285909
3.4000,agent,agent_05,5.056469,3.588235
3.4000,agent,agent_06,2.636551,3.270377
3.4000,agent,agent_07,3.367735,5.115858
3.4000,agent,agent_08,4.883028,4.449730
3.4000,agent,agent_09,2.926032,3.812207
3.4000,agent,agent_10,3.986600,4.726997
3.4000,agent,agent_11,2.762668,4.367447
3.4000,agent,agent_12,2.549547,3.571344
3.4000,agent,agent_13,5.076898,3.090661
3.4000,agent,agent_14,2.819735,4.769995
3.4000,agent,agent_15,2.908893,2.750779
3.4000,cargo,cargo_0,3.757520,3.806422
3.4500,agent,agent_00,4.075868,2.928858
3.4500,agent,agent_01,2.932195,3.108848
3.4500,agent,agent_02,4.630523,4.050554
3.4500,agent,agent_03,2.471176,4.019080
3.4500,agent,agent_04,4.344303,5.284384
3.4500,agent,agent_05,5.053428,3.588235
3.4500,agent,agent_06,2.640513,3.271996
3.4500,agent,agent_07,3.369094,5.117639
3.4500,agent,agent_08,4.884316,4.443023
3.4500,agent,agent_09,2.926314,3.812152
3.4500,agent,agent_10,3.983067,4.716381
3.4500,agent,agent_11,2.768786,4.366360
3.4500,agent,agent_12,2.553671,3.572623
3.4500,agent,agent_13,5.081536,3.093718
3.4500,agent,agent_14,2.823013,4.770991
3.4500,agent,agent_15,2.905825,2.738780
3.4500,cargo,cargo_0,3.757520,3.806422
3.5000,agent,agent_00,4.073222,2.932095
3.5000,agent,agent_01,2.925310,3.108154
3.5000,agent,agent_02,4.617749,4.047390
3.5000,agent,agent_03,2.475617,4.018964
3.5000,agent,agent_04,4.332381,5.282264
3.5000,agent,agent_05,5.050549,3.588581
3.5000,agent,agent_06,2.644332,3.273891
3.5000,agent,agent_07,3.370496,5.119397
3.5000,agent,agent_08,4.885713,4.436306
3.5000,agent,agent_09,2.930502,3.812127
3.5000,agent,agent_10,3.979774,4.705981
3.5000,agent,agent_11,2.774565,4.365380
3.5000,agent,agent_12,2.557799,3.573895
3.5000,agent,agent_13,5.084953,3.095913
3.5000,agent,agent_14,2.826336,4.771896
3.5000,agent,agent_15,2.903860,2.726208
3.5000,cargo,cargo_0,3.757520,3.806422
3.5500,agent,agent_00,4.070650,2.935100
3.5500,agent,agent_01,2.915285,3.103838
3.5500,agent,agent_02,4.604876,4.044240
3.5500,agent,agent_03,2.480037,4.018864
3.5500,agent,agent_04,4.321001,5.279833
3.5500,agent,agent_05,5.062976,3.588373
3.5500,agent,agent_06,2.648067,3.275525
3.5500,agent,agent_07,3.372023,5.121136
3.5500,agent,agent_08,4.887125,4.429590
3.5500,agent,agent_09,2.934599,3.812103
3.5500,agent,agent_10,3.976614,4.695925
3.5500,agent,agent_11,2.780184,4.364393
3.5500,agent,agent_12,2.561695,3.575646
3.5500,agent,agent_13,5.074573,3.091592
3.5500,agent,agent_14,2.829368,4.772854
3.5500,agent,agent_15,2.903004,2.713179
3.5500,cargo,cargo_0,3.757520,3.806422
3.6000,agent,agent_00,4.067683,2.938118
3.6000,agent,agent_01,2.905521,3.098461
3.6000,agent,agent_02,4.591697,4.041250
3.6000,agent,agent_03,2.484357,4.018840
3.6000,agent,agent_04,4.309447,5.277561
3.6000,agent,agent_05,5.065722,3.588374
3.6000,agent,agent_06,2.651791,3.277147
3.6000,agent,agent_07,3.373493,5.122830
3.6000,agent,agent_08,4.888804,4.422423
3.6000,agent,agent_09,2.938786,3.811974
3.6000,agent,agent_10,3.973612,4.685502
3.6000,agent,agent_11,2.785784,4.363392
3.6000,agent,agent_12,2.565543,3.577422
3.6000,agent,agent_13,5.064257,3.087011
3.6000,agent,agent_14,2.832639,4.773753
3.6000,agent,agent_15,2.918934,2.720422
3.6000,cargo,cargo_0,3.757520,3.806422
3.6500,agent,agent_00,4.064842,2.941142
3.6500,agent,agent_01,2.895807,3.092183
3.6500,agent,agent_02,4.579318,4.038672
3.6500,agent,agent_03,2.488663,4.018736
3.6500,agent,agent_04,4.298399,5.274845
3.6500,agent,agent_05,5.062516,3.588482
3.6500,agent,agent_06,2.655452,3.278991
3.6500,agent,agent_07,3.374735,5.124453
3.6500,agent,agent_08,4.890244,4.415397
3.6500,agent,agent_09,2.942787,3.811415
3.6500,agent,agent_10,3.970782,4.675230
3.6500,agent,agent_11,2.791201,4.362427
3.6500,agent,agent_12,2.569313,3.579188
3.6500,agent,agent_13,5.065458,3.085420
3.6500,agent,agent_14,2.835658,4.775057
3.6500,agent,agent_15,2.934865,2.727665
3.6500,cargo,cargo_0,3.757520,3.806422
3.7000,agent,agent_00,4.062210,2.951143
3.7000,agent,agent_01,2.886033,3.085337
3.7000,agent,agent_02,4.567015,4.036218
3.7000,agent,agent_03,2.492958,4.018612
3.7000,agent,agent_04,4.287431,5.272162
3.7000,agent,agent_05,5.062923,3.588401
3.7000,agent,agent_06,2.658850,3.280554
3.7000,agent,agent_07,3.376213,5.125970
3.7000,agent,agent_08,4.890931,4.408386
3.7000,agent,agent_09,2.947145,3.810693
3.7000,agent,agent_10,3.968053,4.664950
3.7000,agent,agent_11,2.796342,4.361518
3.7000,agent,agent_12,2.573051,3.580942
3.7000,agent,agent_13,5.066955,3.084335
3.7000,agent,agent_14,2.838649,4.776521
3.7000,agent,agent_15,2.950796,2.734908
3.7000,cargo,cargo_0,3.757520,3.806422
3.7500,agent,agent_00,4.059788,2.961173
3.7500,agent,agent_01,2.876333,3.078397
3.7500,agent,agent_02,4.554868,4.033950
3.7500,agent,agent_03,2.497126,4.018433
3.7500,agent,agent_04,4.277348,5.269538
3.7500,agent,agent_05,5.072163,3.588014
3.7500,agent,agent_06,2.663089,3.282775
3.7500,agent,agent_07,3.377399,5.127342
3.7500,agent,agent_08,4.891492,4.401506
3.7500,agent,agent_09,2.951428,3.809751
3.7500,agent,agent_10,3.965397,4.654740
3.7500,agent,agent_11,2.801178,4.360455
3.7500,agent,agent_12,2.576883,3.582202
3.7500,agent,agent_13,5.068852,3.083711
3.7500,agent,agent_14,2.841717,4.777962
3.7500,agent,agent_15,2.966726,2.742151
3.7500,cargo,cargo_0,3.757520,3.806422
3.8000,agent,agent_00,4.058123,2.973330
3.8000,agent,agent_01,2.873887,3.068186
3.8000,agent,agent_02,4.543313,4.031764
3.8000,agent,agent_03,2.501274,4.018389
3.8000,agent,agent_04,4.267520,5.266686
3.8000,agent,agent_05,5.068654,3.588092
3.8000,agent,agent_06,2.667569,3.285033
3.8000,agent,agent_07,3.378513,5.128332
3.8000,agent,agent_08,4.891802,4.394287
3.8000,agent,agent_09,2.955745,3.808443
3.8000,agent,agent_10,3.962896,4.645547
3.8000,agent,agent_11,2.805802,4.359385
3.8000,agent,agent_12,2.580494,3.584066
3.8000,agent,agent_13,5.063435,3.081345
3.8000,agent,agent_14,2.844421,4.779953
3.8000,agent,agent_15,2.982657,2.749395
3.8000,cargo,cargo_0,3.757520,3.806422
3.8500,agent,agent_00,4.055308,2.986430
3.8500,agent,agent_01,2.869747,3.058526
3.8500,agent,agent_02,4.531772,4.029583
3.8500,agent,agent_03,2.506515,4.018643
3.8500,agent,agent_04,4.257718,5.263672
3.8500,agent,agent_05,5.074934,3.587995
3.8500,agent,agent_06,2.671981,3.287309
3.8500,agent,agent_07,3.379984,5.129604
3.8500,agent,agent_08,4.891593,4.387051
3.8500,agent,agent_09,2.959960,3.807216
3.8500,agent,agent_10,3.960357,4.637625
3.8500,agent,agent_11,2.810144,4.358378
3.8500,agent,agent_12,2.584091,3.585885
3.8500,agent,agent_13,5.066118,3.080876
3.8500,agent,agent_14,2.847014,4.781976
3.8500,agent,agent_15,2.998588,2.756638
3.8500,cargo,cargo_0,3.757520,3.806422
3.9000,agent,agent_00,4.053400,2.988169
3.9000,agent,agent_01,2.862133,3.056223
3.9000,agent,agent_02,4.520561,4.027432
3.9000,agent,agent_03,2.511737,4.018756
3.9000,agent,agent_04,4.248031,5.260565
3.9000,agent,agent_05,5.082888,3.588139
3.9000,agent,agent_06,2.676366,3.289603
3.9000,agent,agent_07,3.381534,5.130806
3.9000,agent,agent_08,4.891338,4.379889
3.9000,agent,agent_09,2.964613,3.806174
3.9000,agent,agent_10,3.957830,4.630127
3.9000,agent,agent_11,2.814409,4.357392
3.9000,agent,agent_12,2.587652,3.587686
3.9000,agent,agent_13,5.068823,3.080679
3.9000,agent,agent_14,2.849371,4.783635
3.9000,agent,agent_15,3.012911,2.759177
3.9000,cargo,cargo_0,3.757520,3.806422
3.9500,agent,agent_00,4.052032,2.988633
3.9500,agent,agent_01,2.852344,3.051830
3.9500,agent,agent_02,4.509584,4.025178
3.9500,agent,agent_03,2.515703,4.018700
3.9500,agent,agent_04,4.239015,5.257005
3.9500,agent,agent_05,5.078956,3.588720
3.9500,agent,agent_06,2.681670,3.292150
3.9500,agent,agent_07,3.382984,5.132072
3.9500,agent,agent_08,4.891067,4.372801
3.9500,agent,agent_09,2.969604,3.805129
3.9500,agent,agent_10,3.955075,4.622538
3.9500,agent,agent_11,2.818456,4.356669
3.9500,agent,agent_12,2.591166,3.589533
3.9500,agent,agent_13,5.071631,3.080864
3.9500,agent,agent_14,2.863919,4.793360
3.9500,agent,agent_15,3.024211,2.752329
3.9500,cargo,cargo_0,3.757520,3.806422
4.0000,agent,agent_00,4.050260,2.990045
4.0000,agent,agent_01,2.842561,3.047530
4.0000,agent,agent_02,4.499219,4.022980
4.0000,agent,agent_03,2.519619,4.018708
4.0000,agent,agent_04,4.229500,5.253186
4.0000,agent,agent_05,5.075129,3.589390
4.0000,agent,agent_06,2.686559,3.294279
4.0000,agent,agent_07,3.384463,5.133473
4.0000,agent,agent_08,4.890705,4.365855
4.0000,agent,agent_09,2.974179,3.803973
4.0000,agent,agent_10,3.952442,4.615212
4.0000,agent,agent_11,2.822437,4.355997
4.0000,agent,agent_12,2.594670,3.591420
4.0000,agent,agent_13,5.073731,3.080739
4.0000,agent,agent_14,2.878468,4.803086
4.0000,agent,agent_15,3.039937,2.760007
4.0000,cargo,cargo_0,3.757520,3.806422
4.0500,agent,agent_00,4.049314,2.991439
4.0500,agent,agent_01,2.832871,3.043477
4.0500,agent,agent_02,4.488793,4.020859
4.0500,agent,agent_03,2.523517,4.018733
4.0500,agent,agent_04,4.220261,5.249288
4.0500,agent,agent_05,5.082845,3.589549
4.0500,agent,agent_06,2.691550,3.296639
4.0500,agent,agent_07,3.385857,5.134779
4.0500,agent,agent_08,4.890472,4.358955
4.0500,agent,agent_09,2.978358,3.802686
4.0500,agent,agent_10,3.949920,4.607675
4.0500,agent,agent_11,2.826301,4.355691
4.0500,agent,agent_12,2.598138,3.593289
4.0500,agent,agent_13,5.075094,3.080262
4.0500,agent,agent_14,2.893016,4.812812
4.0500,agent,agent_15,3.055663,2.767684
4.0500,cargo,cargo_0,3.757520,3.806422
4.1000,agent,agent_00,4.047615,2.990693
4.1000,agent,agent_01,2.823060,3.039677
4.1000,agent,agent_02,4.478710,4.018503
4.1000,agent,agent_03,2.527323,4.018693
4.1000,agent,agent_04,4.211049,5.245424
4.1000,agent,agent_05,5.078679,3.589874
4.1000,agent,agent_06,2.696776,3.298698
4.1000,agent,agent_07,3.387441,5.136121
4.1000,agent,agent_08,4.890129,4.352472
4.1000,agent,agent_09,2.982229,3.801153
4.1000,agent,agent_10,3.947451,4.600104
4.1000,agent,agent_11,2.829998,4.355367
4.1000,agent,agent_12,2.601518,3.595195
4.1000,agent,agent_13,5.076682,3.080224
4.1000,agent,agent_14,2.893386,4.813953
4.1000,agent,agent_15,3.071389,2.775362
4.1000,cargo,cargo_0,3.757520,3.806422
4.1500,agent,agent_00,4.046336,2.991970
4.1500,agent,agent_01,2.813143,3.036186
4.1500,agent,agent_02,4.469338,4.016327
4.1500,agent,agent_03,2.531160,4.018639
4.1500,agent,agent_04,4.201999,5.241492
4.1500,agent,agent_05,5.074915,3.590385
4.1500,agent,agent_06,2.702476,3.300664
4.1500,agent,agent_07,3.388740,5.137297
4.1500,agent,agent_08,4.889783,4.346086
4.1500,agent,agent_09,2.984750,3.799771
4.1500,agent,agent_10,3.945136,4.592169
4.1500,agent,agent_11,2.833576,4.355074
4.1500,agent,agent_12,2.604891,3.597037
4.1500,agent,agent_13,5.077645,3.079680
4.1500,agent,agent_14,2.894384,4.814777
4.1500,agent,agent_15,3.087115,2.783039
4.1500,cargo,cargo_0,3.757520,3.806422
4.2000,agent,agent_00,4.044697,2.991649
4.2000,agent,agent_01,2.803103,3.033061
4.2000,agent,agent_02,4.460245,4.014365
4.2000,agent,agent_03,2.535044,4.019079
4.2000,agent,agent_04,4.193303,5.237687
4.2000,agent,agent_05,5.071226,3.590991
4.2000,agent,agent_06,2.708551,3.302180
4.2000,agent,agent_07,3.390218,5.138364
4.2000,agent,agent_08,4.889385,4.339074
4.2000,agent,agent_09,2.987232,3.798138
4.2000,agent,agent_10,3.942937,4.584261
4.2000,agent,agent_11,2.836996,4.354927
4.2000,agent,agent_12,2.608369,3.598749
4.2000,agent,agent_13,5.067293,3.075890
4.2000,agent,agent_14,2.893855,4.815518
4.2000,agent,agent_15,3.102841,2.790717
4.2000,cargo,cargo_0,3.757520,3.806422
4.2500,agent,agent_00,4.043918,2.992624
4.2500,agent,agent_01,2.808577,3.035636
4.2500,agent,agent_02,4.451489,4.012536
4.2500,agent,agent_03,2.538833,4.019461
4.2500,agent,agent_04,4.184700,5.234013
4.2500,agent,agent_05,5.067536,3.591462
4.2500,agent,agent_06,2.715023,3.303627
4.2500,agent,agent_07,3.391855,5.139490
4.2500,agent,agent_08,4.888796,4.332257
4.2500,agent,agent_09,2.988547,3.796441
4.2500,agent,agent_10,3.940954,4.577071
4.2500,agent,agent_11,2.840352,4.354771
4.2500,agent,agent_12,2.611757,3.600495
4.2500,agent,agent_13,5.068826,3.075068
4.2500,agent,agent_14,2.883489,4.817469
4.2500,agent,agent_15,3.118567,2.798394
4.2500,cargo,cargo_0,3.757520,3.806422
4.3000,agent,agent_00,4.044532,2.993413
4.3000,agent,agent_01,2.813857,3.038053
4.3000,agent,agent_02,4.442933,4.010865
4.3000,agent,agent_03,2.542588,4.019960
4.3000,agent,agent_04,4.176642,5.230162
4.3000,agent,agent_05,5.071786,3.593035
4.3000,agent,agent_06,2.721171,3.305166
4.3000,agent,agent_07,3.393295,5.140449
4.3000,agent,agent_08,4.888047,4.325634
4.3000,agent,agent_09,2.989963,3.795678
4.3000,agent,agent_10,3.939255,4.570536
4.3000,agent,agent_11,2.843794,4.354813
4.3000,agent,agent_12,2.615119,3.602195
4.3000,agent,agent_13,5.071010,3.074717
4.3000,agent,agent_14,2.873096,4.819159
4.3000,agent,agent_15,3.134293,2.806072
4.3000,cargo,cargo_0,3.757520,3.806422
4.3500,agent,agent_00,4.044911,2.994217
4.3500,agent,agent_01,2.818622,3.040139
4.3500,agent,agent_02,4.434800,4.009398
4.3500,agent,agent_03,2.546296,4.020381
4.3500,agent,agent_04,4.168808,5.226191
4.3500,agent,agent_05,5.081251,3.597949
4.3500,agent,agent_06,2.727075,3.306812
4.3500,agent,agent_07,3.394558,5.141379
4.3500,agent,agent_08,4.887026,4.319741
4.3500,agent,agent_09,2.992163,3.794316
4.3500,agent,agent_10,3.937732,4.564835
4.3500,agent,agent_11,2.847290,4.355025
4.3500,agent,agent_12,2.618272,3.603813
4.3500,agent,agent_13,5.072962,3.074530
4.3500,agent,agent_14,2.874420,4.819567
4.3500,agent,agent_15,3.150019,2.813750
4.3500,cargo,cargo_0,3.757520,3.806422
4.4000,agent,agent_00,4.045679,2.989534
4.4000,agent,agent_01,2.823359,3.042073
4.4000,agent,agent_02,4.426590,4.007886
4.4000,agent,agent_03,2.550027,4.020927
4.4000,agent,agent_04,4.161496,5.222262
4.4000,agent,agent_05,5.077258,3.598077
4.4000,agent,agent_06,2.732837,3.308482
4.4000,agent,agent_07,3.395787,5.142335
4.4000,agent,agent_08,4.885714,4.313409
4.4000,agent,agent_09,2.993666,3.793557
4.4000,agent,agent_10,3.936074,4.559336
4.4000,agent,agent_11,2.850807,4.355313
4.4000,agent,agent_12,2.621434,3.605345
4.4000,agent,agent_13,5.074837,3.074054
4.4000,agent,agent_14,2.875383,4.820086
4.4000,agent,agent_15,3.165745,2.821427
4.4000,cargo,cargo_0,3.757520,3.806422
4.4500,agent,agent_00,4.046987,2.990451
4.4500,agent,agent_01,2.827344,3.043643
4.4500,agent,agent_02,4.418404,4.006467
4.4500,agent,agent_03,2.553721,4.021330
4.4500,agent,agent_04,4.154138,5.218479
4.4500,agent,agent_05,5.087445,3.601554
4.4500,agent,agent_06,2.738491,3.310187
4.4500,agent,agent_07,3.397248,5.143290
4.4500,agent,agent_08,4.884370,4.307239
4.4500,agent,agent_09,2.994651,3.793309
4.4500,agent,agent_10,3.934589,4.554011
4.4500,agent,agent_11,2.854127,4.355573
4.4500,agent,agent_12,2.624492,3.606944
4.4500,agent,agent_13,5.076740,3.073988
4.4500,agent,agent_14,2.876125,4.820604
4.4500,agent,agent_15,3.180784,2.828770
4.4500,cargo,cargo_0,3.757520,3.806422
4.5000,agent,agent_00,4.047389,2.991530
4.5000,agent,agent_01,2.831300,3.045114
4.5000,agent,agent_02,4.410359,4.004932
4.5000,agent,agent_03,2.557404,4.021758
4.5000,agent,agent_04,4.147111,5.214930
4.5000,agent,agent_05,5.082965,3.601844
4.5000,agent,agent_06,2.743900,3.311838
4.5000,agent,agent_07,3.398312,5.144272
4.5000,agent,agent_08,4.883053,4.301153
4.5000,agent,agent_09,2.995510,3.793513
4.5000,agent,agent_10,3.932932,4.549056
4.5000,agent,agent_11,2.857330,4.356168
4.5000,agent,agent_12,2.627271,3.607715
4.5000,agent,agent_13,5.078142,3.073610
4.5000,agent,agent_14,2.892531,4.826695
4.5000,agent,agent_15,3.195147,2.835782
4.5000,cargo,cargo_0,3.757520,3.806422
4.5500,agent,agent_00,4.046926,2.992537
4.5500,agent,agent_01,2.821282,3.041938
4.5500,agent,agent_02,4.402401,4.003413
4.5500,agent,agent_03,2.560890,4.022250
4.5500,agent,agent_04,4.140308,5.211343
4.5500,agent,agent_05,5.078639,3.602183
4.5500,agent,agent_06,2.749304,3.313502
4.5500,agent,agent_07,3.399450,5.145205
4.5500,agent,agent_08,4.881603,4.295269
4.5500,agent,agent_09,2.997128,3.793793
4.5500,agent,agent_10,3.931319,4.544109
4.5500,agent,agent_11,2.860235,4.356641
4.5500,agent,agent_12,2.629196,3.608362
4.5500,agent,agent_13,5.079759,3.073644
4.5500,agent,agent_14,2.891330,4.827478
4.5500,agent,agent_15,3.202053,2.841254
4.5500,cargo,cargo_0,3.757520,3.806422
4.6000,agent,agent_00,4.047835,2.991583
4.6000,agent,agent_01,2.824827,3.042673
4.6000,agent,agent_02,4.394637,4.001884
4.6000,agent,agent_03,2.564328,4.022644
4.6000,agent,agent_04,4.134366,5.206853
4.6000,agent,agent_05,5.074348,3.602410
4.6000,agent,agent_06,2.754990,3.314886
4.6000,agent,agent_07,3.400221,5.146070
4.6000,agent,agent_08,4.879951,4.289558
4.6000,agent,agent_09,2.997195,3.794138
4.6000,agent,agent_10,3.929660,4.539383
4.6000,agent,agent_11,2.862993,4.357235
4.6000,agent,agent_12,2.630998,3.609087
4.6000,agent,agent_13,5.069675,3.070312
4.6000,agent,agent_14,2.886492,4.828458
4.6000,agent,agent_15,3.208245,2.846813
4.6000,cargo,cargo_0,3.757520,3.806422
4.6500,agent,agent_00,4.047978,2.992552
4.6500,agent,agent_01,2.828334,3.043450
4.6500,agent,agent_02,4.386791,4.000333
4.6500,agent,agent_03,2.567009,4.023782
4.6500,agent,agent_04,4.128221,5.202798
4.6500,agent,agent_05,5.071152,3.602527
4.6500,agent,agent_06,2.760547,3.316279
4.6500,agent,agent_07,3.400945,5.146903
4.6500,agent,agent_08,4.878254,4.283977
4.6500,agent,agent_09,2.997324,3.793519
4.6500,agent,agent_10,3.928001,4.534089
4.6500,agent,agent_11,2.865692,4.357793
4.6500,agent,agent_12,2.632798,3.609742
4.6500,agent,agent_13,5.072204,3.070589
4.6500,agent,agent_14,2.900641,4.838756
4.6500,agent,agent_15,3.214250,2.852096
4.6500,cargo,cargo_0,3.757520,3.806422
4.7000,agent,agent_00,4.048480,2.993364
4.7000,agent,agent_01,2.818102,3.041081
4.7000,agent,agent_02,4.379132,3.998990
4.7000,agent,agent_03,2.569714,4.025025
4.7000,agent,agent_04,4.122567,5.198448
4.7000,agent,agent_05,5.067189,3.602741
4.7000,agent,agent_06,2.765941,3.317663
4.7000,agent,agent_07,3.401474,5.147850
4.7000,agent,agent_08,4.876539,4.278546
4.7000,agent,agent_09,2.998261,3.793137
4.7000,agent,agent_10,3.926360,4.528564
4.7000,agent,agent_11,2.868315,4.358343
4.7000,agent,agent_12,2.634646,3.610364
4.7000,agent,agent_13,5.074390,3.070875
4.7000,agent,agent_14,2.899203,4.839446
4.7000,agent,agent_15,3.220375,2.857078
4.7000,cargo,cargo_0,3.757520,3.806422
4.7500,agent,agent_00,4.049076,2.994077
4.7500,agent,agent_01,2.821307,3.041130
4.7500,agent,agent_02,4.372033,3.997609
4.7500,agent,agent_03,2.572447,4.026213
4.7500,agent,agent_04,4.117027,5.194111
4.7500,agent,agent_05,5.063264,3.602865
4.7500,agent,agent_06,2.771171,3.319071
4.7500,agent,agent_07,3.402282,5.148763
4.7500,agent,agent_08,4.874813,4.273767
4.7500,agent,agent_09,2.997695,3.792599
4.7500,agent,agent_10,3.924620,4.523435
4.7500,agent,agent_11,2.870983,4.358889
4.7500,agent,agent_12,2.636439,3.611029
4.7500,agent,agent_13,5.076919,3.071627
4.7500,agent,agent_14,2.899205,4.840086
4.7500,agent,agent_15,3.226288,2.861801
4.7500,cargo,cargo_0,3.757520,3.806422
4.8000,agent,agent_00,4.050239,2.994685
4.8000,agent,agent_01,2.824557,3.041202
4.8000,agent,agent_02,4.365336,3.996294
4.8000,agent,agent_03,2.575108,4.027499
4.8000,agent,agent_04,4.111838,5.189360
4.8000,agent,agent_05,5.059355,3.602805
4.8000,agent,agent_06,2.776535,3.320456
4.8000,agent,agent_07,3.403003,5.149427
4.8000,agent,agent_08,4.872644,4.268836
4.8000,agent,agent_09,2.997561,3.792295
4.8000,agent,agent_10,3.924161,4.518394
4.8000,agent,agent_11,2.873571,4.359393
4.8000,agent,agent_12,2.638229,3.611695
4.8000,agent,agent_13,5.066642,3.069113
4.8000,agent,agent_14,2.898949,4.841125
4.8000,agent,agent_15,3.232218,2.866481
4.8000,cargo,cargo_0,3.757520,3.806422
4.8500,agent,agent_00,4.050201,2.995413
4.8500,agent,agent_01,2.827608,3.041339
4.8500,agent,agent_02,4.358748,3.995018
4.8500,agent,agent_03,2.577683,4.028644
4.8500,agent,agent_04,4.106852,5.184511
4.8500,agent,agent_05,5.060915,3.602622
4.8500,agent,agent_06,2.781738,3.321787
4.8500,agent,agent_07,3.403620,5.150015
4.8500,agent,agent_08,4.870554,4.263986
4.8500,agent,agent_09,2.997316,3.792824
4.8500,agent,agent_10,3.923564,4.513586
4.8500,agent,agent_11,2.876156,4.359956
4.8500,agent,agent_12,2.639901,3.612390
4.8500,agent,agent_13,5.072527,3.071335
4.8500,agent,agent_14,2.888592,4.843001
4.8500,agent,agent_15,3.237976,2.870935
4.8500,cargo,cargo_0,3.757520,3.806422
4.9000,agent,agent_00,4.050423,2.996073
4.9000,agent,agent_01,2.817758,3.037599
4.9000,agent,agent_02,4.352514,3.993679
4.9000,agent,agent_03,2.580210,4.029712
4.9000,agent,agent_04,4.101918,5.179635
4.9000,agent,agent_05,5.057232,3.602780
4.9000,agent,agent_06,2.786885,3.323125
4.9000,agent,agent_07,3.404385,5.150593
4.9000,agent,agent_08,4.868395,4.258665
4.9000,agent,agent_09,2.995471,3.793054
4.9000,agent,agent_10,3.922589,4.508945
4.9000,agent,agent_11,2.878631,4.360509
4.9000,agent,agent_12,2.641581,3.613116
4.9000,agent,agent_13,5.077563,3.073021
4.9000,agent,agent_14,2.878256,4.844979
4.9000,agent,agent_15,3.243609,2.875206
4.9000,cargo,cargo_0,3.757520,3.806422
4.9500,agent,agent_00,4.050357,2.995220
4.9500,agent,agent_01,2.819841,3.037520
4.9500,agent,agent_02,4.346202,3.992357
4.9500,agent,agent_03,2.582715,4.030863
4.9500,agent,agent_04,4.097080,5.175035
4.9500,agent,agent_05,5.065174,3.602666
4.9500,agent,agent_06,2.791930,3.324172
4.9500,agent,agent_07,3.405031,5.151127
4.9500,agent,agent_08,4.865950,4.253604
4.9500,agent,agent_09,2.993804,3.793649
4.9500,agent,agent_10,3.922661,4.504805
4.9500,agent,agent_11,2.880867,4.361133
4.9500,agent,agent_12,2.643245,3.613786
4.9500,agent,agent_13,5.067003,3.069584
4.9500,agent,agent_14,2.879076,4.845610
4.9500,agent,agent_15,3.249055,2.879537
4.9500,cargo,cargo_0,3.757520,3.806422
5.0000,agent,agent_00,4.049581,2.985437
5.0000,agent,agent_01,2.821961,3.037403
5.0000,agent,agent_02,4.339822,3.991027
5.0000,agent,agent_03,2.585222,4.031901
5.0000,agent,agent_04,4.092530,5.170583
5.0000,agent,agent_05,5.061354,3.602397
5.0000,agent,agent_06,2.796858,3.325168
5.0000,agent,agent_07,3.405432,5.151753
5.0000,agent,agent_08,4.863548,4.248680
5.0000,agent,agent_09,2.992701,3.794175
5.0000,agent,agent_10,3.923030,4.500142
5.0000,agent,agent_11,2.883355,4.361689
5.0000,agent,agent_12,2.644873,3.614446
5.0000,agent,agent_13,5.072810,3.070281
5.0000,agent,agent_14,2.879882,4.846357
5.0000,agent,agent_15,3.254093,2.883641
5.0000,cargo,cargo_0,3.757520,3.806422
5.0500,agent,agent_00,4.047839,2.995206
5.0500,agent,agent_01,2.823765,3.037608
5.0500,agent,agent_02,4.333388,3.989679
5.0500,agent,agent_03,2.587736,4.033231
5.0500,agent,agent_04,4.088059,5.166174
5.0500,agent,agent_05,5.070924,3.603186
5.0500,agent,agent_06,2.802001,3.325902
5.0500,agent,agent_07,3.406231,5.152045
5.0500,agent,agent_08,4.861167,4.243916
5.0500,agent,agent_09,2.992854,3.794319
5.0500,agent,agent_10,3.922654,4.495864
5.0500,agent,agent_11,2.885541,4.362337
5.0500,agent,agent_12,2.646527,3.614932
5.0500,agent,agent_13,5.077831,3.070943
5.0500,agent,agent_14,2.880566,4.847023
5.0500,agent,agent_15,3.259102,2.887604
5.0500,cargo,cargo_0,3.757520,3.806422
5.1000,agent,agent_00,4.047816,2.992863
5.1000,agent,agent_01,2.825577,3.037687
5.1000,agent,agent_02,4.327039,3.988418
5.1000,agent,agent_03,2.590272,4.034506
5.1000,agent,agent_04,4.083753,5.161508
5.1000,agent,agent_05,5.066969,3.603032
5.1000,agent,agent_06,2.807002,3.326652
5.1000,agent,agent_07,3.407091,5.152398
5.1000,agent,agent_08,4.858802,4.239223
5.1000,agent,agent_09,2.993675,3.794878
5.1000,agent,agent_10,3.922283,4.491840
5.1000,agent,agent_11,2.887780,4.362931
5.1000,agent,agent_12,2.648160,3.615452
5.1000,agent,agent_13,5.067793,3.068020
5.1000,agent,agent_14,2.881653,4.847560
5.1000,agent,agent_15,3.263964,2.891316
5.1000,cargo,cargo_0,3.757520,3.806422
5.1500,agent,agent_00,4.047854,2.993630
5.1500,agent,agent_01,2.827324,3.037677
5.1500,agent,agent_02,4.320921,3.987126
5.1500,agent,agent_03,2.592596,4.035811
5.1500,agent,agent_04,4.079197,5.157206
5.1500,agent,agent_05,5.063329,3.602957
5.1500,agent,agent_06,2.811573,3.327659
5.1500,agent,agent_07,3.407747,5.152838
5.1500,agent,agent_08,4.856475,4.234665
5.1500,agent,agent_09,2.983150,3.795241
5.1500,agent,agent_10,3.922279,4.487926
5.1500,agent,agent_11,2.889771,4.363506
5.1500,agent,agent_12,2.649606,3.615698
5.1500,agent,agent_13,5.072748,3.068417
5.1500,agent,agent_14,2.882689,4.848321
5.1500,agent,agent_15,3.268807,2.894836
5.1500,cargo,cargo_0,3.757520,3.806422
5.2000,agent,agent_00,4.048767,2.994239
5.2000,agent,agent_01,2.817141,3.035109
5.2000,agent,agent_02,4.314744,3.985783
5.2000,agent,agent_03,2.594888,4.036918
5.2000,agent,agent_04,4.074679,5.153151
5.2000,agent,agent_05,5.059894,3.602952
5.2000,agent,agent_06,2.816243,3.328425
5.2000,agent,agent_07,3.408374,5.153325
5.2000,agent,agent_08,4.854232,4.230232
5.2000,agent,agent_09,2.985581,3.796430
5.2000,agent,agent_10,3.922300,4.484324
5.2000,agent,agent_11,2.891923,4.364030
5.2000,agent,agent_12,2.650897,3.615876
5.2000,agent,agent_13,5.076551,3.068328
5.2000,agent,agent_14,2.884172,4.849622
5.2000,agent,agent_15,3.273626,2.898277
5.2000,cargo,cargo_0,3.757520,3.806422
5.2500,agent,agent_00,4.049016,2.994832
5.2500,agent,agent_01,2.834625,3.034360
5.2500,agent,agent_02,4.308663,3.984526
5.2500,agent,agent_03,2.597173,4.038193
5.2500,agent,agent_04,4.070033,5.149433
5.2500,agent,agent_05,5.070275,3.602986
5.2500,agent,agent_06,2.821120,3.329213
5.2500,agent,agent_07,3.408999,5.153832
5.2500,agent,agent_08,4.852054,4.225874
5.2500,agent,agent_09,2.986957,3.797611
5.2500,agent,agent_10,3.922059,4.480804
5.2500,agent,agent_11,2.893917,4.364579
5.2500,agent,agent_12,2.652196,3.615996
5.2500,agent,agent_13,5.079713,3.068193
5.2500,agent,agent_14,2.885515,4.851175
5.2500,agent,agent_15,3.277873,2.901471
5.2500,cargo,cargo_0,3.757520,3.806422
5.3000,agent,agent_00,4.049114,2.995449
5.3000,agent,agent_01,2.852109,3.033610
5.3000,agent,agent_02,4.302818,3.983397
5.3000,agent,agent_03,2.599428,4.039391
5.3000,agent,agent_04,4.065193,5.146184
5.3000,agent,agent_05,5.066549,3.602939
5.3000,agent,agent_06,2.826041,3.329976
5.3000,agent,agent_07,3.409808,5.154225
5.3000,agent,agent_08,4.849792,4.221537
5.3000,agent,agent_09,2.988255,3.798895
5.3000,agent,agent_10,3.922211,4.477457
5.3000,agent,agent_11,2.895856,4.364985
5.3000,agent,agent_12,2.653454,3.616287
5.3000,agent,agent_13,5.082322,3.067955
5.3000,agent,agent_14,2.875444,4.854565
5.3000,agent,agent_15,3.282366,2.904504
5.3000,cargo,cargo_0,3.757520,3.806422
5.3500,agent,agent_00,4.049923,2.996048
5.3500,agent,agent_01,2.843336,3.025799
5.3500,agent,agent_02,4.296921,3.982188
5.3500,agent,agent_03,2.601725,4.040652
5.3500,agent,agent_04,4.060486,5.142779
5.3500,agent,agent_05,5.062970,3.602902
5.3500,agent,agent_06,2.830396,3.330939
5.3500,agent,agent_07,3.410814,5.154621
5.3500,agent,agent_08,4.847570,4.217394
5.3500,agent,agent_09,2.989615,3.800074
5.3500,agent,agent_10,3.921474,4.474278
5.3500,agent,agent_11,2.897764,4.365450
5.3500,agent,agent_12,2.654763,3.616505
5.3500,agent,agent_13,5.071552,3.064339
5.3500,agent,agent_14,2.865317,4.857756
5.3500,agent,agent_15,3.286664,2.916501
5.3500,cargo,cargo_0,3.757520,3.806422
5.4000,agent,agent_00,4.050486,2.996586
5.4000,agent,agent_01,2.834748,3.017695
5.4000,agent,agent_02,4.291133,3.980902
5.4000,agent,agent_03,2.603927,4.042006
5.4000,agent,agent_04,4.055805,5.139662
5.4000,agent,agent_05,5.072142,3.601819
5.4000,agent,agent_06,2.834478,3.331798
5.4000,agent,agent_07,3.411471,5.155079
5.4000,agent,agent_08,4.845420,4.213303
5.4000,agent,agent_09,2.990540,3.800937
5.4000,agent,agent_10,3.921102,4.471280
5.4000,agent,agent_11,2.899548,4.365975
5.4000,agent,agent_12,2.656071,3.616674
5.4000,agent,agent_13,5.060670,3.060959
5.4000,agent,agent_14,2.855470,4.860815
5.4000,agent,agent_15,3.291159,2.925782
5.4000,cargo,cargo_0,3.757520,3.806422
5.4500,agent,agent_00,4.051146,2.997262
5.4500,agent,agent_01,2.828217,3.006573
5.4500,agent,agent_02,4.285581,3.979557
5.4500,agent,agent_03,2.606035,4.042884
5.4500,agent,agent_04,4.051258,5.136518
5.4500,agent,agent_05,5.068340,3.601757
5.4500,agent,agent_06,2.838404,3.332791
5.4500,agent,agent_07,3.412257,5.155543
5.4500,agent,agent_08,4.843193,4.209246
5.4500,agent,agent_09,2.991102,3.802300
5.4500,agent,agent_10,3.921227,4.468661
5.4500,agent,agent_11,2.901250,4.366621
5.4500,agent,agent_12,2.657234,3.617243
5.4500,agent,agent_13,5.049961,3.057357
5.4500,agent,agent_14,2.857390,4.861398
5.4500,agent,agent_15,3.295127,2.938220
5.4500,cargo,cargo_0,3.757520,3.806422
5.5000,agent,agent_00,4.052313,2.997802
5.5000,agent,agent_01,2.830326,3.006556
5.5000,agent,agent_02,4.279965,3.978345
5.5000,agent,agent_03,2.608206,4.043592
5.5000,agent,agent_04,4.046825,5.133493
5.5000,agent,agent_05,5.064709,3.601708
5.5000,agent,agent_06,2.841930,3.333951
5.5000,agent,agent_07,3.412905,5.156024
5.5000,agent,agent_08,4.840980,4.205257
5.5000,agent,agent_09,2.991600,3.803761
5.5000,agent,agent_10,3.921035,4.465894
5.5000,agent,agent_11,2.903030,4.367107
5.5000,agent,agent_12,2.658364,3.617827
5.5000,agent,agent_13,5.040029,3.054485
5.5000,agent,agent_14,2.859350,4.861979
5.5000,agent,agent_15,3.298952,2.947772
5.5000,cargo,cargo_0,3.757520,3.806422
5.5500,agent,agent_00,4.053332,2.992645
5.5500,agent,agent_01,2.832522,3.006227
5.5500,agent,agent_02,4.274378,3.977215
5.5500,agent,agent_03,2.610379,4.044476
5.5500,agent,agent_04,4.042433,5.130422
5.5500,agent,agent_05,5.061134,3.601632
5.5500,agent,agent_06,2.845370,3.335131
5.5500,agent,agent_07,3.413437,5.156514
5.5500,agent,agent_08,4.838816,4.201415
5.5500,agent,agent_09,2.991839,3.804379
5.5500,agent,agent_10,3.920725,4.463165
5.5500,agent,agent_11,2.904628,4.367566
5.5500,agent,agent_12,2.659473,3.618277
5.5500,agent,agent_13,5.029885,3.051708
5.5500,agent,agent_14,2.861320,4.862537
5.5500,agent,agent_15,3.301589,2.956005
5.5500,cargo,cargo_0,3.757520,3.806422
5.6000,agent,agent_00,4.054563,2.993309
5.6000,agent,agent_01,2.850020,3.005965
5.6000,agent,agent_02,4.268858,3.976115
5.6000,agent,agent_03,2.612509,4.045384
5.6000,agent,agent_04,4.038061,5.127530
5.6000,agent,agent_05,5.057776,3.601306
5.6000,agent,agent_06,2.848770,3.336284
5.6000,agent,agent_07,3.414119,5.156971
5.6000,agent,agent_08,4.836503,4.197958
5.6000,agent,agent_09,2.992443,3.805105
5.6000,agent,agent_10,3.929899,4.462536
5.6000,agent,agent_11,2.906250,4.368076
5.6000,agent,agent_12,2.660625,3.618735
5.6000,agent,agent_13,5.020445,3.049680
5.6000,agent,agent_14,2.863412,4.863023
5.6000,agent,agent_15,3.303542,2.965851
5.6000,cargo,cargo_0,3.757520,3.806422
5.6500,agent,agent_00,4.056177,2.990877
5.6500,agent,agent_01,2.867518,3.005704
5.6500,agent,agent_02,4.263474,3.975130
5.6500,agent,agent_03,2.614425,4.046307
5.6500,agent,agent_04,4.032918,5.124727
5.6500,agent,agent_05,5.054597,3.601009
5.6500,agent,agent_06,2.864980,3.329691
5.6500,agent,agent_07,3.414729,5.157240
5.6500,agent,agent_08,4.833920,4.194142
5.6500,agent,agent_09,2.990362,3.806003
5.6500,agent,agent_10,3.928881,4.460421
5.6500,agent,agent_11,2.907897,4.368603
5.6500,agent,agent_12,2.661650,3.619311
5.6500,agent,agent_13,5.011308,3.047888
5.6500,agent,agent_14,2.865339,4.863739
5.6500,agent,agent_15,3.306342,2.977123
5.6500,cargo,cargo_0,3.757520,3.806422
5.7000,agent,agent_00,4.058009,2.991407
5.7000,agent,agent_01,2.885016,3.005443
5.7000,agent,agent_02,4.258324,3.974247
5.7000,agent,agent_03,2.616461,4.047405
5.7000,agent,agent_04,4.028103,5.121722
5.7000,agent,agent_05,5.059606,3.599907
5.7000,agent,agent_06,2.881186,3.323666
5.7000,agent,agent_07,3.415222,5.157446
5.7000,agent,agent_08,4.831339,4.190614
5.7000,agent,agent_09,2.991100,3.806995
5.7000,agent,agent_10,3.930406,4.458546
5.7000,agent,agent_11,2.909470,4.369112
5.7000,agent,agent_12,2.662968,3.619070
5.7000,agent,agent_13,5.014955,3.045786
5.7000,agent,agent_14,2.867289,4.864452
5.7000,agent,agent_15,3.309014,2.981884
5.7000,cargo,cargo_0,3.757673,3.806558
5.7500,agent,agent_00,4.059932,2.991979
5.7500,agent,agent_01,2.876436,2.997444
5.7500,agent,agent_02,4.253398,3.973619
5.7500,agent,agent_03,2.618501,4.048361
5.7500,agent,agent_04,4.023101,5.118640
5.7500,agent,agent_05,5.056260,3.599277
5.7500,agent,agent_06,2.897376,3.318469
5.7500,agent,agent_07,3.415987,5.157640
5.7500,agent,agent_08,4.828503,4.186944
5.7500,agent,agent_09,2.991661,3.808048
5.7500,agent,agent_10,3.929235,4.455518
5.7500,agent,agent_11,2.911167,4.369686
5.7500,agent,agent_12,2.664177,3.618875
5.7500,agent,agent_13,5.007227,3.044389
5.7500,agent,agent_14,2.868870,4.864873
5.7500,agent,agent_15,3.314363,2.991194
5.7500,cargo,cargo_0,3.758634,3.807535
5.8000,agent,agent_00,4.061883,2.993304
5.8000,agent,agent_01,2.868613,2.988204
5.8000,agent,agent_02,4.248781,3.972615
5.8000,agent,agent_03,2.620545,4.049379
5.8000,agent,agent_04,4.019133,5.115299
5.8000,agent,agent_05,5.052862,3.598653
5.8000,agent,agent_06,2.897233,3.319764
5.8000,agent,agent_07,3.416542,5.157940
5.8000,agent,agent_08,4.825635,4.183420
5.8000,agent,agent_09,2.991507,3.809241
5.8000,agent,agent_10,3.927687,4.453120
5.8000,agent,agent_11,2.912901,4.370118
5.8000,agent,agent_12,2.665377,3.618651
5.8000,agent,agent_13,5.013579,3.041163
5.8000,agent,agent_14,2.858707,4.867815
5.8000,agent,agent_15,3.316869,2.993251
5.8000,cargo,cargo_0,3.759171,3.808263
5.8500,agent,agent_00,4.063490,2.993595
5.8500,agent,agent_01,2.860930,2.978822
5.8500,agent,agent_02,4.244277,3.971673
5.8500,agent,agent_03,2.622646,4.050379
5.8500,agent,agent_04,4.016090,5.111353
5.8500,agent,agent_05,5.049578,3.598136
5.8500,agent,agent_06,2.895908,3.321121
5.8500,agent,agent_07,3.416789,5.158377
5.8500,agent,agent_08,4.822753,4.180113
5.8500,agent,agent_09,2.991877,3.810504
5.8500,agent,agent_10,3.926327,4.450944
5.8500,agent,agent_11,2.914632,4.370543
5.8500,agent,agent_12,2.666558,3.618395
5.8500,agent,agent_13,5.005153,3.040027
5.8500,agent,agent_14,2.848383,4.869775
5.8500,agent,agent_15,3.319738,2.993406
5.8500,cargo,cargo_0,3.759404,3.808588
5.9000,agent,agent_00,4.064941,2.993600
5.9000,agent,agent_01,2.853404,2.969282
5.9000,agent,agent_02,4.239769,3.970771
5.9000,agent,agent_03,2.624622,4.051310
5.9000,agent,agent_04,4.012945,5.107573
5.9000,agent,agent_05,5.054512,3.597244
5.9000,agent,agent_06,2.898066,3.322360
5.9000,agent,agent_07,3.417157,5.158797
5.9000,agent,agent_08,4.820169,4.176871
5.9000,agent,agent_09,2.992340,3.811132
5.9000,agent,agent_10,3.926401,4.448899
5.9000,agent,agent_11,2.916317,4.371076
5.9000,agent,agent_12,2.667699,3.618276
5.9000,agent,agent_13,4.997360,3.039047
5.9000,agent,agent_14,2.850004,4.869708
5.9000,agent,agent_15,3.322575,2.993439
5.9000,cargo,cargo_0,3.759490,3.808702
5.9500,agent,agent_00,4.067345,2.993599
5.9500,agent,agent_01,2.846277,2.959053
5.9500,agent,agent_02,4.235720,3.969903
5.9500,agent,agent_03,2.626543,4.052114
5.9500,agent,agent_04,4.009801,5.103919
5.9500,agent,agent_05,5.051316,3.596534
5.9500,agent,agent_06,2.898415,3.323644
5.9500,agent,agent_07,3.417460,5.159134
5.9500,agent,agent_08,4.817681,4.173730
5.9500,agent,agent_09,2.992835,3.811912
5.9500,agent,agent_10,3.926159,4.446802
5.9500,agent,agent_11,2.917939,4.371535
5.9500,agent,agent_12,2.668809,3.618359
5.9500,agent,agent_13,4.990005,3.038196
5.9500,agent,agent_14,2.851452,4.869567
5.9500,agent,agent_15,3.325419,2.993526
5.9500,cargo,cargo_0,3.759655,3.808904
6.0000,agent,agent_00,4.069456,2.993565
6.0000,agent,agent_01,2.839226,2.948764
6.0000,agent,agent_02,4.231541,3.969008
6.0000,agent,agent_03,2.628485,4.052807
6.0000,agent,agent_04,4.006736,5.100306
6.0000,agent,agent_05,5.061410,3.595249
6.0000,agent,agent_06,2.896117,3.325072
6.0000,agent,agent_07,3.417504,5.159602
6.0000,agent,agent_08,4.815328,4.170610
6.0000,agent,agent_09,2.992908,3.812311
6.0000,agent,agent_10,3.926200,4.444831
6.0000,agent,agent_11,2.919656,4.371982
6.0000,agent,agent_12,2.669902,3.618291
6.0000,agent,agent_13,4.989568,3.025900
6.0000,agent,agent_14,2.853090,4.869584
6.0000,agent,agent_15,3.328242,2.993605
6.0000,cargo,cargo_0,3.759748,3.809019
6.0500,agent,agent_00,4.071604,2.993528
6.0500,agent,agent_01,2.833474,2.936996
6.0500,agent,agent_02,4.227416,3.968286
6.0500,agent,agent_03,2.630351,4.053667
6.0500,agent,agent_04,4.004413,5.096940
6.0500,agent,agent_05,5.062851,3.594358
6.0500,agent,agent_06,2.898327,3.325888
6.0500,agent,agent_07,3.417649,5.160067
6.0500,agent,agent_08,4.813089,4.167636
6.0500,agent,agent_09,2.992636,3.812944
6.0500,agent,agent_10,3.926231,4.442666
6.0500,agent,agent_11,2.921223,4.372553
6.0500,agent,agent_12,2.671014,3.618164
6.0500,agent,agent_13,4.987563,3.013834
6.0500,agent,agent_14,2.854861,4.869965
6.0500,agent,agent_15,3.331172,2.993698
6.0500,cargo,cargo_0,3.759794,3.809078
6.1000,agent,agent_00,4.073425,2.993621
6.1000,agent,agent_01,2.827151,2.925899
6.1000,agent,agent_02,4.223339,3.967565
6.1000,agent,agent_03,2.632208,4.054488
6.1000,agent,agent_04,4.002065,5.093727
6.1000,agent,agent_05,5.059698,3.593500
6.1000,agent,agent_06,2.893236,3.327413
6.1000,agent,agent_07,3.417749,5.160427
6.1000,agent,agent_08,4.810835,4.164770
6.1000,agent,agent_09,2.992678,3.813346
6.1000,agent,agent_10,3.926027,4.440675
6.1000,agent,agent_11,2.922693,4.373149
6.1000,agent,agent_12,2.672123,3.617985
6.1000,agent,agent_13,4.987662,3.002080
6.1000,agent,agent_14,2.856755,4.870599
6.1000,agent,agent_15,3.334245,2.993971
6.1000,cargo,cargo_0,3.759820,3.809111
6.1500,agent,agent_00,4.075325,2.993818
6.1500,agent,agent_01,2.820832,2.914841
6.1500,agent,agent_02,4.219314,3.966869
6.1500,agent,agent_03,2.634000,4.055363
6.1500,agent,agent_04,3.999771,5.090591
6.1500,agent,agent_05,5.068062,3.590884
6.1500,agent,agent_06,2.895263,3.327731
6.1500,agent,agent_07,3.417888,5.160728
6.1500,agent,agent_08,4.808491,4.161971
6.1500,agent,agent_09,2.993017,3.814509
6.1500,agent,agent_10,3.926184,4.438942
6.1500,agent,agent_11,2.924253,4.373676
6.1500,agent,agent_12,2.673194,3.617851
6.1500,agent,agent_13,4.987256,2.990231
6.1500,agent,agent_14,2.858555,4.871432
6.1500,agent,agent_15,3.337284,2.994211
6.1500,cargo,cargo_0,3.760035,3.809398
6.2000,agent,agent_00,4.077229,2.993976
6.2000,agent,agent_01,2.812976,2.905891
6.2000,agent,agent_02,4.215342,3.966189
6.2000,agent,agent_03,2.635840,4.056422
6.2000,agent,agent_04,3.997457,5.087465
6.2000,agent,agent_05,5.064508,3.589335
6.2000,agent,agent_06,2.897610,3.328448
6.2000,agent,agent_07,3.418250,5.161078
6.2000,agent,agent_08,4.806124,4.159164
6.2000,agent,agent_09,2.992720,3.814424
6.2000,agent,agent_10,3.926220,4.437362
6.2000,agent,agent_11,2.925685,4.374237
6.2000,agent,agent_12,2.674444,3.617673
6.2000,agent,agent_13,4.988862,2.975217
6.2000,agent,agent_14,2.860226,4.872296
6.2000,agent,agent_15,3.340272,2.994440
6.2000,cargo,cargo_0,3.760106,3.809489
6.2500,agent,agent_00,4.079161,2.994175
6.2500,agent,agent_01,2.805418,2.896519
6.2500,agent,agent_02,4.211434,3.965580
6.2500,agent,agent_03,2.637649,4.057356
6.2500,agent,agent_04,3.995049,5.084209
6.2500,agent,agent_05,5.061268,3.587246
6.2500,agent,agent_06,2.899701,3.328759
6.2500,agent,agent_07,3.418766,5.161273
6.2500,agent,agent_08,4.803417,4.156536
6.2500,agent,agent_09,2.982271,3.815652
6.2500,agent,agent_10,3.925773,4.435920
6.2500,agent,agent_11,2.927122,4.374941
6.2500,agent,agent_12,2.675505,3.617470
6.2500,agent,agent_13,4.990424,2.961108
6.2500,agent,agent_14,2.862043,4.873054
6.2500,agent,agent_15,3.343246,2.994539
6.2500,cargo,cargo_0,3.760106,3.809489
6.3000,agent,agent_00,4.081441,2.994576
6.3000,agent,agent_01,2.797607,2.887566
6.3000,agent,agent_02,4.207491,3.964950
6.3000,agent,agent_03,2.639337,4.058476
6.3000,agent,agent_04,3.992535,5.080987
6.3000,agent,agent_05,5.058152,3.585151
6.3000,agent,agent_06,2.901958,3.329026
6.3000,agent,agent_07,3.419217,5.161552
6.3000,agent,agent_08,4.800785,4.154121
6.3000,agent,agent_09,2.971874,3.817505
6.3000,agent,agent_10,3.925329,4.434313
6.3000,agent,agent_11,2.928527,4.375686
6.3000,agent,agent_12,2.676484,3.617429
6.3000,agent,agent_13,4.991853,2.947351
6.3000,agent,agent_14,2.863861,4.873677
6.3000,agent,agent_15,3.346196,2.994561
6.3000,cargo,cargo_0,3.760106,3.809489
6.3500,agent,agent_00,4.083544,2.994913
6.3500,agent,agent_01,2.795567,2.873136
6.3500,agent,agent_02,4.203734,3.964234
6.3500,agent,agent_03,2.641030,4.059692
6.3500,agent,agent_04,3.990446,5.078338
6.3500,agent,agent_05,5.054973,3.582781
6.3500,agent,agent_06,2.901506,3.329400
6.3500,agent,agent_07,3.419298,5.161880
6.3500,agent,agent_08,4.798235,4.151846
6.3500,agent,agent_09,2.966481,3.818553
6.3500,agent,agent_10,3.925634,4.433035
6.3500,agent,agent_11,2.929762,4.376449
6.3500,agent,agent_12,2.677461,3.617307
6.3500,agent,agent_13,4.992795,2.935770
6.3500,agent,agent_14,2.865734,4.874416
6.3500,agent,agent_15,3.349092,2.994661
6.3500,cargo,cargo_0,3.760106,3.809489
6.4000,agent,agent_00,4.085609,2.995298
6.4000,agent,agent_01,2.813038,2.874134
6.4000,agent,agent_02,4.199823,3.963417
6.4000,agent,agent_03,2.642690,4.060708
6.4000,agent,agent_04,3.988295,5.075761
6.4000,agent,agent_05,5.055403,3.580032
6.4000,agent,agent_06,2.903569,3.329462
6.4000,agent,agent_07,3.419443,5.162323
6.4000,agent,agent_08,4.795661,4.149463
6.4000,agent,agent_09,2.964317,3.819272
6.4000,agent,agent_10,3.925946,4.431617
6.4000,agent,agent_11,2.930994,4.377138
6.4000,agent,agent_12,2.678361,3.617265
6.4000,agent,agent_13,4.992998,2.925449
6.4000,agent,agent_14,2.866706,4.874192
6.4000,agent,agent_15,3.351505,2.995016
6.4000,cargo,cargo_0,3.760106,3.809489
6.4500,agent,agent_00,4.087644,2.995706
6.4500,agent,agent_01,2.830510,2.875131
6.4500,agent,agent_02,4.196216,3.962755
6.4500,agent,agent_03,2.644377,4.061719
6.4500,agent,agent_04,3.986233,5.073196
6.4500,agent,agent_05,5.052146,3.577490
6.4500,agent,agent_06,2.905554,3.329727
6.4500,agent,agent_07,3.419518,5.162767
6.4500,agent,agent_08,4.793269,4.147197
6.4500,agent,agent_09,2.966746,3.819811
6.4500,agent,agent_10,3.925967,4.430148
6.4500,agent,agent_11,2.932192,4.377747
6.4500,agent,agent_12,2.678851,3.616661
6.4500,agent,agent_13,4.992266,2.916636
6.4500,agent,agent_14,2.867852,4.874019
6.4500,agent,agent_15,3.354218,2.995318
6.4500,cargo,cargo_0,3.760106,3.809489
6.5000,agent,agent_00,4.089809,2.996149
6.5000,agent,agent_01,2.847981,2.876128
6.5000,agent,agent_02,4.193229,3.973541
6.5000,agent,agent_03,2.646050,4.062653
6.5000,agent,agent_04,3.984579,5.070475
6.5000,agent,agent_05,5.062315,3.575406
6.5000,agent,agent_06,2.906859,3.330016
6.5000,agent,agent_07,3.419565,5.163321
6.5000,agent,agent_08,4.790979,4.144931
6.5000,agent,agent_09,2.969755,3.820157
6.5000,agent,agent_10,3.926398,4.428853
6.5000,agent,agent_11,2.933417,4.378302
6.5000,agent,agent_12,2.679705,3.616615
6.5000,agent,agent_13,4.985764,2.919984
6.5000,agent,agent_14,2.869321,4.874812
6.5000,agent,agent_15,3.357044,2.995620
6.5000,cargo,cargo_0,3.760106,3.809489
6.5500,agent,agent_00,4.091720,2.996430
6.5500,agent,agent_01,2.865453,2.877125
6.5500,agent,agent_02,4.189914,3.972728
6.5500,agent,agent_03,2.647633,4.063459
6.5500,agent,agent_04,3.982911,5.067855
6.5500,agent,agent_05,5.058660,3.573047
6.5500,agent,agent_06,2.908063,3.330454
6.5500,agent,agent_07,3.419730,5.163572
6.5500,agent,agent_08,4.788710,4.142609
6.5500,agent,agent_09,2.972632,3.820611
6.5500,agent,agent_10,3.926128,4.427396
6.5500,agent,agent_11,2.934667,4.378931
6.5500,agent,agent_12,2.680492,3.616537
6.5500,agent,agent_13,4.985352,2.911764
6.5500,agent,agent_14,2.859154,4.877689
6.5500,agent,agent_15,3.359890,2.995888
6.5500,cargo,cargo_0,3.760106,3.809489
6.6000,agent,agent_00,4.094059,2.996729
6.6000,agent,agent_01,2.867112,2.879863
6.6000,agent,agent_02,4.186794,3.971799
6.6000,agent,agent_03,2.649160,4.064290
6.6000,agent,agent_04,3.981474,5.065476
6.6000,agent,agent_05,5.055237,3.570783
6.6000,agent,agent_06,2.909998,3.330712
6.6000,agent,agent_07,3.419825,5.163890
6.6000,agent,agent_08,4.786358,4.140350
6.6000,agent,agent_09,2.975418,3.821170
6.6000,agent,agent_10,3.925586,4.426181
6.6000,agent,agent_11,2.936044,4.379632
6.6000,agent,agent_12,2.681254,3.616401
6.6000,agent,agent_13,4.984680,2.904092
6.6000,agent,agent_14,2.854639,4.878799
6.6000,agent,agent_15,3.362638,2.996128
6.6000,cargo,cargo_0,3.760106,3.809489
6.6500,agent,agent_00,4.096855,2.997179
6.6500,agent,agent_01,2.859112,2.873048
6.6500,agent,agent_02,4.183685,3.970867
6.6500,agent,agent_03,2.650695,4.065105
6.6500,agent,agent_04,3.980007,5.063187
6.6500,agent,agent_05,5.055371,3.568584
6.6500,agent,agent_06,2.911843,3.330566
6.6500,agent,agent_07,3.419808,5.164119
6.6500,agent,agent_08,4.783997,4.138233
6.6500,agent,agent_09,2.976926,3.821978
6.6500,agent,agent_10,3.926381,4.425011
6.6500,agent,agent_11,2.937395,4.380283
6.6500,agent,agent_12,2.681991,3.616323
6.6500,agent,agent_13,4.983322,2.897345
6.6500,agent,agent_14,2.855783,4.878588
6.6500,agent,agent_15,3.365154,2.996302
6.6500,cargo,cargo_0,3.760137,3.809580
6.7000,agent,agent_00,4.099370,2.997598
6.7000,agent,agent_01,2.851329,2.865998
6.7000,agent,agent_02,4.180648,3.969963
6.7000,agent,agent_03,2.652163,4.066154
6.7000,agent,agent_04,3.978494,5.060900
6.7000,agent,agent_05,5.063166,3.566306
6.7000,agent,agent_06,2.907998,3.330965
6.7000,agent,agent_07,3.419978,5.164541
6.7000,agent,agent_08,4.781690,4.135988
6.7000,agent,agent_09,2.978281,3.822737
6.7000,agent,agent_10,3.926509,4.423965
6.7000,agent,agent_11,2.938664,4.381020
6.7000,agent,agent_12,2.682766,3.616422
6.7000,agent,agent_13,4.981363,2.892069
6.7000,agent,agent_14,2.856798,4.878351
6.7000,agent,agent_15,3.367715,2.996485
6.7000,cargo,cargo_0,3.760206,3.809777
6.7500,agent,agent_00,4.101584,2.997948
6.7500,agent,agent_01,2.853637,2.868683
6.7500,agent,agent_02,4.177614,3.969061
6.7500,agent,agent_03,2.653698,4.067024
6.7500,agent,agent_04,3.977145,5.058786
6.7500,agent,agent_05,5.059158,3.563387
6.7500,agent,agent_06,2.909902,3.330977
6.7500,agent,agent_07,3.420030,5.164903
6.7500,agent,agent_08,4.779401,4.133856
6.7500,agent,agent_09,2.979764,3.823170
6.7500,agent,agent_10,3.926386,4.423030
6.7500,agent,agent_11,2.940110,4.381670
6.7500,agent,agent_12,2.683531,3.616589
6.7500,agent,agent_13,4.979423,2.887111
6.7500,agent,agent_14,2.857698,4.879185
6.7500,agent,agent_15,3.370589,2.996686
6.7500,cargo,cargo_0,3.760292,3.810002
6.8000,agent,agent_00,4.103963,2.998583
6.8000,agent,agent_01,2.846754,2.860751
6.8000,agent,agent_02,4.174492,3.968160
6.8000,agent,agent_03,2.655213,4.067943
6.8000,agent,agent_04,3.975790,5.056627
6.8000,agent,agent_05,5.055470,3.560823
6.8000,agent,agent_06,2.906978,3.331200
6.8000,agent,agent_07,3.420005,5.165276
6.8000,agent,agent_08,4.776988,4.131699
6.8000,agent,agent_09,2.981528,3.823637
6.8000,agent,agent_10,3.930248,4.422919
6.8000,agent,agent_11,2.941533,4.382290
6.8000,agent,agent_12,2.684258,3.616883
6.8000,agent,agent_13,4.977114,2.882922
6.8000,agent,agent_14,2.858331,4.879977
6.8000,agent,agent_15,3.373293,2.996904
6.8000,cargo,cargo_0,3.760690,3.810781
6.8500,agent,agent_00,4.106329,2.998892
6.8500,agent,agent_01,2.840150,2.852577
6.8500,agent,agent_02,4.171172,3.967301
6.8500,agent,agent_03,2.656716,4.068968
6.8500,agent,agent_04,3.974654,5.054425
6.8500,agent,agent_05,5.051935,3.558399
6.8500,agent,agent_06,2.908980,3.331209
6.8500,agent,agent_07,3.420058,5.165671
6.8500,agent,agent_08,4.774709,4.129684
6.8500,agent,agent_09,2.983113,3.823987
6.8500,agent,agent_10,3.930206,4.422188
6.8500,agent,agent_11,2.942785,4.383046
6.8500,agent,agent_12,2.685104,3.617073
6.8500,agent,agent_13,4.974179,2.879925
6.8500,agent,agent_14,2.859112,4.880190
6.8500,agent,agent_15,3.375898,2.997110
6.8500,cargo,cargo_0,3.761001,3.811389
6.9000,agent,agent_00,4.108591,2.999452
6.9000,agent,agent_01,2.834290,2.843814
6.9000,agent,agent_02,4.167851,3.966488
6.9000,agent,agent_03,2.658103,4.070126
6.9000,agent,agent_04,3.973479,5.052349
6.9000,agent,agent_05,5.053379,3.555749
6.9000,agent,agent_06,2.910988,3.331292
6.9000,agent,agent_07,3.419915,5.166231
6.9000,agent,agent_08,4.772565,4.127796
6.9000,agent,agent_09,2.984089,3.824392
6.9000,agent,agent_10,3.929814,4.421276
6.9000,agent,agent_11,2.943971,4.383813
6.9000,agent,agent_12,2.685903,3.617289
6.9000,agent,agent_13,4.971520,2.876751
6.9000,agent,agent_14,2.859793,4.880518
6.9000,agent,agent_15,3.378318,2.997388
6.9000,cargo,cargo_0,3.761203,3.811797
6.9500,agent,agent_00,4.110566,2.999699
6.9500,agent,agent_01,2.837614,2.847093
6.9500,agent,agent_02,4.164640,3.965751
6.9500,agent,agent_03,2.659570,4.071249
6.9500,agent,agent_04,3.972451,5.050205
6.9500,agent,agent_05,5.049985,3.553413
6.9500,agent,agent_06,2.912972,3.331370
6.9500,agent,agent_07,3.419834,5.166938
6.9500,agent,agent_08,4.770374,4.125903
6.9500,agent,agent_09,2.985000,3.824663
6.9500,agent,agent_10,3.930473,4.420371
6.9500,agent,agent_11,2.945238,4.384512
6.9500,agent,agent_12,2.686751,3.617372
6.9500,agent,agent_13,4.965003,2.881336
6.9500,agent,agent_14,2.860442,4.880764
6.9500,agent,agent_15,3.381421,3.001712
6.9500,cargo,cargo_0,3.761686,3.812779
7.0000,agent,agent_00,4.112682,3.007720
7.0000,agent,agent_01,2.841093,2.850288
7.0000,agent,agent_02,4.162164,3.977295
7.0000,agent,agent_03,2.660983,4.072248
7.0000,agent,agent_04,3.971516,5.048068
7.0000,agent,agent_05,5.046774,3.551538
7.0000,agent,agent_06,2.914837,3.331351
7.0000,agent,agent_07,3.419363,5.167817
7.0000,agent,agent_08,4.768320,4.123928
7.0000,agent,agent_09,2.985034,3.825395
7.0000,agent,agent_10,3.930204,4.419471
7.0000,agent,agent_11,2.946501,4.385212
7.0000,agent,agent_12,2.687524,3.617515
7.0000,agent,agent_13,4.958612,2.885624
7.0000,agent,agent_14,2.861049,4.880929
7.0000,agent,agent_15,3.383918,3.001898
7.0000,cargo,cargo_0,3.762423,3.814776
7.0500,agent,agent_00,4.114608,3.013208
7.0500,agent,agent_01,2.844509,2.853496
7.0500,agent,agent_02,4.159236,3.976561
7.0500,agent,agent_03,2.662421,4.073249
7.0500,agent,agent_04,3.970700,5.045914
7.0500,agent,agent_05,5.043841,3.549673
7.0500,agent,agent_06,2.915530,3.331353
7.0500,agent,agent_07,3.418898,5.168734
7.0500,agent,agent_08,4.766570,4.122050
7.0500,agent,agent_09,2.985821,3.826006
7.0500,agent,agent_10,3.930274,4.418631
7.0500,agent,agent_11,2.947633,4.385972
7.0500,agent,agent_12,2.688300,3.617723
7.0500,agent,agent_13,4.952114,2.889549
7.0500,agent,agent_14,2.861585,4.881013
7.0500,agent,agent_15,3.386364,3.002210
7.0500,cargo,cargo_0,3.763228,3.817060
7.1000,agent,agent_00,4.116276,3.013082
7.1000,agent,agent_01,2.838729,2.844714
7.1000,agent,agent_02,4.156300,3.975842
7.1000,agent,agent_03,2.663786,4.074294
7.1000,agent,agent_04,3.969901,5.044250
7.1000,agent,agent_05,5.040911,3.547873
7.1000,agent,agent_06,2.916716,3.331106
7.1000,agent,agent_07,3.418476,5.169588
7.1000,agent,agent_08,4.764894,4.120278
7.1000,agent,agent_09,2.986718,3.826521
7.1000,agent,agent_10,3.930538,4.417732
7.1000,agent,agent_11,2.948678,4.386801
7.1000,agent,agent_12,2.688940,3.617851
7.1000,agent,agent_13,4.945582,2.893334
7.1000,agent,agent_14,2.862278,4.880708
7.1000,agent,agent_15,3.388561,3.003163
7.1000,cargo,cargo_0,3.763801,3.818632
7.1500,agent,agent_00,4.118116,3.013166
7.1500,agent,agent_01,2.841826,2.848144
7.1500,agent,agent_02,4.153395,3.975209
7.1500,agent,agent_03,2.665124,4.075306
7.1500,agent,agent_04,3.969065,5.042296
7.1500,agent,agent_05,5.038439,3.546410
7.1500,agent,agent_06,2.916817,3.331139
7.1500,agent,agent_07,3.418088,5.170609
7.1500,agent,agent_08,4.763571,4.118599
7.1500,agent,agent_09,2.986949,3.827493
7.1500,agent,agent_10,3.934507,4.417479
7.1500,agent,agent_11,2.949775,4.387601
7.1500,agent,agent_12,2.689603,3.618034
7.1500,agent,agent_13,4.939446,2.897190
7.1500,agent,agent_14,2.862923,4.880300
7.1500,agent,agent_15,3.390930,3.003408
7.1500,cargo,cargo_0,3.764491,3.820104
7.2000,agent,agent_00,4.119675,3.018736
7.2000,agent,agent_01,2.845115,2.851407
7.2000,agent,agent_02,4.150019,3.989229
7.2000,agent,agent_03,2.666493,4.076401
7.2000,agent,agent_04,3.968112,5.040306
7.2000,agent,agent_05,5.036000,3.544949
7.2000,agent,agent_06,2.916936,3.331194
7.2000,agent,agent_07,3.417611,5.171375
7.2000,agent,agent_08,4.762331,4.117120
7.2000,agent,agent_09,2.987545,3.827867
7.2000,agent,agent_10,3.933785,4.416573
7.2000,agent,agent_11,2.947720,4.388326
7.2000,agent,agent_12,2.690282,3.618296
7.2000,agent,agent_13,4.936607,2.892543
7.2000,agent,agent_14,2.863664,4.879939
7.2000,agent,agent_15,3.392912,3.012141
7.2000,cargo,cargo_0,3.765374,3.823082
7.2500,agent,agent_00,4.121351,3.018801
7.2500,agent,agent_01,2.839731,2.842359
7.2500,agent,agent_02,4.147447,4.001037
7.2500,agent,agent_03,2.667849,4.077449
7.2500,agent,agent_04,3.967041,5.038285
7.2500,agent,agent_05,5.033811,3.543533
7.2500,agent,agent_06,2.918600,3.331156
7.2500,agent,agent_07,3.417192,5.172318
7.2500,agent,agent_08,4.761107,4.115590
7.2500,agent,agent_09,2.988019,3.828350
7.2500,agent,agent_10,3.932828,4.416706
7.2500,agent,agent_11,2.939456,4.389475
7.2500,agent,agent_12,2.690817,3.618449
7.2500,agent,agent_13,4.930995,2.896394
7.2500,agent,agent_14,2.864351,4.879796
7.2500,agent,agent_15,3.395706,3.017664
7.2500,cargo,cargo_0,3.766320,3.826292
7.3000,agent,agent_00,4.123238,3.022949
7.3000,agent,agent_01,2.832890,2.834393
7.3000,agent,agent_02,4.144843,4.011218
7.3000,agent,agent_03,2.669245,4.078416
7.3000,agent,agent_04,3.976978,5.042670
7.3000,agent,agent_05,5.031976,3.541793
7.3000,agent,agent_06,2.919063,3.331011
7.3000,agent,agent_07,3.416717,5.173466
7.3000,agent,agent_08,4.759788,4.114351
7.3000,agent,agent_09,2.988589,3.828814
7.3000,agent,agent_10,3.932045,4.416517
7.3000,agent,agent_11,2.935161,4.390215
7.3000,agent,agent_12,2.691384,3.618604
7.3000,agent,agent_13,4.925703,2.900348
7.3000,agent,agent_14,2.865150,4.879203
7.3000,agent,agent_15,3.398175,3.020357
7.3000,cargo,cargo_0,3.767149,3.829438
7.3500,agent,agent_00,4.125056,3.027838
7.3500,agent,agent_01,2.826378,2.826141
7.3500,agent,agent_02,4.142893,4.009673
7.3500,agent,agent_03,2.670651,4.079213
7.3500,agent,agent_04,3.975816,5.040910
7.3500,agent,agent_05,5.030204,3.540614
7.3500,agent,agent_06,2.917503,3.330913
7.3500,agent,agent_07,3.416384,5.174618
7.3500,agent,agent_08,4.758309,4.113077
7.3500,agent,agent_09,2.989202,3.829328
7.3500,agent,agent_10,3.931584,4.416429
7.3500,agent,agent_11,2.924278,4.390270
7.3500,agent,agent_12,2.691949,3.618688
7.3500,agent,agent_13,4.920742,2.903872
7.3500,agent,agent_14,2.865807,4.879010
7.3500,agent,agent_15,3.400288,3.020408
7.3500,cargo,cargo_0,3.767826,3.832318
7.4000,agent,agent_00,4.126688,3.029472
7.4000,agent,agent_01,2.818926,2.818735
7.4000,agent,agent_02,4.141338,4.008294
7.4000,agent,agent_03,2.672133,4.079763
7.4000,agent,agent_04,3.974573,5.039361
7.4000,agent,agent_05,5.028455,3.539779
7.4000,agent,agent_06,2.909574,3.331742
7.4000,agent,agent_07,3.416124,5.175788
7.4000,agent,agent_08,4.756602,4.111967
7.4000,agent,agent_09,2.989467,3.829239
7.4000,agent,agent_10,3.931510,4.416218
7.4000,agent,agent_11,2.925589,4.390915
7.4000,agent,agent_12,2.692559,3.618740
7.4000,agent,agent_13,4.915791,2.907439
7.4000,agent,agent_14,2.866622,4.878652
7.4000,agent,agent_15,3.402442,3.027095
7.4000,cargo,cargo_0,3.768449,3.835367
7.4500,agent,agent_00,4.128403,3.030594
7.4500,agent,agent_01,2.811591,2.811215
7.4500,agent,agent_02,4.140231,4.007122
7.4500,agent,agent_03,2.673654,4.080114
7.4500,agent,agent_04,3.973356,5.037887
7.4500,agent,agent_05,5.026717,3.539104
7.4500,agent,agent_06,2.902448,3.332421
7.4500,agent,agent_07,3.415891,5.176966
7.4500,agent,agent_08,4.754649,4.110891
7.4500,agent,agent_09,2.990222,3.829679
7.4500,agent,agent_10,3.932483,4.416041
7.4500,agent,agent_11,2.926958,4.391656
7.4500,agent,agent_12,2.693171,3.618759
7.4500,agent,agent_13,4.911085,2.911097
7.4500,agent,agent_14,2.867549,4.878237
7.4500,agent,agent_15,3.404605,3.030406
7.4500,cargo,cargo_0,3.769111,3.838264
7.5000,agent,agent_00,4.130011,3.031726
7.5000,agent,agent_01,2.815321,2.815287
7.5000,agent,agent_02,4.138718,4.017693
7.5000,agent,agent_03,2.675206,4.080619
7.5000,agent,agent_04,3.972179,5.036578
7.5000,agent,agent_05,5.025380,3.538733
7.5000,agent,agent_06,2.898312,3.332537
7.5000,agent,agent_07,3.415503,5.178330
7.5000,agent,agent_08,4.752824,4.110186
7.5000,agent,agent_09,2.985579,3.830008
7.5000,agent,agent_10,3.933012,4.415835
7.5000,agent,agent_11,2.928208,4.392413
7.5000,agent,agent_12,2.693921,3.618843
7.5000,agent,agent_13,4.906526,2.914830
7.5000,agent,agent_14,2.868507,4.877651
7.5000,agent,agent_15,3.406400,3.031147
7.5000,cargo,cargo_0,3.769337,3.840352
7.5500,agent,agent_00,4.131209,3.031950
7.5500,agent,agent_01,2.819194,2.819269
7.5500,agent,agent_02,4.137947,4.016565
7.5500,agent,agent_03,2.676725,4.081230
7.5500,agent,agent_04,3.979668,5.042543
7.5500,agent,agent_05,5.024060,3.538291
7.5500,agent,agent_06,2.897742,3.332335
7.5500,agent,agent_07,3.414820,5.179679
7.5500,agent,agent_08,4.750734,4.109466
7.5500,agent,agent_09,2.987175,3.830566
7.5500,agent,agent_10,3.934364,4.415506
7.5500,agent,agent_11,2.929603,4.393039
7.5500,agent,agent_12,2.694356,3.619306
7.5500,agent,agent_13,4.902500,2.918683
7.5500,agent,agent_14,2.869301,4.877040
7.5500,agent,agent_15,3.408228,3.028591
7.5500,cargo,cargo_0,3.769530,3.841322
7.6000,agent,agent_00,4.132371,3.032189
7.6000,agent,agent_01,2.822844,2.823353
7.6000,agent,agent_02,4.137006,4.015312
7.6000,agent,agent_03,2.678252,4.081771
7.6000,agent,agent_04,3.978404,5.040994
7.6000,agent,agent_05,5.022991,3.537536
7.6000,agent,agent_06,2.900024,3.331991
7.6000,agent,agent_07,3.414090,5.181080
7.6000,agent,agent_08,4.748787,4.108955
7.6000,agent,agent_09,2.988480,3.830738
7.6000,agent,agent_10,3.934632,4.415394
7.6000,agent,agent_11,2.931091,4.393787
7.6000,agent,agent_12,2.694789,3.619801
7.6000,agent,agent_13,4.901751,2.913076
7.6000,agent,agent_14,2.870331,4.876537
7.6000,agent,agent_15,3.409582,3.031466
7.6000,cargo,cargo_0,3.769726,3.842391
7.6500,agent,agent_00,4.133651,3.032514
7.6500,agent,agent_01,2.826710,2.827196
7.6500,agent,agent_02,4.136064,4.014127
7.6500,agent,agent_03,2.679788,4.082270
7.6500,agent,agent_04,3.977278,5.039469
7.6500,agent,agent_05,5.021715,3.536685
7.6500,agent,agent_06,2.900740,3.331805
7.6500,agent,agent_07,3.413488,5.182349
7.6500,agent,agent_08,4.746821,4.108517
7.6500,agent,agent_09,2.989825,3.831394
7.6500,agent,agent_10,3.935783,4.415268
7.6500,agent,agent_11,2.932601,4.394424
7.6500,agent,agent_12,2.695557,3.619902
7.6500,agent,agent_13,4.901368,2.906462
7.6500,agent,agent_14,2.871223,4.876122
7.6500,agent,agent_15,3.411008,3.036444
7.6500,cargo,cargo_0,3.770117,3.844215
7.7000,agent,agent_00,4.134596,3.034395
7.7000,agent,agent_01,2.830550,2.830958
7.7000,agent,agent_02,4.135118,4.012964
7.7000,agent,agent_03,2.681245,4.082806
7.7000,agent,agent_04,3.985227,5.044690
7.7000,agent,agent_05,5.020519,3.535762
7.7000,agent,agent_06,2.902793,3.331836
7.7000,agent,agent_07,3.412901,5.183811
7.7000,agent,agent_08,4.744835,4.108090
7.7000,agent,agent_09,2.990849,3.831910
7.7000,agent,agent_10,3.935890,4.414945
7.7000,agent,agent_11,2.933989,4.395113
7.7000,agent,agent_12,2.696252,3.619961
7.7000,agent,agent_13,4.897309,2.909729
7.7000,agent,agent_14,2.872176,4.875591
7.7000,agent,agent_15,3.412449,3.038745
7.7000,cargo,cargo_0,3.770505,3.846138
7.7500,agent,agent_00,4.135739,3.035397
7.7500,agent,agent_01,2.834380,2.834714
7.7500,agent,agent_02,4.134166,4.011856
7.7500,agent,agent_03,2.682685,4.083373
7.7500,agent,agent_04,3.983613,5.043813
7.7500,agent,agent_05,5.019186,3.535423
7.7500,agent,agent_06,2.904985,3.331677
7.7500,agent,agent_07,3.412638,5.185197
7.7500,agent,agent_08,4.743452,4.107716
7.7500,agent,agent_09,2.991116,3.832270
7.7500,agent,agent_10,3.936141,4.414580
7.7500,agent,agent_11,2.922542,4.395505
7.7500,agent,agent_12,2.696984,3.620114
7.7500,agent,agent_13,4.898629,2.902138
7.7500,agent,agent_14,2.873014,4.875272
7.7500,agent,agent_15,3.413997,3.042460
7.7500,cargo,cargo_0,3.770903,3.848109
7.8000,agent,agent_00,4.136644,3.039469
7.8000,agent,agent_01,2.838421,2.838375
7.8000,agent,agent_02,4.133319,4.010803
7.8000,agent,agent_03,2.683996,4.083957
7.8000,agent,agent_04,3.990300,5.050878
7.8000,agent,agent_05,5.018050,3.534911
7.8000,agent,agent_06,2.894548,3.330508
7.8000,agent,agent_07,3.412521,5.186749
7.8000,agent,agent_08,4.741960,4.107359
7.8000,agent,agent_09,2.992061,3.832625
7.8000,agent,agent_10,3.936831,4.414322
7.8000,agent,agent_11,2.924107,4.396160
7.8000,agent,agent_12,2.697713,3.620276
7.8000,agent,agent_13,4.897579,2.898435
7.8000,agent,agent_14,2.874343,4.874759
7.8000,agent,agent_15,3.415599,3.042627
7.8000,cargo,cargo_0,3.771343,3.850154
7.8500,agent,agent_00,4.138051,3.040945
7.8500,agent,agent_01,2.832862,2.829388
7.8500,agent,agent_02,4.132412,4.009777
7.8500,agent,agent_03,2.685321,4.084535
7.8500,agent,agent_04,3.987713,5.050336
7.8500,agent,agent_05,5.017141,3.534353
7.8500,agent,agent_06,2.896912,3.330291
7.8500,agent,agent_07,3.412789,5.188057
7.8500,agent,agent_08,4.740938,4.107096
7.8500,agent,agent_09,2.992369,3.832897
7.8500,agent,agent_10,3.937728,4.414604
7.8500,agent,agent_11,2.925607,4.396881
7.8500,agent,agent_12,2.698123,3.620855
7.8500,agent,agent_13,4.898306,2.888664
7.8500,agent,agent_14,2.875571,4.874537
7.8500,agent,agent_15,3.417192,3.042797
7.8500,cargo,cargo_0,3.771785,3.851953
7.9000,agent,agent_00,4.139289,3.044332
7.9000,agent,agent_01,2.825216,2.822181
7.9000,agent,agent_02,4.131241,4.008767
7.9000,agent,agent_03,2.686645,4.084998
7.9000,agent,agent_04,3.985447,5.049656
7.9000,agent,agent_05,5.015994,3.533364
7.9000,agent,agent_06,2.899094,3.330220
7.9000,agent,agent_07,3.413056,5.189456
7.9000,agent,agent_08,4.739786,4.106788
7.9000,agent,agent_09,2.992640,3.833165
7.9000,agent,agent_10,3.937689,4.414812
7.9000,agent,agent_11,2.927223,4.397561
7.9000,agent,agent_12,2.698827,3.621061
7.9000,agent,agent_13,4.894788,2.893462
7.9000,agent,agent_14,2.876843,4.874239
7.9000,agent,agent_15,3.418667,3.042931
7.9000,cargo,cargo_0,3.772102,3.853581
7.9500,agent,agent_00,4.140986,3.044676
7.9500,agent,agent_01,2.829442,2.825807
7.9500,agent,agent_02,4.129849,4.007759
7.9500,agent,agent_03,2.688027,4.085518
7.9500,agent,agent_04,3.991056,5.062873
7.9500,agent,agent_05,5.015111,3.532751
7.9500,agent,agent_06,2.901173,3.330279
7.9500,agent,agent_07,3.413424,5.190932
7.9500,agent,agent_08,4.739263,4.106399
7.9500,agent,agent_09,2.992776,3.833582
7.9500,agent,agent_10,3.937108,4.414939
7.9500,agent,agent_11,2.928886,4.398135
7.9500,agent,agent_12,2.699552,3.621210
7.9500,agent,agent_13,4.890630,2.897967
7.9500,agent,agent_14,2.877714,4.874831
7.9500,agent,agent_15,3.420176,3.043148
7.9500,cargo,cargo_0,3.772299,3.854639
8.0000,agent,agent_00,4.142819,3.044976
8.0000,agent,agent_01,2.833868,2.829344
8.0000,agent,agent_02,4.128028,4.019008
8.0000,agent,agent_03,2.689368,4.086045
8.0000,agent,agent_04,3.988699,5.062195
8.0000,agent,agent_05,5.014266,3.532181
8.0000,agent,agent_06,2.903331,3.330225
8.0000,agent,agent_07,3.413621,5.192269
8.0000,agent,agent_08,4.739023,4.106008
8.0000,agent,agent_09,2.993244,3.833810
8.0000,agent,agent_10,3.937274,4.415211
8.0000,agent,agent_11,2.930535,4.398695
8.0000,agent,agent_12,2.700210,3.621390
8.0000,agent,agent_13,4.888726,2.892724
8.0000,agent,agent_14,2.876395,4.875718
8.0000,agent,agent_15,3.421492,3.043389
8.0000,cargo,cargo_0,3.772418,3.855273
8.0500,agent,agent_00,4.144006,3.045329
8.0500,agent,agent_01,2.837934,2.833080
8.0500,agent,agent_02,4.126487,4.017765
8.0500,agent,agent_03,2.690687,4.086454
8.0500,agent,agent_04,3.986432,5.061676
8.0500,agent,agent_05,5.013625,3.531677
8.0500,agent,agent_06,2.899710,3.329735
8.0500,agent,agent_07,3.413889,5.193763
8.0500,agent,agent_08,4.738465,4.105574
8.0500,agent,agent_09,2.993215,3.834544
8.0500,agent,agent_10,3.937740,4.415567
8.0500,agent,agent_11,2.932128,4.399276
8.0500,agent,agent_12,2.700821,3.621559
8.0500,agent,agent_13,4.884368,2.897224
8.0500,agent,agent_14,2.877400,4.876241
8.0500,agent,agent_15,3.423127,3.043799
8.0500,cargo,cargo_0,3.772514,3.855870
8.1000,agent,agent_00,4.144746,3.045703
8.1000,agent,agent_01,2.842285,2.836583
8.1000,agent,agent_02,4.125028,4.016526
8.1000,agent,agent_03,2.691995,4.086913
8.1000,agent,agent_04,3.984078,5.061739
8.1000,agent,agent_05,5.012731,3.530852
8.1000,agent,agent_06,2.901874,3.329927
8.1000,agent,agent_07,3.414113,5.195251
8.1000,agent,agent_08,4.737857,4.105143
8.1000,agent,agent_09,2.993649,3.835134
8.1000,agent,agent_10,3.938187,4.415966
8.1000,agent,agent_11,2.933626,4.399835
8.1000,agent,agent_12,2.701483,3.621710
8.1000,agent,agent_13,4.879770,2.901401
8.1000,agent,agent_14,2.878107,4.876874
8.1000,agent,agent_15,3.424719,3.044197
8.1000,cargo,cargo_0,3.772574,3.856311
8.1500,agent,agent_00,4.145614,3.046053
8.1500,agent,agent_01,2.846576,2.840007
8.1500,agent,agent_02,4.123488,4.015353
8.1500,agent,agent_03,2.693266,4.087471
8.1500,agent,agent_04,3.981913,5.061640
8.1500,agent,agent_05,5.011887,3.530045
8.1500,agent,agent_06,2.917869,3.324566
8.1500,agent,agent_07,3.414283,5.196726
8.1500,agent,agent_08,4.737146,4.104722
8.1500,agent,agent_09,2.994121,3.835514
8.1500,agent,agent_10,3.939110,4.416111
8.1500,agent,agent_11,2.934979,4.400437
8.1500,agent,agent_12,2.702121,3.621760
8.1500,agent,agent_13,4.875664,2.905614
8.1500,agent,agent_14,2.878779,4.877393
8.1500,agent,agent_15,3.426275,3.045983
8.1500,cargo,cargo_0,3.772650,3.856808
8.2000,agent,agent_00,4.146172,3.046347
8.2000,agent,agent_01,2.851031,2.843357
8.2000,agent,agent_02,4.122423,4.014306
8.2000,agent,agent_03,2.694512,4.088103
8.2000,agent,agent_04,3.987084,5.072939
8.2000,agent,agent_05,5.020741,3.531824
8.2000,agent,agent_06,2.920089,3.324824
8.2000,agent,agent_07,3.414285,5.198268
8.2000,agent,agent_08,4.736105,4.104165
8.2000,agent,agent_09,2.994767,3.835927
8.2000,agent,agent_10,3.939419,4.416471
8.2000,agent,agent_11,2.936357,4.401046
8.2000,agent,agent_12,2.702749,3.621680
8.2000,agent,agent_13,4.871995,2.909757
8.2000,agent,agent_14,2.879397,4.877959
8.2000,agent,agent_15,3.428500,3.046012
8.2000,cargo,cargo_0,3.772910,3.857725
8.2500,agent,agent_00,4.146770,3.046666
8.2500,agent,agent_01,2.855469,2.846662
8.2500,agent,agent_02,4.121304,4.013344
8.2500,agent,agent_03,2.695696,4.088731
8.2500,agent,agent_04,3.984758,5.072693
8.2500,agent,agent_05,5.025494,3.532457
8.2500,agent,agent_06,2.921571,3.325060
8.2500,agent,agent_07,3.414305,5.199688
8.2500,agent,agent_08,4.734656,4.103829
8.2500,agent,agent_09,2.995048,3.836190
8.2500,agent,agent_10,3.940135,4.416974
8.2500,agent,agent_11,2.937648,4.401642
8.2500,agent,agent_12,2.703328,3.621686
8.2500,agent,agent_13,4.868292,2.914022
8.2500,agent,agent_14,2.880011,4.877602
8.2500,agent,agent_15,3.430630,3.046067
8.2500,cargo,cargo_0,3.773180,3.858625
8.3000,agent,agent_00,4.147566,3.048950
8.3000,agent,agent_01,2.859918,2.849878
8.3000,agent,agent_02,4.120173,4.012336
8.3000,agent,agent_03,2.696813,4.089237
8.3000,agent,agent_04,3.982492,5.072476
8.3000,agent,agent_05,5.024296,3.531829
8.3000,agent,agent_06,2.918817,3.325038
8.3000,agent,agent_07,3.414324,5.201072
8.3000,agent,agent_08,4.733627,4.103150
8.3000,agent,agent_09,2.995070,3.836849
8.3000,agent,agent_10,3.940223,4.417570
8.3000,agent,agent_11,2.937320,4.402334
8.3000,agent,agent_12,2.703892,3.621802
8.3000,agent,agent_13,4.864730,2.918417
8.3000,agent,agent_14,2.880592,4.877472
8.3000,agent,agent_15,3.432688,3.046119
8.3000,cargo,cargo_0,3.773494,3.859759
8.3500,agent,agent_00,4.148131,3.049222
8.3500,agent,agent_01,2.864347,2.853092
8.3500,agent,agent_02,4.119310,4.011467
8.3500,agent,agent_03,2.697923,4.089820
8.3500,agent,agent_04,3.980310,5.072304
8.3500,agent,agent_05,5.023296,3.531588
8.3500,agent,agent_06,2.919504,3.325332
8.3500,agent,agent_07,3.414314,5.202409
8.3500,agent,agent_08,4.732441,4.102325
8.3500,agent,agent_09,2.995178,3.837322
8.3500,agent,agent_10,3.943891,4.418780
8.3500,agent,agent_11,2.938578,4.402934
8.3500,agent,agent_12,2.704576,3.621976
8.3500,agent,agent_13,4.865229,2.907618
8.3500,agent,agent_14,2.881154,4.878038
8.3500,agent,agent_15,3.434770,3.046392
8.3500,cargo,cargo_0,3.773920,3.860929
8.4000,agent,agent_00,4.149892,3.049614
8.4000,agent,agent_01,2.868881,2.856152
8.4000,agent,agent_02,4.117875,4.022262
8.4000,agent,agent_03,2.699059,4.090298
8.4000,agent,agent_04,3.978162,5.072157
8.4000,agent,agent_05,5.022411,3.531156
8.4000,agent,agent_06,2.920871,3.325615
8.4000,agent,agent_07,3.414411,5.203729
8.4000,agent,agent_08,4.731749,4.101730
8.4000,agent,agent_09,2.995193,3.837959
8.4000,agent,agent_10,3.951675,4.420935
8.4000,agent,agent_11,2.934863,4.403760
8.4000,agent,agent_12,2.705180,3.622196
8.4000,agent,agent_13,4.865129,2.896769
8.4000,agent,agent_14,2.881657,4.878505
8.4000,agent,agent_15,3.436286,3.046636
8.4000,cargo,cargo_0,3.774806,3.862553
8.4500,agent,agent_00,4.150806,3.050117
8.4500,agent,agent_01,2.873276,2.859270
8.4500,agent,agent_02,4.116908,4.021122
8.4500,agent,agent_03,2.700235,4.090822
8.4500,agent,agent_04,3.976233,5.071895
8.4500,agent,agent_05,5.021683,3.530527
8.4500,agent,agent_06,2.922866,3.325735
8.4500,agent,agent_07,3.414141,5.205145
8.4500,agent,agent_08,4.730829,4.101140
8.4500,agent,agent_09,2.995054,3.838165
8.4500,agent,agent_10,3.954238,4.422219
8.4500,agent,agent_11,2.936082,4.404472
8.4500,agent,agent_12,2.705725,3.622253
8.4500,agent,agent_13,4.865590,2.886049
8.4500,agent,agent_14,2.882216,4.878927
8.4500,agent,agent_15,3.437882,3.050847
8.4500,cargo,cargo_0,3.775621,3.864235
8.5000,agent,agent_00,4.152298,3.052161
8.5000,agent,agent_01,2.876459,2.862936
8.5000,agent,agent_02,4.115506,4.020081
8.5000,agent,agent_03,2.701425,4.091278
8.5000,agent,agent_04,3.974233,5.071643
8.5000,agent,agent_05,5.021108,3.530001
8.5000,agent,agent_06,2.921779,3.325787
8.5000,agent,agent_07,3.414051,5.206412
8.5000,agent,agent_08,4.730224,4.100616
8.5000,agent,agent_09,2.994901,3.838587
8.5000,agent,agent_10,3.953385,4.422999
8.5000,agent,agent_11,2.933448,4.405143
8.5000,agent,agent_12,2.706388,3.622238
8.5000,agent,agent_13,4.862189,2.890828
8.5000,agent,agent_14,2.882888,4.878724
8.5000,agent,agent_15,3.439332,3.051100
8.5000,cargo,cargo_0,3.776175,3.865475
8.5500,agent,agent_00,4.153395,3.052799
8.5500,agent,agent_01,2.880046,2.866457
8.5500,agent,agent_02,4.114266,4.019083
8.5500,agent,agent_03,2.702586,4.091761
8.5500,agent,agent_04,3.979565,5.081588
8.5500,agent,agent_05,5.020302,3.529614
8.5500,agent,agent_06,2.923196,3.325941
8.5500,agent,agent_07,3.414005,5.207640
8.5500,agent,agent_08,4.729424,4.099935
8.5500,agent,agent_09,2.994788,3.839116
8.5500,agent,agent_10,3.952523,4.423774
8.5500,agent,agent_11,2.927576,4.406098
8.5500,agent,agent_12,2.706998,3.622282
8.5500,agent,agent_13,4.858738,2.895455
8.5500,agent,agent_14,2.883579,4.878628
8.5500,agent,agent_15,3.440685,3.051399
8.5500,cargo,cargo_0,3.776426,3.866139
8.6000,agent,agent_00,4.154560,3.053408
8.6000,agent,agent_01,2.883604,2.869920
8.6000,agent,agent_02,4.112993,4.018107
8.6000,agent,agent_03,2.703715,4.091835
8.6000,agent,agent_04,3.977400,5.081443
8.6000,agent,agent_05,5.019680,3.529084
8.6000,agent,agent_06,2.922627,3.326305
8.6000,agent,agent_07,3.414080,5.208636
8.6000,agent,agent_08,4.728692,4.099332
8.6000,agent,agent_09,2.994674,3.839647
8.6000,agent,agent_10,3.951855,4.424611
8.6000,agent,agent_11,2.921897,4.407367
8.6000,agent,agent_12,2.707620,3.622364
8.6000,agent,agent_13,4.855700,2.900324
8.6000,agent,agent_14,2.884457,4.878456
8.6000,agent,agent_15,3.443337,3.056217
8.6000,cargo,cargo_0,3.776844,3.867310
8.6500,agent,agent_00,4.155427,3.048913
8.6500,agent,agent_01,2.887208,2.873288
8.6500,agent,agent_02,4.111759,4.017185
8.6500,agent,agent_03,2.704894,4.091789
8.6500,agent,agent_04,3.975389,5.081082
8.6500,agent,agent_05,5.019276,3.528880
8.6500,agent,agent_06,2.924702,3.326682
8.6500,agent,agent_07,3.414021,5.209867
8.6500,agent,agent_08,4.727839,4.099032
8.6500,agent,agent_09,2.994577,3.840222
8.6500,agent,agent_10,3.951218,4.425441
8.6500,agent,agent_11,2.917804,4.408648
8.6500,agent,agent_12,2.708238,3.622447
8.6500,agent,agent_13,4.853091,2.905233
8.6500,agent,agent_14,2.885331,4.878186
8.6500,agent,agent_15,3.444835,3.056520
8.6500,cargo,cargo_0,3.776886,3.867440
8.7000,agent,agent_00,4.156125,3.049287
8.7000,agent,agent_01,2.890293,2.876910
8.7000,agent,agent_02,4.109748,4.028941
8.7000,agent,agent_03,2.706050,4.091776
8.7000,agent,agent_04,3.973487,5.080711
8.7000,agent,agent_05,5.018673,3.528307
8.7000,agent,agent_06,2.916097,3.327901
8.7000,agent,agent_07,3.413603,5.211157
8.7000,agent,agent_08,4.726769,4.098584
8.7000,agent,agent_09,2.979619,3.842319
8.7000,agent,agent_10,3.950512,4.426238
8.7000,agent,agent_11,2.919586,4.409571
8.7000,agent,agent_12,2.708713,3.622518
8.7000,agent,agent_13,4.850435,2.910042
8.7000,agent,agent_14,2.900382,4.887113
8.7000,agent,agent_15,3.446500,3.056916
8.7000,cargo,cargo_0,3.776841,3.867675
8.7500,agent,agent_00,4.156830,3.050093
8.7500,agent,agent_01,2.892689,2.880610
8.7500,agent,agent_02,4.108397,4.027792
8.7500,agent,agent_03,2.707197,4.091799
8.7500,agent,agent_04,3.971768,5.080457
8.7500,agent,agent_05,5.018258,3.528171
8.7500,agent,agent_06,2.912409,3.328453
8.7500,agent,agent_07,3.413419,5.212601
8.7500,agent,agent_08,4.725807,4.098228
8.7500,agent,agent_09,2.982761,3.843163
8.7500,agent,agent_10,3.949805,4.427047
8.7500,agent,agent_11,2.921066,4.410686
8.7500,agent,agent_12,2.708903,3.622200
8.7500,agent,agent_13,4.847465,2.914567
8.7500,agent,agent_14,2.915434,4.896041
8.7500,agent,agent_15,3.448555,3.057431
8.7500,cargo,cargo_0,3.776846,3.867785
8.8000,agent,agent_00,4.157547,3.050861
8.8000,agent,agent_01,2.885014,2.873381
8.8000,agent,agent_02,4.107209,4.026717
8.8000,agent,agent_03,2.708309,4.091579
8.8000,agent,agent_04,3.969965,5.080322
8.8000,agent,agent_05,5.017828,3.527799
8.8000,agent,agent_06,2.914419,3.328397
8.8000,agent,agent_07,3.413271,5.213860
8.8000,agent,agent_08,4.724668,4.097792
8.8000,agent,agent_09,2.985484,3.843974
8.8000,agent,agent_10,3.949080,4.427810
8.8000,agent,agent_11,2.922494,4.411784
8.8000,agent,agent_12,2.709033,3.621976
8.8000,agent,agent_13,4.845220,2.918022
8.8000,agent,agent_14,2.915087,4.895371
8.8000,agent,agent_15,3.450814,3.057816
8.8000,cargo,cargo_0,3.776855,3.867893
8.8500,agent,agent_00,4.158153,3.051551
8.8500,agent,agent_01,2.887982,2.876859
8.8500,agent,agent_02,4.106016,4.025625
8.8500,agent,agent_03,2.709407,4.091475
8.8500,agent,agent_04,3.968287,5.080141
8.8500,agent,agent_05,5.017564,3.527696
8.8500,agent,agent_06,2.915506,3.328522
8.8500,agent,agent_07,3.413129,5.215111
8.8500,agent,agent_08,4.723756,4.097428
8.8500,agent,agent_09,2.987564,3.844794
8.8500,agent,agent_10,3.948455,4.428585
8.8500,agent,agent_11,2.924058,4.412673
8.8500,agent,agent_12,2.709250,3.621699
8.8500,agent,agent_13,4.842163,2.921807
8.8500,agent,agent_14,2.914787,4.894544
8.8500,agent,agent_15,3.452815,3.058186
8.8500,cargo,cargo_0,3.776876,3.868151
8.9000,agent,agent_00,4.158389,3.052220
8.9000,agent,agent_01,2.891308,2.880230
8.9000,agent,agent_02,4.104929,4.024611
8.9000,agent,agent_03,2.710444,4.091330
8.9000,agent,agent_04,3.966576,5.079971
8.9000,agent,agent_05,5.017218,3.527604
8.9000,agent,agent_06,2.917086,3.328595
8.9000,agent,agent_07,3.412764,5.216227
8.9000,agent,agent_08,4.722844,4.097134
8.9000,agent,agent_09,2.983975,3.845954
8.9000,agent,agent_10,3.948334,4.429413
8.9000,agent,agent_11,2.925559,4.413693
8.9000,agent,agent_12,2.709793,3.621925
8.9000,agent,agent_13,4.839841,2.925801
8.9000,agent,agent_14,2.914359,4.893867
8.9000,agent,agent_15,3.454659,3.058579
8.9000,cargo,cargo_0,3.776847,3.868574
8.9500,agent,agent_00,4.159139,3.052826
8.9500,agent,agent_01,2.894289,2.883756
8.9500,agent,agent_02,4.103830,4.023556
8.9500,agent,agent_03,2.710904,4.091449
8.9500,agent,agent_04,3.972063,5.089850
8.9500,agent,agent_05,5.016840,3.527461
8.9500,agent,agent_06,2.918799,3.328723
8.9500,agent,agent_07,3.412572,5.217382
8.9500,agent,agent_08,4.721881,4.096773
8.9500,agent,agent_09,2.986674,3.846648
8.9500,agent,agent_10,3.947705,4.430201
8.9500,agent,agent_11,2.926954,4.414722
8.9500,agent,agent_12,2.710043,3.621596
8.9500,agent,agent_13,4.837131,2.929595
8.9500,agent,agent_14,2.911584,4.893401
8.9500,agent,agent_15,3.456643,3.058888
8.9500,cargo,cargo_0,3.776861,3.868880
9.0000,agent,agent_00,4.159677,3.053397
9.0000,agent,agent_01,2.897482,2.887199
9.0000,agent,agent_02,4.102248,4.034365
9.0000,agent,agent_03,2.711404,4.091471
9.0000,agent,agent_04,3.970178,5.089378
9.0000,agent,agent_05,5.016650,3.527462
9.0000,agent,agent_06,2.921267,3.328918
9.0000,agent,agent_07,3.412372,5.218431
9.0000,agent,agent_08,4.720993,4.096528
9.0000,agent,agent_09,2.987964,3.846920
9.0000,agent,agent_10,3.947098,4.431085
9.0000,agent,agent_11,2.928396,4.415673
9.0000,agent,agent_12,2.710669,3.621699
9.0000,agent,agent_13,4.835079,2.933331
9.0000,agent,agent_14,2.911303,4.892750
9.0000,agent,agent_15,3.458472,3.059146
9.0000,cargo,cargo_0,3.776868,3.869138
9.0500,agent,agent_00,4.160535,3.042928
9.0500,agent,agent_01,2.899330,2.890488
9.0500,agent,agent_02,4.101172,4.033169
9.0500,agent,agent_03,2.711890,4.091518
9.0500,agent,agent_04,3.968461,5.088913
9.0500,agent,agent_05,5.016614,3.527497
9.0500,agent,agent_06,2.923731,3.329372
9.0500,agent,agent_07,3.412105,5.219588
9.0500,agent,agent_08,4.719927,4.096281
9.0500,agent,agent_09,2.989698,3.847361
9.0500,agent,agent_10,3.947228,4.432039
9.0500,agent,agent_11,2.927810,4.416549
9.0500,agent,agent_12,2.711307,3.621860
9.0500,agent,agent_13,4.832883,2.937040
9.0500,agent,agent_14,2.911047,4.892127
9.0500,agent,agent_15,3.459952,3.055321
9.0500,cargo,cargo_0,3.776868,3.869138
9.1000,agent,agent_00,4.162755,3.036492
9.1000,agent,agent_01,2.901044,2.893648
9.1000,agent,agent_02,4.100123,4.032023
9.1000,agent,agent_03,2.712320,4.091538
9.1000,agent,agent_04,3.966787,5.088360
9.1000,agent,agent_05,5.016597,3.527775
9.1000,agent,agent_06,2.926005,3.329755
9.1000,agent,agent_07,3.411727,5.220709
9.1000,agent,agent_08,4.718656,4.095999
9.1000,agent,agent_09,2.991072,3.847765
9.1000,agent,agent_10,3.948265,4.433197
9.1000,agent,agent_11,2.929161,4.417501
9.1000,agent,agent_12,2.711868,3.622052
9.1000,agent,agent_13,4.831141,2.940716
9.1000,agent,agent_14,2.910751,4.891544
9.1000,agent,agent_15,3.461974,3.053837
9.1000,cargo,cargo_0,3.776868,3.869138
9.1500,agent,agent_00,4.164167,3.032773
9.1500,agent,agent_01,2.902927,2.896650
9.1500,agent,agent_02,4.099033,4.030896
9.1500,agent,agent_03,2.712759,4.091491
9.1500,agent,agent_04,3.965119,5.087806
9.1500,agent,agent_05,5.016647,3.528297
9.1500,agent,agent_06,2.928398,3.330059
9.1500,agent,agent_07,3.411385,5.221687
9.1500,agent,agent_08,4.717281,4.096134
9.1500,agent,agent_09,2.992075,3.848491
9.1500,agent,agent_10,3.947665,4.434105
9.1500,agent,agent_11,2.930618,4.418483
9.1500,agent,agent_12,2.712435,3.622348
9.1500,agent,agent_13,4.829924,2.941916
9.1500,agent,agent_14,2.910634,4.890808
9.1500,agent,agent_15,3.464012,3.054273
9.1500,cargo,cargo_0,3.776868,3.869138
9.2000,agent,agent_00,4.165384,3.032379
9.2000,agent,agent_01,2.904571,2.899058
9.2000,agent,agent_02,4.097979,4.029754
9.2000,agent,agent_03,2.713181,4.091480
9.2000,agent,agent_04,3.963502,5.087509
9.2000,agent,agent_05,5.016667,3.528255
9.2000,agent,agent_06,2.929412,3.330491
9.2000,agent,agent_07,3.410855,5.222678
9.2000,agent,agent_08,4.715913,4.096175
9.2000,agent,agent_09,2.993338,3.849271
9.2000,agent,agent_10,3.947527,4.435050
9.2000,agent,agent_11,2.932014,4.419531
9.2000,agent,agent_12,2.712948,3.622555
9.2000,agent,agent_13,4.828908,2.940439
9.2000,agent,agent_14,2.907021,4.890535
9.2000,agent,agent_15,3.466018,3.054866
9.2000,cargo,cargo_0,3.776868,3.869138
9.2500,agent,agent_00,4.166563,3.029606
9.2500,agent,agent_01,2.906053,2.901518
9.2500,agent,agent_02,4.097015,4.028630
9.2500,agent,agent_03,2.713609,4.091463
9.2500,agent,agent_04,3.969562,5.095432
9.2500,agent,agent_05,5.016620,3.527991
9.2500,agent,agent_06,2.930823,3.330920
9.2500,agent,agent_07,3.410298,5.223578
9.2500,agent,agent_08,4.714603,4.096047
9.2500,agent,agent_09,2.994501,3.849951
9.2500,agent,agent_10,3.946886,4.435968
9.2500,agent,agent_11,2.930885,4.420534
9.2500,agent,agent_12,2.713463,3.622635
9.2500,agent,agent_13,4.828075,2.938956
9.2500,agent,agent_14,2.901436,4.890393
9.2500,agent,agent_15,3.467987,3.050685
9.2500,cargo,cargo_0,3.776868,3.869138
9.3000,agent,agent_00,4.167420,3.028238
9.3000,agent,agent_01,2.907571,2.903957
9.3000,agent,agent_02,4.096081,4.027566
9.3000,agent,agent_03,2.714040,4.091459
9.3000,agent,agent_04,3.967802,5.094822
9.3000,agent,agent_05,5.016549,3.527667
9.3000,agent,agent_06,2.929959,3.331381
9.3000,agent,agent_07,3.409839,5.224383
9.3000,agent,agent_08,4.713383,4.096065
9.3000,agent,agent_09,2.994880,3.850692
9.3000,agent,agent_10,3.946524,4.436896
9.3000,agent,agent_11,2.927293,4.421619
9.3000,agent,agent_12,2.713841,3.622619
9.3000,agent,agent_13,4.828014,2.930034
9.3000,agent,agent_14,2.901648,4.889954
9.3000,agent,agent_15,3.469992,3.050414
9.3000,cargo,cargo_0,3.776868,3.869138
9.3500,agent,agent_00,4.168642,3.029452
9.3500,agent,agent_01,2.898059,2.899344
9.3500,agent,agent_02,4.095408,4.038118
9.3500,agent,agent_03,2.714527,4.091607
9.3500,agent,agent_04,3.966158,5.094249
9.3500,agent,agent_05,5.016427,3.526985
9.3500,agent,agent_06,2.931855,3.331839
9.3500,agent,agent_07,3.409434,5.225262
9.3500,agent,agent_08,4.712164,4.095992
9.3500,agent,agent_09,2.995171,3.851242
9.3500,agent,agent_10,3.946077,4.437848
9.3500,agent,agent_11,2.920804,4.423046
9.3500,agent,agent_12,2.714315,3.622493
9.3500,agent,agent_13,4.825850,2.933742
9.3500,agent,agent_14,2.901906,4.889571
9.3500,agent,agent_15,3.471268,3.039840
9.3500,cargo,cargo_0,3.776868,3.869138
9.4000,agent,agent_00,4.169634,3.030073
9.4000,agent,agent_01,2.899992,2.901624
9.4000,agent,agent_02,4.094500,4.036892
9.4000,agent,agent_03,2.714981,4.091669
9.4000,agent,agent_04,3.964533,5.093711
9.4000,agent,agent_05,5.016292,3.526497
9.4000,agent,agent_06,2.934176,3.332244
9.4000,agent,agent_07,3.408988,5.225968
9.4000,agent,agent_08,4.711054,4.095973
9.4000,agent,agent_09,2.995226,3.852049
9.4000,agent,agent_10,3.945985,4.438769
9.4000,agent,agent_11,2.917035,4.424194
9.4000,agent,agent_12,2.714726,3.622446
9.4000,agent,agent_13,4.824131,2.937491
9.4000,agent,agent_14,2.894204,4.889784
9.4000,agent,agent_15,3.473262,3.029316
9.4000,cargo,cargo_0,3.776868,3.869138
9.4500,agent,agent_00,4.170588,3.029712
9.4500,agent,agent_01,2.896100,2.891856
9.4500,agent,agent_02,4.093587,4.035727
9.4500,agent,agent_03,2.715389,4.091783
9.4500,agent,agent_04,3.962904,5.093252
9.4500,agent,agent_05,5.016055,3.525579
9.4500,agent,agent_06,2.936516,3.332524
9.4500,agent,agent_07,3.408423,5.226778
9.4500,agent,agent_08,4.709967,4.095969
9.4500,agent,agent_09,2.995399,3.852612
9.4500,agent,agent_10,3.946394,4.439475
9.4500,agent,agent_11,2.912268,4.425575
9.4500,agent,agent_12,2.715133,3.622378
9.4500,agent,agent_13,4.822621,2.940997
9.4500,agent,agent_14,2.885023,4.889935
9.4500,agent,agent_15,3.474854,3.044450
9.4500,cargo,cargo_0,3.776868,3.869138
9.5000,agent,agent_00,4.170871,3.030018
9.5000,agent,agent_01,2.898884,2.894546
9.5000,agent,agent_02,4.092584,4.034521
9.5000,agent,agent_03,2.715758,4.091807
9.5000,agent,agent_04,3.961257,5.092994
9.5000,agent,agent_05,5.016029,3.525140
9.5000,agent,agent_06,2.936260,3.332760
9.5000,agent,agent_07,3.408109,5.227402
9.5000,agent,agent_08,4.708918,4.095847
9.5000,agent,agent_09,2.995688,3.853530
9.5000,agent,agent_10,3.946570,4.440505
9.5000,agent,agent_11,2.912126,4.426473
9.5000,agent,agent_12,2.715520,3.622476
9.5000,agent,agent_13,4.821002,2.944608
9.5000,agent,agent_14,2.899471,4.899810
9.5000,agent,agent_15,3.476545,3.047796
9.5000,cargo,cargo_0,3.776868,3.869138
9.5500,agent,agent_00,4.170368,3.041185
9.5500,agent,agent_01,2.895711,2.884449
9.5500,agent,agent_02,4.091648,4.033343
9.5500,agent,agent_03,2.716114,4.091885
9.5500,agent,agent_04,3.959482,5.092808
9.5500,agent,agent_05,5.016063,3.524845
9.5500,agent,agent_06,2.934476,3.333408
9.5500,agent,agent_07,3.407747,5.228094
9.5500,agent,agent_08,4.707902,4.095756
9.5500,agent,agent_09,2.995747,3.854503
9.5500,agent,agent_10,3.946149,4.441475
9.5500,agent,agent_11,2.912187,4.427400
9.5500,agent,agent_12,2.715935,3.622516
9.5500,agent,agent_13,4.819469,2.947975
9.5500,agent,agent_14,2.913918,4.909686
9.5500,agent,agent_15,3.478267,3.050425
9.5500,cargo,cargo_0,3.776868,3.869138
9.6000,agent,agent_00,4.170009,3.045774
9.6000,agent,agent_01,2.891485,2.874753
9.6000,agent,agent_02,4.090640,4.032168
9.6000,agent,agent_03,2.716481,4.092055
9.6000,agent,agent_04,3.965088,5.101560
9.6000,agent,agent_05,5.016006,3.524580
9.6000,agent,agent_06,2.931081,3.334037
9.6000,agent,agent_07,3.407866,5.228793
9.6000,agent,agent_08,4.706833,4.095737
9.6000,agent,agent_09,2.996025,3.855816
9.6000,agent,agent_10,3.945560,4.442411
9.6000,agent,agent_11,2.912533,4.428328
9.6000,agent,agent_12,2.716411,3.622503
9.6000,agent,agent_13,4.819067,2.940976
9.6000,agent,agent_14,2.913852,4.909204
9.6000,agent,agent_15,3.480155,3.050956
9.6000,cargo,cargo_0,3.776868,3.869138
9.6500,agent,agent_00,4.169944,3.046678
9.6500,agent,agent_01,2.884318,2.867078
9.6500,agent,agent_02,4.089577,4.031206
9.6500,agent,agent_03,2.716840,4.092194
9.6500,agent,agent_04,3.963303,5.101067
9.6500,agent,agent_05,5.015974,3.524650
9.6500,agent,agent_06,2.931344,3.334313
9.6500,agent,agent_07,3.408271,5.229429
9.6500,agent,agent_08,4.705916,4.095604
9.6500,agent,agent_09,2.996639,3.856839
9.6500,agent,agent_10,3.945807,4.443294
9.6500,agent,agent_11,2.910174,4.429453
9.6500,agent,agent_12,2.716848,3.622565
9.6500,agent,agent_13,4.817876,2.937972
9.6500,agent,agent_14,2.907791,4.909049
9.6500,agent,agent_15,3.482000,3.051398
9.6500,cargo,cargo_0,3.776868,3.869138
9.7000,agent,agent_00,4.169762,3.047516
9.7000,agent,agent_01,2.875142,2.861923
9.7000,agent,agent_02,4.088553,4.030235
9.7000,agent,agent_03,2.717166,4.092261
9.7000,agent,agent_04,3.961325,5.100568
9.7000,agent,agent_05,5.015943,3.524565
9.7000,agent,agent_06,2.928815,3.334613
9.7000,agent,agent_07,3.408867,5.230087
9.7000,agent,agent_08,4.704916,4.095830
9.7000,agent,agent_09,2.996871,3.857775
9.7000,agent,agent_10,3.945494,4.444216
9.7000,agent,agent_11,2.908995,4.430434
9.7000,agent,agent_12,2.717227,3.622574
9.7000,agent,agent_13,4.817492,2.929378
9.7000,agent,agent_14,2.901640,4.908966
9.7000,agent,agent_15,3.483654,3.048456
9.7000,cargo,cargo_0,3.776868,3.869138
9.7500,agent,agent_00,4.169705,3.048273
9.7500,agent,agent_01,2.878748,2.865394
9.7500,agent,agent_02,4.087449,4.029327
9.7500,agent,agent_03,2.717486,4.092275
9.7500,agent,agent_04,3.959491,5.100093
9.7500,agent,agent_05,5.015994,3.524187
9.7500,agent,agent_06,2.926088,3.335011
9.7500,agent,agent_07,3.409294,5.230605
9.7500,agent,agent_08,4.704106,4.095982
9.7500,agent,agent_09,2.989427,3.859650
9.7500,agent,agent_10,3.945389,4.445107
9.7500,agent,agent_11,2.908364,4.431398
9.7500,agent,agent_12,2.717622,3.622722
9.7500,agent,agent_13,4.816551,2.927198
9.7500,agent,agent_14,2.897670,4.908513
9.7500,agent,agent_15,3.483974,3.054039
9.7500,cargo,cargo_0,3.776868,3.869138
9.8000,agent,agent_00,4.169644,3.048961
9.8000,agent,agent_01,2.870709,2.858635
9.8000,agent,agent_02,4.086343,4.028509
9.8000,agent,agent_03,2.717947,4.092157
9.8000,agent,agent_04,3.957657,5.099532
9.8000,agent,agent_05,5.015985,3.523883
9.8000,agent,agent_06,2.919038,3.336122
9.8000,agent,agent_07,3.409333,5.231198
9.8000,agent,agent_08,4.703419,4.096026
9.8000,agent,agent_09,2.990669,3.860319
9.8000,agent,agent_10,3.945094,4.446007
9.8000,agent,agent_11,2.905934,4.432519
9.8000,agent,agent_12,2.718114,3.622843
9.8000,agent,agent_13,4.814792,2.930862
9.8000,agent,agent_14,2.912287,4.918137
9.8000,agent,agent_15,3.485466,3.051121
9.8000,cargo,cargo_0,3.776868,3.869138
9.8500,agent,agent_00,4.169527,3.049622
9.8500,agent,agent_01,2.875125,2.862328
9.8500,agent,agent_02,4.085211,4.027690
9.8500,agent,agent_03,2.718331,4.092046
9.8500,agent,agent_04,3.955719,5.099001
9.8500,agent,agent_05,5.015925,3.523824
9.8500,agent,agent_06,2.921311,3.336258
9.8500,agent,agent_07,3.409743,5.231746
9.8500,agent,agent_08,4.702809,4.095990
9.8500,agent,agent_09,2.992027,3.861017
9.8500,agent,agent_10,3.944826,4.446922
9.8500,agent,agent_11,2.905919,4.433523
9.8500,agent,agent_12,2.718145,3.623380
9.8500,agent,agent_13,4.813846,2.929690
9.8500,agent,agent_14,2.912294,4.917537
9.8500,agent,agent_15,3.486928,3.051416
9.8500,cargo,cargo_0,3.776868,3.869138
9.9000,agent,agent_00,4.169566,3.052464
9.9000,agent,agent_01,2.879151,2.866007
9.9000,agent,agent_02,4.084157,4.026902
9.9000,agent,agent_03,2.718732,4.091970
9.9000,agent,agent_04,3.953851,5.098546
9.9000,agent,agent_05,5.015989,3.523582
9.9000,agent,agent_06,2.923600,3.336423
9.9000,agent,agent_07,3.410358,5.232317
9.9000,agent,agent_08,4.702121,4.095883
9.9000,agent,agent_09,2.992828,3.861327
9.9000,agent,agent_10,3.944770,4.447800
9.9000,agent,agent_11,2.906552,4.434442
9.9000,agent,agent_12,2.718257,3.623841
9.9000,agent,agent_13,4.812374,2.933160
9.9000,agent,agent_14,2.912377,4.916873
9.9000,agent,agent_15,3.488112,3.061716
9.9000,cargo,cargo_0,3.776878,3.870001
9.9500,agent,agent_00,4.169297,3.053138
9.9500,agent,agent_01,2.872871,2.857549
9.9500,agent,agent_02,4.083144,4.026157
9.9500,agent,agent_03,2.719179,4.091827
9.9500,agent,agent_04,3.959908,5.106946
9.9500,agent,agent_05,5.015957,3.523384
9.9500,agent,agent_06,2.925626,3.336749
9.9500,agent,agent_07,3.410890,5.232886
9.9500,agent,agent_08,4.701765,4.095724
9.9500,agent,agent_09,2.993671,3.861944
9.9500,agent,agent_10,3.944648,4.448669
9.9500,agent,agent_11,2.902152,4.435738
9.9500,agent,agent_12,2.718730,3.623964
9.9500,agent,agent_13,4.810930,2.936687
9.9500,agent,agent_14,2.912380,4.916248
9.9500,agent,agent_15,3.489321,3.051183
9.9500,cargo,cargo_0,3.776878,3.870001
10.0000,agent,agent_00,4.169091,3.053822
10.0000,agent,agent_01,2.877279,2.861252
10.0000,agent,agent_02,4.082135,4.025390
10.0000,agent,agent_03,2.719598,4.091668
10.0000,agent,agent_04,3.957953,5.106299
10.0000,agent,agent_05,5.015900,3.523184
10.0000,agent,agent_06,2.927748,3.336838
10.0000,agent,agent_07,3.410949,5.233417
10.0000,agent,agent_08,4.701414,4.095562
10.0000,agent,agent_09,2.994710,3.863055
10.0000,agent,agent_10,3.944965,4.449621
10.0000,agent,agent_11,2.901591,4.436537
10.0000,agent,agent_12,2.719197,3.624100
10.0000,agent,agent_13,4.809696,2.940120
10.0000,agent,agent_14,2.912154,4.915808
10.0000,agent,agent_15,3.490805,3.051590
10.0000,cargo,cargo_0,3.776878,3.870001
10.0500,agent,agent_00,4.168807,3.054495
10.0500,agent,agent_01,2.881516,2.864943
10.0500,agent,agent_02,4.080828,4.036051
10.0500,agent,agent_03,2.719991,4.091441
10.0500,agent,agent_04,3.955849,5.105766
10.0500,agent,agent_05,5.015819,3.523028
10.0500,agent,agent_06,2.928645,3.336925
10.0500,agent,agent_07,3.411138,5.233871
10.0500,agent,agent_08,4.701090,4.095388
10.0500,agent,agent_09,2.995243,3.864141
10.0500,agent,agent_10,3.944966,4.450531
10.0500,agent,agent_11,2.902325,4.437276
10.0500,agent,agent_12,2.719636,3.624259
10.0500,agent,agent_13,4.810615,2.929645
10.0500,agent,agent_14,2.909974,4.915366
10.0500,agent,agent_15,3.492164,3.051918
10.0500,cargo,cargo_0,3.776878,3.870001
10.1000,agent,agent_00,4.168602,3.055071
10.1000,agent,agent_01,2.885512,2.868663
10.1000,agent,agent_02,4.079855,4.035096
10.1000,agent,agent_03,2.720419,4.091199
10.1000,agent,agent_04,3.953823,5.105106
10.1000,agent,agent_05,5.015885,3.523083
10.1000,agent,agent_06,2.925140,3.337309
10.1000,agent,agent_07,3.411323,5.234287
10.1000,agent,agent_08,4.700851,4.095243
10.1000,agent,agent_09,2.995628,3.864955
10.1000,agent,agent_10,3.951734,4.452746
10.1000,agent,agent_11,2.904219,4.437962
10.1000,agent,agent_12,2.720136,3.624393
10.1000,agent,agent_13,4.809406,2.933342
10.1000,agent,agent_14,2.909801,4.915005
10.1000,agent,agent_15,3.493642,3.052273
10.1000,cargo,cargo_0,3.776915,3.870132
10.1500,agent,agent_00,4.168429,3.055635
10.1500,agent,agent_01,2.888935,2.872124
10.1500,agent,agent_02,4.078749,4.033895
10.1500,agent,agent_03,2.720826,4.091053
10.1500,agent,agent_04,3.951920,5.104651
10.1500,agent,agent_05,5.019157,3.523784
10.1500,agent,agent_06,2.916152,3.338385
10.1500,agent,agent_07,3.411371,5.234651
10.1500,agent,agent_08,4.700637,4.095137
10.1500,agent,agent_09,2.996200,3.865538
10.1500,agent,agent_10,3.951232,4.453852
10.1500,agent,agent_11,2.905917,4.438727
10.1500,agent,agent_12,2.720607,3.624452
10.1500,agent,agent_13,4.808017,2.936844
10.1500,agent,agent_14,2.909607,4.914590
10.1500,agent,agent_15,3.495306,3.052674
10.1500,cargo,cargo_0,3.776928,3.870170
10.2000,agent,agent_00,4.168307,3.056194
10.2000,agent,agent_01,2.892549,2.875484
10.2000,agent,agent_02,4.077661,4.032737
10.2000,agent,agent_03,2.721149,4.090996
10.2000,agent,agent_04,3.949910,5.104049
10.2000,agent,agent_05,5.019289,3.523832
10.2000,agent,agent_06,2.912988,3.338669
10.2000,agent,agent_07,3.411606,5.234998
10.2000,agent,agent_08,4.700123,4.095115
10.2000,agent,agent_09,2.996701,3.866223
10.2000,agent,agent_10,3.950774,4.454946
10.2000,agent,agent_11,2.907650,4.439479
10.2000,agent,agent_12,2.720686,3.624938
10.2000,agent,agent_13,4.806531,2.940334
10.2000,agent,agent_14,2.909449,4.914165
10.2000,agent,agent_15,3.496637,3.053374
10.2000,cargo,cargo_0,3.776939,3.870208
10.2500,agent,agent_00,4.168087,3.056795
10.2500,agent,agent_01,2.885192,2.867991
10.2500,agent,agent_02,4.076642,4.031598
10.2500,agent,agent_03,2.721444,4.090790
10.2500,agent,agent_04,3.954982,5.112642
10.2500,agent,agent_05,5.019378,3.523692
10.2500,agent,agent_06,2.908887,3.339002
10.2500,agent,agent_07,3.411777,5.235330
10.2500,agent,agent_08,4.699607,4.095267
10.2500,agent,agent_09,2.997337,3.867034
10.2500,agent,agent_10,3.950891,4.456141
10.2500,agent,agent_11,2.909328,4.440343
10.2500,agent,agent_12,2.720785,3.625700
10.2500,agent,agent_13,4.805261,2.943625
10.2500,agent,agent_14,2.909103,4.913688
10.2500,agent,agent_15,3.497888,3.054012
10.2500,cargo,cargo_0,3.776989,3.870381
10.3000,agent,agent_00,4.167941,3.057354
10.3000,agent,agent_01,2.889102,2.871710
10.3000,agent,agent_02,4.075664,4.030552
10.3000,agent,agent_03,2.721360,4.090965
10.3000,agent,agent_04,3.952820,5.111916
10.3000,agent,agent_05,5.019547,3.523738
10.3000,agent,agent_06,2.906792,3.339139
10.3000,agent,agent_07,3.411809,5.235698
10.3000,agent,agent_08,4.699158,4.095285
10.3000,agent,agent_09,2.997804,3.867465
10.3000,agent,agent_10,3.950500,4.457311
10.3000,agent,agent_11,2.910967,4.441207
10.3000,agent,agent_12,2.720831,3.626449
10.3000,agent,agent_13,4.804027,2.946872
10.3000,agent,agent_14,2.907974,4.913121
10.3000,agent,agent_15,3.498977,3.054557
10.3000,cargo,cargo_0,3.777046,3.870580
10.3500,agent,agent_00,4.167657,3.057743
10.3500,agent,agent_01,2.892626,2.875148
10.3500,agent,agent_02,4.074651,4.029482
10.3500,agent,agent_03,2.721600,4.090936
10.3500,agent,agent_04,3.951153,5.111321
10.3500,agent,agent_05,5.019656,3.523796
10.3500,agent,agent_06,2.905597,3.339197
10.3500,agent,agent_07,3.411802,5.236022
10.3500,agent,agent_08,4.698501,4.095211
10.3500,agent,agent_09,2.998098,3.868289
10.3500,agent,agent_10,3.950138,4.458486
10.3500,agent,agent_11,2.912526,4.442106
10.3500,agent,agent_12,2.720861,3.627239
10.3500,agent,agent_13,4.802516,2.950004
10.3500,agent,agent_14,2.905204,4.912519
10.3500,agent,agent_15,3.500303,3.055187
10.3500,cargo,cargo_0,3.777140,3.870923
10.4000,agent,agent_00,4.167258,3.058108
10.4000,agent,agent_01,2.896247,2.878441
10.4000,agent,agent_02,4.073711,4.028503
10.4000,agent,agent_03,2.721490,4.091305
10.4000,agent,agent_04,3.949410,5.110857
10.4000,agent,agent_05,5.019763,3.523759
10.4000,agent,agent_06,2.903219,3.339451
10.4000,agent,agent_07,3.411799,5.236238
10.4000,agent,agent_08,4.697910,4.095241
10.4000,agent,agent_09,2.998218,3.869214
10.4000,agent,agent_10,3.949757,4.459587
10.4000,agent,agent_11,2.914182,4.442964
10.4000,agent,agent_12,2.720919,3.627968
10.4000,agent,agent_13,4.801550,2.953299
10.4000,agent,agent_14,2.901424,4.911758
10.4000,agent,agent_15,3.501614,3.055788
10.4000,cargo,cargo_0,3.777231,3.871277
10.4500,agent,agent_00,4.167016,3.058454
10.4500,agent,agent_01,2.899327,2.881841
10.4500,agent,agent_02,4.072832,4.027569
10.4500,agent,agent_03,2.721426,4.091719
10.4500,agent,agent_04,3.947791,5.110373
10.4500,agent,agent_05,5.019987,3.524307
10.4500,agent,agent_06,2.905916,3.339553
10.4500,agent,agent_07,3.411911,5.236561
10.4500,agent,agent_08,4.697276,4.095314
10.4500,agent,agent_09,2.998756,3.869690
10.4500,agent,agent_10,3.951788,4.461077
10.4500,agent,agent_11,2.915765,4.443869
10.4500,agent,agent_12,2.721020,3.628563
10.4500,agent,agent_13,4.800701,2.956405
10.4500,agent,agent_14,2.896822,4.911286
10.4500,agent,agent_15,3.502837,3.056357
10.4500,cargo,cargo_0,3.777425,3.871862
10.5000,agent,agent_00,4.166503,3.058810
10.5000,agent,agent_01,2.902749,2.885028
10.5000,agent,agent_02,4.071815,4.026746
10.5000,agent,agent_03,2.721773,4.091652
10.5000,agent,agent_04,3.952050,5.120228
10.5000,agent,agent_05,5.020186,3.524610
10.5000,agent,agent_06,2.903002,3.339923
10.5000,agent,agent_07,3.411920,5.236941
10.5000,agent,agent_08,4.696482,4.095306
10.5000,agent,agent_09,2.991364,3.870680
10.5000,agent,agent_10,3.951614,4.462036
10.5000,agent,agent_11,2.917350,4.444663
10.5000,agent,agent_12,2.721150,3.629187
10.5000,agent,agent_13,4.799659,2.959399
10.5000,agent,agent_14,2.911428,4.920926
10.5000,agent,agent_15,3.504123,3.056911
10.5000,cargo,cargo_0,3.777449,3.872164
10.5500,agent,agent_00,4.166020,3.059257
10.5500,agent,agent_01,2.898301,2.875448
10.5500,agent,agent_02,4.070802,4.025888
10.5500,agent,agent_03,2.721789,4.092183
10.5500,agent,agent_04,3.950404,5.119681
10.5500,agent,agent_05,5.022707,3.525354
10.5500,agent,agent_06,2.905752,3.339954
10.5500,agent,agent_07,3.412046,5.237240
10.5500,agent,agent_08,4.695815,4.095454
10.5500,agent,agent_09,2.988475,3.871334
10.5500,agent,agent_10,3.951382,4.462999
10.5500,agent,agent_11,2.909018,4.446386
10.5500,agent,agent_12,2.721295,3.629769
10.5500,agent,agent_13,4.798548,2.971864
10.5500,agent,agent_14,2.907002,4.920297
10.5500,agent,agent_15,3.505386,3.057403
10.5500,cargo,cargo_0,3.777467,3.872363
10.6000,agent,agent_00,4.165758,3.059729
10.6000,agent,agent_01,2.892055,2.867360
10.6000,agent,agent_02,4.070125,4.036586
10.6000,agent,agent_03,2.721882,4.092514
10.6000,agent,agent_04,3.949483,5.118083
10.6000,agent,agent_05,5.023061,3.525821
10.6000,agent,agent_06,2.904326,3.340336
10.6000,agent,agent_07,3.411969,5.237431
10.6000,agent,agent_08,4.695213,4.095497
10.6000,agent,agent_09,2.990932,3.871906
10.6000,agent,agent_10,3.951187,4.463979
10.6000,agent,agent_11,2.907240,4.447395
10.6000,agent,agent_12,2.721483,3.630379
10.6000,agent,agent_13,4.797014,2.984240
10.6000,agent,agent_14,2.906847,4.919491
10.6000,agent,agent_15,3.506620,3.057931
10.6000,cargo,cargo_0,3.777530,3.872683
10.6500,agent,agent_00,4.165560,3.060114
10.6500,agent,agent_01,2.887300,2.857924
10.6500,agent,agent_02,4.069496,4.035599
10.6500,agent,agent_03,2.721947,4.092835
10.6500,agent,agent_04,3.948455,5.116681
10.6500,agent,agent_05,5.023496,3.526087
10.6500,agent,agent_06,2.907252,3.340416
10.6500,agent,agent_07,3.412176,5.237752
10.6500,agent,agent_08,4.694369,4.095381
10.6500,agent,agent_09,2.992535,3.872437
10.6500,agent,agent_10,3.950721,4.465094
10.6500,agent,agent_11,2.907262,4.448260
10.6500,agent,agent_12,2.721720,3.631053
10.6500,agent,agent_13,4.797201,2.973717
10.6500,agent,agent_14,2.907121,4.918819
10.6500,agent,agent_15,3.507630,3.058379
10.6500,cargo,cargo_0,3.777609,3.873085
10.7000,agent,agent_00,4.165268,3.060588
10.7000,agent,agent_01,2.886120,2.847086
10.7000,agent,agent_02,4.068722,4.034777
10.7000,agent,agent_03,2.721979,4.093150
10.7000,agent,agent_04,3.947700,5.115034
10.7000,agent,agent_05,5.023456,3.525841
10.7000,agent,agent_06,2.910142,3.340453
10.7000,agent,agent_07,3.412432,5.238027
10.7000,agent,agent_08,4.693341,4.095587
10.7000,agent,agent_09,2.993730,3.872906
10.7000,agent,agent_10,3.950548,4.466078
10.7000,agent,agent_11,2.908980,4.449116
10.7000,agent,agent_12,2.721910,3.631791
10.7000,agent,agent_13,4.795541,2.983657
10.7000,agent,agent_14,2.907652,4.918029
10.7000,agent,agent_15,3.508549,3.058761
10.7000,cargo,cargo_0,3.777687,3.873464
10.7500,agent,agent_00,4.164975,3.060963
10.7500,agent,agent_01,2.890492,2.850709
10.7500,agent,agent_02,4.067970,4.033999
10.7500,agent,agent_03,2.721936,4.093464
10.7500,agent,agent_04,3.952799,5.123520
10.7500,agent,agent_05,5.023718,3.525838
10.7500,agent,agent_06,2.909496,3.340710
10.7500,agent,agent_07,3.412831,5.238195
10.7500,agent,agent_08,4.692343,4.095742
10.7500,agent,agent_09,2.994760,3.873444
10.7500,agent,agent_10,3.950403,4.467088
10.7500,agent,agent_11,2.910686,4.449954
10.7500,agent,agent_12,2.722121,3.632621
10.7500,agent,agent_13,4.794081,2.992681
10.7500,agent,agent_14,2.908084,4.917578
10.7500,agent,agent_15,3.509423,3.059239
10.7500,cargo,cargo_0,3.777777,3.873880
10.8000,agent,agent_00,4.164839,3.061239
10.8000,agent,agent_01,2.886333,2.840892
10.8000,agent,agent_02,4.067043,4.033067
10.8000,agent,agent_03,2.721841,4.093986
10.8000,agent,agent_04,3.951828,5.121847
10.8000,agent,agent_05,5.023842,3.525671
10.8000,agent,agent_06,2.912456,3.340761
10.8000,agent,agent_07,3.413136,5.238447
10.8000,agent,agent_08,4.691614,4.095999
10.8000,agent,agent_09,2.996285,3.873843
10.8000,agent,agent_10,3.950356,4.468148
10.8000,agent,agent_11,2.907747,4.451031
10.8000,agent,agent_12,2.722297,3.633435
10.8000,agent,agent_13,4.792437,3.002088
10.8000,agent,agent_14,2.908374,4.917250
10.8000,agent,agent_15,3.510303,3.059692
10.8000,cargo,cargo_0,3.777889,3.874317
10.8500,agent,agent_00,4.164687,3.061568
10.8500,agent,agent_01,2.884677,2.830167
10.8500,agent,agent_02,4.066018,4.032115
10.8500,agent,agent_03,2.721769,4.094186
10.8500,agent,agent_04,3.950796,5.120122
10.8500,agent,agent_05,5.024090,3.526121
10.8500,agent,agent_06,2.915418,3.340818
10.8500,agent,agent_07,3.413552,5.238721
10.8500,agent,agent_08,4.691102,4.096182
10.8500,agent,agent_09,2.996954,3.874280
10.8500,agent,agent_10,3.950134,4.469154
10.8500,agent,agent_11,2.907674,4.451975
10.8500,agent,agent_12,2.722358,3.634301
10.8500,agent,agent_13,4.790648,3.012549
10.8500,agent,agent_14,2.908616,4.916485
10.8500,agent,agent_15,3.511022,3.066502
10.8500,cargo,cargo_0,3.778188,3.875774
10.9000,agent,agent_00,4.164560,3.061905
10.9000,agent,agent_01,2.889360,2.833833
10.9000,agent,agent_02,4.065525,4.042823
10.9000,agent,agent_03,2.721697,4.094427
10.9000,agent,agent_04,3.949762,5.118477
10.9000,agent,agent_05,5.024324,3.526542
10.9000,agent,agent_06,2.916178,3.340972
10.9000,agent,agent_07,3.413766,5.238991
10.9000,agent,agent_08,4.690543,4.096414
10.9000,agent,agent_09,2.997843,3.874709
10.9000,agent,agent_10,3.956203,4.471291
10.9000,agent,agent_11,2.909372,4.452886
10.9000,agent,agent_12,2.722815,3.634761
10.9000,agent,agent_13,4.791376,3.019679
10.9000,agent,agent_14,2.908588,4.915779
10.9000,agent,agent_15,3.512090,3.072433
10.9000,cargo,cargo_0,3.779077,3.878383
10.9500,agent,agent_00,4.164530,3.062276
10.9500,agent,agent_01,2.884519,2.824365
10.9500,agent,agent_02,4.064872,4.041959
10.9500,agent,agent_03,2.721693,4.094619
10.9500,agent,agent_04,3.948786,5.116906
10.9500,agent,agent_05,5.024711,3.526881
10.9500,agent,agent_06,2.915110,3.341247
10.9500,agent,agent_07,3.413420,5.239477
10.9500,agent,agent_08,4.689927,4.096624
10.9500,agent,agent_09,2.998239,3.875127
10.9500,agent,agent_10,3.955859,4.472286
10.9500,agent,agent_11,2.911081,4.453789
10.9500,agent,agent_12,2.723307,3.635230
10.9500,agent,agent_13,4.789183,3.026536
10.9500,agent,agent_14,2.908784,4.915435
10.9500,agent,agent_15,3.513096,3.072569
10.9500,cargo,cargo_0,3.779618,3.880050
11.0000,agent,agent_00,4.164424,3.062706
11.0000,agent,agent_01,2.890087,2.827782
11.0000,agent,agent_02,4.064254,4.041130
11.0000,agent,agent_03,2.721590,4.095120
11.0000,agent,agent_04,3.953577,5.125693
11.0000,agent,agent_05,5.024846,3.527160
11.0000,agent,agent_06,2.917725,3.341556
11.0000,agent,agent_07,3.413084,5.240013
11.0000,agent,agent_08,4.689015,4.097139
11.0000,agent,agent_09,2.998226,3.876156
11.0000,agent,agent_10,3.955656,4.473225
11.0000,agent,agent_11,2.912812,4.454573
11.0000,agent,agent_12,2.723858,3.635639
11.0000,agent,agent_13,4.788005,3.036066
11.0000,agent,agent_14,2.896539,4.917759
11.0000,agent,agent_15,3.514099,3.072826
11.0000,cargo,cargo_0,3.779954,3.881170
11.0500,agent,agent_00,4.164546,3.070357
11.0500,agent,agent_01,2.895192,2.831400
11.0500,agent,agent_02,4.062447,4.054220
11.0500,agent,agent_03,2.721505,4.095660
11.0500,agent,agent_04,3.952390,5.124010
11.0500,agent,agent_05,5.025279,3.527797
11.0500,agent,agent_06,2.918100,3.341745
11.0500,agent,agent_07,3.412649,5.240490
11.0500,agent,agent_08,4.688222,4.097502
11.0500,agent,agent_09,2.998354,3.877048
11.0500,agent,agent_10,3.955300,4.474127
11.0500,agent,agent_11,2.914561,4.455273
11.0500,agent,agent_12,2.724331,3.636110
11.0500,agent,agent_13,4.787062,3.043037
11.0500,agent,agent_14,2.896934,4.917808
11.0500,agent,agent_15,3.515034,3.077059
11.0500,cargo,cargo_0,3.780560,3.883821
11.1000,agent,agent_00,4.164605,3.075817
11.1000,agent,agent_01,2.899990,2.835120
11.1000,agent,agent_02,4.061870,4.053179
11.1000,agent,agent_03,2.721310,4.096105
11.1000,agent,agent_04,3.957270,5.132442
11.1000,agent,agent_05,5.025813,3.528477
11.1000,agent,agent_06,2.920483,3.341912
11.1000,agent,agent_07,3.412155,5.241169
11.1000,agent,agent_08,4.687442,4.098115
11.1000,agent,agent_09,2.986143,3.877377
11.1000,agent,agent_10,3.955182,4.475061
11.1000,agent,agent_11,2.906072,4.457141
11.1000,agent,agent_12,2.724750,3.636839
11.1000,agent,agent_13,4.785661,3.052165
11.1000,agent,agent_14,2.897564,4.917393
11.1000,agent,agent_15,3.516072,3.079887
11.1000,cargo,cargo_0,3.780280,3.887640
11.1500,agent,agent_00,4.164780,3.081105
11.1500,agent,agent_01,2.904573,2.838774
11.1500,agent,agent_02,4.063323,4.064782
11.1500,agent,agent_03,2.721348,4.096305
11.1500,agent,agent_04,3.956111,5.130710
11.1500,agent,agent_05,5.026359,3.529039
11.1500,agent,agent_06,2.922847,3.342125
11.1500,agent,agent_07,3.411576,5.241881
11.1500,agent,agent_08,4.686750,4.098839
11.1500,agent,agent_09,2.975081,3.877555
11.1500,agent,agent_10,3.954936,4.475900
11.1500,agent,agent_11,2.899189,4.459076
11.1500,agent,agent_12,2.724742,3.636836
11.1500,agent,agent_13,4.784380,3.057701
11.1500,agent,agent_14,2.894591,4.917388
11.1500,agent,agent_15,3.517084,3.082068
11.1500,cargo,cargo_0,3.779424,3.892348
11.2000,agent,agent_00,4.166559,3.088179
11.2000,agent,agent_01,2.909604,2.845791
11.2000,agent,agent_02,4.063251,4.067651
11.2000,agent,agent_03,2.720297,4.101603
11.2000,agent,agent_04,3.955403,5.134088
11.2000,agent,agent_05,5.027624,3.532176
11.2000,agent,agent_06,2.925829,3.342068
11.2000,agent,agent_07,3.410452,5.248612
11.2000,agent,agent_08,4.686825,4.106348
11.2000,agent,agent_09,2.966845,3.879601
11.2000,agent,agent_10,3.954506,4.478799
11.2000,agent,agent_11,2.900185,4.462105
11.2000,agent,agent_12,2.724949,3.639972
11.2000,agent,agent_13,4.785188,3.067999
11.2000,agent,agent_14,2.892822,4.921548
11.2000,agent,agent_15,3.520266,3.086287
11.2000,cargo,cargo_0,3.778576,3.899712
11.2500,agent,agent_00,4.168402,3.093742
11.2500,agent,agent_01,2.916004,2.854655
11.2500,agent,agent_02,4.063796,4.085142
11.2500,agent,agent_03,2.718952,4.107629
11.2500,agent,agent_04,3.955402,5.138465
11.2500,agent,agent_05,5.028022,3.533928
11.2500,agent,agent_06,2.927809,3.346343
11.2500,agent,agent_07,3.408139,5.258644
11.2500,agent,agent_08,4.685571,4.117615
11.2500,agent,agent_09,2.959325,3.881949
11.2500,agent,agent_10,3.954890,4.482387
11.2500,agent,agent_11,2.895131,4.463698
11.2500,agent,agent_12,2.724703,3.638535
11.2500,agent,agent_13,4.781823,3.074203
11.2500,agent,agent_14,2.891881,4.925462
11.2500,agent,agent_15,3.521761,3.093389
11.2500,cargo,cargo_0,3.777336,3.907930
11.3000,agent,agent_00,4.171467,3.100885
11.3000,agent,agent_01,2.920617,2.864593
11.3000,agent,agent_02,4.064093,4.089890
11.3000,agent,agent_03,2.716886,4.116454
11.3000,agent,agent_04,3.953852,5.145225
11.3000,agent,agent_05,5.028057,3.537800
11.3000,agent,agent_06,2.929473,3.347232
11.3000,agent,agent_07,3.404233,5.268747
11.3000,agent,agent_08,4.684996,4.127355
11.3000,agent,agent_09,2.953123,3.885417
11.3000,agent,agent_10,3.954724,4.486977
11.3000,agent,agent_11,2.912449,4.461180
11.3000,agent,agent_12,2.723312,3.641678
11.3000,agent,agent_13,4.783293,3.070779
11.3000,agent,agent_14,2.891943,4.926907
11.3000,agent,agent_15,3.524433,3.100019
11.3000,cargo,cargo_0,3.776908,3.915107
11.3500,agent,agent_00,4.174237,3.106742
11.3500,agent,agent_01,2.924463,2.873210
11.3500,agent,agent_02,4.063842,4.094563
11.3500,agent,agent_03,2.717219,4.133384
11.3500,agent,agent_04,3.956902,5.162457
11.3500,agent,agent_05,5.028292,3.541462
11.3500,agent,agent_06,2.926509,3.349512
11.3500,agent,agent_07,3.399812,5.282007
11.3500,agent,agent_08,4.683943,4.137699
11.3500,agent,agent_09,2.956262,3.892056
11.3500,agent,agent_10,3.954243,4.491143
11.3500,agent,agent_11,2.896806,4.469025
11.3500,agent,agent_12,2.721330,3.647556
11.3500,agent,agent_13,4.781326,3.062545
11.3500,agent,agent_14,2.891536,4.928051
11.3500,agent,agent_15,3.524768,3.105872
11.3500,cargo,cargo_0,3.776213,3.921141
11.4000,agent,agent_00,4.175829,3.111189
11.4000,agent,agent_01,2.924536,2.882347
11.4000,agent,agent_02,4.062909,4.100424
11.4000,agent,agent_03,2.716635,4.148557
11.4000,agent,agent_04,3.955682,5.167459
11.4000,agent,agent_05,5.027730,3.545436
11.4000,agent,agent_06,2.925598,3.348865
11.4000,agent,agent_07,3.399355,5.290730
11.4000,agent,agent_08,4.681890,4.149496
11.4000,agent,agent_09,2.946396,3.893777
11.4000,agent,agent_10,3.955430,4.496922
11.4000,agent,agent_11,2.914111,4.466420
11.4000,agent,agent_12,2.721194,3.647825
11.4000,agent,agent_13,4.777072,3.051421
11.4000,agent,agent_14,2.890975,4.929580
11.4000,agent,agent_15,3.524919,3.110674
11.4000,cargo,cargo_0,3.775454,3.926707
11.4500,agent,agent_00,4.179313,3.115526
11.4500,agent,agent_01,2.916016,2.875531
11.4500,agent,agent_02,4.062468,4.106214
11.4500,agent,agent_03,2.715800,4.163619
11.4500,agent,agent_04,3.954789,5.172930
11.4500,agent,agent_05,5.027865,3.548602
11.4500,agent,agent_06,2.927136,3.351611
11.4500,agent,agent_07,3.399298,5.298751
11.4500,agent,agent_08,4.681452,4.159249
11.4500,agent,agent_09,2.935459,3.895484
11.4500,agent,agent_10,3.955061,4.502324
11.4500,agent,agent_11,2.915948,4.467252
11.4500,agent,agent_12,2.720321,3.648758
11.4500,agent,agent_13,4.774356,3.040601
11.4500,agent,agent_14,2.905750,4.938959
11.4500,agent,agent_15,3.526744,3.116216
11.4500,cargo,cargo_0,3.775202,3.931870
11.5000,agent,agent_00,4.182077,3.123656
11.5000,agent,agent_01,2.908146,2.868229
11.5000,agent,agent_02,4.061163,4.112918
11.5000,agent,agent_03,2.714361,4.177869
11.5000,agent,agent_04,3.955713,5.179517
11.5000,agent,agent_05,5.026654,3.551321
11.5000,agent,agent_06,2.929090,3.350887
11.5000,agent,agent_07,3.402116,5.308563
11.5000,agent,agent_08,4.681442,4.169004
11.5000,agent,agent_09,2.925348,3.898878
11.5000,agent,agent_10,3.955477,4.507950
11.5000,agent,agent_11,2.918016,4.468854
11.5000,agent,agent_12,2.725260,3.653193
11.5000,agent,agent_13,4.768378,3.048490
11.5000,agent,agent_14,2.906047,4.938254
11.5000,agent,agent_15,3.528294,3.122362
11.5000,cargo,cargo_0,3.774927,3.937738
11.5500,agent,agent_00,4.181922,3.130182
11.5500,agent,agent_01,2.902776,2.859135
11.5500,agent,agent_02,4.059962,4.118018
11.5500,agent,agent_03,2.712417,4.191536
11.5500,agent,agent_04,3.956473,5.187182
11.5500,agent,agent_05,5.026923,3.555608
11.5500,agent,agent_06,2.930339,3.353675
11.5500,agent,agent_07,3.401045,5.320646
11.5500,agent,agent_08,4.681368,4.179567
11.5500,agent,agent_09,2.913551,3.901771
11.5500,agent,agent_10,3.956207,4.515011
11.5500,agent,agent_11,2.918859,4.471203
11.5500,agent,agent_12,2.729626,3.656352
11.5500,agent,agent_13,4.765163,3.056107
11.5500,agent,agent_14,2.905057,4.938207
11.5500,agent,agent_15,3.528719,3.128460
11.5500,cargo,cargo_0,3.774033,3.944652
11.6000,agent,agent_00,4.183633,3.136996
11.6000,agent,agent_01,2.896997,2.850338
11.6000,agent,agent_02,4.058973,4.124196
11.6000,agent,agent_03,2.709997,4.204702
11.6000,agent,agent_04,3.955647,5.194322
11.6000,agent,agent_05,5.027209,3.560938
11.6000,agent,agent_06,2.932421,3.354122
11.6000,agent,agent_07,3.403265,5.333597
11.6000,agent,agent_08,4.680631,4.190562
11.6000,agent,agent_09,2.905439,3.906801
11.6000,agent,agent_10,3.955967,4.521690
11.6000,agent,agent_11,2.919037,4.476397
11.6000,agent,agent_12,2.733589,3.658167
11.6000,agent,agent_13,4.763398,3.064674
11.6000,agent,agent_14,2.888354,4.943427
11.6000,agent,agent_15,3.530253,3.135460
11.6000,cargo,cargo_0,3.773519,3.951910
11.6500,agent,agent_00,4.184823,3.143919
11.6500,agent,agent_01,2.896731,2.847850
11.6500,agent,agent_02,4.059369,4.130865
11.6500,agent,agent_03,2.709457,4.208027
11.6500,agent,agent_04,3.955627,5.202187
11.6500,agent,agent_05,5.026305,3.563711
11.6500,agent,agent_06,2.930085,3.354953
11.6500,agent,agent_07,3.400728,5.345453
11.6500,agent,agent_08,4.680006,4.199771
11.6500,agent,agent_09,2.908085,3.911833
11.6500,agent,agent_10,3.956615,4.530272
11.6500,agent,agent_11,2.918266,4.485069
11.6500,agent,agent_12,2.737664,3.659258
11.6500,agent,agent_13,4.760243,3.073039
11.6500,agent,agent_14,2.884965,4.951097
11.6500,agent,agent_15,3.531621,3.142008
11.6500,cargo,cargo_0,3.773075,3.959650
11.7000,agent,agent_00,4.182307,3.151283
11.7000,agent,agent_01,2.904344,2.859004
11.7000,agent,agent_02,4.058770,4.137624
11.7000,agent,agent_03,2.707785,4.215824
11.7000,agent,agent_04,3.954943,5.209898
11.7000,agent,agent_05,5.026873,3.567619
11.7000,agent,agent_06,2.918828,3.357863
11.7000,agent,agent_07,3.397639,5.360258
11.7000,agent,agent_08,4.678781,4.209840
11.7000,agent,agent_09,2.907531,3.920290
11.7000,agent,agent_10,3.957085,4.537422
11.7000,agent,agent_11,2.918808,4.489407
11.7000,agent,agent_12,2.742059,3.660580
11.7000,agent,agent_13,4.760414,3.082085
11.7000,agent,agent_14,2.882028,4.961613
11.7000,agent,agent_15,3.530208,3.149003
11.7000,cargo,cargo_0,3.771587,3.967210
11.7500,agent,agent_00,4.177034,3.161781
11.7500,agent,agent_01,2.913702,2.869074
11.7500,agent,agent_02,4.058397,4.143184
11.7500,agent,agent_03,2.706997,4.220527
11.7500,agent,agent_04,3.955145,5.219427
11.7500,agent,agent_05,5.026714,3.569406
11.7500,agent,agent_06,2.904488,3.360511
11.7500,agent,agent_07,3.395498,5.374238
11.7500,agent,agent_08,4.677476,4.218029
11.7500,agent,agent_09,2.907408,3.927928
11.7500,agent,agent_10,3.956995,4.543358
11.7500,agent,agent_11,2.906740,4.497838
11.7500,agent,agent_12,2.747021,3.662163
11.7500,agent,agent_13,4.763995,3.086069
11.7500,agent,agent_14,2.880721,4.966641
11.7500,agent,agent_15,3.530288,3.156318
11.7500,cargo,cargo_0,3.769767,3.974821
11.8000,agent,agent_00,4.169961,3.171822
11.8000,agent,agent_01,2.919051,2.877888
11.8000,agent,agent_02,4.056445,4.149713
11.8000,agent,agent_03,2.706826,4.221504
11.8000,agent,agent_04,3.954427,5.227072
11.8000,agent,agent_05,5.025008,3.575309
11.8000,agent,agent_06,2.891175,3.362858
11.8000,agent,agent_07,3.394195,5.388272
11.8000,agent,agent_08,4.677034,4.226162
11.8000,agent,agent_09,2.899355,3.934556
11.8000,agent,agent_10,3.957596,4.549995
11.8000,agent,agent_11,2.902285,4.508450
11.8000,agent,agent_12,2.752452,3.663952
11.8000,agent,agent_13,4.764062,3.088971
11.8000,agent,agent_14,2.877742,4.973366
11.8000,agent,agent_15,3.530424,3.163156
11.8000,cargo,cargo_0,3.767749,3.983034
11.8500,agent,agent_00,4.169474,3.177486
11.8500,agent,agent_01,2.924915,2.885674
11.8500,agent,agent_02,4.053889,4.156411
11.8500,agent,agent_03,2.706074,4.233031
11.8500,agent,agent_04,3.954499,5.236762
11.8500,agent,agent_05,5.023014,3.583210
11.8500,agent,agent_06,2.887915,3.362773
11.8500,agent,agent_07,3.390239,5.401457
11.8500,agent,agent_08,4.678940,4.234954
11.8500,agent,agent_09,2.902939,3.937032
11.8500,agent,agent_10,3.956646,4.555614
11.8500,agent,agent_11,2.894755,4.519584
11.8500,agent,agent_12,2.758292,3.665329
11.8500,agent,agent_13,4.765110,3.099297
11.8500,agent,agent_14,2.874801,4.978696
11.8500,agent,agent_15,3.527363,3.170032
11.8500,cargo,cargo_0,3.766364,3.990634
11.9000,agent,agent_00,4.166065,3.183972
11.9000,agent,agent_01,2.929263,2.894039
11.9000,agent,agent_02,4.052493,4.164297
11.9000,agent,agent_03,2.705105,4.243958
11.9000,agent,agent_04,3.953439,5.245571
11.9000,agent,agent_05,5.021336,3.589038
11.9000,agent,agent_06,2.877450,3.362699
11.9000,agent,agent_07,3.388643,5.415030
11.9000,agent,agent_08,4.680631,4.247621
11.9000,agent,agent_09,2.899637,3.942775
11.9000,agent,agent_10,3.956444,4.563201
11.9000,agent,agent_11,2.896768,4.536968
11.9000,agent,agent_12,2.764207,3.666692
11.9000,agent,agent_13,4.767282,3.099985
11.9000,agent,agent_14,2.871409,4.985558
11.9000,agent,agent_15,3.524748,3.177828
11.9000,cargo,cargo_0,3.764826,3.997961
11.9500,agent,agent_00,4.164317,3.192086
11.9500,agent,agent_01,2.936583,2.903922
11.9500,agent,agent_02,4.050148,4.171973
11.9500,agent,agent_03,2.704655,4.255563
11.9500,agent,agent_04,3.951322,5.254334
11.9500,agent,agent_05,5.034809,3.600206
11.9500,agent,agent_06,2.866334,3.363831
11.9500,agent,agent_07,3.388260,5.429126
11.9500,agent,agent_08,4.681674,4.260084
11.9500,agent,agent_09,2.900538,3.951991
11.9500,agent,agent_10,3.955545,4.571667
11.9500,agent,agent_11,2.880580,4.543617
11.9500,agent,agent_12,2.770527,3.667983
11.9500,agent,agent_13,4.771144,3.094749
11.9500,agent,agent_14,2.866770,4.994048
11.9500,agent,agent_15,3.522441,3.186305
11.9500,cargo,cargo_0,3.763539,4.006000
12.0000,agent,agent_00,4.163976,3.200541
12.0000,agent,agent_01,2.946178,2.913627
12.0000,agent,agent_02,4.047708,4.188341
12.0000,agent,agent_03,2.703489,4.265525
12.0000,agent,agent_04,3.949459,5.263805
12.0000,agent,agent_05,5.032221,3.607240
12.0000,agent,agent_06,2.867586,3.367726
12.0000,agent,agent_07,3.384117,5.441874
12.0000,agent,agent_08,4.681181,4.272468
12.0000,agent,agent_09,2.901560,3.960108
12.0000,agent,agent_10,3.970400,4.580918
12.0000,agent,agent_11,2.883498,4.560872
12.0000,agent,agent_12,2.777457,3.669871
12.0000,agent,agent_13,4.775388,3.092784
12.0000,agent,agent_14,2.862603,5.001833
12.0000,agent,agent_15,3.520362,3.194292
12.0000,cargo,cargo_0,3.762858,4.014426
12.0500,agent,agent_00,4.160579,3.208499
12.0500,agent,agent_01,2.953099,2.925977
12.0500,agent,agent_02,4.046145,4.196056
12.0500,agent,agent_03,2.702909,4.276349
12.0500,agent,agent_04,3.949148,5.272874
12.0500,agent,agent_05,5.030287,3.614210
12.0500,agent,agent_06,2.869551,3.369049
12.0500,agent,agent_07,3.379643,5.455069
12.0500,agent,agent_08,4.681358,4.285309
12.0500,agent,agent_09,2.902767,3.965892
12.0500,agent,agent_10,3.970710,4.590969
12.0500,agent,agent_11,2.886253,4.578154
12.0500,agent,agent_12,2.784724,3.672252
12.0500,agent,agent_13,4.776452,3.093543
12.0500,agent,agent_14,2.857904,5.013011
12.0500,agent,agent_15,3.522255,3.202362
12.0500,cargo,cargo_0,3.762469,4.022794
12.1000,agent,agent_00,4.160930,3.216429
12.1000,agent,agent_01,2.950333,2.915566
12.1000,agent,agent_02,4.045494,4.202844
12.1000,agent,agent_03,2.700652,4.279881
12.1000,agent,agent_04,3.949044,5.283439
12.1000,agent,agent_05,5.028387,3.621724
12.1000,agent,agent_06,2.867159,3.373507
12.1000,agent,agent_07,3.377827,5.469750
12.1000,agent,agent_08,4.680876,4.296989
12.1000,agent,agent_09,2.903421,3.975298
12.1000,agent,agent_10,3.970867,4.600200
12.1000,agent,agent_11,2.889008,4.595436
12.1000,agent,agent_12,2.792278,3.674773
12.1000,agent,agent_13,4.771501,3.103460
12.1000,agent,agent_14,2.851750,5.024571
12.1000,agent,agent_15,3.521747,3.211114
12.1000,cargo,cargo_0,3.762372,4.031062
12.1500,agent,agent_00,4.157718,3.224579
12.1500,agent,agent_01,2.958643,2.928477
12.1500,agent,agent_02,4.044827,4.208012
12.1500,agent,agent_03,2.701376,4.292913
12.1500,agent,agent_04,3.948513,5.292425
12.1500,agent,agent_05,5.027255,3.627740
12.1500,agent,agent_06,2.856693,3.372297
12.1500,agent,agent_07,3.377018,5.482608
12.1500,agent,agent_08,4.681111,4.307585
12.1500,agent,agent_09,2.905854,3.979582
12.1500,agent,agent_10,3.970579,4.606806
12.1500,agent,agent_11,2.891762,4.612718
12.1500,agent,agent_12,2.806377,3.675615
12.1500,agent,agent_13,4.774775,3.093382
12.1500,agent,agent_14,2.847512,5.034133
12.1500,agent,agent_15,3.519061,3.218421
12.1500,cargo,cargo_0,3.761293,4.039082
12.2000,agent,agent_00,4.156941,3.232053
12.2000,agent,agent_01,2.962174,2.941068
12.2000,agent,agent_02,4.043311,4.214172
12.2000,agent,agent_03,2.702406,4.306400
12.2000,agent,agent_04,3.946923,5.302059
12.2000,agent,agent_05,5.025342,3.636085
12.2000,agent,agent_06,2.845728,3.372370
12.2000,agent,agent_07,3.376353,5.492863
12.2000,agent,agent_08,4.681070,4.319797
12.2000,agent,agent_09,2.907320,3.984274
12.2000,agent,agent_10,3.969062,4.614085
12.2000,agent,agent_11,2.885528,4.620713
12.2000,agent,agent_12,2.820797,3.676791
12.2000,agent,agent_13,4.775057,3.103933
12.2000,agent,agent_14,2.844619,5.038508
12.2000,agent,agent_15,3.516042,3.226648
12.2000,cargo,cargo_0,3.760384,4.046819
12.2500,agent,agent_00,4.155744,3.239594
12.2500,agent,agent_01,2.965742,2.952159
12.2500,agent,agent_02,4.041481,4.222381
12.2500,agent,agent_03,2.702959,4.318946
12.2500,agent,agent_04,3.945294,5.310340
12.2500,agent,agent_05,5.023768,3.642272
12.2500,agent,agent_06,2.835416,3.370174
12.2500,agent,agent_07,3.373577,5.505647
12.2500,agent,agent_08,4.680774,4.331078
12.2500,agent,agent_09,2.908472,3.990647
12.2500,agent,agent_10,3.968310,4.623575
12.2500,agent,agent_11,2.885895,4.627939
12.2500,agent,agent_12,2.835561,3.678401
12.2500,agent,agent_13,4.776823,3.113929
12.2500,agent,agent_14,2.843049,5.045919
12.2500,agent,agent_15,3.516193,3.232817
12.2500,cargo,cargo_0,3.760057,4.053855
12.3000,agent,agent_00,4.157066,3.246957
12.3000,agent,agent_01,2.967094,2.962759
12.3000,agent,agent_02,4.039352,4.229891
12.3000,agent,agent_03,2.703237,4.331049
12.3000,agent,agent_04,3.943987,5.319600
12.3000,agent,agent_05,5.023228,3.650488
12.3000,agent,agent_06,2.825098,3.368157
12.3000,agent,agent_07,3.368605,5.515305
12.3000,agent,agent_08,4.681122,4.342646
12.3000,agent,agent_09,2.908753,3.999321
12.3000,agent,agent_10,3.968125,4.631939
12.3000,agent,agent_11,2.886516,4.636315
12.3000,agent,agent_12,2.850707,3.680728
12.3000,agent,agent_13,4.775643,3.123716
12.3000,agent,agent_14,2.839885,5.052226
12.3000,agent,agent_15,3.517850,3.240591
12.3000,cargo,cargo_0,3.760510,4.060524
12.3500,agent,agent_00,4.160002,3.253700
12.3500,agent,agent_01,2.972764,2.972629
12.3500,agent,agent_02,4.037899,4.236874
12.3500,agent,agent_03,2.703339,4.342874
12.3500,agent,agent_04,3.944360,5.328367
12.3500,agent,agent_05,5.022508,3.660877
12.3500,agent,agent_06,2.828019,3.367454
12.3500,agent,agent_07,3.364913,5.525691
12.3500,agent,agent_08,4.680175,4.354274
12.3500,agent,agent_09,2.904217,4.009940
12.3500,agent,agent_10,3.967995,4.639428
12.3500,agent,agent_11,2.888989,4.653640
12.3500,agent,agent_12,2.866253,3.684127
12.3500,agent,agent_13,4.776074,3.134963
12.3500,agent,agent_14,2.839170,5.060678
12.3500,agent,agent_15,3.519593,3.249407
12.3500,cargo,cargo_0,3.761406,4.067610
12.4000,agent,agent_00,4.162600,3.261757
12.4000,agent,agent_01,2.980040,2.982995
12.4000,agent,agent_02,4.036328,4.244304
12.4000,agent,agent_03,2.703840,4.355279
12.4000,agent,agent_04,3.944550,5.337183
12.4000,agent,agent_05,5.021169,3.672227
12.4000,agent,agent_06,2.831285,3.369640
12.4000,agent,agent_07,3.366336,5.534633
12.4000,agent,agent_08,4.680347,4.365961
12.4000,agent,agent_09,2.902850,4.016022
12.4000,agent,agent_10,3.967845,4.648197
12.4000,agent,agent_11,2.900467,4.666850
12.4000,agent,agent_12,2.882173,3.688993
12.4000,agent,agent_13,4.773605,3.145113
12.4000,agent,agent_14,2.837103,5.072469
12.4000,agent,agent_15,3.518427,3.257029
12.4000,cargo,cargo_0,3.761834,4.075390
12.4500,agent,agent_00,4.162349,3.269677
12.4500,agent,agent_01,2.983940,2.994073
12.4500,agent,agent_02,4.036117,4.251260
12.4500,agent,agent_03,2.704738,4.368514
12.4500,agent,agent_04,3.946022,5.345875
12.4500,agent,agent_05,5.020425,3.683807
12.4500,agent,agent_06,2.832851,3.375538
12.4500,agent,agent_07,3.370653,5.543780
12.4500,agent,agent_08,4.681106,4.375404
12.4500,agent,agent_09,2.905216,4.019561
12.4500,agent,agent_10,3.969203,4.656563
12.4500,agent,agent_11,2.895806,4.669643
12.4500,agent,agent_12,2.898234,3.694622
12.4500,agent,agent_13,4.774914,3.155155
12.4500,agent,agent_14,2.837408,5.078510
12.4500,agent,agent_15,3.518024,3.265419
12.4500,cargo,cargo_0,3.761774,4.083824
12.5000,agent,agent_00,4.161864,3.277107
12.5000,agent,agent_01,2.988956,3.004352
12.5000,agent,agent_02,4.036104,4.258188
12.5000,agent,agent_03,2.704899,4.380563
12.5000,agent,agent_04,3.946588,5.353537
12.5000,agent,agent_05,5.019466,3.695144
12.5000,agent,agent_06,2.833493,3.380180
12.5000,agent,agent_07,3.373299,5.555738
12.5000,agent,agent_08,4.679767,4.384699
12.5000,agent,agent_09,2.905189,4.026282
12.5000,agent,agent_10,3.970298,4.665686
12.5000,agent,agent_11,2.898346,4.669938
12.5000,agent,agent_12,2.898027,3.700646
12.5000,agent,agent_13,4.774799,3.156974
12.5000,agent,agent_14,2.835675,5.086628
12.5000,agent,agent_15,3.517013,3.273947
12.5000,cargo,cargo_0,3.761466,4.092539
12.5500,agent,agent_00,4.161296,3.285447
12.5500,agent,agent_01,2.995954,3.014999
12.5500,agent,agent_02,4.036127,4.265111
12.5500,agent,agent_03,2.704471,4.391931
12.5500,agent,agent_04,3.946086,5.363818
12.5500,agent,agent_05,5.017102,3.706162
12.5500,agent,agent_06,2.822844,3.379177
12.5500,agent,agent_07,3.376013,5.568611
12.5500,agent,agent_08,4.681132,4.394860
12.5500,agent,agent_09,2.906163,4.029889
12.5500,agent,agent_10,3.970760,4.674176
12.5500,agent,agent_11,2.900294,4.675163
12.5500,agent,agent_12,2.897213,3.707042
12.5500,agent,agent_13,4.775847,3.167453
12.5500,agent,agent_14,2.834942,5.094829
12.5500,agent,agent_15,3.516307,3.282054
12.5500,cargo,cargo_0,3.761160,4.101188
12.6000,agent,agent_00,4.162937,3.293319
12.6000,agent,agent_01,3.004295,3.020841
12.6000,agent,agent_02,4.035122,4.272077
12.6000,agent,agent_03,2.703782,4.403044
12.6000,agent,agent_04,3.945717,5.373607
12.6000,agent,agent_05,5.016009,3.717061
12.6000,agent,agent_06,2.824634,3.379022
12.6000,agent,agent_07,3.380051,5.579354
12.6000,agent,agent_08,4.681919,4.406888
12.6000,agent,agent_09,2.908119,4.031146
12.6000,agent,agent_10,3.970944,4.681005
12.6000,agent,agent_11,2.903699,4.675735
12.6000,agent,agent_12,2.897912,3.713037
12.6000,agent,agent_13,4.772060,3.177153
12.6000,agent,agent_14,2.833714,5.104658
12.6000,agent,agent_15,3.520037,3.289034
12.6000,cargo,cargo_0,3.762075,4.109239
12.6500,agent,agent_00,4.165187,3.301880
12.6500,agent,agent_01,3.012650,3.031735
12.6500,agent,agent_02,4.034643,4.280130
12.6500,agent,agent_03,2.705895,4.402268
12.6500,agent,agent_04,3.945285,5.382924
12.6500,agent,agent_05,5.014861,3.723656
12.6500,agent,agent_06,2.813940,3.378389
12.6500,agent,agent_07,3.378748,5.587728
12.6500,agent,agent_08,4.683286,4.417798
12.6500,agent,agent_09,2.909174,4.035884
12.6500,agent,agent_10,3.971902,4.689218
12.6500,agent,agent_11,2.904892,4.673832
12.6500,agent,agent_12,2.892027,3.718624
12.6500,agent,agent_13,4.772535,3.187342
12.6500,agent,agent_14,2.832555,5.116118
12.6500,agent,agent_15,3.525397,3.295543
12.6500,cargo,cargo_0,3.763614,4.116661
12.7000,agent,agent_00,4.165818,3.310192
12.7000,agent,agent_01,3.021868,3.042942
12.7000,agent,agent_02,4.033456,4.287991
12.7000,agent,agent_03,2.705664,4.405595
12.7000,agent,agent_04,3.945519,5.391554
12.7000,agent,agent_05,5.016779,3.728623
12.7000,agent,agent_06,2.817271,3.381934
12.7000,agent,agent_07,3.380253,5.598604
12.7000,agent,agent_08,4.684368,4.429171
12.7000,agent,agent_09,2.911637,4.038111
12.7000,agent,agent_10,3.972659,4.698448
12.7000,agent,agent_11,2.906722,4.672575
12.7000,agent,agent_12,2.892218,3.723205
12.7000,agent,agent_13,4.772736,3.198499
12.7000,agent,agent_14,2.829565,5.122864
12.7000,agent,agent_15,3.526767,3.303823
12.7000,cargo,cargo_0,3.764243,4.123999
12.7500,agent,agent_00,4.168686,3.317638
12.7500,agent,agent_01,3.026397,3.053615
12.7500,agent,agent_02,4.033424,4.295835
12.7500,agent,agent_03,2.706226,4.408473
12.7500,agent,agent_04,3.945437,5.399734
12.7500,agent,agent_05,5.017497,3.737472
12.7500,agent,agent_06,2.819500,3.386820
12.7500,agent,agent_07,3.381769,5.611157
12.7500,agent,agent_08,4.684894,4.440451
12.7500,agent,agent_09,2.913512,4.042513
12.7500,agent,agent_10,3.974024,4.707072
12.7500,agent,agent_11,2.906722,4.672052
12.7500,agent,agent_12,2.908065,3.727263
12.7500,agent,agent_13,4.773652,3.210074
12.7500,agent,agent_14,2.827071,5.131627
12.7500,agent,agent_15,3.530955,3.311480
12.7500,cargo,cargo_0,3.765563,4.131455
12.8000,agent,agent_00,4.172948,3.327598
12.8000,agent,agent_01,3.033647,3.064768
12.8000,agent,agent_02,4.033724,4.313066
12.8000,agent,agent_03,2.707504,4.408120
12.8000,agent,agent_04,3.946414,5.406719
12.8000,agent,agent_05,5.018249,3.742710
12.8000,agent,agent_06,2.820741,3.395578
12.8000,agent,agent_07,3.379377,5.622298
12.8000,agent,agent_08,4.684083,4.449606
12.8000,agent,agent_09,2.906193,4.045818
12.8000,agent,agent_10,3.974898,4.715861
12.8000,agent,agent_11,2.908152,4.671035
12.8000,agent,agent_12,2.891604,3.732547
12.8000,agent,agent_13,4.776395,3.220418
12.8000,agent,agent_14,2.827389,5.141158
12.8000,agent,agent_15,3.531610,3.320102
12.8000,cargo,cargo_0,3.766747,4.139877
12.8500,agent,agent_00,4.173401,3.335871
12.8500,agent,agent_01,3.041129,3.075656
12.8500,agent,agent_02,4.034279,4.319609
12.8500,agent,agent_03,2.708499,4.409007
12.8500,agent,agent_04,3.946533,5.412606
12.8500,agent,agent_05,5.017077,3.748784
12.8500,agent,agent_06,2.823586,3.399455
12.8500,agent,agent_07,3.375394,5.632171
12.8500,agent,agent_08,4.684491,4.459643
12.8500,agent,agent_09,2.890157,4.052827
12.8500,agent,agent_10,3.976521,4.723519
12.8500,agent,agent_11,2.909532,4.669875
12.8500,agent,agent_12,2.890445,3.737377
12.8500,agent,agent_13,4.779572,3.230634
12.8500,agent,agent_14,2.827327,5.149848
12.8500,agent,agent_15,3.531344,3.329402
12.8500,cargo,cargo_0,3.767010,4.149250
12.9000,agent,agent_00,4.172980,3.343862
12.9000,agent,agent_01,3.047621,3.087733
12.9000,agent,agent_02,4.035684,4.327426
12.9000,agent,agent_03,2.709918,4.408954
12.9000,agent,agent_04,3.948310,5.422040
12.9000,agent,agent_05,5.016241,3.754447
12.9000,agent,agent_06,2.825171,3.402347
12.9000,agent,agent_07,3.372671,5.643345
12.9000,agent,agent_08,4.684326,4.467817
12.9000,agent,agent_09,2.907595,4.051351
12.9000,agent,agent_10,3.977133,4.729406
12.9000,agent,agent_11,2.903720,4.669425
12.9000,agent,agent_12,2.906410,3.742411
12.9000,agent,agent_13,4.783105,3.241110
12.9000,agent,agent_14,2.830120,5.153178
12.9000,agent,agent_15,3.534654,3.337644
12.9000,cargo,cargo_0,3.767582,4.158615
12.9500,agent,agent_00,4.170639,3.351486
12.9500,agent,agent_01,3.050777,3.098943
12.9500,agent,agent_02,4.036821,4.333158
12.9500,agent,agent_03,2.710280,4.412757
12.9500,agent,agent_04,3.949526,5.432511
12.9500,agent,agent_05,5.016421,3.759951
12.9500,agent,agent_06,2.827596,3.405122
12.9500,agent,agent_07,3.375410,5.653867
12.9500,agent,agent_08,4.685969,4.476849
12.9500,agent,agent_09,2.910461,4.052529
12.9500,agent,agent_10,3.977857,4.735784
12.9500,agent,agent_11,2.906158,4.670966
12.9500,agent,agent_12,2.906523,3.746548
12.9500,agent,agent_13,4.781788,3.252022
12.9500,agent,agent_14,2.830423,5.160162
12.9500,agent,agent_15,3.534831,3.344938
12.9500,cargo,cargo_0,3.767311,4.166945
13.0000,agent,agent_00,4.170506,3.341901
13.0000,agent,agent_01,3.057439,3.109287
13.0000,agent,agent_02,4.036692,4.341558
13.0000,agent,agent_03,2.710589,4.412306
13.0000,agent,agent_04,3.949096,5.442308
13.0000,agent,agent_05,5.015610,3.765947
13.0000,agent,agent_06,2.830054,3.409907
13.0000,agent,agent_07,3.380567,5.662506
13.0000,agent,agent_08,4.686467,4.487641
13.0000,agent,agent_09,2.911815,4.056799
13.0000,agent,agent_10,3.978219,4.743332
13.0000,agent,agent_11,2.909265,4.674150
13.0000,agent,agent_12,2.907907,3.747248
13.0000,agent,agent_13,4.779626,3.249463
13.0000,agent,agent_14,2.834414,5.162364
13.0000,agent,agent_15,3.533183,3.352355
13.0000,cargo,cargo_0,3.767102,4.169810
13.0500,agent,agent_00,4.169065,3.349776
13.0500,agent,agent_01,3.059884,3.119236
13.0500,agent,agent_02,4.036072,4.348487
13.0500,agent,agent_03,2.710128,4.415246
13.0500,agent,agent_04,3.949183,5.450518
13.0500,agent,agent_05,5.014308,3.769572
13.0500,agent,agent_06,2.829929,3.413810
13.0500,agent,agent_07,3.383608,5.670653
13.0500,agent,agent_08,4.687633,4.493769
13.0500,agent,agent_09,2.912679,4.063399
13.0500,agent,agent_10,3.978015,4.752509
13.0500,agent,agent_11,2.909692,4.678733
13.0500,agent,agent_12,2.909895,3.747518
13.0500,agent,agent_13,4.780345,3.258017
13.0500,agent,agent_14,2.835470,5.168435
13.0500,agent,agent_15,3.535319,3.359728
13.0500,cargo,cargo_0,3.767112,4.170119
13.1000,agent,agent_00,4.170186,3.355157
13.1000,agent,agent_01,3.066059,3.126417
13.1000,agent,agent_02,4.035072,4.353073
13.1000,agent,agent_03,2.710431,4.414692
13.1000,agent,agent_04,3.948499,5.455364
13.1000,agent,agent_05,5.012426,3.773258
13.1000,agent,agent_06,2.818865,3.413522
13.1000,agent,agent_07,3.384653,5.677602
13.1000,agent,agent_08,4.689281,4.500553
13.1000,agent,agent_09,2.912499,4.068895
13.1000,agent,agent_10,3.977156,4.759088
13.1000,agent,agent_11,2.904999,4.685090
13.1000,agent,agent_12,2.910953,3.750921
13.1000,agent,agent_13,4.779387,3.265119
13.1000,agent,agent_14,2.837448,5.173511
13.1000,agent,agent_15,3.541125,3.368947
13.1000,cargo,cargo_0,3.767771,4.173211
13.1500,agent,agent_00,4.167897,3.359479
13.1500,agent,agent_01,3.072642,3.133860
13.1500,agent,agent_02,4.034747,4.356622
13.1500,agent,agent_03,2.709780,4.412785
13.1500,agent,agent_04,3.947890,5.459914
13.1500,agent,agent_05,5.011396,3.778951
13.1500,agent,agent_06,2.807330,3.416589
13.1500,agent,agent_07,3.384710,5.680468
13.1500,agent,agent_08,4.687606,4.503382
13.1500,agent,agent_09,2.914138,4.070242
13.1500,agent,agent_10,3.974991,4.763533
13.1500,agent,agent_11,2.908140,4.685599
13.1500,agent,agent_12,2.911194,3.756276
13.1500,agent,agent_13,4.776521,3.271697
13.1500,agent,agent_14,2.837955,5.181405
13.1500,agent,agent_15,3.542118,3.373692
13.1500,cargo,cargo_0,3.767551,4.179096
13.2000,agent,agent_00,4.167404,3.365172
13.2000,agent,agent_01,3.074502,3.141998
13.2000,agent,agent_02,4.034257,4.362627
13.2000,agent,agent_03,2.710250,4.414365
13.2000,agent,agent_04,3.947649,5.463895
13.2000,agent,agent_05,5.010494,3.785164
13.2000,agent,agent_06,2.796342,3.417555
13.2000,agent,agent_07,3.387401,5.686941
13.2000,agent,agent_08,4.686609,4.510194
13.2000,agent,agent_09,2.916015,4.072964
13.2000,agent,agent_10,3.974726,4.769718
13.2000,agent,agent_11,2.909063,4.684257
13.2000,agent,agent_12,2.910532,3.761104
13.2000,agent,agent_13,4.776835,3.261084
13.2000,agent,agent_14,2.839763,5.185579
13.2000,agent,agent_15,3.546637,3.378763
13.2000,cargo,cargo_0,3.767950,4.186054
13.2500,agent,agent_00,4.170561,3.373391
13.2500,agent,agent_01,3.080287,3.150554
13.2500,agent,agent_02,4.034685,4.368250
13.2500,agent,agent_03,2.709484,4.420000
13.2500,agent,agent_04,3.946574,5.470697
13.2500,agent,agent_05,5.009044,3.791221
13.2500,agent,agent_06,2.784530,3.422023
13.2500,agent,agent_07,3.384966,5.692801
13.2500,agent,agent_08,4.686675,4.515804
13.2500,agent,agent_09,2.916869,4.077993
13.2500,agent,agent_10,3.974890,4.777037
13.2500,agent,agent_11,2.906186,4.686288
13.2500,agent,agent_12,2.909621,3.765662
13.2500,agent,agent_13,4.776052,3.270264
13.2500,agent,agent_14,2.839312,5.193444
13.2500,agent,agent_15,3.552646,3.385084
13.2500,cargo,cargo_0,3.769232,4.193661
13.3000,agent,agent_00,4.172341,3.380888
13.3000,agent,agent_01,3.082128,3.159556
13.3000,agent,agent_02,4.035443,4.373885
13.3000,agent,agent_03,2.709823,4.421284
13.3000,agent,agent_04,3.946077,5.476508
13.3000,agent,agent_05,5.009358,3.798564
13.3000,agent,agent_06,2.784186,3.431287
13.3000,agent,agent_07,3.383213,5.698068
13.3000,agent,agent_08,4.687219,4.523786
13.3000,agent,agent_09,2.919337,4.082009
13.3000,agent,agent_10,3.975817,4.783679
13.3000,agent,agent_11,2.895332,4.691311
13.3000,agent,agent_12,2.910260,3.768214
13.3000,agent,agent_13,4.776678,3.279186
13.3000,agent,agent_14,2.838083,5.201275
13.3000,agent,agent_15,3.556871,3.391684
13.3000,cargo,cargo_0,3.770128,4.201732
13.3500,agent,agent_00,4.171287,3.389071
13.3500,agent,agent_01,3.086404,3.170054
13.3500,agent,agent_02,4.035294,4.377834
13.3500,agent,agent_03,2.709638,4.422099
13.3500,agent,agent_04,3.946364,5.483847
13.3500,agent,agent_05,5.010139,3.807690
13.3500,agent,agent_06,2.785010,3.440411
13.3500,agent,agent_07,3.379295,5.704897
13.3500,agent,agent_08,4.686346,4.529210
13.3500,agent,agent_09,2.921021,4.085615
13.3500,agent,agent_10,3.976666,4.790229
13.3500,agent,agent_11,2.888892,4.698297
13.3500,agent,agent_12,2.910361,3.773027
13.3500,agent,agent_13,4.776633,3.288712
13.3500,agent,agent_14,2.837247,5.210342
13.3500,agent,agent_15,3.562900,3.398491
13.3500,cargo,cargo_0,3.770773,4.210414
13.4000,agent,agent_00,4.167882,3.396147
13.4000,agent,agent_01,3.090007,3.181055
13.4000,agent,agent_02,4.035787,4.382465
13.4000,agent,agent_03,2.710700,4.421385
13.4000,agent,agent_04,3.946242,5.491075
13.4000,agent,agent_05,5.010855,3.815787
13.4000,agent,agent_06,2.785000,3.448145
13.4000,agent,agent_07,3.378577,5.715217
13.4000,agent,agent_08,4.687035,4.538080
13.4000,agent,agent_09,2.920825,4.090414
13.4000,agent,agent_10,3.977220,4.796524
13.4000,agent,agent_11,2.889153,4.707838
13.4000,agent,agent_12,2.911081,3.775909
13.4000,agent,agent_13,4.779049,3.296927
13.4000,agent,agent_14,2.836378,5.217631
13.4000,agent,agent_15,3.567368,3.406654
13.4000,cargo,cargo_0,3.770696,4.218777
13.4500,agent,agent_00,4.169178,3.402396
13.4500,agent,agent_01,3.093836,3.192906
13.4500,agent,agent_02,4.035547,4.387863
13.4500,agent,agent_03,2.710550,4.423946
13.4500,agent,agent_04,3.945884,5.498370
13.4500,agent,agent_05,5.011401,3.826240
13.4500,agent,agent_06,2.784878,3.452591
13.4500,agent,agent_07,3.375182,5.722833
13.4500,agent,agent_08,4.689114,4.546313
13.4500,agent,agent_09,2.912371,4.096081
13.4500,agent,agent_10,3.976906,4.801370
13.4500,agent,agent_11,2.891162,4.713425
13.4500,agent,agent_12,2.912346,3.777434
13.4500,agent,agent_13,4.780213,3.305429
13.4500,agent,agent_14,2.836959,5.224444
13.4500,agent,agent_15,3.569518,3.414233
13.4500,cargo,cargo_0,3.770938,4.226649
13.5000,agent,agent_00,4.170008,3.410276
13.5000,agent,agent_01,3.093885,3.203146
13.5000,agent,agent_02,4.035463,4.394801
13.5000,agent,agent_03,2.711375,4.422896
13.5000,agent,agent_04,3.946198,5.505473
13.5000,agent,agent_05,5.012592,3.836769
13.5000,agent,agent_06,2.787090,3.453078
13.5000,agent,agent_07,3.370702,5.730911
13.5000,agent,agent_08,4.688682,4.556939
13.5000,agent,agent_09,2.899864,4.103034
13.5000,agent,agent_10,3.977405,4.808243
13.5000,agent,agent_11,2.892385,4.720187
13.5000,agent,agent_12,2.914213,3.779683
13.5000,agent,agent_13,4.779659,3.315318
13.5000,agent,agent_14,2.836202,5.233520
13.5000,agent,agent_15,3.571509,3.403420
13.5000,cargo,cargo_0,3.771043,4.229705
13.5500,agent,agent_00,4.169881,3.418033
13.5500,agent,agent_01,3.094964,3.213082
13.5500,agent,agent_02,4.034911,4.402145
13.5500,agent,agent_03,2.711255,4.426337
13.5500,agent,agent_04,3.946033,5.512894
13.5500,agent,agent_05,5.013065,3.846634
13.5500,agent,agent_06,2.786620,3.456445
13.5500,agent,agent_07,3.372487,5.735855
13.5500,agent,agent_08,4.689204,4.565684
13.5500,agent,agent_09,2.889913,4.110745
13.5500,agent,agent_10,3.977245,4.815689
13.5500,agent,agent_11,2.893705,4.726765
13.5500,agent,agent_12,2.915628,3.783484
13.5500,agent,agent_13,4.782313,3.323475
13.5500,agent,agent_14,2.836190,5.241419
13.5500,agent,agent_15,3.573755,3.411314
13.5500,cargo,cargo_0,3.771075,4.230605
13.6000,agent,agent_00,4.172218,3.422872
13.6000,agent,agent_01,3.094454,3.222412
13.6000,agent,agent_02,4.035308,4.407479
13.6000,agent,agent_03,2.712176,4.427477
13.6000,agent,agent_04,3.945200,5.516526
13.6000,agent,agent_05,5.012523,3.854073
13.6000,agent,agent_06,2.786611,3.458770
13.6000,agent,agent_07,3.376356,5.739972
13.6000,agent,agent_08,4.688881,4.570517
13.6000,agent,agent_09,2.907192,4.107970
13.6000,agent,agent_10,3.976727,4.821902
13.6000,agent,agent_11,2.894057,4.735334
13.6000,agent,agent_12,2.917603,3.785469
13.6000,agent,agent_13,4.786183,3.330138
13.6000,agent,agent_14,2.836283,5.249576
13.6000,agent,agent_15,3.577350,3.416247
13.6000,cargo,cargo_0,3.771443,4.233069
13.6500,agent,agent_00,4.173240,3.417059
13.6500,agent,agent_01,3.092754,3.229586
13.6500,agent,agent_02,4.035163,4.410712
13.6500,agent,agent_03,2.712437,4.428860
13.6500,agent,agent_04,3.946848,5.522516
13.6500,agent,agent_05,5.011143,3.856959
13.6500,agent,agent_06,2.787277,3.459251
13.6500,agent,agent_07,3.380952,5.746910
13.6500,agent,agent_08,4.689476,4.572598
13.6500,agent,agent_09,2.901137,4.109199
13.6500,agent,agent_10,3.986384,4.836496
13.6500,agent,agent_11,2.896499,4.738038
13.6500,agent,agent_12,2.919763,3.785207
13.6500,agent,agent_13,4.790820,3.320035
13.6500,agent,agent_14,2.838245,5.252573
13.6500,agent,agent_15,3.582579,3.420317
13.6500,cargo,cargo_0,3.771707,4.234733
13.7000,agent,agent_00,4.175063,3.416680
13.7000,agent,agent_01,3.094232,3.236050
13.7000,agent,agent_02,4.035352,4.413784
13.7000,agent,agent_03,2.713329,4.430999
13.7000,agent,agent_04,3.945063,5.523840
13.7000,agent,agent_05,5.010443,3.863130
13.7000,agent,agent_06,2.787213,3.458980
13.7000,agent,agent_07,3.382893,5.751498
13.7000,agent,agent_08,4.690078,4.573164
13.7000,agent,agent_09,2.903535,4.108145
13.7000,agent,agent_10,3.992068,4.846173
13.7000,agent,agent_11,2.893914,4.744112
13.7000,agent,agent_12,2.921072,3.783188
13.7000,agent,agent_13,4.791105,3.325775
13.7000,agent,agent_14,2.838671,5.257708
13.7000,agent,agent_15,3.583439,3.409849
13.7000,cargo,cargo_0,3.771707,4.234733
13.7500,agent,agent_00,4.178515,3.415311
13.7500,agent,agent_01,3.093219,3.240591
13.7500,agent,agent_02,4.035469,4.416838
13.7500,agent,agent_03,2.714875,4.429192
13.7500,agent,agent_04,3.943488,5.523888
13.7500,agent,agent_05,5.009455,3.864973
13.7500,agent,agent_06,2.800297,3.454944
13.7500,agent,agent_07,3.384116,5.749468
13.7500,agent,agent_08,4.688616,4.572091
13.7500,agent,agent_09,2.900109,4.105901
13.7500,agent,agent_10,4.002177,4.860458
13.7500,agent,agent_11,2.894815,4.747400
13.7500,agent,agent_12,2.922731,3.782384
13.7500,agent,agent_13,4.787396,3.323148
13.7500,agent,agent_14,2.839556,5.263464
13.7500,agent,agent_15,3.581238,3.407568
13.7500,cargo,cargo_0,3.771707,4.234733
13.8000,agent,agent_00,4.182678,3.417644
13.8000,agent,agent_01,3.095706,3.244237
13.8000,agent,agent_02,4.035304,4.418029
13.8000,agent,agent_03,2.717090,4.429041
13.8000,agent,agent_04,3.941525,5.523301
13.8000,agent,agent_05,5.009148,3.870313
13.8000,agent,agent_06,2.811831,3.452039
13.8000,agent,agent_07,3.381982,5.749487
13.8000,agent,agent_08,4.688203,4.569922
13.8000,agent,agent_09,2.895580,4.105682
13.8000,agent,agent_10,3.999749,4.863029
13.8000,agent,agent_11,2.896183,4.750157
13.8000,agent,agent_12,2.923641,3.779619
13.8000,agent,agent_13,4.785312,3.314128
13.8000,agent,agent_14,2.840006,5.269039
13.8000,agent,agent_15,3.582919,3.411856
13.8000,cargo,cargo_0,3.771707,4.234733
13.8500,agent,agent_00,4.182486,3.418524
13.8500,agent,agent_01,3.097925,3.248632
13.8500,agent,agent_02,4.035179,4.418216
13.8500,agent,agent_03,2.718656,4.432779
13.8500,agent,agent_04,3.939684,5.521540
13.8500,agent,agent_05,5.008737,3.874013
13.8500,agent,agent_06,2.822261,3.449912
13.8500,agent,agent_07,3.384103,5.747756
13.8500,agent,agent_08,4.688294,4.567541
13.8500,agent,agent_09,2.897704,4.104559
13.8500,agent,agent_10,3.997734,4.864786
13.8500,agent,agent_11,2.897932,4.754001
13.8500,agent,agent_12,2.924905,3.781751
13.8500,agent,agent_13,4.780840,3.317459
13.8500,agent,agent_14,2.842155,5.270670
13.8500,agent,agent_15,3.586198,3.414077
13.8500,cargo,cargo_0,3.771707,4.234733
13.9000,agent,agent_00,4.185182,3.419651
13.9000,agent,agent_01,3.097364,3.251815
13.9000,agent,agent_02,4.035056,4.418426
13.9000,agent,agent_03,2.720985,4.433289
13.9000,agent,agent_04,3.938209,5.520527
13.9000,agent,agent_05,5.007762,3.874598
13.9000,agent,agent_06,2.815593,3.436198
13.9000,agent,agent_07,3.381347,5.745764
13.9000,agent,agent_08,4.687081,4.565877
13.9000,agent,agent_09,2.914884,4.101230
13.9000,agent,agent_10,3.995359,4.865594
13.9000,agent,agent_11,2.898766,4.757946
13.9000,agent,agent_12,2.925245,3.785957
13.9000,agent,agent_13,4.780035,3.321514
13.9000,agent,agent_14,2.845028,5.269386
13.9000,agent,agent_15,3.585275,3.415895
13.9000,cargo,cargo_0,3.771707,4.234733
13.9500,agent,agent_00,4.188921,3.420459
13.9500,agent,agent_01,3.102099,3.254990
13.9500,agent,agent_02,4.034760,4.417220
13.9500,agent,agent_03,2.721951,4.430296
13.9500,agent,agent_04,3.936315,5.517996
13.9500,agent,agent_05,5.007168,3.872760
13.9500,agent,agent_06,2.809046,3.422481
13.9500,agent,agent_07,3.382770,5.742169
13.9500,agent,agent_08,4.685049,4.563597
13.9500,agent,agent_09,2.916626,4.101155
13.9500,agent,agent_10,3.993052,4.866638
13.9500,agent,agent_11,2.900654,4.760975
13.9500,agent,agent_12,2.926174,3.785613
13.9500,agent,agent_13,4.781136,3.332784
13.9500,agent,agent_14,2.845551,5.264539
13.9500,agent,agent_15,3.582786,3.417322
13.9500,cargo,cargo_0,3.771707,4.234733
14.0000,agent,agent_00,4.193322,3.421215
14.0000,agent,agent_01,3.108142,3.257936
14.0000,agent,agent_02,4.033913,4.416279
14.0000,agent,agent_03,2.722201,4.425990
14.0000,agent,agent_04,3.934856,5.517076
14.0000,agent,agent_05,5.006340,3.871898
14.0000,agent,agent_06,2.803800,3.407620
14.0000,agent,agent_07,3.384750,5.739961
14.0000,agent,agent_08,4.683945,4.560404
14.0000,agent,agent_09,2.909659,4.105426
14.0000,agent,agent_10,3.991877,4.868010
14.0000,agent,agent_11,2.903465,4.760146
14.0000,agent,agent_12,2.926554,3.787988
14.0000,agent,agent_13,4.781669,3.323052
14.0000,agent,agent_14,2.845157,5.259085
14.0000,agent,agent_15,3.581225,3.418397
14.0000,cargo,cargo_0,3.771707,4.234733
14.0500,agent,agent_00,4.194815,3.422123
14.0500,agent,agent_01,3.111512,3.259943
14.0500,agent,agent_02,4.033853,4.415189
14.0500,agent,agent_03,2.723777,4.426989
14.0500,agent,agent_04,3.932226,5.514770
14.0500,agent,agent_05,5.005594,3.869727
14.0500,agent,agent_06,2.798045,3.393348
14.0500,agent,agent_07,3.381836,5.737527
14.0500,agent,agent_08,4.684754,4.557992
14.0500,agent,agent_09,2.911695,4.107052
14.0500,agent,agent_10,3.990500,4.869002
14.0500,agent,agent_11,2.905153,4.762678
14.0500,agent,agent_12,2.927485,3.786372
14.0500,agent,agent_13,4.781630,3.315704
14.0500,agent,agent_14,2.844985,5.254541
14.0500,agent,agent_15,3.578548,3.419432
14.0500,cargo,cargo_0,3.771707,4.234733
14.1000,agent,agent_00,4.196282,3.430110
14.1000,agent,agent_01,3.117109,3.263889
14.1000,agent,agent_02,4.032421,4.413648
14.1000,agent,agent_03,2.724070,4.430592
14.1000,agent,agent_04,3.929196,5.513160
14.1000,agent,agent_05,5.005062,3.866655
14.1000,agent,agent_06,2.792681,3.378833
14.1000,agent,agent_07,3.378780,5.734496
14.1000,agent,agent_08,4.682476,4.555156
14.1000,agent,agent_09,2.912958,4.111311
14.1000,agent,agent_10,3.988632,4.868292
14.1000,agent,agent_11,2.897431,4.767187
14.1000,agent,agent_12,2.927660,3.782236
14.1000,agent,agent_13,4.779667,3.318392
14.1000,agent,agent_14,2.845897,5.251735
14.1000,agent,agent_15,3.579062,3.420233
14.1000,cargo,cargo_0,3.771650,4.235126
14.1500,agent,agent_00,4.194901,3.419691
14.1500,agent,agent_01,3.120841,3.267833
14.1500,agent,agent_02,4.032037,4.413549
14.1500,agent,agent_03,2.730827,4.441584
14.1500,agent,agent_04,3.926783,5.510654
14.1500,agent,agent_05,5.004721,3.863955
14.1500,agent,agent_06,2.801149,3.376590
14.1500,agent,agent_07,3.378004,5.731269
14.1500,agent,agent_08,4.682689,4.553526
14.1500,agent,agent_09,2.915808,4.113105
14.1500,agent,agent_10,3.987059,4.869379
14.1500,agent,agent_11,2.914721,4.764484
14.1500,agent,agent_12,2.928860,3.783347
14.1500,agent,agent_13,4.777843,3.322162
14.1500,agent,agent_14,2.848438,5.252569
14.1500,agent,agent_15,3.579074,3.421273
14.1500,cargo,cargo_0,3.771650,4.235126
14.2000,agent,agent_00,4.199257,3.408787
14.2000,agent,agent_01,3.121071,3.269772
14.2000,agent,agent_02,4.031235,4.413356
14.2000,agent,agent_03,2.736990,4.451936
14.2000,agent,agent_04,3.924218,5.508119
14.2000,agent,agent_05,5.003503,3.867357
14.2000,agent,agent_06,2.795805,3.362173
14.2000,agent,agent_07,3.381107,5.730834
14.2000,agent,agent_08,4.681398,4.550949
14.2000,agent,agent_09,2.917807,4.113397
14.2000,agent,agent_10,3.985516,4.871384
14.2000,agent,agent_11,2.913265,4.763648
14.2000,agent,agent_12,2.928023,3.787354
14.2000,agent,agent_13,4.778153,3.324612
14.2000,agent,agent_14,2.850340,5.253114
14.2000,agent,agent_15,3.582606,3.422562
14.2000,cargo,cargo_0,3.771650,4.235126
14.2500,agent,agent_00,4.204683,3.399257
14.2500,agent,agent_01,3.119810,3.272223
14.2500,agent,agent_02,4.031198,4.412244
14.2500,agent,agent_03,2.742376,4.460882
14.2500,agent,agent_04,3.922242,5.506205
14.2500,agent,agent_05,5.002445,3.868260
14.2500,agent,agent_06,2.803435,3.359864
14.2500,agent,agent_07,3.384178,5.728717
14.2500,agent,agent_08,4.680387,4.548624
14.2500,agent,agent_09,2.919631,4.113686
14.2500,agent,agent_10,3.983337,4.871684
14.2500,agent,agent_11,2.915425,4.765201
14.2500,agent,agent_12,2.920834,3.789082
14.2500,agent,agent_13,4.780896,3.337417
14.2500,agent,agent_14,2.850157,5.256097
14.2500,agent,agent_15,3.585892,3.423890
14.2500,cargo,cargo_0,3.771650,4.235126
14.3000,agent,agent_00,4.205466,3.395256
14.3000,agent,agent_01,3.118863,3.264917
14.3000,agent,agent_02,4.029434,4.428787
14.3000,agent,agent_03,2.747261,4.468986
14.3000,agent,agent_04,3.919728,5.505350
14.3000,agent,agent_05,5.002326,3.872134
14.3000,agent,agent_06,2.809836,3.357832
14.3000,agent,agent_07,3.384060,5.726887
14.3000,agent,agent_08,4.679817,4.547430
14.3000,agent,agent_09,2.914795,4.117476
14.3000,agent,agent_10,3.981741,4.873372
14.3000,agent,agent_11,2.915086,4.769330
14.3000,agent,agent_12,2.919706,3.792529
14.3000,agent,agent_13,4.783982,3.328336
14.3000,agent,agent_14,2.851607,5.257665
14.3000,agent,agent_15,3.588730,3.424879
14.3000,cargo,cargo_0,3.771650,4.235126
14.3500,agent,agent_00,4.203599,3.404866
14.3500,agent,agent_01,3.117481,3.267392
14.3500,agent,agent_02,4.028603,4.427732
14.3500,agent,agent_03,2.751835,4.476412
14.3500,agent,agent_04,3.918331,5.505035
14.3500,agent,agent_05,5.000966,3.875961
14.3500,agent,agent_06,2.808443,3.346182
14.3500,agent,agent_07,3.384357,5.722881
14.3500,agent,agent_08,4.679542,4.545673
14.3500,agent,agent_09,2.916209,4.116568
14.3500,agent,agent_10,3.979733,4.874716
14.3500,agent,agent_11,2.914799,4.767702
14.3500,agent,agent_12,2.920797,3.791131
14.3500,agent,agent_13,4.787215,3.318332
14.3500,agent,agent_14,2.853782,5.257746
14.3500,agent,agent_15,3.593206,3.425675
14.3500,cargo,cargo_0,3.771650,4.235126
14.4000,agent,agent_00,4.201871,3.406066
14.4000,agent,agent_01,3.115472,3.270035
14.4000,agent,agent_02,4.028577,4.426651
14.4000,agent,agent_03,2.755767,4.482710
14.4000,agent,agent_04,3.916365,5.504346
14.4000,agent,agent_05,5.000673,3.881907
14.4000,agent,agent_06,2.804474,3.330853
14.4000,agent,agent_07,3.380977,5.722879
14.4000,agent,agent_08,4.678192,4.543191
14.4000,agent,agent_09,2.917885,4.117329
14.4000,agent,agent_10,3.978525,4.876213
14.4000,agent,agent_11,2.910013,4.764414
14.4000,agent,agent_12,2.921123,3.788802
14.4000,agent,agent_13,4.790393,3.308260
14.4000,agent,agent_14,2.854986,5.254853
14.4000,agent,agent_15,3.595164,3.426580
14.4000,cargo,cargo_0,3.771646,4.235136
14.4500,agent,agent_00,4.197718,3.407369
14.4500,agent,agent_01,3.116690,3.272253
14.4500,agent,agent_02,4.028315,4.425534
14.4500,agent,agent_03,2.758993,4.487533
14.4500,agent,agent_04,3.913705,5.502555
14.4500,agent,agent_05,5.000533,3.888432
14.4500,agent,agent_06,2.799621,3.316339
14.4500,agent,agent_07,3.377453,5.721343
14.4500,agent,agent_08,4.678584,4.541899
14.4500,agent,agent_09,2.919116,4.116160
14.4500,agent,agent_10,3.977258,4.877545
14.4500,agent,agent_11,2.912119,4.766644
14.4500,agent,agent_12,2.920411,3.790416
14.4500,agent,agent_13,4.796027,3.298686
14.4500,agent,agent_14,2.854736,5.250763
14.4500,agent,agent_15,3.593700,3.428066
14.4500,cargo,cargo_0,3.771166,4.236091
14.5000,agent,agent_00,4.197478,3.411610
14.5000,agent,agent_01,3.119044,3.276529
14.5000,agent,agent_02,4.027705,4.424370
14.5000,agent,agent_03,2.762024,4.492037
14.5000,agent,agent_04,3.910887,5.501779
14.5000,agent,agent_05,4.999217,3.889266
14.5000,agent,agent_06,2.794967,3.301775
14.5000,agent,agent_07,3.377890,5.721288
14.5000,agent,agent_08,4.677996,4.540499
14.5000,agent,agent_09,2.920364,4.118775
14.5000,agent,agent_10,3.975493,4.878288
14.5000,agent,agent_11,2.914388,4.767194
14.5000,agent,agent_12,2.918955,3.793476
14.5000,agent,agent_13,4.801076,3.288953
14.5000,agent,agent_14,2.855804,5.252116
14.5000,agent,agent_15,3.591121,3.429568
14.5000,cargo,cargo_0,3.770628,4.237143
14.5500,agent,agent_00,4.197490,3.412871
14.5500,agent,agent_01,3.118724,3.280292
14.5500,agent,agent_02,4.026618,4.423245
14.5500,agent,agent_03,2.764759,4.496118
14.5500,agent,agent_04,3.909949,5.501491
14.5500,agent,agent_05,4.998692,3.893129
14.5500,agent,agent_06,2.792123,3.286025
14.5500,agent,agent_07,3.375038,5.720781
14.5500,agent,agent_08,4.677863,4.538119
14.5500,agent,agent_09,2.921129,4.121425
14.5500,agent,agent_10,3.974778,4.879076
14.5500,agent,agent_11,2.905845,4.771849
14.5500,agent,agent_12,2.918939,3.792504
14.5500,agent,agent_13,4.804689,3.293326
14.5500,agent,agent_14,2.857541,5.252472
14.5500,agent,agent_15,3.588278,3.431127
14.5500,cargo,cargo_0,3.769920,4.238730
14.6000,agent,agent_00,4.200235,3.414133
14.6000,agent,agent_01,3.117856,3.283666
14.6000,agent,agent_02,4.023132,4.439913
14.6000,agent,agent_03,2.767569,4.499449
14.6000,agent,agent_04,3.918905,5.516526
14.6000,agent,agent_05,4.998474,3.895637
14.6000,agent,agent_06,2.791043,3.269441
14.6000,agent,agent_07,3.377236,5.719563
14.6000,agent,agent_08,4.677442,4.536198
14.6000,agent,agent_09,2.920965,4.126363
14.6000,agent,agent_10,3.973918,4.879781
14.6000,agent,agent_11,2.907953,4.771698
14.6000,agent,agent_12,2.917892,3.795077
14.6000,agent,agent_13,4.804209,3.298274
14.6000,agent,agent_14,2.858562,5.254720
14.6000,agent,agent_15,3.590655,3.435016
14.6000,cargo,cargo_0,3.769739,4.240175
14.6500,agent,agent_00,4.202252,3.416340
14.6500,agent,agent_01,3.116567,3.282203
14.6500,agent,agent_02,4.023347,4.439096
14.6500,agent,agent_03,2.770112,4.502388
14.6500,agent,agent_04,3.916578,5.515771
14.6500,agent,agent_05,4.997813,3.899537
14.6500,agent,agent_06,2.797215,3.256085
14.6500,agent,agent_07,3.377222,5.717679
14.6500,agent,agent_08,4.677834,4.534640
14.6500,agent,agent_09,2.921636,4.127836
14.6500,agent,agent_10,3.971959,4.881142
14.6500,agent,agent_11,2.905955,4.769981
14.6500,agent,agent_12,2.917049,3.793034
14.6500,agent,agent_13,4.806511,3.301661
14.6500,agent,agent_14,2.860394,5.253822
14.6500,agent,agent_15,3.590946,3.436498
14.6500,cargo,cargo_0,3.769388,4.241910
14.7000,agent,agent_00,4.200928,3.418017
14.7000,agent,agent_01,3.117516,3.271400
14.7000,agent,agent_02,4.023603,4.439964
14.7000,agent,agent_03,2.772332,4.504529
14.7000,agent,agent_04,3.914992,5.514656
14.7000,agent,agent_05,4.997198,3.899238
14.7000,agent,agent_06,2.803639,3.247232
14.7000,agent,agent_07,3.377160,5.714152
14.7000,agent,agent_08,4.676861,4.533348
14.7000,agent,agent_09,2.922697,4.127282
14.7000,agent,agent_10,3.970155,4.882066
14.7000,agent,agent_11,2.902262,4.768588
14.7000,agent,agent_12,2.915729,3.789168
14.7000,agent,agent_13,4.804047,3.306029
14.7000,agent,agent_14,2.860629,5.257096
14.7000,agent,agent_15,3.591682,3.437830
14.7000,cargo,cargo_0,3.769061,4.242758
14.7500,agent,agent_00,4.202177,3.430979
14.7500,agent,agent_01,3.115022,3.261175
14.7500,agent,agent_02,4.023718,4.442363
14.7500,agent,agent_03,2.774343,4.505871
14.7500,agent,agent_04,3.913204,5.515055
14.7500,agent,agent_05,4.997136,3.896782
14.7500,agent,agent_06,2.808599,3.230450
14.7500,agent,agent_07,3.378423,5.716883
14.7500,agent,agent_08,4.676208,4.535050
14.7500,agent,agent_09,2.922276,4.125828
14.7500,agent,agent_10,3.968635,4.883882
14.7500,agent,agent_11,2.897400,4.769620
14.7500,agent,agent_12,2.913407,3.790230
14.7500,agent,agent_13,4.805663,3.310392
14.7500,agent,agent_14,2.861492,5.259043
14.7500,agent,agent_15,3.596252,3.443399
14.7500,cargo,cargo_0,3.768929,4.245258
14.8000,agent,agent_00,4.203750,3.437968
14.8000,agent,agent_01,3.112945,3.250882
14.8000,agent,agent_02,4.023447,4.443133
14.8000,agent,agent_03,2.776437,4.506687
14.8000,agent,agent_04,3.912391,5.516130
14.8000,agent,agent_05,4.996588,3.896336
14.8000,agent,agent_06,2.813217,3.213570
14.8000,agent,agent_07,3.378667,5.715379
14.8000,agent,agent_08,4.675577,4.534847
14.8000,agent,agent_09,2.922578,4.128639
14.8000,agent,agent_10,3.969058,4.886516
14.8000,agent,agent_11,2.897186,4.771568
14.8000,agent,agent_12,2.911449,3.793982
14.8000,agent,agent_13,4.806566,3.315498
14.8000,agent,agent_14,2.861943,5.259342
14.8000,agent,agent_15,3.596474,3.445228
14.8000,cargo,cargo_0,3.768175,4.249684
14.8500,agent,agent_00,4.207146,3.441918
14.8500,agent,agent_01,3.115258,3.239731
14.8500,agent,agent_02,4.023431,4.444048
14.8500,agent,agent_03,2.778641,4.507478
14.8500,agent,agent_04,3.910732,5.517667
14.8500,agent,agent_05,4.996065,3.900099
14.8500,agent,agent_06,2.815081,3.196407
14.8500,agent,agent_07,3.376099,5.719717
14.8500,agent,agent_08,4.675487,4.536456
14.8500,agent,agent_09,2.921947,4.133870
14.8500,agent,agent_10,3.968016,4.888847
14.8500,agent,agent_11,2.898796,4.772704
14.8500,agent,agent_12,2.909085,3.799133
14.8500,agent,agent_13,4.803420,3.320731
14.8500,agent,agent_14,2.861683,5.263152
14.8500,agent,agent_15,3.598465,3.448962
14.8500,cargo,cargo_0,3.767754,4.255742
14.9000,agent,agent_00,4.210859,3.450311
14.9000,agent,agent_01,3.116532,3.247469
14.9000,agent,agent_02,4.024185,4.446031
14.9000,agent,agent_03,2.780858,4.508279
14.9000,agent,agent_04,3.909620,5.519893
14.9000,agent,agent_05,4.995190,3.902202
14.9000,agent,agent_06,2.819056,3.192381
14.9000,agent,agent_07,3.373933,5.723710
14.9000,agent,agent_08,4.674685,4.540406
14.9000,agent,agent_09,2.922788,4.135805
14.9000,agent,agent_10,3.966716,4.891331
14.9000,agent,agent_11,2.899889,4.777494
14.9000,agent,agent_12,2.906862,3.804211
14.9000,agent,agent_13,4.804925,3.326736
14.9000,agent,agent_14,2.860463,5.269619
14.9000,agent,agent_15,3.603249,3.452146
14.9000,cargo,cargo_0,3.767832,4.262085
14.9500,agent,agent_00,4.213137,3.461204
14.9500,agent,agent_01,3.119460,3.256659
14.9500,agent,agent_02,4.024934,4.449179
14.9500,agent,agent_03,2.783369,4.509466
14.9500,agent,agent_04,3.909680,5.526008
14.9500,agent,agent_05,4.996763,3.904892
14.9500,agent,agent_06,2.823195,3.187902
14.9500,agent,agent_07,3.372409,5.728585
14.9500,agent,agent_08,4.672851,4.543769
14.9500,agent,agent_09,2.921926,4.139000
14.9500,agent,agent_10,3.966908,4.895520
14.9500,agent,agent_11,2.889435,4.786330
14.9500,agent,agent_12,2.905510,3.806090
14.9500,agent,agent_13,4.802964,3.334884
14.9500,agent,agent_14,2.861018,5.273150
14.9500,agent,agent_15,3.602977,3.459029
14.9500,cargo,cargo_0,3.767076,4.269914
15.0000,agent,agent_00,4.210761,3.466091
15.0000,agent,agent_01,3.125651,3.261601
15.0000,agent,agent_02,4.025639,4.454320
15.0000,agent,agent_03,2.786713,4.510759
15.0000,agent,agent_04,3.921931,5.538505
15.0000,agent,agent_05,4.996676,3.911528
15.0000,agent,agent_06,2.829033,3.171405
15.0000,agent,agent_07,3.370383,5.736173
15.0000,agent,agent_08,4.672496,4.549244
15.0000,agent,agent_09,2.922133,4.139524
15.0000,agent,agent_10,3.966517,4.899683
15.0000,agent,agent_11,2.890042,4.803819
15.0000,agent,agent_12,2.903394,3.810243
15.0000,agent,agent_13,4.804784,3.343325
15.0000,agent,agent_14,2.863120,5.272091
15.0000,agent,agent_15,3.606892,3.463397
15.0000,cargo,cargo_0,3.766024,4.278420
15.0500,agent,agent_00,4.209883,3.471838
15.0500,agent,agent_01,3.132671,3.270860
15.0500,agent,agent_02,4.024498,4.460673
15.0500,agent,agent_03,2.791075,4.513869
15.0500,agent,agent_04,3.919265,5.548295
15.0500,agent,agent_05,4.996949,3.913825
15.0500,agent,agent_06,2.835069,3.166288
15.0500,agent,agent_07,3.371008,5.742546
15.0500,agent,agent_08,4.672158,4.555921
15.0500,agent,agent_09,2.921683,4.141862
15.0500,agent,agent_10,3.966095,4.905382
15.0500,agent,agent_11,2.890649,4.821309
15.0500,agent,agent_12,2.903498,3.808941
15.0500,agent,agent_13,4.800706,3.351437
15.0500,agent,agent_14,2.862919,5.275328
15.0500,agent,agent_15,3.612371,3.468000
15.0500,cargo,cargo_0,3.765556,4.285045
15.1000,agent,agent_00,4.207326,3.477157
15.1000,agent,agent_01,3.138030,3.281102
15.1000,agent,agent_02,4.023042,4.466946
15.1000,agent,agent_03,2.796244,4.518546
15.1000,agent,agent_04,3.919784,5.558311
15.1000,agent,agent_05,5.010617,3.924753
15.1000,agent,agent_06,2.842209,3.161104
15.1000,agent,agent_07,3.371653,5.749374
15.1000,agent,agent_08,4.673841,4.563868
15.1000,agent,agent_09,2.920948,4.139830
15.1000,agent,agent_10,3.965441,4.910687
15.1000,agent,agent_11,2.891255,4.838798
15.1000,agent,agent_12,2.902940,3.804958
15.1000,agent,agent_13,4.803168,3.341145
15.1000,agent,agent_14,2.862573,5.279226
15.1000,agent,agent_15,3.616297,3.473650
15.1000,cargo,cargo_0,3.765706,4.290748
15.1500,agent,agent_00,4.203758,3.476868
15.1500,agent,agent_01,3.143062,3.291374
15.1500,agent,agent_02,4.022429,4.473280
15.1500,agent,agent_03,2.802062,4.524592
15.1500,agent,agent_04,3.919308,5.565699
15.1500,agent,agent_05,5.009669,3.927057
15.1500,agent,agent_06,2.848457,3.144757
15.1500,agent,agent_07,3.372966,5.757248
15.1500,agent,agent_08,4.673761,4.575983
15.1500,agent,agent_09,2.921453,4.140624
15.1500,agent,agent_10,3.965362,4.917410
15.1500,agent,agent_11,2.891862,4.856288
15.1500,agent,agent_12,2.902511,3.799554
15.1500,agent,agent_13,4.803390,3.352101
15.1500,agent,agent_14,2.861491,5.284374
15.1500,agent,agent_15,3.616043,3.479489
15.1500,cargo,cargo_0,3.765157,4.295006
15.2000,agent,agent_00,4.203271,3.482409
15.2000,agent,agent_01,3.144255,3.301908
15.2000,agent,agent_02,4.022118,4.479163
15.2000,agent,agent_03,2.808403,4.531849
15.2000,agent,agent_04,3.919045,5.572959
15.2000,agent,agent_05,5.007592,3.931026
15.2000,agent,agent_06,2.858491,3.139886
15.2000,agent,agent_07,3.370908,5.764885
15.2000,agent,agent_08,4.673251,4.583752
15.2000,agent,agent_09,2.919743,4.144260
15.2000,agent,agent_10,3.964345,4.923242
15.2000,agent,agent_11,2.892469,4.873777
15.2000,agent,agent_12,2.902345,3.799026
15.2000,agent,agent_13,4.801166,3.361080
15.2000,agent,agent_14,2.862279,5.286540
15.2000,agent,agent_15,3.612305,3.485754
15.2000,cargo,cargo_0,3.764375,4.299043
15.2500,agent,agent_00,4.200207,3.488421
15.2500,agent,agent_01,3.142899,3.310148
15.2500,agent,agent_02,4.022128,4.483883
15.2500,agent,agent_03,2.815167,4.540184
15.2500,agent,agent_04,3.917855,5.579133
15.2500,agent,agent_05,5.007548,3.937865
15.2500,agent,agent_06,2.869070,3.134888
15.2500,agent,agent_07,3.369231,5.772620
15.2500,agent,agent_08,4.674314,4.590812
15.2500,agent,agent_09,2.918607,4.149158
15.2500,agent,agent_10,3.963515,4.928289
15.2500,agent,agent_11,2.882908,4.877244
15.2500,agent,agent_12,2.900631,3.802428
15.2500,agent,agent_13,4.798892,3.369839
15.2500,agent,agent_14,2.853003,5.295008
15.2500,agent,agent_15,3.614148,3.492409
15.2500,cargo,cargo_0,3.763967,4.304421
15.3000,agent,agent_00,4.199144,3.494274
15.3000,agent,agent_01,3.145703,3.318074
15.3000,agent,agent_02,4.021631,4.489489
15.3000,agent,agent_03,2.822033,4.547660
15.3000,agent,agent_04,3.916633,5.585109
15.3000,agent,agent_05,5.006256,3.941526
15.3000,agent,agent_06,2.879908,3.129636
15.3000,agent,agent_07,3.364705,5.780427
15.3000,agent,agent_08,4.673796,4.599412
15.3000,agent,agent_09,2.918393,4.152167
15.3000,agent,agent_10,3.962705,4.933340
15.3000,agent,agent_11,2.896934,4.866781
15.3000,agent,agent_12,2.898507,3.808269
15.3000,agent,agent_13,4.793875,3.378489
15.3000,agent,agent_14,2.843603,5.302471
15.3000,agent,agent_15,3.613027,3.499222
15.3000,cargo,cargo_0,3.763328,4.310872
15.3500,agent,agent_00,4.197202,3.500486
15.3500,agent,agent_01,3.151669,3.326142
15.3500,agent,agent_02,4.021226,4.495499
15.3500,agent,agent_03,2.828096,4.553064
15.3500,agent,agent_04,3.916662,5.592848
15.3500,agent,agent_05,5.005764,3.949282
15.3500,agent,agent_06,2.891398,3.124477
15.3500,agent,agent_07,3.365144,5.788412
15.3500,agent,agent_08,4.672794,4.605223
15.3500,agent,agent_09,2.917785,4.155845
15.3500,agent,agent_10,3.961394,4.939380
15.3500,agent,agent_11,2.889690,4.872623
15.3500,agent,agent_12,2.896853,3.811234
15.3500,agent,agent_13,4.787520,3.386830
15.3500,agent,agent_14,2.842530,5.308808
15.3500,agent,agent_15,3.612468,3.506326
15.3500,cargo,cargo_0,3.762575,4.318459
15.4000,agent,agent_00,4.196138,3.506779
15.4000,agent,agent_01,3.153996,3.336218
15.4000,agent,agent_02,4.021118,4.502481
15.4000,agent,agent_03,2.834486,4.558289
15.4000,agent,agent_04,3.916454,5.598907
15.4000,agent,agent_05,5.004557,3.959280
15.4000,agent,agent_06,2.903756,3.119688
15.4000,agent,agent_07,3.363206,5.795792
15.4000,agent,agent_08,4.670982,4.614789
15.4000,agent,agent_09,2.915816,4.162249
15.4000,agent,agent_10,3.961577,4.944905
15.4000,agent,agent_11,2.904025,4.863403
15.4000,agent,agent_12,2.894615,3.817188
15.4000,agent,agent_13,4.781001,3.395078
15.4000,agent,agent_14,2.841334,5.315017
15.4000,agent,agent_15,3.609277,3.513088
15.4000,cargo,cargo_0,3.761410,4.326740
15.4500,agent,agent_00,4.196132,3.514011
15.4500,agent,agent_01,3.153967,3.347251
15.4500,agent,agent_02,4.020809,4.508902
15.4500,agent,agent_03,2.840065,4.561818
15.4500,agent,agent_04,3.914462,5.609537
15.4500,agent,agent_05,5.003803,3.964566
15.4500,agent,agent_06,2.916937,3.115229
15.4500,agent,agent_07,3.364366,5.806038
15.4500,agent,agent_08,4.669673,4.624488
15.4500,agent,agent_09,2.914290,4.165856
15.4500,agent,agent_10,3.962466,4.951200
15.4500,agent,agent_11,2.899451,4.871326
15.4500,agent,agent_12,2.893801,3.818505
15.4500,agent,agent_13,4.774143,3.403667
15.4500,agent,agent_14,2.842989,5.317303
15.4500,agent,agent_15,3.606170,3.520831
15.4500,cargo,cargo_0,3.760434,4.334663
15.5000,agent,agent_00,4.193159,3.520073
15.5000,agent,agent_01,3.152625,3.357377
15.5000,agent,agent_02,4.018687,4.515449
15.5000,agent,agent_03,2.846077,4.565735
15.5000,agent,agent_04,3.913185,5.620193
15.5000,agent,agent_05,5.001785,3.971555
15.5000,agent,agent_06,2.930929,3.111156
15.5000,agent,agent_07,3.368298,5.815154
15.5000,agent,agent_08,4.668522,4.635059
15.5000,agent,agent_09,2.911862,4.172486
15.5000,agent,agent_10,3.960704,4.956559
15.5000,agent,agent_11,2.894094,4.881556
15.5000,agent,agent_12,2.893040,3.822713
15.5000,agent,agent_13,4.767211,3.412330
15.5000,agent,agent_14,2.843489,5.321273
15.5000,agent,agent_15,3.602853,3.529276
15.5000,cargo,cargo_0,3.758893,4.341956
15.5500,agent,agent_00,4.195056,3.526156
15.5500,agent,agent_01,3.153831,3.366062
15.5500,agent,agent_02,4.017723,4.522615
15.5500,agent,agent_03,2.852584,4.570361
15.5500,agent,agent_04,3.911310,5.628493
15.5500,agent,agent_05,5.000886,3.978685
15.5500,agent,agent_06,2.945626,3.107479
15.5500,agent,agent_07,3.369578,5.825433
15.5500,agent,agent_08,4.668194,4.645106
15.5500,agent,agent_09,2.908451,4.178814
15.5500,agent,agent_10,3.959668,4.963467
15.5500,agent,agent_11,2.892495,4.886736
15.5500,agent,agent_12,2.891098,3.823162
15.5500,agent,agent_13,4.763663,3.401274
15.5500,agent,agent_14,2.842293,5.329408
15.5500,agent,agent_15,3.599903,3.535889
15.5500,cargo,cargo_0,3.758233,4.348579
15.6000,agent,agent_00,4.198112,3.535027
15.6000,agent,agent_01,3.154580,3.375903
15.6000,agent,agent_02,4.015942,4.530601
15.6000,agent,agent_03,2.859301,4.575034
15.6000,agent,agent_04,3.910806,5.637099
15.6000,agent,agent_05,5.000791,3.985254
15.6000,agent,agent_06,2.960993,3.104333
15.6000,agent,agent_07,3.370448,5.836476
15.6000,agent,agent_08,4.666052,4.654097
15.6000,agent,agent_09,2.906778,4.181462
15.6000,agent,agent_10,3.958122,4.971103
15.6000,agent,agent_11,2.886760,4.891639
15.6000,agent,agent_12,2.891045,3.820447
15.6000,agent,agent_13,4.759494,3.411280
15.6000,agent,agent_14,2.839676,5.339332
15.6000,agent,agent_15,3.602149,3.532506
15.6000,cargo,cargo_0,3.758690,4.352957
15.6500,agent,agent_00,4.199274,3.541934
15.6500,agent,agent_01,3.154967,3.385492
15.6500,agent,agent_02,4.014670,4.537776
15.6500,agent,agent_03,2.866373,4.579773
15.6500,agent,agent_04,3.909740,5.644917
15.6500,agent,agent_05,5.000027,3.989037
15.6500,agent,agent_06,2.977089,3.101925
15.6500,agent,agent_07,3.366534,5.844372
15.6500,agent,agent_08,4.665101,4.660537
15.6500,agent,agent_09,2.904528,4.187925
15.6500,agent,agent_10,3.957526,4.977540
15.6500,agent,agent_11,2.899402,4.903740
15.6500,agent,agent_12,2.891558,3.820651
15.6500,agent,agent_13,4.760427,3.420498
15.6500,agent,agent_14,2.837714,5.349996
15.6500,agent,agent_15,3.604282,3.539961
15.6500,cargo,cargo_0,3.758906,4.356630
15.7000,agent,agent_00,4.202037,3.551247
15.7000,agent,agent_01,3.155202,3.394619
15.7000,agent,agent_02,4.014079,4.542999
15.7000,agent,agent_03,2.873290,4.585467
15.7000,agent,agent_04,3.909069,5.650690
15.7000,agent,agent_05,4.999915,3.996544
15.7000,agent,agent_06,2.993830,3.100324
15.7000,agent,agent_07,3.365050,5.851580
15.7000,agent,agent_08,4.664703,4.667883
15.7000,agent,agent_09,2.904736,4.189966
15.7000,agent,agent_10,3.957256,4.984019
15.7000,agent,agent_11,2.898030,4.909103
15.7000,agent,agent_12,2.892003,3.823167
15.7000,agent,agent_13,4.761759,3.430757
15.7000,agent,agent_14,2.836290,5.361119
15.7000,agent,agent_15,3.609537,3.545617
15.7000,cargo,cargo_0,3.759844,4.362386
15.7500,agent,agent_00,4.206477,3.562339
15.7500,agent,agent_01,3.153063,3.392341
15.7500,agent,agent_02,4.014025,4.548505
15.7500,agent,agent_03,2.880383,4.591171
15.7500,agent,agent_04,3.909665,5.659110
15.7500,agent,agent_05,5.000371,4.001655
15.7500,agent,agent_06,3.011118,3.099573
15.7500,agent,agent_07,3.361298,5.859868
15.7500,agent,agent_08,4.665382,4.674698
15.7500,agent,agent_09,2.891074,4.195177
15.7500,agent,agent_10,3.957288,4.989796
15.7500,agent,agent_11,2.897317,4.913792
15.7500,agent,agent_12,2.891565,3.825728
15.7500,agent,agent_13,4.765880,3.437700
15.7500,agent,agent_14,2.836977,5.366516
15.7500,agent,agent_15,3.611518,3.552047
15.7500,cargo,cargo_0,3.760798,4.370495
15.8000,agent,agent_00,4.206453,3.569746
15.8000,agent,agent_01,3.152701,3.403188
15.8000,agent,agent_02,4.014395,4.555248
15.8000,agent,agent_03,2.887632,4.596828
15.8000,agent,agent_04,3.911173,5.665649
15.8000,agent,agent_05,5.001046,4.007661
15.8000,agent,agent_06,3.028188,3.098332
15.8000,agent,agent_07,3.360489,5.869206
15.8000,agent,agent_08,4.666838,4.684376
15.8000,agent,agent_09,2.875339,4.202836
15.8000,agent,agent_10,3.957417,4.995292
15.8000,agent,agent_11,2.886990,4.922403
15.8000,agent,agent_12,2.890816,3.829118
15.8000,agent,agent_13,4.769349,3.447352
15.8000,agent,agent_14,2.836486,5.375292
15.8000,agent,agent_15,3.610987,3.559305
15.8000,cargo,cargo_0,3.760492,4.379450
15.8500,agent,agent_00,4.207103,3.577768
15.8500,agent,agent_01,3.154919,3.407956
15.8500,agent,agent_02,4.014387,4.561881
15.8500,agent,agent_03,2.895342,4.603201
15.8500,agent,agent_04,3.910774,5.672094
15.8500,agent,agent_05,5.000552,4.010230
15.8500,agent,agent_06,3.045685,3.097991
15.8500,agent,agent_07,3.357351,5.877175
15.8500,agent,agent_08,4.667200,4.694928
15.8500,agent,agent_09,2.892834,4.202416
15.8500,agent,agent_10,3.957708,5.002226
15.8500,agent,agent_11,2.901026,4.916072
15.8500,agent,agent_12,2.891105,3.830476
15.8500,agent,agent_13,4.771155,3.458015
15.8500,agent,agent_14,2.835513,5.384156
15.8500,agent,agent_15,3.614072,3.566379
15.8500,cargo,cargo_0,3.760656,4.388144
15.9000,agent,agent_00,4.208377,3.586442
15.9000,agent,agent_01,3.156924,3.419175
15.9000,agent,agent_02,4.014877,4.568408
15.9000,agent,agent_03,2.893756,4.607909
15.9000,agent,agent_04,3.912147,5.681610
15.9000,agent,agent_05,4.999305,4.013428
15.9000,agent,agent_06,3.063182,3.097650
15.9000,agent,agent_07,3.353433,5.885327
15.9000,agent,agent_08,4.668626,4.704244
15.9000,agent,agent_09,2.892571,4.204683
15.9000,agent,agent_10,3.958567,5.009628
15.9000,agent,agent_11,2.885216,4.923575
15.9000,agent,agent_12,2.900584,3.836771
15.9000,agent,agent_13,4.774903,3.467122
15.9000,agent,agent_14,2.837063,5.388827
15.9000,agent,agent_15,3.613191,3.573595
15.9000,cargo,cargo_0,3.760242,4.396038
15.9500,agent,agent_00,4.209545,3.593588
15.9500,agent,agent_01,3.161891,3.429225
15.9500,agent,agent_02,4.014590,4.574869
15.9500,agent,agent_03,2.892949,4.612953
15.9500,agent,agent_04,3.914690,5.691790
15.9500,agent,agent_05,4.998568,4.017596
15.9500,agent,agent_06,3.080678,3.097309
15.9500,agent,agent_07,3.351203,5.896257
15.9500,agent,agent_08,4.669428,4.712134
15.9500,agent,agent_09,2.890794,4.210128
15.9500,agent,agent_10,3.958773,5.016578
15.9500,agent,agent_11,2.897397,4.936140
15.9500,agent,agent_12,2.900983,3.838968
15.9500,agent,agent_13,4.772177,3.475785
15.9500,agent,agent_14,2.835263,5.396568
15.9500,agent,agent_15,3.615763,3.581320
15.9500,cargo,cargo_0,3.760268,4.403072
16.0000,agent,agent_00,4.207174,3.601079
16.0000,agent,agent_01,3.167765,3.438049
16.0000,agent,agent_02,4.014219,4.581802
16.0000,agent,agent_03,2.892450,4.617269
16.0000,agent,agent_04,3.912727,5.700696
16.0000,agent,agent_05,4.996880,4.020249
16.0000,agent,agent_06,3.098175,3.096968
16.0000,agent,agent_07,3.353429,5.902122
16.0000,agent,agent_08,4.670118,4.722190
16.0000,agent,agent_09,2.890567,4.211922
16.0000,agent,agent_10,3.958351,5.022942
16.0000,agent,agent_11,2.897244,4.939783
16.0000,agent,agent_12,2.900730,3.843114
16.0000,agent,agent_13,4.771876,3.484711
16.0000,agent,agent_14,2.835115,5.401410
16.0000,agent,agent_15,3.619703,3.589102
16.0000,cargo,cargo_0,3.759904,4.409492
16.0500,agent,agent_00,4.205876,3.609627
16.0500,agent,agent_01,3.167965,3.447471
16.0500,agent,agent_02,4.013376,4.589078
16.0500,agent,agent_03,2.890696,4.621617
16.0500,agent,agent_04,3.910579,5.707254
16.0500,agent,agent_05,4.996247,4.023861
16.0500,agent,agent_06,3.115672,3.096628
16.0500,agent,agent_07,3.356762,5.911069
16.0500,agent,agent_08,4.670432,4.732854
16.0500,agent,agent_09,2.890116,4.214136
16.0500,agent,agent_10,3.958263,5.030545
16.0500,agent,agent_11,2.898278,4.941655
16.0500,agent,agent_12,2.900731,3.845243
16.0500,agent,agent_13,4.768747,3.490875
16.0500,agent,agent_14,2.837806,5.405126
16.0500,agent,agent_15,3.624812,3.596147
16.0500,cargo,cargo_0,3.759801,4.416107
16.1000,agent,agent_00,4.202592,3.616921
16.1000,agent,agent_01,3.171108,3.457573
16.1000,agent,agent_02,4.013577,4.596662
16.1000,agent,agent_03,2.887943,4.627326
16.1000,agent,agent_04,3.910144,5.716406
16.1000,agent,agent_05,4.996018,4.028097
16.1000,agent,agent_06,3.133168,3.096287
16.1000,agent,agent_07,3.355465,5.919184
16.1000,agent,agent_08,4.671020,4.743027
16.1000,agent,agent_09,2.890458,4.214245
16.1000,agent,agent_10,3.957672,5.037614
16.1000,agent,agent_11,2.896657,4.942161
16.1000,agent,agent_12,2.898956,3.850658
16.1000,agent,agent_13,4.764479,3.490730
16.1000,agent,agent_14,2.840641,5.408779
16.1000,agent,agent_15,3.624184,3.603173
16.1000,cargo,cargo_0,3.758489,4.423357
16.1500,agent,agent_00,4.198672,3.624086
16.1500,agent,agent_01,3.175005,3.468157
16.1500,agent,agent_02,4.012804,4.603066
16.1500,agent,agent_03,2.887221,4.630317
16.1500,agent,agent_04,3.910970,5.725210
16.1500,agent,agent_05,4.994353,4.032931
16.1500,agent,agent_06,3.150665,3.095946
16.1500,agent,agent_07,3.352211,5.928100
16.1500,agent,agent_08,4.670805,4.749330
16.1500,agent,agent_09,2.907951,4.214715
16.1500,agent,agent_10,3.957393,5.044588
16.1500,agent,agent_11,2.896118,4.945602
16.1500,agent,agent_12,2.896523,3.858144
16.1500,agent,agent_13,4.764829,3.499207
16.1500,agent,agent_14,2.842042,5.413869
16.1500,agent,agent_15,3.623106,3.611909
16.1500,cargo,cargo_0,3.756605,4.431556
16.2000,agent,agent_00,4.194428,3.630907
16.2000,agent,agent_01,3.176218,3.479443
16.2000,agent,agent_02,4.012727,4.610849
16.2000,agent,agent_03,2.885429,4.631107
16.2000,agent,agent_04,3.911475,5.733845
16.2000,agent,agent_05,4.994510,4.038725
16.2000,agent,agent_06,3.168162,3.095605
16.2000,agent,agent_07,3.348363,5.937977
16.2000,agent,agent_08,4.670683,4.757784
16.2000,agent,agent_09,2.905590,4.219210
16.2000,agent,agent_10,3.956401,5.051452
16.2000,agent,agent_11,2.892623,4.952775
16.2000,agent,agent_12,2.893455,3.866123
16.2000,agent,agent_13,4.767065,3.509117
16.2000,agent,agent_14,2.845024,5.417428
16.2000,agent,agent_15,3.624692,3.620721
16.2000,cargo,cargo_0,3.755230,4.440510
16.2500,agent,agent_00,4.193009,3.638894
16.2500,agent,agent_01,3.175087,3.490905
16.2500,agent,agent_02,4.011386,4.617337
16.2500,agent,agent_03,2.883601,4.631193
16.2500,agent,agent_04,3.909251,5.740957
16.2500,agent,agent_05,4.991302,4.045520
16.2500,agent,agent_06,3.185659,3.095265
16.2500,agent,agent_07,3.344485,5.947528
16.2500,agent,agent_08,4.668588,4.766560
16.2500,agent,agent_09,2.902101,4.226708
16.2500,agent,agent_10,3.956017,5.058405
16.2500,agent,agent_11,2.889670,4.957886
16.2500,agent,agent_12,2.882524,3.870601
16.2500,agent,agent_13,4.770993,3.518143
16.2500,agent,agent_14,2.847406,5.420549
16.2500,agent,agent_15,3.621957,3.628543
16.2500,cargo,cargo_0,3.753442,4.449350
16.3000,agent,agent_00,4.190352,3.646782
16.3000,agent,agent_01,3.172910,3.502814
16.3000,agent,agent_02,4.010793,4.623367
16.3000,agent,agent_03,2.891604,4.637556
16.3000,agent,agent_04,3.908724,5.750552
16.3000,agent,agent_05,4.989802,4.051990
16.3000,agent,agent_06,3.203155,3.094924
16.3000,agent,agent_07,3.342588,5.958961
16.3000,agent,agent_08,4.666414,4.774148
16.3000,agent,agent_09,2.899235,4.234033
16.3000,agent,agent_10,3.955047,5.063347
16.3000,agent,agent_11,2.888196,4.963866
16.3000,agent,agent_12,2.871987,3.870314
16.3000,agent,agent_13,4.773881,3.528253
16.3000,agent,agent_14,2.851042,5.421721
16.3000,agent,agent_15,3.617350,3.635775
16.3000,cargo,cargo_0,3.751123,4.457607
16.3500,agent,agent_00,4.187072,3.654273
16.3500,agent,agent_01,3.174472,3.512851
16.3500,agent,agent_02,4.009887,4.630022
16.3500,agent,agent_03,2.887519,4.641409
16.3500,agent,agent_04,3.907727,5.759970
16.3500,agent,agent_05,5.000589,4.062880
16.3500,agent,agent_06,3.220652,3.094583
16.3500,agent,agent_07,3.345511,5.967677
16.3500,agent,agent_08,4.665986,4.782607
16.3500,agent,agent_09,2.894999,4.243321
16.3500,agent,agent_10,3.953267,5.070798
16.3500,agent,agent_11,2.888054,4.965902
16.3500,agent,agent_12,2.861105,3.872358
16.3500,agent,agent_13,4.770308,3.534528
16.3500,agent,agent_14,2.851363,5.427435
16.3500,agent,agent_15,3.612458,3.642342
16.3500,cargo,cargo_0,3.749191,4.465619
16.4000,agent,agent_00,4.182638,3.660611
16.4000,agent,agent_01,3.171845,3.520452
16.4000,agent,agent_02,4.007775,4.638000
16.4000,agent,agent_03,2.885145,4.642290
16.4000,agent,agent_04,3.907410,5.766075
16.4000,agent,agent_05,4.998789,4.070959
16.4000,agent,agent_06,3.238149,3.094242
16.4000,agent,agent_07,3.344019,5.975157
16.4000,agent,agent_08,4.665456,4.793169
16.4000,agent,agent_09,2.892377,4.248698
16.4000,agent,agent_10,3.951149,5.079195
16.4000,agent,agent_11,2.887059,4.965989
16.4000,agent,agent_12,2.850123,3.875599
16.4000,agent,agent_13,4.763487,3.541516
16.4000,agent,agent_14,2.850402,5.434666
16.4000,agent,agent_15,3.612829,3.648548
16.4000,cargo,cargo_0,3.748162,4.472729
16.4500,agent,agent_00,4.178751,3.668371
16.4500,agent,agent_01,3.170943,3.509988
16.4500,agent,agent_02,4.006030,4.647675
16.4500,agent,agent_03,2.883813,4.640797
16.4500,agent,agent_04,3.907550,5.774344
16.4500,agent,agent_05,4.996868,4.080737
16.4500,agent,agent_06,3.255645,3.093902
16.4500,agent,agent_07,3.341130,5.984392
16.4500,agent,agent_08,4.664829,4.804214
16.4500,agent,agent_09,2.888422,4.255455
16.4500,agent,agent_10,3.949586,5.087433
16.4500,agent,agent_11,2.886381,4.968429
16.4500,agent,agent_12,2.839157,3.878797
16.4500,agent,agent_13,4.760755,3.552312
16.4500,agent,agent_14,2.847990,5.443318
16.4500,agent,agent_15,3.615408,3.655924
16.4500,cargo,cargo_0,3.747807,4.479154
16.5000,agent,agent_00,4.175653,3.676662
16.5000,agent,agent_01,3.168619,3.520878
16.5000,agent,agent_02,4.004429,4.655889
16.5000,agent,agent_03,2.883404,4.640486
16.5000,agent,agent_04,3.906556,5.780051
16.5000,agent,agent_05,4.994791,4.089174
16.5000,agent,agent_06,3.273142,3.093561
16.5000,agent,agent_07,3.337548,5.994205
16.5000,agent,agent_08,4.666089,4.814968
16.5000,agent,agent_09,2.887812,4.258621
16.5000,agent,agent_10,3.948662,5.095962
16.5000,agent,agent_11,2.885557,4.973389
16.5000,agent,agent_12,2.828227,3.881102
16.5000,agent,agent_13,4.755618,3.562635
16.5000,agent,agent_14,2.851376,5.447029
16.5000,agent,agent_15,3.618821,3.664114
16.5000,cargo,cargo_0,3.747813,4.486062
16.5500,agent,agent_00,4.174420,3.684939
16.5500,agent,agent_01,3.164866,3.532237
16.5500,agent,agent_02,4.002201,4.663127
16.5500,agent,agent_03,2.881266,4.644910
16.5500,agent,agent_04,3.906668,5.787082
16.5500,agent,agent_05,4.993080,4.096459
16.5500,agent,agent_06,3.290639,3.093220
16.5500,agent,agent_07,3.333418,6.002292
16.5500,agent,agent_08,4.666393,4.822310
16.5500,agent,agent_09,2.886670,4.262751
16.5500,agent,agent_10,3.946512,5.103369
16.5500,agent,agent_11,2.883645,4.980226
16.5500,agent,agent_12,2.844551,3.887409
16.5500,agent,agent_13,4.752181,3.573118
16.5500,agent,agent_14,2.851493,5.454036
16.5500,agent,agent_15,3.619200,3.674016
16.5500,cargo,cargo_0,3.747608,4.494486
16.6000,agent,agent_00,4.177341,3.692365
16.6000,agent,agent_01,3.165131,3.542670
16.6000,agent,agent_02,4.001723,4.670906
16.6000,agent,agent_03,2.877892,4.652548
16.6000,agent,agent_04,3.905919,5.793093
16.6000,agent,agent_05,4.991449,4.100963
16.6000,agent,agent_06,3.308135,3.092879
16.6000,agent,agent_07,3.334238,6.010399
16.6000,agent,agent_08,4.667565,4.832330
16.6000,agent,agent_09,2.883894,4.269404
16.6000,agent,agent_10,3.945376,5.110252
16.6000,agent,agent_11,2.882882,4.985697
16.6000,agent,agent_12,2.833634,3.888742
16.6000,agent,agent_13,4.752639,3.583480
16.6000,agent,agent_14,2.853277,5.457648
16.6000,agent,agent_15,3.618559,3.684196
16.6000,cargo,cargo_0,3.747810,4.504056
16.6500,agent,agent_00,4.182257,3.698856
16.6500,agent,agent_01,3.163837,3.554725
16.6500,agent,agent_02,4.001224,4.678556
16.6500,agent,agent_03,2.877144,4.655561
16.6500,agent,agent_04,3.905748,5.800254
16.6500,agent,agent_05,4.989895,4.107923
16.6500,agent,agent_06,3.325632,3.092539
16.6500,agent,agent_07,3.331864,6.018389
16.6500,agent,agent_08,4.668540,4.842632
16.6500,agent,agent_09,2.881666,4.278962
16.6500,agent,agent_10,3.945628,5.117205
16.6500,agent,agent_11,2.867901,4.994743
16.6500,agent,agent_12,2.840000,3.894042
16.6500,agent,agent_13,4.751989,3.593477
16.6500,agent,agent_14,2.852987,5.465113
16.6500,agent,agent_15,3.617588,3.695139
16.6500,cargo,cargo_0,3.748275,4.513699
16.7000,agent,agent_00,4.187330,3.709792
16.7000,agent,agent_01,3.164234,3.566886
16.7000,agent,agent_02,4.000946,4.686002
16.7000,agent,agent_03,2.877340,4.657654
16.7000,agent,agent_04,3.904951,5.809279
16.7000,agent,agent_05,4.988316,4.112220
16.7000,agent,agent_06,3.343129,3.092198
16.7000,agent,agent_07,3.334440,6.025837
16.7000,agent,agent_08,4.669285,4.852058
16.7000,agent,agent_09,2.880449,4.286023
16.7000,agent,agent_10,3.945640,5.123475
16.7000,agent,agent_11,2.880100,5.007291
16.7000,agent,agent_12,2.829200,3.894274
16.7000,agent,agent_13,4.749072,3.603776
16.7000,agent,agent_14,2.851923,5.475141
16.7000,agent,agent_15,3.617001,3.705158
16.7000,cargo,cargo_0,3.748721,4.523457
16.7500,agent,agent_00,4.187636,3.717379
16.7500,agent,agent_01,3.164895,3.577208
16.7500,agent,agent_02,4.000888,4.694450
16.7500,agent,agent_03,2.884627,4.667004
16.7500,agent,agent_04,3.906662,5.818734
16.7500,agent,agent_05,4.986735,4.118806
16.7500,agent,agent_06,3.360625,3.091857
16.7500,agent,agent_07,3.337838,6.036206
16.7500,agent,agent_08,4.670315,4.863801
16.7500,agent,agent_09,2.882177,4.286950
16.7500,agent,agent_10,3.946456,5.131421
16.7500,agent,agent_11,2.864603,5.015421
16.7500,agent,agent_12,2.818353,3.894984
16.7500,agent,agent_13,4.747657,3.614999
16.7500,agent,agent_14,2.851180,5.486294
16.7500,agent,agent_15,3.617663,3.713578
16.7500,cargo,cargo_0,3.748357,4.532332
16.8000,agent,agent_00,4.191065,3.724471
16.8000,agent,agent_01,3.165129,3.566578
16.8000,agent,agent_02,4.000521,4.703965
16.8000,agent,agent_03,2.885814,4.666089
16.8000,agent,agent_04,3.907231,5.826254
16.8000,agent,agent_05,4.986378,4.125613
16.8000,agent,agent_06,3.377949,3.091520
16.8000,agent,agent_07,3.341875,6.047427
16.8000,agent,agent_08,4.670803,4.875503
16.8000,agent,agent_09,2.883660,4.289551
16.8000,agent,agent_10,3.946797,5.139609
16.8000,agent,agent_11,2.875392,5.029200
16.8000,agent,agent_12,2.834771,3.901042
16.8000,agent,agent_13,4.745860,3.625352
16.8000,agent,agent_14,2.849933,5.495628
16.8000,agent,agent_15,3.616041,3.723584
16.8000,cargo,cargo_0,3.748045,4.540360
16.8500,agent,agent_00,4.194883,3.733643
16.8500,agent,agent_01,3.170219,3.576728
16.8500,agent,agent_02,3.999056,4.711785
16.8500,agent,agent_03,2.885775,4.667679
16.8500,agent,agent_04,3.907101,5.834225
16.8500,agent,agent_05,4.986673,4.133220
16.8500,agent,agent_06,3.394494,3.091197
16.8500,agent,agent_07,3.341017,6.057461
16.8500,agent,agent_08,4.671100,4.885093
16.8500,agent,agent_09,2.882005,4.295880
16.8500,agent,agent_10,3.946316,5.149240
16.8500,agent,agent_11,2.886182,5.042978
16.8500,agent,agent_12,2.823983,3.901278
16.8500,agent,agent_13,4.748016,3.635247
16.8500,agent,agent_14,2.848718,5.507019
16.8500,agent,agent_15,3.612524,3.733137
16.8500,cargo,cargo_0,3.747561,4.548925
16.9000,agent,agent_00,4.194964,3.743349
16.9000,agent,agent_01,3.172449,3.589203
16.9000,agent,agent_02,3.997466,4.729213
16.9000,agent,agent_03,2.883871,4.673230
16.9000,agent,agent_04,3.908236,5.841606
16.9000,agent,agent_05,4.985171,4.139740
16.9000,agent,agent_06,3.410294,3.090890
16.9000,agent,agent_07,3.344025,6.066601
16.9000,agent,agent_08,4.671916,4.895796
16.9000,agent,agent_09,2.881879,4.298314
16.9000,agent,agent_10,3.945640,5.159590
16.9000,agent,agent_11,2.875208,5.054837
16.9000,agent,agent_12,2.840422,3.907277
16.9000,agent,agent_13,4.746541,3.645846
16.9000,agent,agent_14,2.846795,5.518155
16.9000,agent,agent_15,3.608966,3.743059
16.9000,cargo,cargo_0,3.746177,4.558217
16.9500,agent,agent_00,4.197762,3.752266
16.9500,agent,agent_01,3.172147,3.578648
16.9500,agent,agent_02,3.996574,4.739279
16.9500,agent,agent_03,2.880905,4.681677
16.9500,agent,agent_04,3.910076,5.849774
16.9500,agent,agent_05,4.983420,4.149981
16.9500,agent,agent_06,3.423643,3.102205
16.9500,agent,agent_07,3.342999,6.077051
16.9500,agent,agent_08,4.672829,4.907702
16.9500,agent,agent_09,2.882022,4.299497
16.9500,agent,agent_10,3.944539,5.167031
16.9500,agent,agent_11,2.873098,5.061338
16.9500,agent,agent_12,2.829643,3.907489
16.9500,agent,agent_13,4.747000,3.656570
16.9500,agent,agent_14,2.845447,5.530061
16.9500,agent,agent_15,3.606061,3.753487
16.9500,cargo,cargo_0,3.745151,4.568928
17.0000,agent,agent_00,4.194441,3.760176
17.0000,agent,agent_01,3.175544,3.591559
17.0000,agent,agent_02,3.995886,4.748568
17.0000,agent,agent_03,2.879826,4.685196
17.0000,agent,agent_04,3.912191,5.859383
17.0000,agent,agent_05,4.981274,4.160647
17.0000,agent,agent_06,3.436502,3.114075
17.0000,agent,agent_07,3.340113,6.087214
17.0000,agent,agent_08,4.671709,4.918810
17.0000,agent,agent_09,2.880493,4.303213
17.0000,agent,agent_10,3.944557,5.174783
17.0000,agent,agent_11,2.872303,5.065437
17.0000,agent,agent_12,2.818982,3.906914
17.0000,agent,agent_13,4.746415,3.668319
17.0000,agent,agent_14,2.847385,5.535737
17.0000,agent,agent_15,3.608298,3.764165
17.0000,cargo,cargo_0,3.743924,4.579983
17.0500,agent,agent_00,4.192238,3.769250
17.0500,agent,agent_01,3.175845,3.605013
17.0500,agent,agent_02,3.994715,4.758170
17.0500,agent,agent_03,2.879235,4.686105
17.0500,agent,agent_04,3.911979,5.868327
17.0500,agent,agent_05,4.979433,4.171348
17.0500,agent,agent_06,3.447128,3.127980
17.0500,agent,agent_07,3.340387,6.098868
17.0500,agent,agent_08,4.673421,4.930289
17.0500,agent,agent_09,2.880290,4.305659
17.0500,agent,agent_10,3.943077,5.180446
17.0500,agent,agent_11,2.871991,5.068760
17.0500,agent,agent_12,2.808130,3.908002
17.0500,agent,agent_13,4.744885,3.680003
17.0500,agent,agent_14,2.851905,5.537750
17.0500,agent,agent_15,3.609782,3.774329
17.0500,cargo,cargo_0,3.742683,4.590651
17.1000,agent,agent_00,4.193731,3.779286
17.1000,agent,agent_01,3.177652,3.618944
17.1000,agent,agent_02,3.993744,4.767668
17.1000,agent,agent_03,2.876670,4.690826
17.1000,agent,agent_04,3.911559,5.877648
17.1000,agent,agent_05,4.978111,4.179526
17.1000,agent,agent_06,3.454197,3.141123
17.1000,agent,agent_07,3.341086,6.111911
17.1000,agent,agent_08,4.674263,4.941897
17.1000,agent,agent_09,2.881800,4.303118
17.1000,agent,agent_10,3.942149,5.187459
17.1000,agent,agent_11,2.870782,5.074289
17.1000,agent,agent_12,2.824633,3.913824
17.1000,agent,agent_13,4.743530,3.691651
17.1000,agent,agent_14,2.853757,5.544058
17.1000,agent,agent_15,3.606963,3.770807
17.1000,cargo,cargo_0,3.741578,4.597405
17.1500,agent,agent_00,4.192903,3.789741
17.1500,agent,agent_01,3.180792,3.630868
17.1500,agent,agent_02,3.992378,4.776178
17.1500,agent,agent_03,2.872922,4.696989
17.1500,agent,agent_04,3.912872,5.886919
17.1500,agent,agent_05,4.975472,4.188853
17.1500,agent,agent_06,3.463614,3.154000
17.1500,agent,agent_07,3.338490,6.123185
17.1500,agent,agent_08,4.674148,4.951683
17.1500,agent,agent_09,2.882565,4.305121
17.1500,agent,agent_10,3.940800,5.195999
17.1500,agent,agent_11,2.868259,5.081133
17.1500,agent,agent_12,2.814129,3.912466
17.1500,agent,agent_13,4.744994,3.702187
17.1500,agent,agent_14,2.853540,5.552437
17.1500,agent,agent_15,3.606503,3.782258
17.1500,cargo,cargo_0,3.740367,4.604315
17.2000,agent,agent_00,4.192419,3.799347
17.2000,agent,agent_01,3.180863,3.643190
17.2000,agent,agent_02,3.990415,4.784873
17.2000,agent,agent_03,2.870803,4.701483
17.2000,agent,agent_04,3.914840,5.895668
17.2000,agent,agent_05,4.975340,4.199545
17.2000,agent,agent_06,3.474486,3.166025
17.2000,agent,agent_07,3.338643,6.133849
17.2000,agent,agent_08,4.673992,4.962932
17.2000,agent,agent_09,2.881970,4.309154
17.2000,agent,agent_10,3.939724,5.206740
17.2000,agent,agent_11,2.867005,5.084958
17.2000,agent,agent_12,2.803780,3.910454
17.2000,agent,agent_13,4.744867,3.712279
17.2000,agent,agent_14,2.855241,5.558389
17.2000,agent,agent_15,3.608558,3.791765
17.2000,cargo,cargo_0,3.739644,4.613286
17.2500,agent,agent_00,4.195069,3.807931
17.2500,agent,agent_01,3.181743,3.655561
17.2500,agent,agent_02,3.988681,4.793436
17.2500,agent,agent_03,2.877821,4.714983
17.2500,agent,agent_04,3.914220,5.903824
17.2500,agent,agent_05,4.973964,4.211907
17.2500,agent,agent_06,3.481550,3.178951
17.2500,agent,agent_07,3.336106,6.143944
17.2500,agent,agent_08,4.672583,4.973778
17.2500,agent,agent_09,2.880715,4.311779
17.2500,agent,agent_10,3.938945,5.218591
17.2500,agent,agent_11,2.864921,5.091558
17.2500,agent,agent_12,2.814274,3.915197
17.2500,agent,agent_13,4.747015,3.722140
17.2500,agent,agent_14,2.857950,5.562906
17.2500,agent,agent_15,3.606341,3.800961
17.2500,cargo,cargo_0,3.738681,4.623536
17.3000,agent,agent_00,4.193931,3.797301
17.3000,agent,agent_01,3.184221,3.667468
17.3000,agent,agent_02,3.988116,4.801579
17.3000,agent,agent_03,2.874706,4.723392
17.3000,agent,agent_04,3.912235,5.914662
17.3000,agent,agent_05,4.970986,4.220175
17.3000,agent,agent_06,3.491627,3.192393
17.3000,agent,agent_07,3.332206,6.152972
17.3000,agent,agent_08,4.669925,4.983751
17.3000,agent,agent_09,2.880637,4.315423
17.3000,agent,agent_10,3.938510,5.226640
17.3000,agent,agent_11,2.861516,5.101300
17.3000,agent,agent_12,2.803550,3.915150
17.3000,agent,agent_13,4.746795,3.731525
17.3000,agent,agent_14,2.860786,5.567678
17.3000,agent,agent_15,3.605234,3.811296
17.3000,cargo,cargo_0,3.737304,4.629128
17.3500,agent,agent_00,4.195068,3.804192
17.3500,agent,agent_01,3.184332,3.678530
17.3500,agent,agent_02,3.987363,4.807742
17.3500,agent,agent_03,2.871552,4.728312
17.3500,agent,agent_04,3.909891,5.922908
17.3500,agent,agent_05,4.970483,4.229433
17.3500,agent,agent_06,3.497279,3.205536
17.3500,agent,agent_07,3.328283,6.161368
17.3500,agent,agent_08,4.669938,4.991865
17.3500,agent,agent_09,2.878917,4.321800
17.3500,agent,agent_10,3.937323,5.233425
17.3500,agent,agent_11,2.858156,5.112228
17.3500,agent,agent_12,2.792882,3.914728
17.3500,agent,agent_13,4.743867,3.740488
17.3500,agent,agent_14,2.846870,5.574051
17.3500,agent,agent_15,3.605214,3.821653
17.3500,cargo,cargo_0,3.736688,4.633049
17.4000,agent,agent_00,4.196945,3.812143
17.4000,agent,agent_01,3.186582,3.688100
17.4000,agent,agent_02,3.985759,4.813140
17.4000,agent,agent_03,2.868856,4.732560
17.4000,agent,agent_04,3.906966,5.932304
17.4000,agent,agent_05,4.977965,4.239601
17.4000,agent,agent_06,3.506128,3.216676
17.4000,agent,agent_07,3.330340,6.164913
17.4000,agent,agent_08,4.668130,4.998702
17.4000,agent,agent_09,2.878514,4.322553
17.4000,agent,agent_10,3.935482,5.239064
17.4000,agent,agent_11,2.855166,5.124661
17.4000,agent,agent_12,2.809445,3.920380
17.4000,agent,agent_13,4.739615,3.729533
17.4000,agent,agent_14,2.832827,5.578208
17.4000,agent,agent_15,3.608403,3.829213
17.4000,cargo,cargo_0,3.737227,4.637164
17.4500,agent,agent_00,4.196700,3.816407
17.4500,agent,agent_01,3.188051,3.695938
17.4500,agent,agent_02,3.984640,4.817702
17.4500,agent,agent_03,2.866983,4.735926
17.4500,agent,agent_04,3.901086,5.937551
17.4500,agent,agent_05,4.977163,4.249381
17.4500,agent,agent_06,3.514338,3.225873
17.4500,agent,agent_07,3.334864,6.167861
17.4500,agent,agent_08,4.667063,5.002417
17.4500,agent,agent_09,2.877847,4.325429
17.4500,agent,agent_10,3.933180,5.244520
17.4500,agent,agent_11,2.854516,5.131560
17.4500,agent,agent_12,2.798956,3.918992
17.4500,agent,agent_13,4.733471,3.734490
17.4500,agent,agent_14,2.836798,5.577893
17.4500,agent,agent_15,3.611067,3.835403
17.4500,cargo,cargo_0,3.737301,4.641873
17.5000,agent,agent_00,4.193030,3.820916
17.5000,agent,agent_01,3.186066,3.702402
17.5000,agent,agent_02,3.984285,4.821503
17.5000,agent,agent_03,2.866317,4.737181
17.5000,agent,agent_04,3.898925,5.941904
17.5000,agent,agent_05,4.976711,4.259740
17.5000,agent,agent_06,3.524659,3.234830
17.5000,agent,agent_07,3.333374,6.169050
17.5000,agent,agent_08,4.666906,5.005280
17.5000,agent,agent_09,2.878516,4.326702
17.5000,agent,agent_10,3.931376,5.251683
17.5000,agent,agent_11,2.854217,5.138077
17.5000,agent,agent_12,2.788410,3.917895
17.5000,agent,agent_13,4.730048,3.739572
17.5000,agent,agent_14,2.840519,5.582663
17.5000,agent,agent_15,3.615187,3.840714
17.5000,cargo,cargo_0,3.736940,4.647278
17.5500,agent,agent_00,4.190340,3.826570
17.5500,agent,agent_01,3.183753,3.710299
17.5500,agent,agent_02,3.983443,4.827117
17.5500,agent,agent_03,2.864673,4.741485
17.5500,agent,agent_04,3.899113,5.947735
17.5500,agent,agent_05,4.975262,4.266723
17.5500,agent,agent_06,3.533418,3.244311
17.5500,agent,agent_07,3.334921,6.172281
17.5500,agent,agent_08,4.666138,5.011766
17.5500,agent,agent_09,2.880274,4.328021
17.5500,agent,agent_10,3.929833,5.257013
17.5500,agent,agent_11,2.853647,5.144931
17.5500,agent,agent_12,2.778200,3.915384
17.5500,agent,agent_13,4.730756,3.745780
17.5500,agent,agent_14,2.826539,5.591550
17.5500,agent,agent_15,3.614687,3.846890
17.5500,cargo,cargo_0,3.735797,4.653236
17.6000,agent,agent_00,4.190981,3.829807
17.6000,agent,agent_01,3.181534,3.719486
17.6000,agent,agent_02,3.981969,4.833699
17.6000,agent,agent_03,2.862247,4.746083
17.6000,agent,agent_04,3.899326,5.952295
17.6000,agent,agent_05,4.972637,4.270200
17.6000,agent,agent_06,3.544729,3.253395
17.6000,agent,agent_07,3.336447,6.173830
17.6000,agent,agent_08,4.665590,5.014893
17.6000,agent,agent_09,2.881842,4.327137
17.6000,agent,agent_10,3.929336,5.263871
17.6000,agent,agent_11,2.851964,5.153837
17.6000,agent,agent_12,2.794790,3.920956
17.6000,agent,agent_13,4.734360,3.752477
17.6000,agent,agent_14,2.830643,5.596188
17.6000,agent,agent_15,3.613990,3.854392
17.6000,cargo,cargo_0,3.735032,4.658104
17.6500,agent,agent_00,4.189295,3.836512
17.6500,agent,agent_01,3.176221,3.710716
17.6500,agent,agent_02,3.981282,4.839203
17.6500,agent,agent_03,2.859309,4.752456
17.6500,agent,agent_04,3.898416,5.957511
17.6500,agent,agent_05,4.970510,4.275588
17.6500,agent,agent_06,3.555998,3.263671
17.6500,agent,agent_07,3.333205,6.179382
17.6500,agent,agent_08,4.664674,5.019275
17.6500,agent,agent_09,2.883229,4.327588
17.6500,agent,agent_10,3.928144,5.270426
17.6500,agent,agent_11,2.852113,5.157797
17.6500,agent,agent_12,2.811206,3.926497
17.6500,agent,agent_13,4.738799,3.760273
17.6500,agent,agent_14,2.835983,5.599575
17.6500,agent,agent_15,3.614354,3.862023
17.6500,cargo,cargo_0,3.733981,4.663838
17.7000,agent,agent_00,4.191746,3.843489
17.7000,agent,agent_01,3.175619,3.719281
17.7000,agent,agent_02,3.981097,4.843846
17.7000,agent,agent_03,2.856674,4.759823
17.7000,agent,agent_04,3.898852,5.962927
17.7000,agent,agent_05,4.968434,4.283814
17.7000,agent,agent_06,3.562204,3.273200
17.7000,agent,agent_07,3.329196,6.186686
17.7000,agent,agent_08,4.663764,5.024505
17.7000,agent,agent_09,2.884083,4.330763
17.7000,agent,agent_10,3.927470,5.276239
17.7000,agent,agent_11,2.851697,5.163042
17.7000,agent,agent_12,2.800541,3.926120
17.7000,agent,agent_13,4.737495,3.767521
17.7000,agent,agent_14,2.839416,5.606304
17.7000,agent,agent_15,3.616248,3.869415
17.7000,cargo,cargo_0,3.733610,4.671427
17.7500,agent,agent_00,4.194722,3.852152
17.7500,agent,agent_01,3.174652,3.728683
17.7500,agent,agent_02,3.979838,4.849537
17.7500,agent,agent_03,2.854532,4.763284
17.7500,agent,agent_04,3.897660,5.968821
17.7500,agent,agent_05,4.967136,4.290843
17.7500,agent,agent_06,3.570435,3.284158
17.7500,agent,agent_07,3.329748,6.194426
17.7500,agent,agent_08,4.662420,5.030156
17.7500,agent,agent_09,2.883242,4.335790
17.7500,agent,agent_10,3.927140,5.283695
17.7500,agent,agent_11,2.848862,5.171857
17.7500,agent,agent_12,2.791787,3.926757
17.7500,agent,agent_13,4.736078,3.776115
17.7500,agent,agent_14,2.842367,5.612963
17.7500,agent,agent_15,3.619136,3.877296
17.7500,cargo,cargo_0,3.733569,4.679710
17.8000,agent,agent_00,4.197761,3.861648
17.8000,agent,agent_01,3.174341,3.738454
17.8000,agent,agent_02,3.979937,4.856528
17.8000,agent,agent_03,2.851122,4.769587
17.8000,agent,agent_04,3.897888,5.972708
17.8000,agent,agent_05,4.966392,4.298413
17.8000,agent,agent_06,3.578903,3.295734
17.8000,agent,agent_07,3.329403,6.204807
17.8000,agent,agent_08,4.660080,5.035876
17.8000,agent,agent_09,2.882004,4.342106
17.8000,agent,agent_10,3.926810,5.289763
17.8000,agent,agent_11,2.845228,5.182575
17.8000,agent,agent_12,2.781413,3.924890
17.8000,agent,agent_13,4.738377,3.784197
17.8000,agent,agent_14,2.845289,5.620162
17.8000,agent,agent_15,3.618380,3.885666
17.8000,cargo,cargo_0,3.732863,4.688548
17.8500,agent,agent_00,4.201729,3.871514
17.8500,agent,agent_01,3.175044,3.747767
17.8500,agent,agent_02,3.980151,4.863040
17.8500,agent,agent_03,2.848002,4.777450
17.8500,agent,agent_04,3.898051,5.978880
17.8500,agent,agent_05,4.964897,4.302586
17.8500,agent,agent_06,3.587410,3.305956
17.8500,agent,agent_07,3.330884,6.215044
17.8500,agent,agent_08,4.658389,5.043030
17.8500,agent,agent_09,2.881362,4.347035
17.8500,agent,agent_10,3.926263,5.295010
17.8500,agent,agent_11,2.835952,5.188780
17.8500,agent,agent_12,2.770853,3.923921
17.8500,agent,agent_13,4.737235,3.794060
17.8500,agent,agent_14,2.847156,5.627666
17.8500,agent,agent_15,3.620089,3.894594
17.8500,cargo,cargo_0,3.732524,4.697171
17.9000,agent,agent_00,4.200571,3.878025
17.9000,agent,agent_01,3.173449,3.755902
17.9000,agent,agent_02,3.979628,4.870066
17.9000,agent,agent_03,2.845489,4.784718
17.9000,agent,agent_04,3.898236,5.986915
17.9000,agent,agent_05,4.963191,4.307985
17.9000,agent,agent_06,3.588998,3.316154
17.9000,agent,agent_07,3.334821,6.225055
17.9000,agent,agent_08,4.658837,5.051892
17.9000,agent,agent_09,2.882654,4.347496
17.9000,agent,agent_10,3.925907,5.302646
17.9000,agent,agent_11,2.836963,5.190927
17.9000,agent,agent_12,2.787493,3.929339
17.9000,agent,agent_13,4.738703,3.801884
17.9000,agent,agent_14,2.850807,5.630839
17.9000,agent,agent_15,3.621342,3.902924
17.9000,cargo,cargo_0,3.731315,4.705045
17.9500,agent,agent_00,4.202000,3.885207
17.9500,agent,agent_01,3.173453,3.764260
17.9500,agent,agent_02,3.978296,4.877528
17.9500,agent,agent_03,2.843429,4.789093
17.9500,agent,agent_04,3.896075,5.992613
17.9500,agent,agent_05,4.960172,4.313349
17.9500,agent,agent_06,3.593477,3.326373
17.9500,agent,agent_07,3.332232,6.234044
17.9500,agent,agent_08,4.658106,5.060475
17.9500,agent,agent_09,2.883076,4.351254
17.9500,agent,agent_10,3.924471,5.309719
17.9500,agent,agent_11,2.842513,5.207524
17.9500,agent,agent_12,2.804133,3.934757
17.9500,agent,agent_13,4.740358,3.810228
17.9500,agent,agent_14,2.835346,5.639036
17.9500,agent,agent_15,3.624507,3.909973
17.9500,cargo,cargo_0,3.730525,4.712283
18.0000,agent,agent_00,4.200708,3.892697
18.0000,agent,agent_01,3.177162,3.774312
18.0000,agent,agent_02,3.978647,4.885554
18.0000,agent,agent_03,2.841454,4.792874
18.0000,agent,agent_04,3.896588,5.999010
18.0000,agent,agent_05,4.958150,4.320291
18.0000,agent,agent_06,3.599197,3.337164
18.0000,agent,agent_07,3.329362,6.243309
18.0000,agent,agent_08,4.657361,5.070176
18.0000,agent,agent_09,2.885162,4.351150
18.0000,agent,agent_10,3.923577,5.316474
18.0000,agent,agent_11,2.828560,5.216024
18.0000,agent,agent_12,2.820773,3.940175
18.0000,agent,agent_13,4.739669,3.819646
18.0000,agent,agent_14,2.836866,5.646415
18.0000,agent,agent_15,3.627915,3.918409
18.0000,cargo,cargo_0,3.729342,4.720158
18.0500,agent,agent_00,4.198541,3.901778
18.0500,agent,agent_01,3.181254,3.785464
18.0500,agent,agent_02,3.977910,4.894980
18.0500,agent,agent_03,2.848786,4.808764
18.0500,agent,agent_04,3.896220,6.007887
18.0500,agent,agent_05,4.956355,4.328770
18.0500,agent,agent_06,3.608343,3.347781
18.0500,agent,agent_07,3.329954,6.252028
18.0500,agent,agent_08,4.656012,5.078789
18.0500,agent,agent_09,2.885952,4.354915
18.0500,agent,agent_10,3.922663,5.324720
18.0500,agent,agent_11,2.825471,5.225406
18.0500,agent,agent_12,2.810856,3.936723
18.0500,agent,agent_13,4.735683,3.828921
18.0500,agent,agent_14,2.835252,5.658031
18.0500,agent,agent_15,3.626866,3.926291
18.0500,cargo,cargo_0,3.727004,4.729469
18.1000,agent,agent_00,4.199736,3.910143
18.1000,agent,agent_01,3.185088,3.796912
18.1000,agent,agent_02,3.977142,4.903160
18.1000,agent,agent_03,2.847814,4.810312
18.1000,agent,agent_04,3.897037,6.018094
18.1000,agent,agent_05,4.954122,4.335850
18.1000,agent,agent_06,3.618841,3.357755
18.1000,agent,agent_07,3.330893,6.261445
18.1000,agent,agent_08,4.654675,5.088354
18.1000,agent,agent_09,2.885111,4.356964
18.1000,agent,agent_10,3.921839,5.332812
18.1000,agent,agent_11,2.822201,5.235799
18.1000,agent,agent_12,2.800194,3.936404
18.1000,agent,agent_13,4.736134,3.838152
18.1000,agent,agent_14,2.823950,5.665451
18.1000,agent,agent_15,3.626831,3.937464
18.1000,cargo,cargo_0,3.725232,4.739173
18.1500,agent,agent_00,4.199332,3.920093
18.1500,agent,agent_01,3.189480,3.807504
18.1500,agent,agent_02,3.976891,4.912053
18.1500,agent,agent_03,2.844454,4.817034
18.1500,agent,agent_04,3.897843,6.028657
18.1500,agent,agent_05,4.951734,4.346738
18.1500,agent,agent_06,3.623777,3.367738
18.1500,agent,agent_07,3.334081,6.269986
18.1500,agent,agent_08,4.653345,5.099471
18.1500,agent,agent_09,2.884263,4.358484
18.1500,agent,agent_10,3.921270,5.340446
18.1500,agent,agent_11,2.819165,5.243687
18.1500,agent,agent_12,2.789947,3.934045
18.1500,agent,agent_13,4.736301,3.848825
18.1500,agent,agent_14,2.823020,5.675956
18.1500,agent,agent_15,3.628520,3.948138
18.1500,cargo,cargo_0,3.723534,4.750313
18.2000,agent,agent_00,4.201323,3.928299
18.2000,agent,agent_01,3.189432,3.818689
18.2000,agent,agent_02,3.976103,4.921007
18.2000,agent,agent_03,2.841386,4.820114
18.2000,agent,agent_04,3.897651,6.040969
18.2000,agent,agent_05,4.959548,4.355860
18.2000,agent,agent_06,3.626192,3.378517
18.2000,agent,agent_07,3.338280,6.279450
18.2000,agent,agent_08,4.651364,5.110449
18.2000,agent,agent_09,2.882382,4.361081
18.2000,agent,agent_10,3.920572,5.346830
18.2000,agent,agent_11,2.816954,5.261047
18.2000,agent,agent_12,2.781098,3.928096
18.2000,agent,agent_13,4.737960,3.858708
18.2000,agent,agent_14,2.821766,5.687763
18.2000,agent,agent_15,3.628081,3.952423
18.2000,cargo,cargo_0,3.722976,4.759919
18.2500,agent,agent_00,4.199878,3.937203
18.2500,agent,agent_01,3.191933,3.829063
18.2500,agent,agent_02,3.974294,4.929775
18.2500,agent,agent_03,2.839293,4.824039
18.2500,agent,agent_04,3.896522,6.052770
18.2500,agent,agent_05,4.955881,4.359467
18.2500,agent,agent_06,3.630561,3.388389
18.2500,agent,agent_07,3.336405,6.288932
18.2500,agent,agent_08,4.650637,5.122072
18.2500,agent,agent_09,2.881744,4.362181
18.2500,agent,agent_10,3.920855,5.353508
18.2500,agent,agent_11,2.814743,5.278407
18.2500,agent,agent_12,2.779570,3.927021
18.2500,agent,agent_13,4.737079,3.867737
18.2500,agent,agent_14,2.821421,5.701292
18.2500,agent,agent_15,3.626933,3.963783
18.2500,cargo,cargo_0,3.721484,4.767330
18.3000,agent,agent_00,4.201602,3.945103
18.3000,agent,agent_01,3.190580,3.839006
18.3000,agent,agent_02,3.974225,4.938417
18.3000,agent,agent_03,2.847394,4.839551
18.3000,agent,agent_04,3.896035,6.064158
18.3000,agent,agent_05,4.952193,4.359086
18.3000,agent,agent_06,3.637612,3.398790
18.3000,agent,agent_07,3.336943,6.297594
18.3000,agent,agent_08,4.648667,5.133631
18.3000,agent,agent_09,2.881464,4.365370
18.3000,agent,agent_10,3.933366,5.365745
18.3000,agent,agent_11,2.812531,5.295767
18.3000,agent,agent_12,2.775837,3.925233
18.3000,agent,agent_13,4.735975,3.862212
18.3000,agent,agent_14,2.821775,5.715477
18.3000,agent,agent_15,3.625278,3.974154
18.3000,cargo,cargo_0,3.720148,4.773744
18.3500,agent,agent_00,4.203678,3.953634
18.3500,agent,agent_01,3.186492,3.848768
18.3500,agent,agent_02,3.973499,4.947143
18.3500,agent,agent_03,2.844510,4.845537
18.3500,agent,agent_04,3.895248,6.075034
18.3500,agent,agent_05,4.948315,4.363109
18.3500,agent,agent_06,3.643486,3.408859
18.3500,agent,agent_07,3.335267,6.307424
18.3500,agent,agent_08,4.647663,5.141852
18.3500,agent,agent_09,2.879588,4.371504
18.3500,agent,agent_10,3.932795,5.375036
18.3500,agent,agent_11,2.810320,5.313126
18.3500,agent,agent_12,2.783793,3.927764
18.3500,agent,agent_13,4.735011,3.851494
18.3500,agent,agent_14,2.822424,5.728717
18.3500,agent,agent_15,3.627012,3.984636
18.3500,cargo,cargo_0,3.719251,4.781118
18.4000,agent,agent_00,4.205392,3.963399
18.4000,agent,agent_01,3.181520,3.858774
18.4000,agent,agent_02,3.978290,4.963975
18.4000,agent,agent_03,2.841653,4.854051
18.4000,agent,agent_04,3.895975,6.085459
18.4000,agent,agent_05,4.945795,4.368442
18.4000,agent,agent_06,3.651936,3.420046
18.4000,agent,agent_07,3.334745,6.318006
18.4000,agent,agent_08,4.646711,5.149576
18.4000,agent,agent_09,2.877664,4.379528
18.4000,agent,agent_10,3.931823,5.382847
18.4000,agent,agent_11,2.810503,5.314349
18.4000,agent,agent_12,2.773854,3.924377
18.4000,agent,agent_13,4.733101,3.840711
18.4000,agent,agent_14,2.822252,5.742426
18.4000,agent,agent_15,3.629453,3.995579
18.4000,cargo,cargo_0,3.718327,4.790531
18.4500,agent,agent_00,4.206370,3.972785
18.4500,agent,agent_01,3.178031,3.869733
18.4500,agent,agent_02,3.981052,4.981255
18.4500,agent,agent_03,2.848038,4.870345
18.4500,agent,agent_04,3.895528,6.093656
18.4500,agent,agent_05,4.943501,4.374719
18.4500,agent,agent_06,3.662641,3.430587
18.4500,agent,agent_07,3.335213,6.327213
18.4500,agent,agent_08,4.645568,5.158636
18.4500,agent,agent_09,2.876130,4.386800
18.4500,agent,agent_10,3.931124,5.391169
18.4500,agent,agent_11,2.825168,5.323899
18.4500,agent,agent_12,2.760460,3.930317
18.4500,agent,agent_13,4.732450,3.839552
18.4500,agent,agent_14,2.825338,5.748343
18.4500,agent,agent_15,3.627968,4.005320
18.4500,cargo,cargo_0,3.716302,4.801227
18.5000,agent,agent_00,4.204350,3.982833
18.5000,agent,agent_01,3.175327,3.880967
18.5000,agent,agent_02,3.980845,4.990068
18.5000,agent,agent_03,2.845068,4.877686
18.5000,agent,agent_04,3.894195,6.102529
18.5000,agent,agent_05,4.941873,4.384703
18.5000,agent,agent_06,3.672590,3.443848
18.5000,agent,agent_07,3.337096,6.336378
18.5000,agent,agent_08,4.641097,5.168656
18.5000,agent,agent_09,2.873611,4.397313
18.5000,agent,agent_10,3.931359,5.400511
18.5000,agent,agent_11,2.839833,5.333448
18.5000,agent,agent_12,2.746903,3.936164
18.5000,agent,agent_13,4.731694,3.851144
18.5000,agent,agent_14,2.829746,5.750772
18.5000,agent,agent_15,3.628662,4.016354
18.5000,cargo,cargo_0,3.713831,4.813656
18.5500,agent,agent_00,4.204547,3.993199
18.5500,agent,agent_01,3.172429,3.892856
18.5500,agent,agent_02,3.981444,4.998493
18.5500,agent,agent_03,2.841828,4.887048
18.5500,agent,agent_04,3.892565,6.113950
18.5500,agent,agent_05,4.939575,4.393431
18.5500,agent,agent_06,3.677735,3.455861
18.5500,agent,agent_07,3.334857,6.345955
18.5500,agent,agent_08,4.641266,5.179378
18.5500,agent,agent_09,2.870414,4.407617
18.5500,agent,agent_10,3.930907,5.408839
18.5500,agent,agent_11,2.824275,5.341459
18.5500,agent,agent_12,2.733930,3.941399
18.5500,agent,agent_13,4.733482,3.861803
18.5500,agent,agent_14,2.830124,5.759444
18.5500,agent,agent_15,3.631537,4.027528
18.5500,cargo,cargo_0,3.712191,4.826040
18.6000,agent,agent_00,4.202154,4.003300
18.6000,agent,agent_01,3.170833,3.905583
18.6000,agent,agent_02,3.981366,5.008730
18.6000,agent,agent_03,2.839294,4.895441
18.6000,agent,agent_04,3.889972,6.124932
18.6000,agent,agent_05,4.937282,4.397608
18.6000,agent,agent_06,3.686032,3.467497
18.6000,agent,agent_07,3.331730,6.357082
18.6000,agent,agent_08,4.640658,5.191458
18.6000,agent,agent_09,2.868059,4.415301
18.6000,agent,agent_10,3.929236,5.418978
18.6000,agent,agent_11,2.821607,5.351587
18.6000,agent,agent_12,2.721263,3.947338
18.6000,agent,agent_13,4.736283,3.871661
18.6000,agent,agent_14,2.830058,5.770777
18.6000,agent,agent_15,3.631254,4.038806
18.6000,cargo,cargo_0,3.709641,4.836911
18.6500,agent,agent_00,4.198312,4.014277
18.6500,agent,agent_01,3.168682,3.919211
18.6500,agent,agent_02,3.980386,5.020079
18.6500,agent,agent_03,2.835745,4.901083
18.6500,agent,agent_04,3.888293,6.136569
18.6500,agent,agent_05,4.934285,4.402835
18.6500,agent,agent_06,3.695214,3.480457
18.6500,agent,agent_07,3.325963,6.367725
18.6500,agent,agent_08,4.637400,5.203832
18.6500,agent,agent_09,2.865443,4.419079
18.6500,agent,agent_10,3.927039,5.430641
18.6500,agent,agent_11,2.836113,5.361376
18.6500,agent,agent_12,2.707810,3.954671
18.6500,agent,agent_13,4.735808,3.884771
18.6500,agent,agent_14,2.827294,5.783041
18.6500,agent,agent_15,3.632087,4.051436
18.6500,cargo,cargo_0,3.706784,4.847188
18.7000,agent,agent_00,4.198480,4.025137
18.7000,agent,agent_01,3.165096,3.932056
18.7000,agent,agent_02,3.978141,5.031181
18.7000,agent,agent_03,2.832389,4.904396
18.7000,agent,agent_04,3.887960,6.147619
18.7000,agent,agent_05,4.946207,4.413633
18.7000,agent,agent_06,3.705770,3.493570
18.7000,agent,agent_07,3.324642,6.378915
18.7000,agent,agent_08,4.634514,5.216436
18.7000,agent,agent_09,2.862145,4.424072
18.7000,agent,agent_10,3.924168,5.441674
18.7000,agent,agent_11,2.831935,5.367757
18.7000,agent,agent_12,2.694269,3.961776
18.7000,agent,agent_13,4.736349,3.898742
18.7000,agent,agent_14,2.823898,5.794167
18.7000,agent,agent_15,3.630671,4.064145
18.7000,cargo,cargo_0,3.705894,4.859568
18.7500,agent,agent_00,4.200334,4.036644
18.7500,agent,agent_01,3.166700,3.943985
18.7500,agent,agent_02,3.977461,5.043015
18.7500,agent,agent_03,2.828936,4.909348
18.7500,agent,agent_04,3.887302,6.158897
18.7500,agent,agent_05,4.959101,4.423913
18.7500,agent,agent_06,3.712142,3.508174
18.7500,agent,agent_07,3.323338,6.391511
18.7500,agent,agent_08,4.631462,5.228712
18.7500,agent,agent_09,2.859054,4.428804
18.7500,agent,agent_10,3.923383,5.453152
18.7500,agent,agent_11,2.828940,5.376266
18.7500,agent,agent_12,2.693859,3.974036
18.7500,agent,agent_13,4.737834,3.912676
18.7500,agent,agent_14,2.816203,5.807357
18.7500,agent,agent_15,3.627501,4.076021
18.7500,cargo,cargo_0,3.705316,4.874014
18.8000,agent,agent_00,4.199152,4.048434
18.8000,agent,agent_01,3.165521,3.955853
18.8000,agent,agent_02,3.975216,5.054101
18.8000,agent,agent_03,2.825230,4.917147
18.8000,agent,agent_04,3.885918,6.172304
18.8000,agent,agent_05,4.971363,4.436399
18.8000,agent,agent_06,3.715786,3.523772
18.8000,agent,agent_07,3.322433,6.405259
18.8000,agent,agent_08,4.629545,5.240231
18.8000,agent,agent_09,2.857586,4.431719
18.8000,agent,agent_10,3.922672,5.464314
18.8000,agent,agent_11,2.825794,5.384158
18.8000,agent,agent_12,2.693279,3.985934
18.8000,agent,agent_13,4.737500,3.927212
18.8000,agent,agent_14,2.812516,5.820020
18.8000,agent,agent_15,3.628170,4.086790
18.8000,cargo,cargo_0,3.705060,4.888381
18.8500,agent,agent_00,4.200265,4.061165
18.8500,agent,agent_01,3.168244,3.967135
18.8500,agent,agent_02,3.973334,5.066508
18.8500,agent,agent_03,2.821273,4.926780
18.8500,agent,agent_04,3.884714,6.185508
18.8500,agent,agent_05,4.967686,4.445021
18.8500,agent,agent_06,3.722385,3.539464
18.8500,agent,agent_07,3.318509,6.419081
18.8500,agent,agent_08,4.627875,5.253408
18.8500,agent,agent_09,2.857138,4.432829
18.8500,agent,agent_10,3.921187,5.477395
18.8500,agent,agent_11,2.824895,5.386715
18.8500,agent,agent_12,2.691499,3.994899
18.8500,agent,agent_13,4.734413,3.942219
18.8500,agent,agent_14,2.810708,5.829955
18.8500,agent,agent_15,3.625428,4.097924
18.8500,cargo,cargo_0,3.704575,4.901445
18.9000,agent,agent_00,4.201578,4.075160
18.9000,agent,agent_01,3.173189,3.980192
18.9000,agent,agent_02,3.972725,5.079283
18.9000,agent,agent_03,2.818916,4.935742
18.9000,agent,agent_04,3.883999,6.198277
18.9000,agent,agent_05,4.964617,4.456500
18.9000,agent,agent_06,3.725733,3.553016
18.9000,agent,agent_07,3.316048,6.433386
18.9000,agent,agent_08,4.627795,5.266708
18.9000,agent,agent_09,2.857955,4.433257
18.9000,agent,agent_10,3.920261,5.491179
18.9000,agent,agent_11,2.824538,5.390086
18.9000,agent,agent_12,2.690679,4.006293
18.9000,agent,agent_13,4.734004,3.957432
18.9000,agent,agent_14,2.808661,5.842439
18.9000,agent,agent_15,3.625072,4.111413
18.9000,cargo,cargo_0,3.704558,4.913869
18.9500,agent,agent_00,4.204703,4.087916
18.9500,agent,agent_01,3.177165,3.994935
18.9500,agent,agent_02,3.973482,5.096498
18.9500,agent,agent_03,2.817281,4.940519
18.9500,agent,agent_04,3.883759,6.211777
18.9500,agent,agent_05,4.962470,4.471463
18.9500,agent,agent_06,3.729802,3.567635
18.9500,agent,agent_07,3.312327,6.447236
18.9500,agent,agent_08,4.627981,5.280397
18.9500,agent,agent_09,2.858370,4.433948
18.9500,agent,agent_10,3.919823,5.504710
18.9500,agent,agent_11,2.822711,5.395020
18.9500,agent,agent_12,2.690278,4.018886
18.9500,agent,agent_13,4.734645,3.972889
18.9500,agent,agent_14,2.802347,5.855031
18.9500,agent,agent_15,3.623152,4.125089
18.9500,cargo,cargo_0,3.704504,4.926334
19.0000,agent,agent_00,4.207803,4.100977
19.0000,agent,agent_01,3.177504,4.009314
19.0000,agent,agent_02,3.974336,5.107736
19.0000,agent,agent_03,2.814968,4.947805
19.0000,agent,agent_04,3.885909,6.224548
19.0000,agent,agent_05,4.962701,4.485494
19.0000,agent,agent_06,3.738571,3.581509
19.0000,agent,agent_07,3.307343,6.460180
19.0000,agent,agent_08,4.627789,5.294233
19.0000,agent,agent_09,2.858803,4.435474
19.0000,agent,agent_10,3.919810,5.515808
19.0000,agent,agent_11,2.820559,5.401826
19.0000,agent,agent_12,2.691661,4.030409
19.0000,agent,agent_13,4.738773,3.965834
19.0000,agent,agent_14,2.801009,5.865765
19.0000,agent,agent_15,3.624254,4.138307
19.0000,cargo,cargo_0,3.705098,4.939143
19.0500,agent,agent_00,4.207168,4.113474
19.0500,agent,agent_01,3.179908,4.022601
19.0500,agent,agent_02,3.973532,5.117875
19.0500,agent,agent_03,2.813868,4.953100
19.0500,agent,agent_04,3.884962,6.236361
19.0500,agent,agent_05,4.962941,4.499426
19.0500,agent,agent_06,3.742121,3.594971
19.0500,agent,agent_07,3.302589,6.472591
19.0500,agent,agent_08,4.628985,5.307528
19.0500,agent,agent_09,2.859587,4.433887
19.0500,agent,agent_10,3.919393,5.528159
19.0500,agent,agent_11,2.818800,5.410114
19.0500,agent,agent_12,2.678989,4.032501
19.0500,agent,agent_13,4.738700,3.980184
19.0500,agent,agent_14,2.801491,5.875196
19.0500,agent,agent_15,3.623012,4.150198
19.0500,cargo,cargo_0,3.704844,4.951903
19.1000,agent,agent_00,4.209626,4.125782
19.1000,agent,agent_01,3.179330,4.036785
19.1000,agent,agent_02,3.972373,5.129510
19.1000,agent,agent_03,2.813887,4.955643
19.1000,agent,agent_04,3.886059,6.248760
19.1000,agent,agent_05,4.963625,4.515430
19.1000,agent,agent_06,3.748990,3.609214
19.1000,agent,agent_07,3.297775,6.485126
19.1000,agent,agent_08,4.630308,5.320858
19.1000,agent,agent_09,2.861380,4.436532
19.1000,agent,agent_10,3.918404,5.541374
19.1000,agent,agent_11,2.816762,5.420327
19.1000,agent,agent_12,2.680919,4.041513
19.1000,agent,agent_13,4.736144,3.994570
19.1000,agent,agent_14,2.799145,5.883846
19.1000,agent,agent_15,3.620090,4.162215
19.1000,cargo,cargo_0,3.704346,4.964234
19.1500,agent,agent_00,4.213097,4.138331
19.1500,agent,agent_01,3.179642,4.051260
19.1500,agent,agent_02,3.972442,5.141795
19.1500,agent,agent_03,2.813458,4.959559
19.1500,agent,agent_04,3.886876,6.261639
19.1500,agent,agent_05,4.964213,4.530319
19.1500,agent,agent_06,3.759598,3.622216
19.1500,agent,agent_07,3.293460,6.498152
19.1500,agent,agent_08,4.631011,5.333992
19.1500,agent,agent_09,2.863013,4.437269
19.1500,agent,agent_10,3.918260,5.554926
19.1500,agent,agent_11,2.815797,5.425614
19.1500,agent,agent_12,2.682985,4.050900
19.1500,agent,agent_13,4.733989,4.009576
19.1500,agent,agent_14,2.799689,5.893392
19.1500,agent,agent_15,3.618089,4.175862
19.1500,cargo,cargo_0,3.703995,4.976621
19.2000,agent,agent_00,4.213300,4.151898
19.2000,agent,agent_01,3.174578,4.041343
19.2000,agent,agent_02,3.972503,5.155024
19.2000,agent,agent_03,2.811911,4.967204
19.2000,agent,agent_04,3.883915,6.274189
19.2000,agent,agent_05,4.969939,4.541543
19.2000,agent,agent_06,3.766654,3.636293
19.2000,agent,agent_07,3.291737,6.512197
19.2000,agent,agent_08,4.631559,5.347464
19.2000,agent,agent_09,2.863903,4.438926
19.2000,agent,agent_10,3.918768,5.567669
19.2000,agent,agent_11,2.813785,5.435292
19.2000,agent,agent_12,2.684528,4.059400
19.2000,agent,agent_13,4.736928,3.999484
19.2000,agent,agent_14,2.801820,5.902805
19.2000,agent,agent_15,3.617551,4.189973
19.2000,cargo,cargo_0,3.703815,4.989858
19.2500,agent,agent_00,4.214685,4.165577
19.2500,agent,agent_01,3.176493,4.054286
19.2500,agent,agent_02,3.972480,5.167199
19.2500,agent,agent_03,2.809722,4.976671
19.2500,agent,agent_04,3.881961,6.286854
19.2500,agent,agent_05,4.966334,4.550601
19.2500,agent,agent_06,3.772465,3.651490
19.2500,agent,agent_07,3.291646,6.526180
19.2500,agent,agent_08,4.632914,5.359549
19.2500,agent,agent_09,2.863899,4.445802
19.2500,agent,agent_10,3.918123,5.580820
19.2500,agent,agent_11,2.811014,5.442029
19.2500,agent,agent_12,2.684643,4.070390
19.2500,agent,agent_13,4.735690,4.014943
19.2500,agent,agent_14,2.801994,5.914439
19.2500,agent,agent_15,3.615876,4.203816
19.2500,cargo,cargo_0,3.703646,5.004061
19.3000,agent,agent_00,4.216656,4.178214
19.3000,agent,agent_01,3.175323,4.066050
19.3000,agent,agent_02,3.971648,5.179836
19.3000,agent,agent_03,2.807437,4.988005
19.3000,agent,agent_04,3.879944,6.300357
19.3000,agent,agent_05,4.961173,4.554889
19.3000,agent,agent_06,3.779911,3.664981
19.3000,agent,agent_07,3.294945,6.539588
19.3000,agent,agent_08,4.632224,5.371821
19.3000,agent,agent_09,2.863967,4.452857
19.3000,agent,agent_10,3.917597,5.594081
19.3000,agent,agent_11,2.809993,5.448570
19.3000,agent,agent_12,2.685026,4.076790
19.3000,agent,agent_13,4.735408,4.031038
19.3000,agent,agent_14,2.805517,5.922232
19.3000,agent,agent_15,3.617197,4.216038
19.3000,cargo,cargo_0,3.704191,5.018114
19.3500,agent,agent_00,4.219620,4.191907
19.3500,agent,agent_01,3.172573,4.078614
19.3500,agent,agent_02,3.971429,5.192628
19.3500,agent,agent_03,2.806275,4.994451
19.3500,agent,agent_04,3.879800,6.313813
19.3500,agent,agent_05,4.958506,4.563195
19.3500,agent,agent_06,3.788329,3.679021
19.3500,agent,agent_07,3.293222,6.552370
19.3500,agent,agent_08,4.632644,5.384821
19.3500,agent,agent_09,2.852578,4.460348
19.3500,agent,agent_10,3.917425,5.607631
19.3500,agent,agent_11,2.808731,5.457340
19.3500,agent,agent_12,2.686330,4.084210
19.3500,agent,agent_13,4.737574,4.046664
19.3500,agent,agent_14,2.801289,5.933267
19.3500,agent,agent_15,3.618920,4.214898
19.3500,cargo,cargo_0,3.705176,5.028136
19.4000,agent,agent_00,4.218872,4.205355
19.4000,agent,agent_01,3.172181,4.092917
19.4000,agent,agent_02,3.972332,5.205107
19.4000,agent,agent_03,2.806840,4.998372
19.4000,agent,agent_04,3.880447,6.327085
19.4000,agent,agent_05,4.956333,4.573162
19.4000,agent,agent_06,3.798930,3.692944
19.4000,agent,agent_07,3.294825,6.565264
19.4000,agent,agent_08,4.633942,5.397081
19.4000,agent,agent_09,2.840973,4.469660
19.4000,agent,agent_10,3.918321,5.621132
19.4000,agent,agent_11,2.807969,5.465378
19.4000,agent,agent_12,2.688205,4.093838
19.4000,agent,agent_13,4.741411,4.061893
19.4000,agent,agent_14,2.801457,5.942400
19.4000,agent,agent_15,3.619071,4.228758
19.4000,cargo,cargo_0,3.705235,5.036261
19.4500,agent,agent_00,4.219933,4.218165
19.4500,agent,agent_01,3.173714,4.107560
19.4500,agent,agent_02,3.972397,5.217894
19.4500,agent,agent_03,2.807843,5.000911
19.4500,agent,agent_04,3.881043,6.337945
19.4500,agent,agent_05,4.953865,4.582580
19.4500,agent,agent_06,3.805982,3.707084
19.4500,agent,agent_07,3.292702,6.576749
19.4500,agent,agent_08,4.632573,5.409515
19.4500,agent,agent_09,2.841587,4.482855
19.4500,agent,agent_10,3.918531,5.632832
19.4500,agent,agent_11,2.807535,5.471511
19.4500,agent,agent_12,2.689543,4.104675
19.4500,agent,agent_13,4.743703,4.076509
19.4500,agent,agent_14,2.807825,5.947417
19.4500,agent,agent_15,3.619334,4.242210
19.4500,cargo,cargo_0,3.705475,5.046213
19.5000,agent,agent_00,4.220471,4.223726
19.5000,agent,agent_01,3.178269,4.119538
19.5000,agent,agent_02,3.973760,5.228814
19.5000,agent,agent_03,2.808455,5.003414
19.5000,agent,agent_04,3.883484,6.348365
19.5000,agent,agent_05,4.951859,4.594581
19.5000,agent,agent_06,3.809797,3.719180
19.5000,agent,agent_07,3.294909,6.587459
19.5000,agent,agent_08,4.632022,5.420655
19.5000,agent,agent_09,2.829630,4.494535
19.5000,agent,agent_10,3.919753,5.643389
19.5000,agent,agent_11,2.807876,5.476341
19.5000,agent,agent_12,2.691956,4.113148
19.5000,agent,agent_13,4.750558,4.066881
19.5000,agent,agent_14,2.810449,5.956932
19.5000,agent,agent_15,3.618068,4.247383
19.5000,cargo,cargo_0,3.705398,5.055291
19.5500,agent,agent_00,4.220148,4.235298
19.5500,agent,agent_01,3.184415,4.130868
19.5500,agent,agent_02,3.973862,5.237953
19.5500,agent,agent_03,2.810702,5.004070
19.5500,agent,agent_04,3.883096,6.359610
19.5500,agent,agent_05,4.949191,4.603482
19.5500,agent,agent_06,3.813369,3.732919
19.5500,agent,agent_07,3.293395,6.596098
19.5500,agent,agent_08,4.632587,5.430908
19.5500,agent,agent_09,2.830222,4.507688
19.5500,agent,agent_10,3.920365,5.652389
19.5500,agent,agent_11,2.806912,5.483849
19.5500,agent,agent_12,2.694435,4.119202
19.5500,agent,agent_13,4.748318,4.078267
19.5500,agent,agent_14,2.812334,5.966819
19.5500,agent,agent_15,3.618991,4.259028
19.5500,cargo,cargo_0,3.705260,5.064282
19.6000,agent,agent_00,4.216872,4.244874
19.6000,agent,agent_01,3.191457,4.140415
19.6000,agent,agent_02,3.974401,5.248190
19.6000,agent,agent_03,2.812221,5.006051
19.6000,agent,agent_04,3.883430,6.368764
19.6000,agent,agent_05,4.945508,4.607966
19.6000,agent,agent_06,3.820209,3.745021
19.6000,agent,agent_07,3.289855,6.604273
19.6000,agent,agent_08,4.633643,5.440193
19.6000,agent,agent_09,2.830972,4.517223
19.6000,agent,agent_10,3.919858,5.662393
19.6000,agent,agent_11,2.805823,5.489687
19.6000,agent,agent_12,2.696836,4.121469
19.6000,agent,agent_13,4.747990,4.067670
19.6000,agent,agent_14,2.813541,5.978392
19.6000,agent,agent_15,3.620481,4.270719
19.6000,cargo,cargo_0,3.704365,5.073879
19.6500,agent,agent_00,4.213398,4.255317
19.6500,agent,agent_01,3.197671,4.151287
19.6500,agent,agent_02,3.972792,5.257333
19.6500,agent,agent_03,2.813835,5.005639
19.6500,agent,agent_04,3.884495,6.379331
19.6500,agent,agent_05,4.942045,4.614189
19.6500,agent,agent_06,3.828971,3.756787
19.6500,agent,agent_07,3.285785,6.612291
19.6500,agent,agent_08,4.634477,5.449578
19.6500,agent,agent_09,2.832083,4.523141
19.6500,agent,agent_10,3.919389,5.671844
19.6500,agent,agent_11,2.804486,5.497997
19.6500,agent,agent_12,2.686532,4.117719
19.6500,agent,agent_13,4.744628,4.080249
19.6500,agent,agent_14,2.814464,5.988474
19.6500,agent,agent_15,3.619845,4.281952
19.6500,cargo,cargo_0,3.702645,5.084103
19.7000,agent,agent_00,4.212284,4.267077
19.7000,agent,agent_01,3.198930,4.162945
19.7000,agent,agent_02,3.970691,5.267417
19.7000,agent,agent_03,2.812512,5.009485
19.7000,agent,agent_04,3.882961,6.390629
19.7000,agent,agent_05,4.938437,4.621233
19.7000,agent,agent_06,3.838319,3.768351
19.7000,agent,agent_07,3.284085,6.622490
19.7000,agent,agent_08,4.633326,5.460343
19.7000,agent,agent_09,2.832311,4.528543
19.7000,agent,agent_10,3.918401,5.682146
19.7000,agent,agent_11,2.802201,5.504573
19.7000,agent,agent_12,2.685998,4.124792
19.7000,agent,agent_13,4.742279,4.094060
19.7000,agent,agent_14,2.814437,6.000991
19.7000,agent,agent_15,3.619553,4.293751
19.7000,cargo,cargo_0,3.701092,5.095336
19.7500,agent,agent_00,4.212438,4.279445
19.7500,agent,agent_01,3.201265,4.175605
19.7500,agent,agent_02,3.969984,5.278078
19.7500,agent,agent_03,2.811708,5.013876
19.7500,agent,agent_04,3.881401,6.401311
19.7500,agent,agent_05,4.934539,4.630638
19.7500,agent,agent_06,3.846851,3.781271
19.7500,agent,agent_07,3.283973,6.634340
19.7500,agent,agent_08,4.631602,5.471041
19.7500,agent,agent_09,2.832078,4.533602
19.7500,agent,agent_10,3.917365,5.692374
19.7500,agent,agent_11,2.800513,5.513080
19.7500,agent,agent_12,2.686886,4.131977
19.7500,agent,agent_13,4.741058,4.108123
19.7500,agent,agent_14,2.814495,6.012847
19.7500,agent,agent_15,3.620906,4.284056
19.7500,cargo,cargo_0,3.700107,5.103260
19.8000,agent,agent_00,4.214530,4.290047
19.8000,agent,agent_01,3.199770,4.186482
19.8000,agent,agent_02,3.970270,5.286664
19.8000,agent,agent_03,2.810541,5.019109
19.8000,agent,agent_04,3.880519,6.410656
19.8000,agent,agent_05,4.944865,4.640165
19.8000,agent,agent_06,3.856952,3.791815
19.8000,agent,agent_07,3.288058,6.643796
19.8000,agent,agent_08,4.630058,5.479570
19.8000,agent,agent_09,2.831945,4.542433
19.8000,agent,agent_10,3.916654,5.701540
19.8000,agent,agent_11,2.798257,5.523242
19.8000,agent,agent_12,2.688638,4.138701
19.8000,agent,agent_13,4.737548,4.120103
19.8000,agent,agent_14,2.814371,6.023135
19.8000,agent,agent_15,3.623853,4.295648
19.8000,cargo,cargo_0,3.700821,5.110134
19.8500,agent,agent_00,4.212286,4.299286
19.8500,agent,agent_01,3.199312,4.198262
19.8500,agent,agent_02,3.970131,5.294130
19.8500,agent,agent_03,2.809305,5.022734
19.8500,agent,agent_04,3.879911,6.419097
19.8500,agent,agent_05,4.955382,4.651727
19.8500,agent,agent_06,3.865221,3.802400
19.8500,agent,agent_07,3.292799,6.651525
19.8500,agent,agent_08,4.627788,5.486420
19.8500,agent,agent_09,2.831220,4.553908
19.8500,agent,agent_10,3.915889,5.708673
19.8500,agent,agent_11,2.796144,5.534118
19.8500,agent,agent_12,2.690462,4.144429
19.8500,agent,agent_13,4.741437,4.110194
19.8500,agent,agent_14,2.818798,6.028080
19.8500,agent,agent_15,3.628915,4.305743
19.8500,cargo,cargo_0,3.701512,5.118289
19.9000,agent,agent_00,4.214975,4.307370
19.9000,agent,agent_01,3.201343,4.207966
19.9000,agent,agent_02,3.970503,5.301028
19.9000,agent,agent_03,2.807624,5.029431
19.9000,agent,agent_04,3.878870,6.428832
19.9000,agent,agent_05,4.956633,4.657381
19.9000,agent,agent_06,3.873434,3.812571
19.9000,agent,agent_07,3.292027,6.658298
19.9000,agent,agent_08,4.627477,5.494638
19.9000,agent,agent_09,2.831483,4.565822
19.9000,agent,agent_10,3.915744,5.716594
19.9000,agent,agent_11,2.795450,5.538988
19.9000,agent,agent_12,2.692021,4.147062
19.9000,agent,agent_13,4.737345,4.120232
19.9000,agent,agent_14,2.825326,6.030826
19.9000,agent,agent_15,3.634226,4.314186
19.9000,cargo,cargo_0,3.703173,5.127419
19.9500,agent,agent_00,4.219647,4.314884
19.9500,agent,agent_01,3.204380,4.217833
19.9500,agent,agent_02,3.971178,5.309725
19.9500,agent,agent_03,2.808193,5.033070
19.9500,agent,agent_04,3.878921,6.437488
19.9500,agent,agent_05,4.953180,4.661547
19.9500,agent,agent_06,3.882947,3.821295
19.9500,agent,agent_07,3.289034,6.666165
19.9500,agent,agent_08,4.628791,5.503898
19.9500,agent,agent_09,2.830791,4.578349
19.9500,agent,agent_10,3.915441,5.725721
19.9500,agent,agent_11,2.794783,5.545871
19.9500,agent,agent_12,2.695663,4.149611
19.9500,agent,agent_13,4.737323,4.130375
19.9500,agent,agent_14,2.831865,6.031909
19.9500,agent,agent_15,3.640080,4.322614
19.9500,cargo,cargo_0,3.705599,5.136753
20.0000,agent,agent_00,4.222900,4.325026
20.0000,agent,agent_01,3.205467,4.229551
20.0000,agent,agent_02,3.972263,5.318342
20.0000,agent,agent_03,2.808807,5.038108
20.0000,agent,agent_04,3.879737,6.447471
20.0000,agent,agent_05,4.951801,4.667075
20.0000,agent,agent_06,3.893988,3.829394
20.0000,agent,agent_07,3.289996,6.675181
20.0000,agent,agent_08,4.630372,5.512599
20.0000,agent,agent_09,2.831351,4.590342
20.0000,agent,agent_10,3.915652,5.735475
20.0000,agent,agent_11,2.794877,5.554930
20.0000,agent,agent_12,2.699215,4.154654
20.0000,agent,agent_13,4.736381,4.142187
20.0000,agent,agent_14,2.837025,6.038105
20.0000,agent,agent_15,3.643681,4.334429
20.0000,cargo,cargo_0,3.707424,5.146885
20.0500,agent,agent_00,4.224664,4.336357
20.0500,agent,agent_01,3.204764,4.241551
20.0500,agent,agent_02,3.974183,5.328051
20.0500,agent,agent_03,2.810425,5.043167
20.0500,agent,agent_04,3.880637,6.458553
20.0500,agent,agent_05,4.950123,4.674218
20.0500,agent,agent_06,3.902483,3.839815
20.0500,agent,agent_07,3.293734,6.685035
20.0500,agent,agent_08,4.631431,5.522690
20.0500,agent,agent_09,2.832831,4.602584
20.0500,agent,agent_10,3.916828,5.746307
20.0500,agent,agent_11,2.794798,5.565092
20.0500,agent,agent_12,2.704002,4.161331
20.0500,agent,agent_13,4.739171,4.132065
20.0500,agent,agent_14,2.828978,6.048082
20.0500,agent,agent_15,3.642931,4.344882
20.0500,cargo,cargo_0,3.707628,5.157603
20.1000,agent,agent_00,4.229189,4.347108
20.1000,agent,agent_01,3.203992,4.253944
20.1000,agent,agent_02,3.976396,5.338526
20.1000,agent,agent_03,2.814585,5.026169
20.1000,agent,agent_04,3.881793,6.468940
20.1000,agent,agent_05,4.948165,4.683798
20.1000,agent,agent_06,3.905690,3.851899
20.1000,agent,agent_07,3.298326,6.694855
20.1000,agent,agent_08,4.631716,5.531503
20.1000,agent,agent_09,2.833971,4.613969
20.1000,agent,agent_10,3.918214,5.756905
20.1000,agent,agent_11,2.794462,5.574957
20.1000,agent,agent_12,2.706588,4.169497
20.1000,agent,agent_13,4.740027,4.145374
20.1000,agent,agent_14,2.831554,6.060207
20.1000,agent,agent_15,3.642131,4.356381
20.1000,cargo,cargo_0,3.707865,5.168682
20.1500,agent,agent_00,4.234502,4.358585
20.1500,agent,agent_01,3.206147,4.249278
20.1500,agent,agent_02,3.977252,5.347244
20.1500,agent,agent_03,2.818722,5.009645
20.1500,agent,agent_04,3.882178,6.480376
20.1500,agent,agent_05,4.945426,4.692207
20.1500,agent,agent_06,3.907414,3.865106
20.1500,agent,agent_07,3.301114,6.706336
20.1500,agent,agent_08,4.629930,5.541238
20.1500,agent,agent_09,2.834139,4.625029
20.1500,agent,agent_10,3.919052,5.767342
20.1500,agent,agent_11,2.795943,5.579142
20.1500,agent,agent_12,2.712144,4.176952
20.1500,agent,agent_13,4.742020,4.158816
20.1500,agent,agent_14,2.833019,6.073282
20.1500,agent,agent_15,3.641592,4.368701
20.1500,cargo,cargo_0,3.708077,5.179911
20.2000,agent,agent_00,4.234317,4.368249
20.2000,agent,agent_01,3.205337,4.259040
20.2000,agent,agent_02,3.977160,5.355228
20.2000,agent,agent_03,2.822738,4.996201
20.2000,agent,agent_04,3.882414,6.490785
20.2000,agent,agent_05,4.942481,4.701663
20.2000,agent,agent_06,3.906255,3.877843
20.2000,agent,agent_07,3.299930,6.715845
20.2000,agent,agent_08,4.628973,5.551447
20.2000,agent,agent_09,2.834988,4.629506
20.2000,agent,agent_10,3.919789,5.777635
20.2000,agent,agent_11,2.795639,5.585407
20.2000,agent,agent_12,2.716462,4.182656
20.2000,agent,agent_13,4.742605,4.156029
20.2000,agent,agent_14,2.829658,6.085297
20.2000,agent,agent_15,3.640494,4.379085
20.2000,cargo,cargo_0,3.706834,5.190869
20.2500,agent,agent_00,4.234715,4.365911
20.2500,agent,agent_01,3.205568,4.268678
20.2500,agent,agent_02,3.976588,5.365253
20.2500,agent,agent_03,2.826698,4.984836
20.2500,agent,agent_04,3.881744,6.500634
20.2500,agent,agent_05,4.940756,4.712608
20.2500,agent,agent_06,3.906412,3.867340
20.2500,agent,agent_07,3.299582,6.727086
20.2500,agent,agent_08,4.627100,5.562182
20.2500,agent,agent_09,2.829612,4.636094
20.2500,agent,agent_10,3.919383,5.787542
20.2500,agent,agent_11,2.793651,5.589722
20.2500,agent,agent_12,2.718873,4.190007
20.2500,agent,agent_13,4.741320,4.169854
20.2500,agent,agent_14,2.824022,6.096988
20.2500,agent,agent_15,3.641406,4.390770
20.2500,cargo,cargo_0,3.705702,5.199691
20.3000,agent,agent_00,4.235118,4.377830
20.3000,agent,agent_01,3.205304,4.280616
20.3000,agent,agent_02,3.974348,5.374570
20.3000,agent,agent_03,2.830764,4.975573
20.3000,agent,agent_04,3.881916,6.511915
20.3000,agent,agent_05,4.937763,4.720020
20.3000,agent,agent_06,3.908152,3.856822
20.3000,agent,agent_07,3.296543,6.737958
20.3000,agent,agent_08,4.626716,5.571530
20.3000,agent,agent_09,2.820915,4.620908
20.3000,agent,agent_10,3.918500,5.798874
20.3000,agent,agent_11,2.790934,5.595395
20.3000,agent,agent_12,2.709028,4.184825
20.3000,agent,agent_13,4.741315,4.183674
20.3000,agent,agent_14,2.824887,6.109600
20.3000,agent,agent_15,3.641765,4.402904
20.3000,cargo,cargo_0,3.704572,5.208008
20.3500,agent,agent_00,4.235156,4.389740
20.3500,agent,agent_01,3.205793,4.293060
20.3500,agent,agent_02,3.972478,5.385042
20.3500,agent,agent_03,2.835058,4.965412
20.3500,agent,agent_04,3.881926,6.522514
20.3500,agent,agent_05,4.935383,4.731476
20.3500,agent,agent_06,3.908698,3.846315
20.3500,agent,agent_07,3.294429,6.750040
20.3500,agent,agent_08,4.627475,5.582208
20.3500,agent,agent_09,2.831760,4.607173
20.3500,agent,agent_10,3.918229,5.809766
20.3500,agent,agent_11,2.790714,5.597226
20.3500,agent,agent_12,2.699604,4.179534
20.3500,agent,agent_13,4.744445,4.196295
20.3500,agent,agent_14,2.816541,6.122491
20.3500,agent,agent_15,3.640759,4.414440
20.3500,cargo,cargo_0,3.702904,5.218744
20.4000,agent,agent_00,4.235315,4.400867
20.4000,agent,agent_01,3.207024,4.306238
20.4000,agent,agent_02,3.971973,5.395160
20.4000,agent,agent_03,2.834213,4.971981
20.4000,agent,agent_04,3.881336,6.533523
20.4000,agent,agent_05,4.933052,4.743686
20.4000,agent,agent_06,3.910212,3.842849
20.4000,agent,agent_07,3.290504,6.760744
20.4000,agent,agent_08,4.625863,5.593133
20.4000,agent,agent_09,2.842605,4.593439
20.4000,agent,agent_10,3.917853,5.821038
20.4000,agent,agent_11,2.789338,5.603438
20.4000,agent,agent_12,2.699819,4.185801
20.4000,agent,agent_13,4.749250,4.186706
20.4000,agent,agent_14,2.808635,6.137065
20.4000,agent,agent_15,3.640105,4.425846
20.4000,cargo,cargo_0,3.701059,5.231208
20.4500,agent,agent_00,4.237900,4.410977
20.4500,agent,agent_01,3.207655,4.319701
20.4500,agent,agent_02,3.970797,5.404987
20.4500,agent,agent_03,2.833469,4.978706
20.4500,agent,agent_04,3.878119,6.544090
20.4500,agent,agent_05,4.929796,4.750916
20.4500,agent,agent_06,3.912839,3.846598
20.4500,agent,agent_07,3.288433,6.772599
20.4500,agent,agent_08,4.626375,5.603274
20.4500,agent,agent_09,2.840438,4.602272
20.4500,agent,agent_10,3.916755,5.831360
20.4500,agent,agent_11,2.789133,5.605319
20.4500,agent,agent_12,2.700195,4.192273
20.4500,agent,agent_13,4.750162,4.201191
20.4500,agent,agent_14,2.809726,6.150559
20.4500,agent,agent_15,3.639509,4.432285
20.4500,cargo,cargo_0,3.699424,5.240998
20.5000,agent,agent_00,4.240418,4.420527
20.5000,agent,agent_01,3.208772,4.331399
20.5000,agent,agent_02,3.968207,5.414131
20.5000,agent,agent_03,2.831461,4.982998
20.5000,agent,agent_04,3.876220,6.556051
20.5000,agent,agent_05,4.927818,4.759615
20.5000,agent,agent_06,3.917423,3.850430
20.5000,agent,agent_07,3.290467,6.782259
20.5000,agent,agent_08,4.624258,5.613785
20.5000,agent,agent_09,2.838218,4.611857
20.5000,agent,agent_10,3.914268,5.842709
20.5000,agent,agent_11,2.787234,5.609738
20.5000,agent,agent_12,2.700759,4.196160
20.5000,agent,agent_13,4.749223,4.213745
20.5000,agent,agent_14,2.812567,6.157630
20.5000,agent,agent_15,3.640273,4.442410
20.5000,cargo,cargo_0,3.698315,5.249592
20.5500,agent,agent_00,4.240354,4.429127
20.5500,agent,agent_01,3.216041,4.347318
20.5500,agent,agent_02,3.966142,5.423897
20.5500,agent,agent_03,2.830477,4.984948
20.5500,agent,agent_04,3.875956,6.565409
20.5500,agent,agent_05,4.926011,4.767682
20.5500,agent,agent_06,3.920479,3.862433
20.5500,agent,agent_07,3.291251,6.790572
20.5500,agent,agent_08,4.623366,5.623373
20.5500,agent,agent_09,2.836428,4.622078
20.5500,agent,agent_10,3.912403,5.850893
20.5500,agent,agent_11,2.787923,5.609297
20.5500,agent,agent_12,2.704433,4.198459
20.5500,agent,agent_13,4.751210,4.225948
20.5500,agent,agent_14,2.805200,6.168346
20.5500,agent,agent_15,3.642773,4.451223
20.5500,cargo,cargo_0,3.697197,5.257891
20.6000,agent,agent_00,4.238698,4.439332
20.6000,agent,agent_01,3.220402,4.336287
20.6000,agent,agent_02,3.964536,5.433849
20.6000,agent,agent_03,2.829290,4.991730
20.6000,agent,agent_04,3.875123,6.575379
20.6000,agent,agent_05,4.928777,4.777254
20.6000,agent,agent_06,3.921717,3.874303
20.6000,agent,agent_07,3.294530,6.798610
20.6000,agent,agent_08,4.623526,5.633306
20.6000,agent,agent_09,2.834987,4.632391
20.6000,agent,agent_10,3.910508,5.861347
20.6000,agent,agent_11,2.787873,5.609872
20.6000,agent,agent_12,2.708402,4.202033
20.6000,agent,agent_13,4.751557,4.239671
20.6000,agent,agent_14,2.795395,6.175396
20.6000,agent,agent_15,3.645708,4.461428
20.6000,cargo,cargo_0,3.696285,5.267204
20.6500,agent,agent_00,4.235996,4.450219
20.6500,agent,agent_01,3.223925,4.346425
20.6500,agent,agent_02,3.964302,5.442872
20.6500,agent,agent_03,2.829276,4.997648
20.6500,agent,agent_04,3.873486,6.584290
20.6500,agent,agent_05,4.930213,4.786692
20.6500,agent,agent_06,3.928103,3.885554
20.6500,agent,agent_07,3.291739,6.807466
20.6500,agent,agent_08,4.623165,5.643243
20.6500,agent,agent_09,2.834685,4.637019
20.6500,agent,agent_10,3.910456,5.871633
20.6500,agent,agent_11,2.787637,5.608796
20.6500,agent,agent_12,2.711581,4.207586
20.6500,agent,agent_13,4.753497,4.252635
20.6500,agent,agent_14,2.798947,6.183556
20.6500,agent,agent_15,3.649786,4.471969
20.6500,cargo,cargo_0,3.695525,5.277598
20.7000,agent,agent_00,4.236114,4.461616
20.7000,agent,agent_01,3.224140,4.358241
20.7000,agent,agent_02,3.963630,5.460359
20.7000,agent,agent_03,2.828370,5.002697
20.7000,agent,agent_04,3.871605,6.593571
20.7000,agent,agent_05,4.931301,4.796361
20.7000,agent,agent_06,3.932337,3.898816
20.7000,agent,agent_07,3.291028,6.818369
20.7000,agent,agent_08,4.622689,5.653608
20.7000,agent,agent_09,2.833161,4.645436
20.7000,agent,agent_10,3.908922,5.880161
20.7000,agent,agent_11,2.788499,5.607267
20.7000,agent,agent_12,2.716535,4.213391
20.7000,agent,agent_13,4.753587,4.266457
20.7000,agent,agent_14,2.805100,6.187675
20.7000,agent,agent_15,3.651418,4.461453
20.7000,cargo,cargo_0,3.695070,5.284228
20.7500,agent,agent_00,4.233550,4.470968
20.7500,agent,agent_01,3.224190,4.370162
20.7500,agent,agent_02,3.963708,5.468520
20.7500,agent,agent_03,2.827824,5.008474
20.7500,agent,agent_04,3.870148,6.600699
20.7500,agent,agent_05,4.930448,4.808554
20.7500,agent,agent_06,3.938393,3.908292
20.7500,agent,agent_07,3.287320,6.827265
20.7500,agent,agent_08,4.622822,5.662655
20.7500,agent,agent_09,2.832325,4.649143
20.7500,agent,agent_10,3.908973,5.889010
20.7500,agent,agent_11,2.787830,5.610644
20.7500,agent,agent_12,2.720149,4.216867
20.7500,agent,agent_13,4.756402,4.256331
20.7500,agent,agent_14,2.811878,6.189630
20.7500,agent,agent_15,3.649150,4.456021
20.7500,cargo,cargo_0,3.694371,5.286428
20.8000,agent,agent_00,4.228796,4.479169
20.8000,agent,agent_01,3.225588,4.378269
20.8000,agent,agent_02,3.964580,5.474261
20.8000,agent,agent_03,2.827619,5.013229
20.8000,agent,agent_04,3.870257,6.606259
20.8000,agent,agent_05,4.928789,4.821785
20.8000,agent,agent_06,3.945772,3.913058
20.8000,agent,agent_07,3.287591,6.836430
20.8000,agent,agent_08,4.622067,5.668285
20.8000,agent,agent_09,2.829423,4.654997
20.8000,agent,agent_10,3.907450,5.895544
20.8000,agent,agent_11,2.787760,5.613282
20.8000,agent,agent_12,2.724606,4.218883
20.8000,agent,agent_13,4.756954,4.246993
20.8000,agent,agent_14,2.817823,6.189856
20.8000,agent,agent_15,3.651537,4.464046
20.8000,cargo,cargo_0,3.693705,5.288864
20.8500,agent,agent_00,4.225413,4.485075
20.8500,agent,agent_01,3.229097,4.385327
20.8500,agent,agent_02,3.963553,5.479749
20.8500,agent,agent_03,2.826711,5.021855
20.8500,agent,agent_04,3.867529,6.609769
20.8500,agent,agent_05,4.927119,4.831206
20.8500,agent,agent_06,3.947591,3.913272
20.8500,agent,agent_07,3.288957,6.839980
20.8500,agent,agent_08,4.621578,5.672491
20.8500,agent,agent_09,2.818462,4.656644
20.8500,agent,agent_10,3.906040,5.902319
20.8500,agent,agent_11,2.788381,5.613456
20.8500,agent,agent_12,2.727581,4.219995
20.8500,agent,agent_13,4.753388,4.257400
20.8500,agent,agent_14,2.824847,6.191560
20.8500,agent,agent_15,3.649124,4.470506
20.8500,cargo,cargo_0,3.692012,5.294041
20.9000,agent,agent_00,4.220978,4.490216
20.9000,agent,agent_01,3.231797,4.391834
20.9000,agent,agent_02,3.962715,5.483388
20.9000,agent,agent_03,2.824542,5.031644
20.9000,agent,agent_04,3.864863,6.613973
20.9000,agent,agent_05,4.922783,4.838045
20.9000,agent,agent_06,3.952719,3.914230
20.9000,agent,agent_07,3.291818,6.842786
20.9000,agent,agent_08,4.618857,5.673745
20.9000,agent,agent_09,2.807287,4.658992
20.9000,agent,agent_10,3.903798,5.907586
20.9000,agent,agent_11,2.786252,5.616108
20.9000,agent,agent_12,2.722544,4.210244
20.9000,agent,agent_13,4.753870,4.265329
20.9000,agent,agent_14,2.822747,6.193179
20.9000,agent,agent_15,3.648789,4.476210
20.9000,cargo,cargo_0,3.689858,5.300374
20.9500,agent,agent_00,4.219339,4.495376
20.9500,agent,agent_01,3.235718,4.397298
20.9500,agent,agent_02,3.961125,5.487209
20.9500,agent,agent_03,2.822555,5.042287
20.9500,agent,agent_04,3.859529,6.616960
20.9500,agent,agent_05,4.918982,4.844246
20.9500,agent,agent_06,3.958699,3.915035
20.9500,agent,agent_07,3.291111,6.846100
20.9500,agent,agent_08,4.618202,5.676228
20.9500,agent,agent_09,2.807297,4.665575
20.9500,agent,agent_10,3.902081,5.914248
20.9500,agent,agent_11,2.786008,5.616360
20.9500,agent,agent_12,2.717018,4.200486
20.9500,agent,agent_13,4.749916,4.272519
20.9500,agent,agent_14,2.809551,6.200852
20.9500,agent,agent_15,3.645767,4.481612
20.9500,cargo,cargo_0,3.687653,5.306318
21.0000,agent,agent_00,4.220481,4.500626
21.0000,agent,agent_01,3.242561,4.413405
21.0000,agent,agent_02,3.958592,5.492229
21.0000,agent,agent_03,2.819719,5.053669
21.0000,agent,agent_04,3.857318,6.621836
21.0000,agent,agent_05,4.914361,4.851330
21.0000,agent,agent_06,3.965719,3.915380
21.0000,agent,agent_07,3.290155,6.851962
21.0000,agent,agent_08,4.616419,5.679577
21.0000,agent,agent_09,2.818182,4.651872
21.0000,agent,agent_10,3.900545,5.921975
21.0000,agent,agent_11,2.786733,5.616228
21.0000,agent,agent_12,2.711952,4.190693
21.0000,agent,agent_13,4.751547,4.262146
21.0000,agent,agent_14,2.800722,6.211210
21.0000,agent,agent_15,3.647262,4.487506
21.0000,cargo,cargo_0,3.686458,5.311969
21.0500,agent,agent_00,4.218334,4.506032
21.0500,agent,agent_01,3.249405,4.429511
21.0500,agent,agent_02,3.956186,5.498027
21.0500,agent,agent_03,2.816453,5.062904
21.0500,agent,agent_04,3.856818,6.626955
21.0500,agent,agent_05,4.909880,4.857908
21.0500,agent,agent_06,3.973012,3.920499
21.0500,agent,agent_07,3.289987,6.858014
21.0500,agent,agent_08,4.616650,5.684704
21.0500,agent,agent_09,2.829067,4.638169
21.0500,agent,agent_10,3.898231,5.928344
21.0500,agent,agent_11,2.785017,5.619937
21.0500,agent,agent_12,2.709636,4.184481
21.0500,agent,agent_13,4.746940,4.272621
21.0500,agent,agent_14,2.791176,6.217116
21.0500,agent,agent_15,3.644663,4.493685
21.0500,cargo,cargo_0,3.684022,5.317777
21.1000,agent,agent_00,4.215261,4.513051
21.1000,agent,agent_01,3.252780,4.439109
21.1000,agent,agent_02,3.953770,5.504160
21.1000,agent,agent_03,2.814240,5.066919
21.1000,agent,agent_04,3.856265,6.631508
21.1000,agent,agent_05,4.904555,4.862766
21.1000,agent,agent_06,3.980741,3.912291
21.1000,agent,agent_07,3.289854,6.864126
21.1000,agent,agent_08,4.616285,5.689039
21.1000,agent,agent_09,2.827252,4.645840
21.1000,agent,agent_10,3.895680,5.934756
21.1000,agent,agent_11,2.783118,5.626287
21.1000,agent,agent_12,2.710239,4.179559
21.1000,agent,agent_13,4.747303,4.282470
21.1000,agent,agent_14,2.781653,6.223359
21.1000,agent,agent_15,3.645622,4.501794
21.1000,cargo,cargo_0,3.681485,5.323920
21.1500,agent,agent_00,4.212065,4.520979
21.1500,agent,agent_01,3.255888,4.448492
21.1500,agent,agent_02,3.950841,5.509675
21.1500,agent,agent_03,2.810346,5.074157
21.1500,agent,agent_04,3.855470,6.635826
21.1500,agent,agent_05,4.899446,4.868695
21.1500,agent,agent_06,3.984010,3.923404
21.1500,agent,agent_07,3.289252,6.869435
21.1500,agent,agent_08,4.614887,5.693284
21.1500,agent,agent_09,2.815984,4.648044
21.1500,agent,agent_10,3.892590,5.940558
21.1500,agent,agent_11,2.781099,5.632579
21.1500,agent,agent_12,2.712330,4.179693
21.1500,agent,agent_13,4.744664,4.294181
21.1500,agent,agent_14,2.779137,6.232040
21.1500,agent,agent_15,3.648497,4.510276
21.1500,cargo,cargo_0,3.678894,5.331062
21.2000,agent,agent_00,4.214190,4.528217
21.2000,agent,agent_01,3.253714,4.456610
21.2000,agent,agent_02,3.947624,5.516988
21.2000,agent,agent_03,2.806272,5.082550
21.2000,agent,agent_04,3.851738,6.641162
21.2000,agent,agent_05,4.896310,4.878017
21.2000,agent,agent_06,3.986085,3.933116
21.2000,agent,agent_07,3.286190,6.874920
21.2000,agent,agent_08,4.613331,5.700333
21.2000,agent,agent_09,2.813824,4.656605
21.2000,agent,agent_10,3.889467,5.946992
21.2000,agent,agent_11,2.778075,5.642109
21.2000,agent,agent_12,2.714924,4.181841
21.2000,agent,agent_13,4.746924,4.283888
21.2000,agent,agent_14,2.782125,6.235698
21.2000,agent,agent_15,3.649506,4.519057
21.2000,cargo,cargo_0,3.676771,5.339908
21.2500,agent,agent_00,4.216456,4.537231
21.2500,agent,agent_01,3.250519,4.466325
21.2500,agent,agent_02,3.946656,5.524831
21.2500,agent,agent_03,2.801978,5.090871
21.2500,agent,agent_04,3.850492,6.648449
21.2500,agent,agent_05,4.892955,4.888977
21.2500,agent,agent_06,3.989791,3.943458
21.2500,agent,agent_07,3.286254,6.881918
21.2500,agent,agent_08,4.609323,5.708377
21.2500,agent,agent_09,2.802437,4.663847
21.2500,agent,agent_10,3.886822,5.953200
21.2500,agent,agent_11,2.775319,5.653449
21.2500,agent,agent_12,2.719772,4.185690
21.2500,agent,agent_13,4.746406,4.295458
21.2500,agent,agent_14,2.784537,6.243334
21.2500,agent,agent_15,3.647507,4.528337
21.2500,cargo,cargo_0,3.673963,5.350346
21.3000,agent,agent_00,4.220543,4.546128
21.3000,agent,agent_01,3.246166,4.476789
21.3000,agent,agent_02,3.943257,5.532309
21.3000,agent,agent_03,2.798044,5.096909
21.3000,agent,agent_04,3.848342,6.657587
21.3000,agent,agent_05,4.889606,4.902899
21.3000,agent,agent_06,3.994694,3.953156
21.3000,agent,agent_07,3.288597,6.888468
21.3000,agent,agent_08,4.606216,5.715198
21.3000,agent,agent_09,2.791368,4.669378
21.3000,agent,agent_10,3.900439,5.960873
21.3000,agent,agent_11,2.770462,5.660840
21.3000,agent,agent_12,2.721830,4.188779
21.3000,agent,agent_13,4.742373,4.308333
21.3000,agent,agent_14,2.784743,6.254321
21.3000,agent,agent_15,3.647807,4.538519
21.3000,cargo,cargo_0,3.671600,5.362139
21.3500,agent,agent_00,4.220990,4.555483
21.3500,agent,agent_01,3.244995,4.487646
21.3500,agent,agent_02,3.939693,5.542316
21.3500,agent,agent_03,2.794543,5.103334
21.3500,agent,agent_04,3.845305,6.668021
21.3500,agent,agent_05,4.886863,4.914130
21.3500,agent,agent_06,3.999478,3.958934
21.3500,agent,agent_07,3.290998,6.897406
21.3500,agent,agent_08,4.603869,5.724563
21.3500,agent,agent_09,2.782758,4.671149
21.3500,agent,agent_10,3.913490,5.970002
21.3500,agent,agent_11,2.767108,5.670246
21.3500,agent,agent_12,2.729077,4.191772
21.3500,agent,agent_13,4.737385,4.320903
21.3500,agent,agent_14,2.785120,6.266310
21.3500,agent,agent_15,3.649134,4.548762
21.3500,cargo,cargo_0,3.668913,5.373108
21.4000,agent,agent_00,4.220629,4.565981
21.4000,agent,agent_01,3.240806,4.497875
21.4000,agent,agent_02,3.935884,5.553024
21.4000,agent,agent_03,2.792674,5.106535
21.4000,agent,agent_04,3.840481,6.677844
21.4000,agent,agent_05,4.883712,4.924129
21.4000,agent,agent_06,4.001746,3.965072
21.4000,agent,agent_07,3.286733,6.906477
21.4000,agent,agent_08,4.600961,5.733943
21.4000,agent,agent_09,2.777388,4.671365
21.4000,agent,agent_10,3.908116,5.977577
21.4000,agent,agent_11,2.764966,5.674881
21.4000,agent,agent_12,2.730958,4.191144
21.4000,agent,agent_13,4.732763,4.334558
21.4000,agent,agent_14,2.785486,6.277428
21.4000,agent,agent_15,3.648650,4.560104
21.4000,cargo,cargo_0,3.665672,5.383228
21.4500,agent,agent_00,4.217266,4.576334
21.4500,agent,agent_01,3.237347,4.510069
21.4500,agent,agent_02,3.933805,5.570401
21.4500,agent,agent_03,2.789325,5.111649
21.4500,agent,agent_04,3.836904,6.689309
21.4500,agent,agent_05,4.885998,4.933933
21.4500,agent,agent_06,4.001525,3.972514
21.4500,agent,agent_07,3.284250,6.917919
21.4500,agent,agent_08,4.599125,5.744970
21.4500,agent,agent_09,2.766212,4.675358
21.4500,agent,agent_10,3.903338,5.988267
21.4500,agent,agent_11,2.761105,5.683381
21.4500,agent,agent_12,2.739168,4.195875
21.4500,agent,agent_13,4.732030,4.349062
21.4500,agent,agent_14,2.785673,6.290000
21.4500,agent,agent_15,3.646528,4.571797
21.4500,cargo,cargo_0,3.662073,5.393389
21.5000,agent,agent_00,4.217081,4.587244
21.5000,agent,agent_01,3.237045,4.522198
21.5000,agent,agent_02,3.929936,5.580281
21.5000,agent,agent_03,2.786479,5.114449
21.5000,agent,agent_04,3.834420,6.699194
21.5000,agent,agent_05,4.882133,4.942779
21.5000,agent,agent_06,4.005319,3.979902
21.5000,agent,agent_07,3.280771,6.929992
21.5000,agent,agent_08,4.594365,5.755727
21.5000,agent,agent_09,2.754500,4.683400
21.5000,agent,agent_10,3.915394,5.998037
21.5000,agent,agent_11,2.757287,5.694827
21.5000,agent,agent_12,2.748081,4.201336
21.5000,agent,agent_13,4.733655,4.338660
21.5000,agent,agent_14,2.785616,6.299897
21.5000,agent,agent_15,3.646381,4.583286
21.5000,cargo,cargo_0,3.659171,5.403536
21.5500,agent,agent_00,4.219067,4.597615
21.5500,agent,agent_01,3.237419,4.534570
21.5500,agent,agent_02,3.928697,5.589606
21.5500,agent,agent_03,2.785074,5.117706
21.5500,agent,agent_04,3.830338,6.708363
21.5500,agent,agent_05,4.880166,4.952711
21.5500,agent,agent_06,4.005902,3.984227
21.5500,agent,agent_07,3.276434,6.941402
21.5500,agent,agent_08,4.591961,5.767773
21.5500,agent,agent_09,2.742744,4.694308
21.5500,agent,agent_10,3.910347,6.004628
21.5500,agent,agent_11,2.752396,5.706440
21.5500,agent,agent_12,2.752812,4.208386
21.5500,agent,agent_13,4.733655,4.352199
21.5500,agent,agent_14,2.786173,6.309761
21.5500,agent,agent_15,3.645668,4.595520
21.5500,cargo,cargo_0,3.656864,5.414202
21.6000,agent,agent_00,4.221735,4.607563
21.6000,agent,agent_01,3.234355,4.545058
21.6000,agent,agent_02,3.926408,5.597621
21.6000,agent,agent_03,2.782453,5.123837
21.6000,agent,agent_04,3.827924,6.719592
21.6000,agent,agent_05,4.877341,4.963010
21.6000,agent,agent_06,4.008803,3.992723
21.6000,agent,agent_07,3.272446,6.953473
21.6000,agent,agent_08,4.589288,5.778530
21.6000,agent,agent_09,2.731139,4.703803
21.6000,agent,agent_10,3.907065,6.013372
21.6000,agent,agent_11,2.748189,5.713354
21.6000,agent,agent_12,2.746572,4.199609
21.6000,agent,agent_13,4.730557,4.356434
21.6000,agent,agent_14,2.787244,6.321004
21.6000,agent,agent_15,3.647696,4.605535
21.6000,cargo,cargo_0,3.655243,5.424891
21.6500,agent,agent_00,4.225263,4.616983
21.6500,agent,agent_01,3.229517,4.555727
21.6500,agent,agent_02,3.925431,5.606995
21.6500,agent,agent_03,2.780707,5.130434
21.6500,agent,agent_04,3.826362,6.731482
21.6500,agent,agent_05,4.875750,4.975128
21.6500,agent,agent_06,4.013777,3.996612
21.6500,agent,agent_07,3.266684,6.964037
21.6500,agent,agent_08,4.588230,5.789998
21.6500,agent,agent_09,2.721789,4.707278
21.6500,agent,agent_10,3.904125,6.021413
21.6500,agent,agent_11,2.744425,5.721897
21.6500,agent,agent_12,2.751262,4.204737
21.6500,agent,agent_13,4.729655,4.368486
21.6500,agent,agent_14,2.788363,6.332849
21.6500,agent,agent_15,3.651147,4.614150
21.6500,cargo,cargo_0,3.654249,5.435420
21.7000,agent,agent_00,4.226842,4.618476
21.7000,agent,agent_01,3.225983,4.567777
21.7000,agent,agent_02,3.924586,5.617578
21.7000,agent,agent_03,2.779760,5.135961
21.7000,agent,agent_04,3.825093,6.742592
21.7000,agent,agent_05,4.874169,4.988760
21.7000,agent,agent_06,4.018161,4.004456
21.7000,agent,agent_07,3.264921,6.975420
21.7000,agent,agent_08,4.587804,5.800604
21.7000,agent,agent_09,2.710803,4.710372
21.7000,agent,agent_10,3.900552,6.032213
21.7000,agent,agent_11,2.743091,5.725905
21.7000,agent,agent_12,2.756397,4.210730
21.7000,agent,agent_13,4.733882,4.358713
21.7000,agent,agent_14,2.788376,6.344847
21.7000,agent,agent_15,3.654541,4.624778
21.7000,cargo,cargo_0,3.652942,5.444806
21.7500,agent,agent_00,4.225361,4.630016
21.7500,agent,agent_01,3.225824,4.579938
21.7500,agent,agent_02,3.923241,5.627761
21.7500,agent,agent_03,2.779780,5.141113
21.7500,agent,agent_04,3.824341,6.752793
21.7500,agent,agent_05,4.872630,5.000457
21.7500,agent,agent_06,4.020581,4.010010
21.7500,agent,agent_07,3.266062,6.986340
21.7500,agent,agent_08,4.586453,5.811924
21.7500,agent,agent_09,2.698994,4.716145
21.7500,agent,agent_10,3.898486,6.044471
21.7500,agent,agent_11,2.740656,5.734137
21.7500,agent,agent_12,2.766794,4.214738
21.7500,agent,agent_13,4.729114,4.374111
21.7500,agent,agent_14,2.789259,6.349792
21.7500,agent,agent_15,3.657170,4.636334
21.7500,cargo,cargo_0,3.650849,5.454308
21.8000,agent,agent_00,4.225895,4.622440
21.8000,agent,agent_01,3.225824,4.580744
21.8000,agent,agent_02,3.924871,5.625048
21.8000,agent,agent_03,2.781575,5.143327
21.8000,agent,agent_04,3.820905,6.747787
21.8000,agent,agent_05,4.882075,5.004285
21.8000,agent,agent_06,4.023351,4.014418
21.8000,agent,agent_07,3.265217,6.978191
21.8000,agent,agent_08,4.585652,5.804514
21.8000,agent,agent_09,2.700511,4.717164
21.8000,agent,agent_10,3.897003,6.046817
21.8000,agent,agent_11,2.742472,5.734611
21.8000,agent,agent_12,2.774963,4.210241
21.8000,agent,agent_13,4.729048,4.378332
21.8000,agent,agent_14,2.795630,6.348887
21.8000,agent,agent_15,3.657842,4.636324
21.8000,cargo,cargo_0,3.650207,5.456973
21.8500,agent,agent_00,4.226176,4.616604
21.8500,agent,agent_01,3.225954,4.581311
21.8500,agent,agent_02,3.926584,5.622377
21.8500,agent,agent_03,2.783322,5.145027
21.8500,agent,agent_04,3.818338,6.743184
21.8500,agent,agent_05,4.889725,5.007681
21.8500,agent,agent_06,4.026708,4.018525
21.8500,agent,agent_07,3.264556,6.970721
21.8500,agent,agent_08,4.584562,5.797536
21.8500,agent,agent_09,2.702465,4.718213
21.8500,agent,agent_10,3.895470,6.048866
21.8500,agent,agent_11,2.744213,5.735395
21.8500,agent,agent_12,2.783427,4.205895
21.8500,agent,agent_13,4.730233,4.382898
21.8500,agent,agent_14,2.800954,6.347709
21.8500,agent,agent_15,3.658409,4.636358
21.8500,cargo,cargo_0,3.650207,5.456973
21.9000,agent,agent_00,4.226559,4.611874
21.9000,agent,agent_01,3.226086,4.581838
21.9000,agent,agent_02,3.928336,5.619985
21.9000,agent,agent_03,2.784994,5.146559
21.9000,agent,agent_04,3.815817,6.738701
21.9000,agent,agent_05,4.895967,5.011462
21.9000,agent,agent_06,4.029871,4.018312
21.9000,agent,agent_07,3.263509,6.963539
21.9000,agent,agent_08,4.583280,5.790715
21.9000,agent,agent_09,2.704185,4.719239
21.9000,agent,agent_10,3.894167,6.050489
21.9000,agent,agent_11,2.745868,5.736154
21.9000,agent,agent_12,2.791613,4.201959
21.9000,agent,agent_13,4.731282,4.387427
21.9000,agent,agent_14,2.806073,6.347541
21.9000,agent,agent_15,3.658975,4.636363
21.9000,cargo,cargo_0,3.650207,5.456973
21.9500,agent,agent_00,4.226775,4.607878
21.9500,agent,agent_01,3.226275,4.582598
21.9500,agent,agent_02,3.930174,5.617619
21.9500,agent,agent_03,2.786673,5.148054
21.9500,agent,agent_04,3.813483,6.734237
21.9500,agent,agent_05,4.900998,5.014361
21.9500,agent,agent_06,4.033101,4.021237
21.9500,agent,agent_07,3.262351,6.956457
21.9500,agent,agent_08,4.582315,5.784093
21.9500,agent,agent_09,2.705904,4.720315
21.9500,agent,agent_10,3.892772,6.052131
21.9500,agent,agent_11,2.747519,5.736669
21.9500,agent,agent_12,2.799449,4.198345
21.9500,agent,agent_13,4.732347,4.391898
21.9500,agent,agent_14,2.810637,6.347086
21.9500,agent,agent_15,3.659632,4.636360
21.9500,cargo,cargo_0,3.650207,5.456973
22.0000,agent,agent_00,4.227089,4.604471
22.0000,agent,agent_01,3.226383,4.585087
22.0000,agent,agent_02,3.931845,5.615193
22.0000,agent,agent_03,2.788228,5.149881
22.0000,agent,agent_04,3.811182,6.729859
22.0000,agent,agent_05,4.905569,5.017232
22.0000,agent,agent_06,4.036163,4.018904
22.0000,agent,agent_07,3.261168,6.949860
22.0000,agent,agent_08,4.581613,5.777826
22.0000,agent,agent_09,2.707596,4.721322
22.0000,agent,agent_10,3.891851,6.053643
22.0000,agent,agent_11,2.749014,5.737356
22.0000,agent,agent_12,2.806898,4.195415
22.0000,agent,agent_13,4.733283,4.396295
22.0000,agent,agent_14,2.813295,6.346593
22.0000,agent,agent_15,3.660534,4.637209
22.0000,cargo,cargo_0,3.650207,5.456973
22.0500,agent,agent_00,4.227582,4.601766
22.0500,agent,agent_01,3.226469,4.588746
22.0500,agent,agent_02,3.933084,5.612834
22.0500,agent,agent_03,2.789712,5.151716
22.0500,agent,agent_04,3.809155,6.725676
22.0500,agent,agent_05,4.909537,5.020142
22.0500,agent,agent_06,4.038443,4.017534
22.0500,agent,agent_07,3.260242,6.943366
22.0500,agent,agent_08,4.581036,5.771677
22.0500,agent,agent_09,2.709171,4.722229
22.0500,agent,agent_10,3.890810,6.055072
22.0500,agent,agent_11,2.750406,5.737822
22.0500,agent,agent_12,2.814304,4.192548
22.0500,agent,agent_13,4.734059,4.400559
22.0500,agent,agent_14,2.806897,6.346851
22.0500,agent,agent_15,3.661810,4.640182
22.0500,cargo,cargo_0,3.650207,5.456973
22.1000,agent,agent_00,4.228191,4.599636
22.1000,agent,agent_01,3.226756,4.593220
22.1000,agent,agent_02,3.934098,5.610665
22.1000,agent,agent_03,2.791163,5.153562
22.1000,agent,agent_04,3.807195,6.721605
22.1000,agent,agent_05,4.912758,5.023361
22.1000,agent,agent_06,4.040784,4.017070
22.1000,agent,agent_07,3.259215,6.937077
22.1000,agent,agent_08,4.580340,5.765762
22.1000,agent,agent_09,2.710704,4.723153
22.1000,agent,agent_10,3.890232,6.056140
22.1000,agent,agent_11,2.751811,5.738258
22.1000,agent,agent_12,2.821280,4.190017
22.1000,agent,agent_13,4.734729,4.404624
22.1000,agent,agent_14,2.809709,6.346233
22.1000,agent,agent_15,3.663050,4.645434
22.1000,cargo,cargo_0,3.650207,5.456973
22.1500,agent,agent_00,4.228475,4.597428
22.1500,agent,agent_01,3.226969,4.595075
22.1500,agent,agent_02,3.935324,5.608561
22.1500,agent,agent_03,2.792562,5.155647
22.1500,agent,agent_04,3.805258,6.717574
22.1500,agent,agent_05,4.914996,5.026602
22.1500,agent,agent_06,4.043051,4.016424
22.1500,agent,agent_07,3.258283,6.930963
22.1500,agent,agent_08,4.579553,5.759987
22.1500,agent,agent_09,2.712163,4.724025
22.1500,agent,agent_10,3.889552,6.057273
22.1500,agent,agent_11,2.753150,5.738188
22.1500,agent,agent_12,2.828171,4.187599
22.1500,agent,agent_13,4.735778,4.408735
22.1500,agent,agent_14,2.812328,6.345900
22.1500,agent,agent_15,3.663773,4.650413
22.1500,cargo,cargo_0,3.650207,5.456973
22.2000,agent,agent_00,4.228581,4.596188
22.2000,agent,agent_01,3.227161,4.595408
22.2000,agent,agent_02,3.936359,5.606497
22.2000,agent,agent_03,2.793517,5.157473
22.2000,agent,agent_04,3.803491,6.713759
22.2000,agent,agent_05,4.916709,5.029819
22.2000,agent,agent_06,4.045237,4.015498
22.2000,agent,agent_07,3.257024,6.925110
22.2000,agent,agent_08,4.578709,5.754543
22.2000,agent,agent_09,2.701894,4.721793
22.2000,agent,agent_10,3.888971,6.058343
22.2000,agent,agent_11,2.754400,5.738264
22.2000,agent,agent_12,2.834987,4.185300
22.2000,agent,agent_13,4.736764,4.412893
22.2000,agent,agent_14,2.814749,6.345460
22.2000,agent,agent_15,3.664922,4.650379
22.2000,cargo,cargo_0,3.650207,5.456973
22.2500,agent,agent_00,4.228495,4.593958
22.2500,agent,agent_01,3.227273,4.596110
22.2500,agent,agent_02,3.937183,5.604561
22.2500,agent,agent_03,2.793931,5.159085
22.2500,agent,agent_04,3.801801,6.710090
22.2500,agent,agent_05,4.917374,5.033237
22.2500,agent,agent_06,4.047284,4.016160
22.2500,agent,agent_07,3.255739,6.919397
22.2500,agent,agent_08,4.577580,5.749273
22.2500,agent,agent_09,2.703440,4.722554
22.2500,agent,agent_10,3.888468,6.059226
22.2500,agent,agent_11,2.755577,5.738663
22.2500,agent,agent_12,2.832935,4.173633
22.2500,agent,agent_13,4.741017,4.403147
22.2500,agent,agent_14,2.816363,6.344542
22.2500,agent,agent_15,3.666150,4.650686
22.2500,cargo,cargo_0,3.650207,5.456973
22.3000,agent,agent_00,4.228769,4.592253
22.3000,agent,agent_01,3.227396,4.596988
22.3000,agent,agent_02,3.938006,5.603178
22.3000,agent,agent_03,2.794345,5.160827
22.3000,agent,agent_04,3.809510,6.708701
22.3000,agent,agent_05,4.917630,5.036225
22.3000,agent,agent_06,4.049490,4.014930
22.3000,agent,agent_07,3.254846,6.913986
22.3000,agent,agent_08,4.576427,5.744393
22.3000,agent,agent_09,2.702641,4.722727
22.3000,agent,agent_10,3.887997,6.059996
22.3000,agent,agent_11,2.756723,5.738772
22.3000,agent,agent_12,2.831003,4.161681
22.3000,agent,agent_13,4.741428,4.407621
22.3000,agent,agent_14,2.805858,6.344608
22.3000,agent,agent_15,3.667327,4.652119
22.3000,cargo,cargo_0,3.650207,5.456973
22.3500,agent,agent_00,4.229611,4.590415
22.3500,agent,agent_01,3.227263,4.601840
22.3500,agent,agent_02,3.938794,5.601691
22.3500,agent,agent_03,2.794926,5.162535
22.3500,agent,agent_04,3.815991,6.707040
22.3500,agent,agent_05,4.918459,5.038647
22.3500,agent,agent_06,4.051664,4.015030
22.3500,agent,agent_07,3.253631,6.908598
22.3500,agent,agent_08,4.575206,5.739772
22.3500,agent,agent_09,2.704209,4.723435
22.3500,agent,agent_10,3.887540,6.060772
22.3500,agent,agent_11,2.757874,5.738939
22.3500,agent,agent_12,2.829410,4.149441
22.3500,agent,agent_13,4.745182,4.397737
22.3500,agent,agent_14,2.808215,6.344458
22.3500,agent,agent_15,3.667861,4.641563
22.3500,cargo,cargo_0,3.650207,5.456973
22.4000,agent,agent_00,4.230368,4.590412
22.4000,agent,agent_01,3.227237,4.604075
22.4000,agent,agent_02,3.939428,5.600568
22.4000,agent,agent_03,2.795389,5.163837
22.4000,agent,agent_04,3.821827,6.705404
22.4000,agent,agent_05,4.919031,5.040910
22.4000,agent,agent_06,4.053755,4.014815
22.4000,agent,agent_07,3.252910,6.903416
22.4000,agent,agent_08,4.573940,5.735312
22.4000,agent,agent_09,2.694328,4.721431
22.4000,agent,agent_10,3.886970,6.061693
22.4000,agent,agent_11,2.758951,5.739157
22.4000,agent,agent_12,2.827508,4.137405
22.4000,agent,agent_13,4.748345,4.387707
22.4000,agent,agent_14,2.804653,6.343966
22.4000,agent,agent_15,3.667888,4.631039
22.4000,cargo,cargo_0,3.650207,5.456973
22.4500,agent,agent_00,4.231108,4.590671
22.4500,agent,agent_01,3.227605,4.609433
22.4500,agent,agent_02,3.940059,5.599620
22.4500,agent,agent_03,2.796301,5.165214
22.4500,agent,agent_04,3.827297,6.703493
22.4500,agent,agent_05,4.919499,5.043264
22.4500,agent,agent_06,4.055583,4.014838
22.4500,agent,agent_07,3.252150,6.898153
22.4500,agent,agent_08,4.572779,5.731081
22.4500,agent,agent_09,2.688612,4.720564
22.4500,agent,agent_10,3.886399,6.062646
22.4500,agent,agent_11,2.759930,5.739543
22.4500,agent,agent_12,2.827120,4.125387
22.4500,agent,agent_13,4.747788,4.392771
22.4500,agent,agent_14,2.797466,6.343599
22.4500,agent,agent_15,3.668755,4.630823
22.4500,cargo,cargo_0,3.650207,5.456973
22.5000,agent,agent_00,4.231764,4.590583
22.5000,agent,agent_01,3.227917,4.613701
22.5000,agent,agent_02,3.940540,5.598564
22.5000,agent,agent_03,2.796828,5.166734
22.5000,agent,agent_04,3.831767,6.701528
22.5000,agent,agent_05,4.920040,5.045313
22.5000,agent,agent_06,4.057441,4.017520
22.5000,agent,agent_07,3.251322,6.893098
22.5000,agent,agent_08,4.571579,5.726871
22.5000,agent,agent_09,2.690330,4.721338
22.5000,agent,agent_10,3.885762,6.063615
22.5000,agent,agent_11,2.760989,5.740330
22.5000,agent,agent_12,2.824007,4.114314
22.5000,agent,agent_13,4.747054,4.397726
22.5000,agent,agent_14,2.798736,6.343168
22.5000,agent,agent_15,3.669397,4.633796
22.5000,cargo,cargo_0,3.650207,5.456973
22.5500,agent,agent_00,4.232450,4.590838
22.5500,agent,agent_01,3.228309,4.613655
22.5500,agent,agent_02,3.940794,5.597671
22.5500,agent,agent_03,2.797159,5.168304
22.5500,agent,agent_04,3.835841,6.699504
22.5500,agent,agent_05,4.919438,5.047381
22.5500,agent,agent_06,4.059130,4.015962
22.5500,agent,agent_07,3.250531,6.888179
22.5500,agent,agent_08,4.570378,5.722793
22.5500,agent,agent_09,2.688616,4.721414
22.5500,agent,agent_10,3.885752,6.064256
22.5500,agent,agent_11,2.761865,5.740953
22.5500,agent,agent_12,2.821365,4.102869
22.5500,agent,agent_13,4.749825,4.387596
22.5500,agent,agent_14,2.796063,6.342943
22.5500,agent,agent_15,3.669900,4.636208
22.5500,cargo,cargo_0,3.650207,5.456973
22.6000,agent,agent_00,4.233061,4.590552
22.6000,agent,agent_01,3.228748,4.613866
22.6000,agent,agent_02,3.940995,5.597405
22.6000,agent,agent_03,2.797765,5.169832
22.6000,agent,agent_04,3.839386,6.697354
22.6000,agent,agent_05,4.920361,5.049383
22.6000,agent,agent_06,4.060526,4.012861
22.6000,agent,agent_07,3.249443,6.883529
22.6000,agent,agent_08,4.569222,5.718808
22.6000,agent,agent_09,2.690436,4.721910
22.6000,agent,agent_10,3.885373,6.064950
22.6000,agent,agent_11,2.762916,5.742016
22.6000,agent,agent_12,2.828943,4.104282
22.6000,agent,agent_13,4.753089,4.377594
22.6000,agent,agent_14,2.799176,6.342257
22.6000,agent,agent_15,3.670013,4.640560
22.6000,cargo,cargo_0,3.650207,5.456973
22.6500,agent,agent_00,4.233463,4.590231
22.6500,agent,agent_01,3.229104,4.614464
22.6500,agent,agent_02,3.941512,5.597100
22.6500,agent,agent_03,2.797575,5.171451
22.6500,agent,agent_04,3.842190,6.694953
22.6500,agent,agent_05,4.920389,5.051206
22.6500,agent,agent_06,4.062048,4.013065
22.6500,agent,agent_07,3.248966,6.878895
22.6500,agent,agent_08,4.568010,5.714957
22.6500,agent,agent_09,2.691307,4.722234
22.6500,agent,agent_10,3.885129,6.065646
22.6500,agent,agent_11,2.763718,5.742658
22.6500,agent,agent_12,2.826022,4.093085
22.6500,agent,agent_13,4.752476,4.383074
22.6500,agent,agent_14,2.802040,6.341698
22.6500,agent,agent_15,3.671407,4.646584
22.6500,cargo,cargo_0,3.650207,5.456973
22.7000,agent,agent_00,4.233909,4.590386
22.7000,agent,agent_01,3.229423,4.614419
22.7000,agent,agent_02,3.942100,5.597074
22.7000,agent,agent_03,2.796580,5.172763
22.7000,agent,agent_04,3.844874,6.692459
22.7000,agent,agent_05,4.920775,5.053048
22.7000,agent,agent_06,4.063516,4.014133
22.7000,agent,agent_07,3.248644,6.874524
22.7000,agent,agent_08,4.566789,5.711179
22.7000,agent,agent_09,2.690206,4.722256
22.7000,agent,agent_10,3.884862,6.066323
22.7000,agent,agent_11,2.764579,5.743585
22.7000,agent,agent_12,2.823145,4.081855
22.7000,agent,agent_13,4.755295,4.372945
22.7000,agent,agent_14,2.804801,6.341244
22.7000,agent,agent_15,3.672043,4.650590
22.7000,cargo,cargo_0,3.650207,5.456973
22.7500,agent,agent_00,4.234458,4.590182
22.7500,agent,agent_01,3.229837,4.614369
22.7500,agent,agent_02,3.942093,5.596932
22.7500,agent,agent_03,2.796130,5.174056
22.7500,agent,agent_04,3.846971,6.690102
22.7500,agent,agent_05,4.920976,5.054687
22.7500,agent,agent_06,4.064721,4.014110
22.7500,agent,agent_07,3.248333,6.870494
22.7500,agent,agent_08,4.565705,5.707552
22.7500,agent,agent_09,2.691885,4.722828
22.7500,agent,agent_10,3.884642,6.067014
22.7500,agent,agent_11,2.765376,5.744597
22.7500,agent,agent_12,2.831186,4.083309
22.7500,agent,agent_13,4.754609,4.378567
22.7500,agent,agent_14,2.806143,6.340657
22.7500,agent,agent_15,3.673074,4.650412
22.7500,cargo,cargo_0,3.650207,5.456973
22.8000,agent,agent_00,4.235042,4.590212
22.8000,agent,agent_01,3.230233,4.615171
22.8000,agent,agent_02,3.942323,5.597085
22.8000,agent,agent_03,2.796090,5.175412
22.8000,agent,agent_04,3.849150,6.687760
22.8000,agent,agent_05,4.921510,5.056438
22.8000,agent,agent_06,4.066110,4.015157
22.8000,agent,agent_07,3.247790,6.866293
22.8000,agent,agent_08,4.564551,5.704082
22.8000,agent,agent_09,2.689569,4.722694
22.8000,agent,agent_10,3.884323,6.067627
22.8000,agent,agent_11,2.766115,5.745347
22.8000,agent,agent_12,2.839383,4.084550
22.8000,agent,agent_13,4.754181,4.384098
22.8000,agent,agent_14,2.807000,6.339963
22.8000,agent,agent_15,3.674065,4.650261
22.8000,cargo,cargo_0,3.650207,5.456973
22.8500,agent,agent_00,4.235756,4.590263
22.8500,agent,agent_01,3.230553,4.611448
22.8500,agent,agent_02,3.942776,5.596884
22.8500,agent,agent_03,2.795791,5.176655
22.8500,agent,agent_04,3.851008,6.685438
22.8500,agent,agent_05,4.922646,5.058073
22.8500,agent,agent_06,4.067468,4.019138
22.8500,agent,agent_07,3.247203,6.862241
22.8500,agent,agent_08,4.563654,5.700681
22.8500,agent,agent_09,2.691198,4.723287
22.8500,agent,agent_10,3.884359,6.068135
22.8500,agent,agent_11,2.766949,5.746117
22.8500,agent,agent_12,2.847613,4.085889
22.8500,agent,agent_13,4.756584,4.373870
22.8500,agent,agent_14,2.808337,6.339168
22.8500,agent,agent_15,3.675076,4.650166
22.8500,cargo,cargo_0,3.650207,5.456973
22.9000,agent,agent_00,4.236361,4.590623
22.9000,agent,agent_01,3.230716,4.612500
22.9000,agent,agent_02,3.943063,5.596451
22.9000,agent,agent_03,2.795907,5.177762
22.9000,agent,agent_04,3.852818,6.683028
22.9000,agent,agent_05,4.923911,5.059603
22.9000,agent,agent_06,4.068192,4.016017
22.9000,agent,agent_07,3.246828,6.858254
22.9000,agent,agent_08,4.562567,5.697493
22.9000,agent,agent_09,2.681008,4.720753
22.9000,agent,agent_10,3.884632,6.068630
22.9000,agent,agent_11,2.767636,5.746860
22.9000,agent,agent_12,2.847667,4.073923
22.9000,agent,agent_13,4.756274,4.379575
22.9000,agent,agent_14,2.809599,6.338316
22.9000,agent,agent_15,3.676011,4.650318
22.9000,cargo,cargo_0,3.650207,5.456973
22.9500,agent,agent_00,4.237109,4.590451
22.9500,agent,agent_01,3.230653,4.615244
22.9500,agent,agent_02,3.943581,5.596135
22.9500,agent,agent_03,2.795705,5.178677
22.9500,agent,agent_04,3.853719,6.680504
22.9500,agent,agent_05,4.924473,5.061116
22.9500,agent,agent_06,4.069245,4.020857
22.9500,agent,agent_07,3.246648,6.854425
22.9500,agent,agent_08,4.561525,5.694344
22.9500,agent,agent_09,2.670913,4.717866
22.9500,agent,agent_10,3.884792,6.069103
22.9500,agent,agent_11,2.768274,5.747340
22.9500,agent,agent_12,2.848364,4.061636
22.9500,agent,agent_13,4.756091,4.385168
22.9500,agent,agent_14,2.810331,6.337651
22.9500,agent,agent_15,3.677104,4.652543
22.9500,cargo,cargo_0,3.650207,5.456973
23.0000,agent,agent_00,4.237949,4.590235
23.0000,agent,agent_01,3.229441,4.622667
23.0000,agent,agent_02,3.944071,5.596406
23.0000,agent,agent_03,2.795848,5.179726
23.0000,agent,agent_04,3.854634,6.677953
23.0000,agent,agent_05,4.926539,5.062425
23.0000,agent,agent_06,4.070078,4.019077
23.0000,agent,agent_07,3.246539,6.850752
23.0000,agent,agent_08,4.560857,5.691268
23.0000,agent,agent_09,2.660932,4.714576
23.0000,agent,agent_10,3.884688,6.069585
23.0000,agent,agent_11,2.768957,5.747794
23.0000,agent,agent_12,2.848544,4.049650
23.0000,agent,agent_13,4.759644,4.375210
23.0000,agent,agent_14,2.811182,6.337118
23.0000,agent,agent_15,3.677869,4.652699
23.0000,cargo,cargo_0,3.650207,5.456973
23.0500,agent,agent_00,4.238721,4.590082
23.0500,agent,agent_01,3.228480,4.627147
23.0500,agent,agent_02,3.944551,5.596664
23.0500,agent,agent_03,2.795795,5.180638
23.0500,agent,agent_04,3.854972,6.675441
23.0500,agent,agent_05,4.927555,5.063893
23.0500,agent,agent_06,4.070668,4.017809
23.0500,agent,agent_07,3.246429,6.847075
23.0500,agent,agent_08,4.560450,5.688245
23.0500,agent,agent_09,2.651204,4.710535
23.0500,agent,agent_10,3.884670,6.069943
23.0500,agent,agent_11,2.769719,5.748390
23.0500,agent,agent_12,2.849327,4.037368
23.0500,agent,agent_13,4.759000,4.380745
23.0500,agent,agent_14,2.811643,6.336883
23.0500,agent,agent_15,3.678354,4.655692
23.0500,cargo,cargo_0,3.650207,5.456973
23.1000,agent,agent_00,4.239249,4.592157
23.1000,agent,agent_01,3.226583,4.616726
23.1000,agent,agent_02,3.944928,5.596523
23.1000,agent,agent_03,2.796118,5.181043
23.1000,agent,agent_04,3.855507,6.673057
23.1000,agent,agent_05,4.928365,5.065573
23.1000,agent,agent_06,4.071371,4.007402
23.1000,agent,agent_07,3.246300,6.843769
23.1000,agent,agent_08,4.559767,5.685325
23.1000,agent,agent_09,2.654207,4.711391
23.1000,agent,agent_10,3.884808,6.070284
23.1000,agent,agent_11,2.770383,5.749133
23.1000,agent,agent_12,2.850356,4.024986
23.1000,agent,agent_13,4.758529,4.386124
23.1000,agent,agent_14,2.812851,6.335722
23.1000,agent,agent_15,3.678967,4.655670
23.1000,cargo,cargo_0,3.650207,5.456973
23.1500,agent,agent_00,4.239869,4.591521
23.1500,agent,agent_01,3.226448,4.619900
23.1500,agent,agent_02,3.945223,5.596795
23.1500,agent,agent_03,2.796406,5.181847
23.1500,agent,agent_04,3.856202,6.670738
23.1500,agent,agent_05,4.928927,5.067256
23.1500,agent,agent_06,4.071897,4.002534
23.1500,agent,agent_07,3.246058,6.840568
23.1500,agent,agent_08,4.558879,5.682684
23.1500,agent,agent_09,2.657151,4.712031
23.1500,agent,agent_10,3.885236,6.070691
23.1500,agent,agent_11,2.771043,5.749674
23.1500,agent,agent_12,2.850860,4.012860
23.1500,agent,agent_13,4.762117,4.376227
23.1500,agent,agent_14,2.813746,6.334765
23.1500,agent,agent_15,3.679884,4.655537
23.1500,cargo,cargo_0,3.650207,5.456973
23.2000,agent,agent_00,4.240540,4.591347
23.2000,agent,agent_01,3.226258,4.620977
23.2000,agent,agent_02,3.945549,5.596897
23.2000,agent,agent_03,2.796367,5.182619
23.2000,agent,agent_04,3.856945,6.668784
23.2000,agent,agent_05,4.929382,5.068878
23.2000,agent,agent_06,4.072316,3.997009
23.2000,agent,agent_07,3.245886,6.837517
23.2000,agent,agent_08,4.557981,5.680163
23.2000,agent,agent_09,2.659972,4.712845
23.2000,agent,agent_10,3.885325,6.070879
23.2000,agent,agent_11,2.771606,5.750325
23.2000,agent,agent_12,2.852919,3.999933
23.2000,agent,agent_13,4.761491,4.381674
23.2000,agent,agent_14,2.813832,6.333960
23.2000,agent,agent_15,3.680511,4.655535
23.2000,cargo,cargo_0,3.650207,5.456973
23.2500,agent,agent_00,4.240917,4.591033
23.2500,agent,agent_01,3.225658,4.626035
23.2500,agent,agent_02,3.945592,5.596906
23.2500,agent,agent_03,2.796529,5.183503
23.2500,agent,agent_04,3.857518,6.666804
23.2500,agent,agent_05,4.929912,5.070180
23.2500,agent,agent_06,4.073077,3.993805
23.2500,agent,agent_07,3.245473,6.834560
23.2500,agent,agent_08,4.557367,5.677763
23.2500,agent,agent_09,2.662782,4.713797
23.2500,agent,agent_10,3.885486,6.071097
23.2500,agent,agent_11,2.772239,5.750750
23.2500,agent,agent_12,2.853965,3.987555
23.2500,agent,agent_13,4.764899,4.371719
23.2500,agent,agent_14,2.813747,6.333525
23.2500,agent,agent_15,3.680907,4.655610
23.2500,cargo,cargo_0,3.650207,5.456973
23.3000,agent,agent_00,4.241163,4.590481
23.3000,agent,agent_01,3.225808,4.633122
23.3000,agent,agent_02,3.945616,5.597162
23.3000,agent,agent_03,2.796877,5.184400
23.3000,agent,agent_04,3.857626,6.664695
23.3000,agent,agent_05,4.930288,5.071317
23.3000,agent,agent_06,4.073820,3.992410
23.3000,agent,agent_07,3.245301,6.831578
23.3000,agent,agent_08,4.556805,5.675483
23.3000,agent,agent_09,2.665503,4.714653
23.3000,agent,agent_10,3.885580,6.071302
23.3000,agent,agent_11,2.772841,5.751201
23.3000,agent,agent_12,2.854572,3.975431
23.3000,agent,agent_13,4.768637,4.361863
23.3000,agent,agent_14,2.813234,6.332748
23.3000,agent,agent_15,3.681501,4.655691
23.3000,cargo,cargo_0,3.650223,5.457438
23.3500,agent,agent_00,4.241727,4.590330
23.3500,agent,agent_01,3.224607,4.622680
23.3500,agent,agent_02,3.945627,5.597334
23.3500,agent,agent_03,2.796979,5.185075
23.3500,agent,agent_04,3.858251,6.662739
23.3500,agent,agent_05,4.930785,5.072516
23.3500,agent,agent_06,4.074316,3.990787
23.3500,agent,agent_07,3.245087,6.828733
23.3500,agent,agent_08,4.556383,5.673262
23.3500,agent,agent_09,2.667718,4.715177
23.3500,agent,agent_10,3.886127,6.071563
23.3500,agent,agent_11,2.773398,5.751693
23.3500,agent,agent_12,2.853895,3.963959
23.3500,agent,agent_13,4.767557,4.367991
23.3500,agent,agent_14,2.813122,6.331862
23.3500,agent,agent_15,3.681977,4.655728
23.3500,cargo,cargo_0,3.650223,5.457438
23.4000,agent,agent_00,4.241900,4.592072
23.4000,agent,agent_01,3.223734,4.630385
23.4000,agent,agent_02,3.945670,5.597498
23.4000,agent,agent_03,2.797044,5.185906
23.4000,agent,agent_04,3.855288,6.660695
23.4000,agent,agent_05,4.930929,5.073392
23.4000,agent,agent_06,4.075113,3.988702
23.4000,agent,agent_07,3.245029,6.826002
23.4000,agent,agent_08,4.556006,5.671140
23.4000,agent,agent_09,2.670001,4.715812
23.4000,agent,agent_10,3.886196,6.071512
23.4000,agent,agent_11,2.773983,5.751797
23.4000,agent,agent_12,2.853925,3.952104
23.4000,agent,agent_13,4.767174,4.374270
23.4000,agent,agent_14,2.813011,6.331048
23.4000,agent,agent_15,3.682782,4.655650
23.4000,cargo,cargo_0,3.650223,5.457438
23.4500,agent,agent_00,4.242083,4.591923
23.4500,agent,agent_01,3.222747,4.638121
23.4500,agent,agent_02,3.945598,5.597675
23.4500,agent,agent_03,2.797198,5.186637
23.4500,agent,agent_04,3.852744,6.658579
23.4500,agent,agent_05,4.931952,5.074379
23.4500,agent,agent_06,4.075501,3.988728
23.4500,agent,agent_07,3.244627,6.823491
23.4500,agent,agent_08,4.555363,5.669104
23.4500,agent,agent_09,2.672121,4.716667
23.4500,agent,agent_10,3.886514,6.071322
23.4500,agent,agent_11,2.774557,5.751870
23.4500,agent,agent_12,2.862239,3.952446
23.4500,agent,agent_13,4.766830,4.380041
23.4500,agent,agent_14,2.813281,6.330398
23.4500,agent,agent_15,3.683339,4.655681
23.4500,cargo,cargo_0,3.650201,5.458623
23.5000,agent,agent_00,4.242195,4.592080
23.5000,agent,agent_01,3.222464,4.641489
23.5000,agent,agent_02,3.945460,5.597563
23.5000,agent,agent_03,2.797313,5.187436
23.5000,agent,agent_04,3.850283,6.656554
23.5000,agent,agent_05,4.932249,5.074824
23.5000,agent,agent_06,4.075807,3.988934
23.5000,agent,agent_07,3.244280,6.821150
23.5000,agent,agent_08,4.554743,5.667188
23.5000,agent,agent_09,2.674143,4.717621
23.5000,agent,agent_10,3.886862,6.071083
23.5000,agent,agent_11,2.775032,5.751927
23.5000,agent,agent_12,2.870703,3.951960
23.5000,agent,agent_13,4.770415,4.370134
23.5000,agent,agent_14,2.812729,6.329411
23.5000,agent,agent_15,3.683676,4.656642
23.5000,cargo,cargo_0,3.650202,5.461173
23.5500,agent,agent_00,4.242378,4.592472
23.5500,agent,agent_01,3.222617,4.641485
23.5500,agent,agent_02,3.945290,5.597893
23.5500,agent,agent_03,2.797540,5.188272
23.5500,agent,agent_04,3.847898,6.654704
23.5500,agent,agent_05,4.931875,5.074767
23.5500,agent,agent_06,4.076131,3.991232
23.5500,agent,agent_07,3.243898,6.818769
23.5500,agent,agent_08,4.554157,5.665443
23.5500,agent,agent_09,2.676103,4.718470
23.5500,agent,agent_10,3.887209,6.070776
23.5500,agent,agent_11,2.775629,5.752150
23.5500,agent,agent_12,2.878909,3.951069
23.5500,agent,agent_13,4.773873,4.360186
23.5500,agent,agent_14,2.812138,6.328679
23.5500,agent,agent_15,3.684059,4.658028
23.5500,cargo,cargo_0,3.650250,5.463654
23.6000,agent,agent_00,4.242873,4.593237
23.6000,agent,agent_01,3.222708,4.643260
23.6000,agent,agent_02,3.945144,5.598151
23.6000,agent,agent_03,2.797247,5.189143
23.6000,agent,agent_04,3.845602,6.653046
23.6000,agent,agent_05,4.931653,5.074851
23.6000,agent,agent_06,4.076378,3.994497
23.6000,agent,agent_07,3.243412,6.816692
23.6000,agent,agent_08,4.553574,5.663734
23.6000,agent,agent_09,2.677976,4.719219
23.6000,agent,agent_10,3.887520,6.070385
23.6000,agent,agent_11,2.776184,5.752419
23.6000,agent,agent_12,2.886605,3.950842
23.6000,agent,agent_13,4.777299,4.350254
23.6000,agent,agent_14,2.808815,6.328293
23.6000,agent,agent_15,3.684580,4.658048
23.6000,cargo,cargo_0,3.650289,5.465131
23.6500,agent,agent_00,4.243767,4.593872
23.6500,agent,agent_01,3.223197,4.645869
23.6500,agent,agent_02,3.945209,5.599152
23.6500,agent,agent_03,2.796770,5.190120
23.6500,agent,agent_04,3.843371,6.651347
23.6500,agent,agent_05,4.931396,5.075483
23.6500,agent,agent_06,4.076202,3.995832
23.6500,agent,agent_07,3.242993,6.814639
23.6500,agent,agent_08,4.552915,5.662142
23.6500,agent,agent_09,2.679763,4.720170
23.6500,agent,agent_10,3.887717,6.070056
23.6500,agent,agent_11,2.776772,5.752799
23.6500,agent,agent_12,2.894586,3.950693
23.6500,agent,agent_13,4.775857,4.356835
23.6500,agent,agent_14,2.808802,6.327982
23.6500,agent,agent_15,3.685326,4.658847
23.6500,cargo,cargo_0,3.650336,5.465992
23.7000,agent,agent_00,4.244602,4.594597
23.7000,agent,agent_01,3.223546,4.646412
23.7000,agent,agent_02,3.945255,5.599401
23.7000,agent,agent_03,2.796149,5.190971
23.7000,agent,agent_04,3.841785,6.650124
23.7000,agent,agent_05,4.931941,5.076172
23.7000,agent,agent_06,4.076236,3.999267
23.7000,agent,agent_07,3.243080,6.812618
23.7000,agent,agent_08,4.552484,5.660607
23.7000,agent,agent_09,2.681518,4.720351
23.7000,agent,agent_10,3.887908,6.069798
23.7000,agent,agent_11,2.777292,5.753202
23.7000,agent,agent_12,2.901697,3.952194
23.7000,agent,agent_13,4.777517,4.346458
23.7000,agent,agent_14,2.808959,6.327441
23.7000,agent,agent_15,3.686044,4.658814
23.7000,cargo,cargo_0,3.650348,5.466219
23.7500,agent,agent_00,4.245788,4.594595
23.7500,agent,agent_01,3.223905,4.647016
23.7500,agent,agent_02,3.945259,5.599587
23.7500,agent,agent_03,2.795363,5.191707
23.7500,agent,agent_04,3.841745,6.649358
23.7500,agent,agent_05,4.931818,5.076823
23.7500,agent,agent_06,4.075628,3.998911
23.7500,agent,agent_07,3.242915,6.810541
23.7500,agent,agent_08,4.551817,5.659210
23.7500,agent,agent_09,2.671495,4.717166
23.7500,agent,agent_10,3.888076,6.069503
23.7500,agent,agent_11,2.777867,5.753689
23.7500,agent,agent_12,2.908791,3.958501
23.7500,agent,agent_13,4.775993,4.353121
23.7500,agent,agent_14,2.808808,6.326788
23.7500,agent,agent_15,3.686749,4.658808
23.7500,cargo,cargo_0,3.650348,5.466219
23.8000,agent,agent_00,4.246338,4.593618
23.8000,agent,agent_01,3.223967,4.636509
23.8000,agent,agent_02,3.945395,5.599825
23.8000,agent,agent_03,2.794499,5.192478
23.8000,agent,agent_04,3.841999,6.648547
23.8000,agent,agent_05,4.931731,5.077526
23.8000,agent,agent_06,4.074934,3.998525
23.8000,agent,agent_07,3.242936,6.808596
23.8000,agent,agent_08,4.551965,5.657910
23.8000,agent,agent_09,2.673772,4.717569
23.8000,agent,agent_10,3.888204,6.069312
23.8000,agent,agent_11,2.778564,5.753911
23.8000,agent,agent_12,2.916091,3.964844
23.8000,agent,agent_13,4.774696,4.359783
23.8000,agent,agent_14,2.808184,6.326634
23.8000,agent,agent_15,3.687640,4.660823
23.8000,cargo,cargo_0,3.650348,5.466219
23.8500,agent,agent_00,4.247063,4.594415
23.8500,agent,agent_01,3.223374,4.626019
23.8500,agent,agent_02,3.945102,5.600199
23.8500,agent,agent_03,2.793472,5.192808
23.8500,agent,agent_04,3.842044,6.647641
23.8500,agent,agent_05,4.931157,5.078606
23.8500,agent,agent_06,4.074566,3.997506
23.8500,agent,agent_07,3.242765,6.806667
23.8500,agent,agent_08,4.552142,5.656607
23.8500,agent,agent_09,2.675910,4.718470
23.8500,agent,agent_10,3.888427,6.069182
23.8500,agent,agent_11,2.779181,5.754162
23.8500,agent,agent_12,2.923401,3.967518
23.8500,agent,agent_13,4.776553,4.351322
23.8500,agent,agent_14,2.807464,6.326634
23.8500,agent,agent_15,3.688356,4.661406
23.8500,cargo,cargo_0,3.650348,5.466219
23.9000,agent,agent_00,4.247709,4.595005
23.9000,agent,agent_01,3.223895,4.634779
23.9000,agent,agent_02,3.945125,5.600964
23.9000,agent,agent_03,2.793643,5.193376
23.9000,agent,agent_04,3.842585,6.647495
23.9000,agent,agent_05,4.930966,5.079713
23.9000,agent,agent_06,4.073647,3.997518
23.9000,agent,agent_07,3.242534,6.804902
23.9000,agent,agent_08,4.552356,5.655343
23.9000,agent,agent_09,2.677956,4.719300
23.9000,agent,agent_10,3.888698,6.069031
23.9000,agent,agent_11,2.779757,5.754580
23.9000,agent,agent_12,2.931015,3.969125
23.9000,agent,agent_13,4.778766,4.341052
23.9000,agent,agent_14,2.806941,6.326484
23.9000,agent,agent_15,3.688912,4.661432
23.9000,cargo,cargo_0,3.650348,5.466219
23.9500,agent,agent_00,4.248536,4.595289
23.9500,agent,agent_01,3.222674,4.645504
23.9500,agent,agent_02,3.945328,5.601338
23.9500,agent,agent_03,2.794194,5.193864
23.9500,agent,agent_04,3.843064,6.647013
23.9500,agent,agent_05,4.931586,5.080425
23.9500,agent,agent_06,4.072494,3.996929
23.9500,agent,agent_07,3.242178,6.803050
23.9500,agent,agent_08,4.552094,5.654014
23.9500,agent,agent_09,2.680001,4.720205
23.9500,agent,agent_10,3.889279,6.068772
23.9500,agent,agent_11,2.780311,5.754789
23.9500,agent,agent_12,2.938443,3.968708
23.9500,agent,agent_13,4.781233,4.330846
23.9500,agent,agent_14,2.806351,6.326532
23.9500,agent,agent_15,3.689130,4.661449
23.9500,cargo,cargo_0,3.650317,5.466914
24.0000,agent,agent_00,4.249566,4.595784
24.0000,agent,agent_01,3.222846,4.652541
24.0000,agent,agent_02,3.945185,5.601526
24.0000,agent,agent_03,2.794603,5.194420
24.0000,agent,agent_04,3.844294,6.646649
24.0000,agent,agent_05,4.931584,5.080603
24.0000,agent,agent_06,4.071111,3.995336
24.0000,agent,agent_07,3.241944,6.801434
24.0000,agent,agent_08,4.552113,5.652845
24.0000,agent,agent_09,2.681588,4.720587
24.0000,agent,agent_10,3.889523,6.068460
24.0000,agent,agent_11,2.780903,5.755166
24.0000,agent,agent_12,2.945619,3.968458
24.0000,agent,agent_13,4.779668,4.338393
24.0000,agent,agent_14,2.805943,6.327121
24.0000,agent,agent_15,3.689238,4.661461
24.0000,cargo,cargo_0,3.650336,5.469018
24.0500,agent,agent_00,4.250520,4.595928
24.0500,agent,agent_01,3.223195,4.656950
24.0500,agent,agent_02,3.945270,5.601805
24.0500,agent,agent_03,2.794338,5.195144
24.0500,agent,agent_04,3.843880,6.646094
24.0500,agent,agent_05,4.931399,5.081101
24.0500,agent,agent_06,4.069433,3.994773
24.0500,agent,agent_07,3.241816,6.799851
24.0500,agent,agent_08,4.551806,5.651610
24.0500,agent,agent_09,2.682964,4.721157
24.0500,agent,agent_10,3.889705,6.068138
24.0500,agent,agent_11,2.781424,5.755701
24.0500,agent,agent_12,2.952067,3.975885
24.0500,agent,agent_13,4.782226,4.328205
24.0500,agent,agent_14,2.806004,6.327448
24.0500,agent,agent_15,3.689645,4.661470
24.0500,cargo,cargo_0,3.650416,5.472086
24.1000,agent,agent_00,4.251252,4.596842
24.1000,agent,agent_01,3.223780,4.658170
24.1000,agent,agent_02,3.945283,5.602044
24.1000,agent,agent_03,2.794342,5.195761
24.1000,agent,agent_04,3.844532,6.645984
24.1000,agent,agent_05,4.931868,5.081024
24.1000,agent,agent_06,4.067744,3.993877
24.1000,agent,agent_07,3.242029,6.798383
24.1000,agent,agent_08,4.551445,5.650421
24.1000,agent,agent_09,2.684465,4.721819
24.1000,agent,agent_10,3.889837,6.067828
24.1000,agent,agent_11,2.781942,5.755993
24.1000,agent,agent_12,2.958794,3.982597
24.1000,agent,agent_13,4.785470,4.318214
24.1000,agent,agent_14,2.805557,6.327190
24.1000,agent,agent_15,3.690161,4.662730
24.1000,cargo,cargo_0,3.650531,5.474832
24.1500,agent,agent_00,4.252119,4.597787
24.1500,agent,agent_01,3.225660,4.664059
24.1500,agent,agent_02,3.944939,5.603372
24.1500,agent,agent_03,2.794155,5.196425
24.1500,agent,agent_04,3.844267,6.646207
24.1500,agent,agent_05,4.931536,5.081418
24.1500,agent,agent_06,4.066095,3.997219
24.1500,agent,agent_07,3.242153,6.797122
24.1500,agent,agent_08,4.551204,5.649217
24.1500,agent,agent_09,2.685933,4.722506
24.1500,agent,agent_10,3.889981,6.067556
24.1500,agent,agent_11,2.782342,5.756454
24.1500,agent,agent_12,2.965769,3.989398
24.1500,agent,agent_13,4.783790,4.325955
24.1500,agent,agent_14,2.805690,6.327179
24.1500,agent,agent_15,3.691049,4.666409
24.1500,cargo,cargo_0,3.650852,5.478251
24.2000,agent,agent_00,4.253098,4.598603
24.2000,agent,agent_01,3.226320,4.664444
24.2000,agent,agent_02,3.944582,5.603870
24.2000,agent,agent_03,2.793979,5.197106
24.2000,agent,agent_04,3.845013,6.646260
24.2000,agent,agent_05,4.932220,5.081548
24.2000,agent,agent_06,4.064223,3.999727
24.2000,agent,agent_07,3.242167,6.796058
24.2000,agent,agent_08,4.551580,5.648160
24.2000,agent,agent_09,2.687429,4.723235
24.2000,agent,agent_10,3.889786,6.067693
24.2000,agent,agent_11,2.782881,5.756522
24.2000,agent,agent_12,2.972723,3.995456
24.2000,agent,agent_13,4.781993,4.333551
24.2000,agent,agent_14,2.805540,6.327274
24.2000,agent,agent_15,3.691460,4.666645
24.2000,cargo,cargo_0,3.650992,5.480978
24.2500,agent,agent_00,4.254122,4.599583
24.2500,agent,agent_01,3.226124,4.653942
24.2500,agent,agent_02,3.944062,5.604865
24.2500,agent,agent_03,2.794468,5.197796
24.2500,agent,agent_04,3.847674,6.646187
24.2500,agent,agent_05,4.932047,5.081876
24.2500,agent,agent_06,4.063024,4.002310
24.2500,agent,agent_07,3.242237,6.795186
24.2500,agent,agent_08,4.552059,5.647232
24.2500,agent,agent_09,2.688909,4.723747
24.2500,agent,agent_10,3.889743,6.067951
24.2500,agent,agent_11,2.783456,5.756508
24.2500,agent,agent_12,2.978347,4.000222
24.2500,agent,agent_13,4.782169,4.334016
24.2500,agent,agent_14,2.805342,6.328036
24.2500,agent,agent_15,3.691986,4.668103
24.2500,cargo,cargo_0,3.650995,5.481052
24.3000,agent,agent_00,4.255180,4.600448
24.3000,agent,agent_01,3.225905,4.664432
24.3000,agent,agent_02,3.943820,5.606378
24.3000,agent,agent_03,2.794479,5.198545
24.3000,agent,agent_04,3.846962,6.646835
24.3000,agent,agent_05,4.932341,5.082625
24.3000,agent,agent_06,4.061555,4.003278
24.3000,agent,agent_07,3.242514,6.794323
24.3000,agent,agent_08,4.552924,5.646150
24.3000,agent,agent_09,2.690393,4.724235
24.3000,agent,agent_10,3.889642,6.068158
24.3000,agent,agent_11,2.783965,5.756463
24.3000,agent,agent_12,2.983648,4.002821
24.3000,agent,agent_13,4.780543,4.341399
24.3000,agent,agent_14,2.805643,6.328534
24.3000,agent,agent_15,3.692318,4.668122
24.3000,cargo,cargo_0,3.650995,5.481052
24.3500,agent,agent_00,4.256462,4.601491
24.3500,agent,agent_01,3.226063,4.653923
24.3500,agent,agent_02,3.943585,5.607502
24.3500,agent,agent_03,2.794859,5.199235
24.3500,agent,agent_04,3.847247,6.648881
24.3500,agent,agent_05,4.932423,5.083099
24.3500,agent,agent_06,4.060549,4.004679
24.3500,agent,agent_07,3.243097,6.793465
24.3500,agent,agent_08,4.553326,5.645162
24.3500,agent,agent_09,2.691783,4.724738
24.3500,agent,agent_10,3.889542,6.068300
24.3500,agent,agent_11,2.784457,5.756424
24.3500,agent,agent_12,2.989332,4.005752
24.3500,agent,agent_13,4.778534,4.348189
24.3500,agent,agent_14,2.805499,6.329190
24.3500,agent,agent_15,3.693025,4.668052
24.3500,cargo,cargo_0,3.650995,5.481052
24.4000,agent,agent_00,4.257618,4.600633
24.4000,agent,agent_01,3.225052,4.643453
24.4000,agent,agent_02,3.943431,5.608370
24.4000,agent,agent_03,2.794390,5.199991
24.4000,agent,agent_04,3.847765,6.652233
24.4000,agent,agent_05,4.932850,5.083371
24.4000,agent,agent_06,4.059770,4.005289
24.4000,agent,agent_07,3.243531,6.792638
24.4000,agent,agent_08,4.553720,5.644334
24.4000,agent,agent_09,2.681372,4.723372
24.4000,agent,agent_10,3.889455,6.068753
24.4000,agent,agent_11,2.784928,5.756503
24.4000,agent,agent_12,2.994367,4.008387
24.4000,agent,agent_13,4.776474,4.354822
24.4000,agent,agent_14,2.805473,6.329661
24.4000,agent,agent_15,3.693396,4.668207
24.4000,cargo,cargo_0,3.650995,5.481052
24.4500,agent,agent_00,4.258439,4.600587
24.4500,agent,agent_01,3.225014,4.647680
24.4500,agent,agent_02,3.943326,5.609238
24.4500,agent,agent_03,2.794642,5.200667
24.4500,agent,agent_04,3.848172,6.656623
24.4500,agent,agent_05,4.933702,5.083272
24.4500,agent,agent_06,4.058974,4.005783
24.4500,agent,agent_07,3.243828,6.791868
24.4500,agent,agent_08,4.553845,5.643631
24.4500,agent,agent_09,2.683370,4.724262
24.4500,agent,agent_10,3.889810,6.069212
24.4500,agent,agent_11,2.785409,5.756505
24.4500,agent,agent_12,3.000192,4.010103
24.4500,agent,agent_13,4.774560,4.361425
24.4500,agent,agent_14,2.805348,6.330029
24.4500,agent,agent_15,3.694085,4.668148
24.4500,cargo,cargo_0,3.650995,5.481052
24.5000,agent,agent_00,4.258751,4.601061
24.5000,agent,agent_01,3.224573,4.637188
24.5000,agent,agent_02,3.943154,5.610044
24.5000,agent,agent_03,2.794486,5.200901
24.5000,agent,agent_04,3.848217,6.661130
24.5000,agent,agent_05,4.934031,5.083400
24.5000,agent,agent_06,4.058397,4.006476
24.5000,agent,agent_07,3.244081,6.791209
24.5000,agent,agent_08,4.553854,5.642839
24.5000,agent,agent_09,2.683918,4.724687
24.5000,agent,agent_10,3.889769,6.069696
24.5000,agent,agent_11,2.785807,5.756723
24.5000,agent,agent_12,3.006175,4.010730
24.5000,agent,agent_13,4.773177,4.368086
24.5000,agent,agent_14,2.805622,6.330198
24.5000,agent,agent_15,3.694625,4.668131
24.5000,cargo,cargo_0,3.650995,5.481052
24.5500,agent,agent_00,4.259151,4.601277
24.5500,agent,agent_01,3.224717,4.636305
24.5500,agent,agent_02,3.943412,5.611545
24.5500,agent,agent_03,2.794443,5.201351
24.5500,agent,agent_04,3.847652,6.663891
24.5500,agent,agent_05,4.935538,5.083338
24.5500,agent,agent_06,4.057805,4.005433
24.5500,agent,agent_07,3.244212,6.790459
24.5500,agent,agent_08,4.553600,5.641895
24.5500,agent,agent_09,2.682075,4.724994
24.5500,agent,agent_10,3.889613,6.070136
24.5500,agent,agent_11,2.786186,5.756791
24.5500,agent,agent_12,3.011806,4.012003
24.5500,agent,agent_13,4.771718,4.374519
24.5500,agent,agent_14,2.805333,6.330557
24.5500,agent,agent_15,3.695154,4.668084
24.5500,cargo,cargo_0,3.650995,5.481052
24.6000,agent,agent_00,4.259622,4.601769
24.6000,agent,agent_01,3.224911,4.639373
24.6000,agent,agent_02,3.943573,5.612416
24.6000,agent,agent_03,2.794452,5.201897
24.6000,agent,agent_04,3.847375,6.666358
24.6000,agent,agent_05,4.936639,5.083972
24.6000,agent,agent_06,4.057241,4.005567
24.6000,agent,agent_07,3.244148,6.789735
24.6000,agent,agent_08,4.553728,5.641035
24.6000,agent,agent_09,2.684069,4.725702
24.6000,agent,agent_10,3.889506,6.070915
24.6000,agent,agent_11,2.786612,5.756861
24.6000,agent,agent_12,3.017248,4.011882
24.6000,agent,agent_13,4.769900,4.380756
24.6000,agent,agent_14,2.805349,6.330872
24.6000,agent,agent_15,3.695597,4.668092
24.6000,cargo,cargo_0,3.650995,5.481052
24.6500,agent,agent_00,4.260071,4.602003
24.6500,agent,agent_01,3.225441,4.640649
24.6500,agent,agent_02,3.943575,5.613421
24.6500,agent,agent_03,2.794314,5.202564
24.6500,agent,agent_04,3.847421,6.669520
24.6500,agent,agent_05,4.937702,5.084554
24.6500,agent,agent_06,4.056604,4.007278
24.6500,agent,agent_07,3.243997,6.789097
24.6500,agent,agent_08,4.553987,5.640149
24.6500,agent,agent_09,2.685977,4.726453
24.6500,agent,agent_10,3.889320,6.071699
24.6500,agent,agent_11,2.787034,5.756994
24.6500,agent,agent_12,3.022179,4.015211
24.6500,agent,agent_13,4.768519,4.386952
24.6500,agent,agent_14,2.804782,6.331419
24.6500,agent,agent_15,3.696181,4.668030
24.6500,cargo,cargo_0,3.650995,5.481052
24.7000,agent,agent_00,4.260558,4.602347
24.7000,agent,agent_01,3.225701,4.643094
24.7000,agent,agent_02,3.943531,5.614033
24.7000,agent,agent_03,2.794591,5.203221
24.7000,agent,agent_04,3.847178,6.673053
24.7000,agent,agent_05,4.938408,5.085584
24.7000,agent,agent_06,4.055842,4.007634
24.7000,agent,agent_07,3.243868,6.788483
24.7000,agent,agent_08,4.554138,5.639353
24.7000,agent,agent_09,2.687964,4.727243
24.7000,agent,agent_10,3.889235,6.072436
24.7000,agent,agent_11,2.787448,5.757126
24.7000,agent,agent_12,3.027627,4.010515
24.7000,agent,agent_13,4.766983,4.393070
24.7000,agent,agent_14,2.804163,6.332021
24.7000,agent,agent_15,3.696680,4.667965
24.7000,cargo,cargo_0,3.650995,5.481052
24.7500,agent,agent_00,4.260834,4.602846
24.7500,agent,agent_01,3.225816,4.645361
24.7500,agent,agent_02,3.943593,5.614467
24.7500,agent,agent_03,2.794677,5.203871
24.7500,agent,agent_04,3.846244,6.677467
24.7500,agent,agent_05,4.938496,5.086440
24.7500,agent,agent_06,4.055194,4.008498
24.7500,agent,agent_07,3.243789,6.787852
24.7500,agent,agent_08,4.553921,5.638527
24.7500,agent,agent_09,2.689988,4.727904
24.7500,agent,agent_10,3.889087,6.073216
24.7500,agent,agent_11,2.787766,5.757302
24.7500,agent,agent_12,3.031959,4.014207
24.7500,agent,agent_13,4.765789,4.398327
24.7500,agent,agent_14,2.803195,6.332627
24.7500,agent,agent_15,3.697335,4.668739
24.7500,cargo,cargo_0,3.650995,5.481052
24.8000,agent,agent_00,4.261152,4.603518
24.8000,agent,agent_01,3.226456,4.646218
24.8000,agent,agent_02,3.943623,5.614291
24.8000,agent,agent_03,2.794814,5.204438
24.8000,agent,agent_04,3.845040,6.681460
24.8000,agent,agent_05,4.939334,5.087119
24.8000,agent,agent_06,4.054533,4.007737
24.8000,agent,agent_07,3.243716,6.787243
24.8000,agent,agent_08,4.553832,5.637748
24.8000,agent,agent_09,2.691223,4.728943
24.8000,agent,agent_10,3.889026,6.074058
24.8000,agent,agent_11,2.788070,5.757470
24.8000,agent,agent_12,3.037210,4.015092
24.8000,agent,agent_13,4.764455,4.403292
24.8000,agent,agent_14,2.802826,6.333111
24.8000,agent,agent_15,3.697645,4.668726
24.8000,cargo,cargo_0,3.650995,5.481052
24.8500,agent,agent_00,4.261475,4.603971
24.8500,agent,agent_01,3.226865,4.649174
24.8500,agent,agent_02,3.943562,5.613847
24.8500,agent,agent_03,2.794444,5.204919
24.8500,agent,agent_04,3.844178,6.684566
24.8500,agent,agent_05,4.940408,5.087885
24.8500,agent,agent_06,4.053791,4.008306
24.8500,agent,agent_07,3.243680,6.786480
24.8500,agent,agent_08,4.553714,5.636920
24.8500,agent,agent_09,2.692606,4.729435
24.8500,agent,agent_10,3.888794,6.075176
24.8500,agent,agent_11,2.788308,5.757733
24.8500,agent,agent_12,3.042007,4.007730
24.8500,agent,agent_13,4.763300,4.408312
24.8500,agent,agent_14,2.802253,6.333678
24.8500,agent,agent_15,3.697736,4.669699
24.8500,cargo,cargo_0,3.650995,5.481052
24.9000,agent,agent_00,4.261739,4.604529
24.9000,agent,agent_01,3.227517,4.643930
24.9000,agent,agent_02,3.943502,5.613894
24.9000,agent,agent_03,2.794342,5.205492
24.9000,agent,agent_04,3.843091,6.687489
24.9000,agent,agent_05,4.940858,5.088669
24.9000,agent,agent_06,4.052620,4.008356
24.9000,agent,agent_07,3.243619,6.785867
24.9000,agent,agent_08,4.553540,5.636168
24.9000,agent,agent_09,2.694016,4.729914
24.9000,agent,agent_10,3.888572,6.076234
24.9000,agent,agent_11,2.788550,5.757930
24.9000,agent,agent_12,3.047082,4.001629
24.9000,agent,agent_13,4.762196,4.413256
24.9000,agent,agent_14,2.802046,6.333978
24.9000,agent,agent_15,3.697831,4.669701
24.9000,cargo,cargo_0,3.650995,5.481052
24.9500,agent,agent_00,4.262129,4.604909
24.9500,agent,agent_01,3.228482,4.644216
24.9500,agent,agent_02,3.943519,5.613905
24.9500,agent,agent_03,2.794129,5.206088
24.9500,agent,agent_04,3.841780,6.690368
24.9500,agent,agent_05,4.940974,5.089158
24.9500,agent,agent_06,4.051681,4.009150
24.9500,agent,agent_07,3.243455,6.785312
24.9500,agent,agent_08,4.553423,5.635439
24.9500,agent,agent_09,2.683807,4.727458
24.9500,agent,agent_10,3.888449,6.077283
24.9500,agent,agent_11,2.788803,5.758094
24.9500,agent,agent_12,3.051901,3.999619
24.9500,agent,agent_13,4.761581,4.418292
24.9500,agent,agent_14,2.801416,6.334334
24.9500,agent,agent_15,3.697790,4.669700
24.9500,cargo,cargo_0,3.650995,5.481052
25.0000,agent,agent_00,4.262315,4.605207
25.0000,agent,agent_01,3.229348,4.645875
25.0000,agent,agent_02,3.943436,5.613375
25.0000,agent,agent_03,2.794057,5.206673
25.0000,agent,agent_04,3.840106,6.691706
25.0000,agent,agent_05,4.941110,5.089585
25.0000,agent,agent_06,4.050763,4.009600
25.0000,agent,agent_07,3.243174,6.784779
25.0000,agent,agent_08,4.553236,5.634585
25.0000,agent,agent_09,2.685746,4.728173
25.0000,agent,agent_10,3.888622,6.078314
25.0000,agent,agent_11,2.789118,5.757988
25.0000,agent,agent_12,3.056458,3.997155
25.0000,agent,agent_13,4.760792,4.423054
25.0000,agent,agent_14,2.800623,6.335027
25.0000,agent,agent_15,3.697981,4.669689
25.0000,cargo,cargo_0,3.650995,5.481052
25.0500,agent,agent_00,4.262277,4.605123
25.0500,agent,agent_01,3.230144,4.646012
25.0500,agent,agent_02,3.943328,5.613599
25.0500,agent,agent_03,2.793861,5.207253
25.0500,agent,agent_04,3.838659,6.694222
25.0500,agent,agent_05,4.940882,5.090246
25.0500,agent,agent_06,4.049807,4.009365
25.0500,agent,agent_07,3.242722,6.784182
25.0500,agent,agent_08,4.552898,5.633891
25.0500,agent,agent_09,2.675313,4.726967
25.0500,agent,agent_10,3.889058,6.079057
25.0500,agent,agent_11,2.789404,5.758082
25.0500,agent,agent_12,3.060454,3.999792
25.0500,agent,agent_13,4.759981,4.427807
25.0500,agent,agent_14,2.800434,6.335559
25.0500,agent,agent_15,3.698237,4.669685
25.0500,cargo,cargo_0,3.650995,5.481052
25.1000,agent,agent_00,4.262679,4.604451
25.1000,agent,agent_01,3.230665,4.646017
25.1000,agent,agent_02,3.943138,5.614202
25.1000,agent,agent_03,2.794028,5.207797
25.1000,agent,agent_04,3.837934,6.695530
25.1000,agent,agent_05,4.940914,5.091194
25.1000,agent,agent_06,4.048831,4.011406
25.1000,agent,agent_07,3.242510,6.783616
25.1000,agent,agent_08,4.552674,5.633116
25.1000,agent,agent_09,2.677407,4.727692
25.1000,agent,agent_10,3.889114,6.079822
25.1000,agent,agent_11,2.789658,5.758105
25.1000,agent,agent_12,3.065437,4.001164
25.1000,agent,agent_13,4.759375,4.432439
25.1000,agent,agent_14,2.800177,6.336146
25.1000,agent,agent_15,3.698298,4.669686
25.1000,cargo,cargo_0,3.650995,5.481052
25.1500,agent,agent_00,4.262760,4.604757
25.1500,agent,agent_01,3.231492,4.648938
25.1500,agent,agent_02,3.943015,5.614470
25.1500,agent,agent_03,2.793968,5.208214
25.1500,agent,agent_04,3.836718,6.695596
25.1500,agent,agent_05,4.940835,5.092536
25.1500,agent,agent_06,4.047700,4.013041
25.1500,agent,agent_07,3.242255,6.783031
25.1500,agent,agent_08,4.552352,5.632320
25.1500,agent,agent_09,2.679475,4.728190
25.1500,agent,agent_10,3.889150,6.080581
25.1500,agent,agent_11,2.789977,5.758063
25.1500,agent,agent_12,3.070359,4.003053
25.1500,agent,agent_13,4.758930,4.437088
25.1500,agent,agent_14,2.798815,6.337538
25.1500,agent,agent_15,3.698273,4.669683
25.1500,cargo,cargo_0,3.650995,5.481052
25.2000,agent,agent_00,4.262882,4.605082
25.2000,agent,agent_01,3.232078,4.649090
25.2000,agent,agent_02,3.942858,5.614874
25.2000,agent,agent_03,2.794024,5.208752
25.2000,agent,agent_04,3.835478,6.696003
25.2000,agent,agent_05,4.941024,5.093946
25.2000,agent,agent_06,4.046543,4.011668
25.2000,agent,agent_07,3.241756,6.782466
25.2000,agent,agent_08,4.552103,5.631543
25.2000,agent,agent_09,2.681520,4.728676
25.2000,agent,agent_10,3.889086,6.081379
25.2000,agent,agent_11,2.790075,5.757987
25.2000,agent,agent_12,3.074947,4.006965
25.2000,agent,agent_13,4.758257,4.441344
25.2000,agent,agent_14,2.798023,6.338551
25.2000,agent,agent_15,3.698466,4.669674
25.2000,cargo,cargo_0,3.650995,5.481052
25.2500,agent,agent_00,4.262783,4.605008
25.2500,agent,agent_01,3.232767,4.649033
25.2500,agent,agent_02,3.942687,5.615034
25.2500,agent,agent_03,2.794042,5.209347
25.2500,agent,agent_04,3.834405,6.695398
25.2500,agent,agent_05,4.941010,5.095334
25.2500,agent,agent_06,4.045570,4.014110
25.2500,agent,agent_07,3.240840,6.781992
25.2500,agent,agent_08,4.551894,5.630806
25.2500,agent,agent_09,2.683322,4.729472
25.2500,agent,agent_10,3.889005,6.082201
25.2500,agent,agent_11,2.790221,5.757962
25.2500,agent,agent_12,3.079497,4.009300
25.2500,agent,agent_13,4.757844,4.445591
25.2500,agent,agent_14,2.797965,6.339317
25.2500,agent,agent_15,3.698522,4.669674
25.2500,cargo,cargo_0,3.650995,5.481052
25.3000,agent,agent_00,4.262757,4.604935
25.3000,agent,agent_01,3.233583,4.650306
25.3000,agent,agent_02,3.942510,5.614433
25.3000,agent,agent_03,2.793616,5.210003
25.3000,agent,agent_04,3.832847,6.693903
25.3000,agent,agent_05,4.941069,5.096619
25.3000,agent,agent_06,4.044589,4.015865
25.3000,agent,agent_07,3.239974,6.781639
25.3000,agent,agent_08,4.551522,5.630110
25.3000,agent,agent_09,2.685210,4.730130
25.3000,agent,agent_10,3.888862,6.082982
25.3000,agent,agent_11,2.790543,5.758009
25.3000,agent,agent_12,3.084340,4.010185
25.3000,agent,agent_13,4.757621,4.449878
25.3000,agent,agent_14,2.797576,6.340103
25.3000,agent,agent_15,3.698647,4.669671
25.3000,cargo,cargo_0,3.650995,5.481052
25.3500,agent,agent_00,4.262790,4.605168
25.3500,agent,agent_01,3.234150,4.651171
25.3500,agent,agent_02,3.942387,5.614503
25.3500,agent,agent_03,2.793416,5.210663
25.3500,agent,agent_04,3.831314,6.692919
25.3500,agent,agent_05,4.940930,5.097650
25.3500,agent,agent_06,4.043861,4.019273
25.3500,agent,agent_07,3.238821,6.781332
25.3500,agent,agent_08,4.551278,5.629511
25.3500,agent,agent_09,2.687052,4.730955
25.3500,agent,agent_10,3.888777,6.083689
25.3500,agent,agent_11,2.790927,5.758057
25.3500,agent,agent_12,3.089324,4.009752
25.3500,agent,agent_13,4.756963,4.453758
25.3500,agent,agent_14,2.798075,6.340911
25.3500,agent,agent_15,3.698988,4.669665
25.3500,cargo,cargo_0,3.650995,5.481052
25.4000,agent,agent_00,4.262843,4.605495
25.4000,agent,agent_01,3.234863,4.651124
25.4000,agent,agent_02,3.942189,5.614262
25.4000,agent,agent_03,2.792631,5.211490
25.4000,agent,agent_04,3.829654,6.692499
25.4000,agent,agent_05,4.941102,5.098623
25.4000,agent,agent_06,4.042827,4.020056
25.4000,agent,agent_07,3.238176,6.781020
25.4000,agent,agent_08,4.551073,5.628893
25.4000,agent,agent_09,2.688925,4.731653
25.4000,agent,agent_10,3.888709,6.084457
25.4000,agent,agent_11,2.790908,5.758041
25.4000,agent,agent_12,3.094050,4.010759
25.4000,agent,agent_13,4.756606,4.457844
25.4000,agent,agent_14,2.798200,6.341192
25.4000,agent,agent_15,3.699273,4.669681
25.4000,cargo,cargo_0,3.650995,5.481052
25.4500,agent,agent_00,4.262837,4.605947
25.4500,agent,agent_01,3.235562,4.651100
25.4500,agent,agent_02,3.941913,5.613611
25.4500,agent,agent_03,2.791854,5.212253
25.4500,agent,agent_04,3.827812,6.692622
25.4500,agent,agent_05,4.941387,5.099528
25.4500,agent,agent_06,4.041804,4.022660
25.4500,agent,agent_07,3.237701,6.780605
25.4500,agent,agent_08,4.550933,5.628302
25.4500,agent,agent_09,2.690799,4.732208
25.4500,agent,agent_10,3.888774,6.084970
25.4500,agent,agent_11,2.791081,5.758391
25.4500,agent,agent_12,3.098058,4.018427
25.4500,agent,agent_13,4.756453,4.461824
25.4500,agent,agent_14,2.798556,6.341474
25.4500,agent,agent_15,3.699756,4.669695
25.4500,cargo,cargo_0,3.650995,5.481052
25.5000,agent,agent_00,4.262976,4.606346
25.5000,agent,agent_01,3.235991,4.651069
25.5000,agent,agent_02,3.941672,5.613348
25.5000,agent,agent_03,2.791946,5.212660
25.5000,agent,agent_04,3.826118,6.692822
25.5000,agent,agent_05,4.940988,5.099995
25.5000,agent,agent_06,4.040760,4.023676
25.5000,agent,agent_07,3.236994,6.780305
25.5000,agent,agent_08,4.550847,5.627658
25.5000,agent,agent_09,2.692462,4.733012
25.5000,agent,agent_10,3.888758,6.085534
25.5000,agent,agent_11,2.791344,5.758697
25.5000,agent,agent_12,3.101809,4.025664
25.5000,agent,agent_13,4.756099,4.465701
25.5000,agent,agent_14,2.798782,6.342055
25.5000,agent,agent_15,3.700202,4.669712
25.5000,cargo,cargo_0,3.650995,5.481052
25.5500,agent,agent_00,4.263131,4.606394
25.5500,agent,agent_01,3.236372,4.651041
25.5500,agent,agent_02,3.941437,5.613111
25.5500,agent,agent_03,2.792052,5.213098
25.5500,agent,agent_04,3.824277,6.693093
25.5500,agent,agent_05,4.940448,5.100246
25.5500,agent,agent_06,4.039838,4.026385
25.5500,agent,agent_07,3.236082,6.780101
25.5500,agent,agent_08,4.550767,5.627114
25.5500,agent,agent_09,2.685873,4.732724
25.5500,agent,agent_10,3.888790,6.086062
25.5500,agent,agent_11,2.791395,5.759077
25.5500,agent,agent_12,3.105407,4.032357
25.5500,agent,agent_13,4.755554,4.469408
25.5500,agent,agent_14,2.799157,6.342452
25.5500,agent,agent_15,3.700772,4.669723
25.5500,cargo,cargo_0,3.650995,5.481052
25.6000,agent,agent_00,4.262691,4.605560
25.6000,agent,agent_01,3.237092,4.652675
25.6000,agent,agent_02,3.941198,5.613850
25.6000,agent,agent_03,2.792399,5.213577
25.6000,agent,agent_04,3.823087,6.693852
25.6000,agent,agent_05,4.940685,5.100365
25.6000,agent,agent_06,4.038844,4.026886
25.6000,agent,agent_07,3.234832,6.779879
25.6000,agent,agent_08,4.550538,5.626532
25.6000,agent,agent_09,2.680182,4.732531
25.6000,agent,agent_10,3.888963,6.086544
25.6000,agent,agent_11,2.791558,5.759387
25.6000,agent,agent_12,3.108878,4.034770
25.6000,agent,agent_13,4.755043,4.473069
25.6000,agent,agent_14,2.799526,6.342814
25.6000,agent,agent_15,3.701253,4.669739
25.6000,cargo,cargo_0,3.650995,5.481052
25.6500,agent,agent_00,4.262534,4.604923
25.6500,agent,agent_01,3.237606,4.653255
25.6500,agent,agent_02,3.940884,5.613892
25.6500,agent,agent_03,2.792451,5.214183
25.6500,agent,agent_04,3.822144,6.695057
25.6500,agent,agent_05,4.940887,5.100664
25.6500,agent,agent_06,4.037762,4.028194
25.6500,agent,agent_07,3.233725,6.779670
25.6500,agent,agent_08,4.550449,5.625985
25.6500,agent,agent_09,2.682220,4.733152
25.6500,agent,agent_10,3.888968,6.087058
25.6500,agent,agent_11,2.791535,5.759583
25.6500,agent,agent_12,3.112361,4.038731
25.6500,agent,agent_13,4.754522,4.476293
25.6500,agent,agent_14,2.799453,6.343044
25.6500,agent,agent_15,3.701501,4.669762
25.6500,cargo,cargo_0,3.650995,5.481052
25.7000,agent,agent_00,4.262370,4.604614
25.7000,agent,agent_01,3.238648,4.655276
25.7000,agent,agent_02,3.940568,5.613701
25.7000,agent,agent_03,2.792492,5.214680
25.7000,agent,agent_04,3.821366,6.696273
25.7000,agent,agent_05,4.940928,5.100763
25.7000,agent,agent_06,4.037540,4.029057
25.7000,agent,agent_07,3.232795,6.779427
25.7000,agent,agent_08,4.550127,5.625561
25.7000,agent,agent_09,2.684197,4.733745
25.7000,agent,agent_10,3.889165,6.087651
25.7000,agent,agent_11,2.791029,5.759919
25.7000,agent,agent_12,3.115572,4.046138
25.7000,agent,agent_13,4.754146,4.479414
25.7000,agent,agent_14,2.798517,6.343621
25.7000,agent,agent_15,3.701781,4.669785
25.7000,cargo,cargo_0,3.650995,5.481052
25.7500,agent,agent_00,4.261937,4.604585
25.7500,agent,agent_01,3.239320,4.656760
25.7500,agent,agent_02,3.940358,5.613695
25.7500,agent,agent_03,2.792752,5.215047
25.7500,agent,agent_04,3.819926,6.696017
25.7500,agent,agent_05,4.940962,5.101168
25.7500,agent,agent_06,4.037471,4.029071
25.7500,agent,agent_07,3.231717,6.779181
25.7500,agent,agent_08,4.549744,5.625129
25.7500,agent,agent_09,2.686191,4.734384
25.7500,agent,agent_10,3.889090,6.088210
25.7500,agent,agent_11,2.790804,5.760154
25.7500,agent,agent_12,3.118977,4.049295
25.7500,agent,agent_13,4.753972,4.482686
25.7500,agent,agent_14,2.797779,6.344625
25.7500,agent,agent_15,3.702076,4.669809
25.7500,cargo,cargo_0,3.650995,5.481052
25.8000,agent,agent_00,4.261305,4.604201
25.8000,agent,agent_01,3.239576,4.656714
25.8000,agent,agent_02,3.940167,5.613542
25.8000,agent,agent_03,2.793107,5.215364
25.8000,agent,agent_04,3.818747,6.695922
25.8000,agent,agent_05,4.941806,5.101914
25.8000,agent,agent_06,4.037420,4.029374
25.8000,agent,agent_07,3.230410,6.778910
25.8000,agent,agent_08,4.549416,5.624668
25.8000,agent,agent_09,2.685711,4.734791
25.8000,agent,agent_10,3.889343,6.088794
25.8000,agent,agent_11,2.790696,5.760563
25.8000,agent,agent_12,3.121692,4.052132
25.8000,agent,agent_13,4.753478,4.485764
25.8000,agent,agent_14,2.797411,6.345515
25.8000,agent,agent_15,3.702287,4.669824
25.8000,cargo,cargo_0,3.650995,5.481052
25.8500,agent,agent_00,4.260739,4.603972
25.8500,agent,agent_01,3.240199,4.656702
25.8500,agent,agent_02,3.940078,5.614506
25.8500,agent,agent_03,2.793608,5.215687
25.8500,agent,agent_04,3.817485,6.695648
25.8500,agent,agent_05,4.943279,5.102546
25.8500,agent,agent_06,4.037359,4.028997
25.8500,agent,agent_07,3.229085,6.778677
25.8500,agent,agent_08,4.549095,5.624200
25.8500,agent,agent_09,2.687528,4.735633
25.8500,agent,agent_10,3.889335,6.089317
25.8500,agent,agent_11,2.790835,5.761102
25.8500,agent,agent_12,3.124634,4.053299
25.8500,agent,agent_13,4.753201,4.488817
25.8500,agent,agent_14,2.797445,6.345827
25.8500,agent,agent_15,3.702370,4.669831
25.8500,cargo,cargo_0,3.650995,5.481052
25.9000,agent,agent_00,4.260138,4.603925
25.9000,agent,agent_01,3.240743,4.656679
25.9000,agent,agent_02,3.939913,5.614751
25.9000,agent,agent_03,2.794058,5.216143
25.9000,agent,agent_04,3.816547,6.695830
25.9000,agent,agent_05,4.944233,5.103307
25.9000,agent,agent_06,4.037286,4.029617
25.9000,agent,agent_07,3.227874,6.778415
25.9000,agent,agent_08,4.548890,5.624158
25.9000,agent,agent_09,2.689309,4.736539
25.9000,agent,agent_10,3.889348,6.089890
25.9000,agent,agent_11,2.790964,5.761627
25.9000,agent,agent_12,3.127404,4.053502
25.9000,agent,agent_13,4.753251,4.492028
25.9000,agent,agent_14,2.797981,6.345967
25.9000,agent,agent_15,3.702429,4.669842
25.9000,cargo,cargo_0,3.650995,5.481052
25.9500,agent,agent_00,4.259712,4.604050
25.9500,agent,agent_01,3.241434,4.658690
25.9500,agent,agent_02,3.939652,5.614390
25.9500,agent,agent_03,2.793941,5.216656
25.9500,agent,agent_04,3.815126,6.695427
25.9500,agent,agent_05,4.944869,5.104164
25.9500,agent,agent_06,4.037211,4.029586
25.9500,agent,agent_07,3.226978,6.778204
25.9500,agent,agent_08,4.548738,5.624048
25.9500,agent,agent_09,2.690922,4.737817
25.9500,agent,agent_10,3.889307,6.090490
25.9500,agent,agent_11,2.790968,5.762039
25.9500,agent,agent_12,3.130182,4.052557
25.9500,agent,agent_13,4.752947,4.495321
25.9500,agent,agent_14,2.798219,6.346522
25.9500,agent,agent_15,3.702068,4.669713
25.9500,cargo,cargo_0,3.650995,5.481052
26.0000,agent,agent_00,4.258925,4.603497
26.0000,agent,agent_01,3.241891,4.658677
26.0000,agent,agent_02,3.939347,5.614590
26.0000,agent,agent_03,2.793939,5.217151
26.0000,agent,agent_04,3.814364,6.695462
26.0000,agent,agent_05,4.944514,5.104492
26.0000,agent,agent_06,4.037030,4.031035
26.0000,agent,agent_07,3.226011,6.777991
26.0000,agent,agent_08,4.548486,5.623615
26.0000,agent,agent_09,2.683778,4.737906
26.0000,agent,agent_10,3.889291,6.091123
26.0000,agent,agent_11,2.790505,5.762413
26.0000,agent,agent_12,3.133064,4.053861
26.0000,agent,agent_13,4.752581,4.498620
26.0000,agent,agent_14,2.798374,6.346929
26.0000,agent,agent_15,3.702144,4.669721
26.0000,cargo,cargo_0,3.650995,5.481052
26.0500,agent,agent_00,4.258612,4.603924
26.0500,agent,agent_01,3.242314,4.658648
26.0500,agent,agent_02,3.939053,5.615771
26.0500,agent,agent_03,2.794045,5.217677
26.0500,agent,agent_04,3.814322,6.695489
26.0500,agent,agent_05,4.944696,5.105359
26.0500,agent,agent_06,4.037060,4.034357
26.0500,agent,agent_07,3.225041,6.777731
26.0500,agent,agent_08,4.548336,5.623558
26.0500,agent,agent_09,2.683868,4.738592
26.0500,agent,agent_10,3.889293,6.091697
26.0500,agent,agent_11,2.790520,5.762864
26.0500,agent,agent_12,3.135769,4.053900
26.0500,agent,agent_13,4.752159,4.501543
26.0500,agent,agent_14,2.798936,6.346966
26.0500,agent,agent_15,3.702202,4.669725
26.0500,cargo,cargo_0,3.650995,5.481052
26.1000,agent,agent_00,4.258246,4.603849
26.1000,agent,agent_01,3.242857,4.658679
26.1000,agent,agent_02,3.938939,5.615868
26.1000,agent,agent_03,2.794091,5.218182
26.1000,agent,agent_04,3.814477,6.695483
26.1000,agent,agent_05,4.944342,5.106532
26.1000,agent,agent_06,4.036846,4.035646
26.1000,agent,agent_07,3.223733,6.777581
26.1000,agent,agent_08,4.548128,5.623188
26.1000,agent,agent_09,2.680774,4.738657
26.1000,agent,agent_10,3.889304,6.092272
26.1000,agent,agent_11,2.790611,5.763321
26.1000,agent,agent_12,3.138507,4.054736
26.1000,agent,agent_13,4.751636,4.504384
26.1000,agent,agent_14,2.799176,6.347116
26.1000,agent,agent_15,3.702395,4.669733
26.1000,cargo,cargo_0,3.650995,5.481052
26.1500,agent,agent_00,4.257970,4.603398
26.1500,agent,agent_01,3.242765,4.661928
26.1500,agent,agent_02,3.938752,5.615486
26.1500,agent,agent_03,2.794523,5.218702
26.1500,agent,agent_04,3.814647,6.695859
26.1500,agent,agent_05,4.944527,5.107887
26.1500,agent,agent_06,4.037370,4.037057
26.1500,agent,agent_07,3.223266,6.777306
26.1500,agent,agent_08,4.547915,5.622818
26.1500,agent,agent_09,2.670237,4.738120
26.1500,agent,agent_10,3.889303,6.092874
26.1500,agent,agent_11,2.790603,5.763793
26.1500,agent,agent_12,3.140964,4.057235
26.1500,agent,agent_13,4.751032,4.507091
26.1500,agent,agent_14,2.799490,6.347383
26.1500,agent,agent_15,3.703101,4.669622
26.1500,cargo,cargo_0,3.650995,5.481052
26.2000,agent,agent_00,4.257665,4.603870
26.2000,agent,agent_01,3.242866,4.666794
26.2000,agent,agent_02,3.938542,5.615759
26.2000,agent,agent_03,2.794797,5.219195
26.2000,agent,agent_04,3.814781,6.696147
26.2000,agent,agent_05,4.944364,5.109058
26.2000,agent,agent_06,4.037975,4.037968
26.2000,agent,agent_07,3.222988,6.776927
26.2000,agent,agent_08,4.547308,5.622669
26.2000,agent,agent_09,2.659722,4.737409
26.2000,agent,agent_10,3.889688,6.093280
26.2000,agent,agent_11,2.790649,5.764211
26.2000,agent,agent_12,3.143213,4.059023
26.2000,agent,agent_13,4.750223,4.509639
26.2000,agent,agent_14,2.799447,6.347717
26.2000,agent,agent_15,3.703298,4.669652
26.2000,cargo,cargo_0,3.650997,5.481241
26.2500,agent,agent_00,4.257521,4.604296
26.2500,agent,agent_01,3.242864,4.666794
26.2500,agent,agent_02,3.938446,5.616288
26.2500,agent,agent_03,2.794951,5.219310
26.2500,agent,agent_04,3.815540,6.696655
26.2500,agent,agent_05,4.944233,5.109871
26.2500,agent,agent_06,4.039229,4.041107
26.2500,agent,agent_07,3.222621,6.776626
26.2500,agent,agent_08,4.546851,5.622306
26.2500,agent,agent_09,2.662226,4.739247
26.2500,agent,agent_10,3.890363,6.093660
26.2500,agent,agent_11,2.790515,5.764974
26.2500,agent,agent_12,3.145200,4.062786
26.2500,agent,agent_13,4.749386,4.512082
26.2500,agent,agent_14,2.798336,6.347635
26.2500,agent,agent_15,3.703569,4.669682
26.2500,cargo,cargo_0,3.650998,5.481278
26.3000,agent,agent_00,4.257239,4.604368
26.3000,agent,agent_01,3.242936,4.666796
26.3000,agent,agent_02,3.938279,5.616267
26.3000,agent,agent_03,2.795234,5.219786
26.3000,agent,agent_04,3.817278,6.697303
26.3000,agent,agent_05,4.944344,5.110684
26.3000,agent,agent_06,4.039605,4.042512
26.3000,agent,agent_07,3.222294,6.776280
26.3000,agent,agent_08,4.546011,5.622047
26.3000,agent,agent_09,2.664935,4.740678
26.3000,agent,agent_10,3.890791,6.094035
26.3000,agent,agent_11,2.790593,5.765313
26.3000,agent,agent_12,3.147002,4.064773
26.3000,agent,agent_13,4.748521,4.514419
26.3000,agent,agent_14,2.797395,6.348280
26.3000,agent,agent_15,3.703940,4.669694
26.3000,cargo,cargo_0,3.650998,5.481278
26.3500,agent,agent_00,4.257128,4.603610
26.3500,agent,agent_01,3.243097,4.666787
26.3500,agent,agent_02,3.938106,5.616058
26.3500,agent,agent_03,2.794790,5.220340
26.3500,agent,agent_04,3.816947,6.697499
26.3500,agent,agent_05,4.944207,5.111302
26.3500,agent,agent_06,4.039732,4.045257
26.3500,agent,agent_07,3.221949,6.776049
26.3500,agent,agent_08,4.545335,5.621765
26.3500,agent,agent_09,2.667568,4.742296
26.3500,agent,agent_10,3.891031,6.094407
26.3500,agent,agent_11,2.790756,5.765467
26.3500,agent,agent_12,3.147825,4.064412
26.3500,agent,agent_13,4.747481,4.516783
26.3500,agent,agent_14,2.797221,6.348808
26.3500,agent,agent_15,3.704232,4.669706
26.3500,cargo,cargo_0,3.650998,5.481278
26.4000,agent,agent_00,4.256997,4.603851
26.4000,agent,agent_01,3.243004,4.666789
26.4000,agent,agent_02,3.937998,5.615468
26.4000,agent,agent_03,2.794329,5.220965
26.4000,agent,agent_04,3.816226,6.697874
26.4000,agent,agent_05,4.944219,5.111891
26.4000,agent,agent_06,4.040077,4.046817
26.4000,agent,agent_07,3.221781,6.775725
26.4000,agent,agent_08,4.544745,5.621565
26.4000,agent,agent_09,2.670113,4.743701
26.4000,agent,agent_10,3.891289,6.094798
26.4000,agent,agent_11,2.790957,5.765497
26.4000,agent,agent_12,3.148758,4.065947
26.4000,agent,agent_13,4.746660,4.519065
26.4000,agent,agent_14,2.796829,6.349659
26.4000,agent,agent_15,3.704497,4.669693
26.4000,cargo,cargo_0,3.650998,5.481278
26.4500,agent,agent_00,4.256596,4.603980
26.4500,agent,agent_01,3.243068,4.666791
26.4500,agent,agent_02,3.937788,5.615296
26.4500,agent,agent_03,2.794507,5.221507
26.4500,agent,agent_04,3.814717,6.697537
26.4500,agent,agent_05,4.944455,5.112722
26.4500,agent,agent_06,4.040166,4.044896
26.4500,agent,agent_07,3.221120,6.775468
26.4500,agent,agent_08,4.544220,5.621291
26.4500,agent,agent_09,2.672751,4.744894
26.4500,agent,agent_10,3.891385,6.095196
26.4500,agent,agent_11,2.791109,5.765561
26.4500,agent,agent_12,3.149940,4.070059
26.4500,agent,agent_13,4.745750,4.521293
26.4500,agent,agent_14,2.796918,6.350365
26.4500,agent,agent_15,3.704907,4.669647
26.4500,cargo,cargo_0,3.650998,5.481278
26.5000,agent,agent_00,4.256445,4.603974
26.5000,agent,agent_01,3.243161,4.666798
26.5000,agent,agent_02,3.937569,5.614975
26.5000,agent,agent_03,2.794205,5.222061
26.5000,agent,agent_04,3.813786,6.697640
26.5000,agent,agent_05,4.944895,5.113463
26.5000,agent,agent_06,4.040255,4.045722
26.5000,agent,agent_07,3.220248,6.775341
26.5000,agent,agent_08,4.543854,5.621061
26.5000,agent,agent_09,2.675274,4.746217
26.5000,agent,agent_10,3.891523,6.095595
26.5000,agent,agent_11,2.791179,5.765898
26.5000,agent,agent_12,3.151209,4.071576
26.5000,agent,agent_13,4.744877,4.523505
26.5000,agent,agent_14,2.796584,6.350882
26.5000,agent,agent_15,3.705146,4.669847
26.5000,cargo,cargo_0,3.650998,5.481278
26.5500,agent,agent_00,4.256508,4.604075
26.5500,agent,agent_01,3.243426,4.666811
26.5500,agent,agent_02,3.937278,5.615236
26.5500,agent,agent_03,2.793695,5.222651
26.5500,agent,agent_04,3.812610,6.697876
26.5500,agent,agent_05,4.945177,5.114207
26.5500,agent,agent_06,4.040212,4.046432
26.5500,agent,agent_07,3.219611,6.774945
26.5500,agent,agent_08,4.543665,5.620948
26.5500,agent,agent_09,2.677748,4.747399
26.5500,agent,agent_10,3.891573,6.096011
26.5500,agent,agent_11,2.791278,5.766117
26.5500,agent,agent_12,3.152685,4.071941
26.5500,agent,agent_13,4.744121,4.525643
26.5500,agent,agent_14,2.796759,6.351375
26.5500,agent,agent_15,3.705149,4.669920
26.5500,cargo,cargo_0,3.650998,5.481278
26.6000,agent,agent_00,4.256595,4.604066
26.6000,agent,agent_01,3.243895,4.666818
26.6000,agent,agent_02,3.937113,5.615346
26.6000,agent,agent_03,2.793965,5.223219
26.6000,agent,agent_04,3.811516,6.698018
26.6000,agent,agent_05,4.944961,5.115273
26.6000,agent,agent_06,4.040473,4.048754
26.6000,agent,agent_07,3.219264,6.774650
26.6000,agent,agent_08,4.543410,5.620605
26.6000,agent,agent_09,2.679781,4.748269
26.6000,agent,agent_10,3.891686,6.096391
26.6000,agent,agent_11,2.791365,5.766430
26.6000,agent,agent_12,3.154557,4.071089
26.6000,agent,agent_13,4.743560,4.527812
26.6000,agent,agent_14,2.796105,6.352279
26.6000,agent,agent_15,3.705237,4.669913
26.6000,cargo,cargo_0,3.650998,5.481278
26.6500,agent,agent_00,4.256740,4.604279
26.6500,agent,agent_01,3.244150,4.659644
26.6500,agent,agent_02,3.936958,5.615279
26.6500,agent,agent_03,2.794356,5.223777
26.6500,agent,agent_04,3.810013,6.698180
26.6500,agent,agent_05,4.945067,5.116156
26.6500,agent,agent_06,4.040442,4.049850
26.6500,agent,agent_07,3.219234,6.774358
26.6500,agent,agent_08,4.543221,5.620374
26.6500,agent,agent_09,2.681780,4.749065
26.6500,agent,agent_10,3.891709,6.096775
26.6500,agent,agent_11,2.791082,5.766752
26.6500,agent,agent_12,3.156017,4.074488
26.6500,agent,agent_13,4.743246,4.529957
26.6500,agent,agent_14,2.796094,6.352675
26.6500,agent,agent_15,3.705241,4.669913
26.6500,cargo,cargo_0,3.650998,5.481278
26.7000,agent,agent_00,4.256524,4.604035
26.7000,agent,agent_01,3.244362,4.660043
26.7000,agent,agent_02,3.936828,5.615067
26.7000,agent,agent_03,2.794741,5.224363
26.7000,agent,agent_04,3.808542,6.698472
26.7000,agent,agent_05,4.945139,5.116806
26.7000,agent,agent_06,4.040456,4.050608
26.7000,agent,agent_07,3.219114,6.773962
26.7000,agent,agent_08,4.543335,5.620091
26.7000,agent,agent_09,2.684173,4.749793
26.7000,agent,agent_10,3.891818,6.097233
26.7000,agent,agent_11,2.790855,5.767227
26.7000,agent,agent_12,3.157133,4.076290
26.7000,agent,agent_13,4.743015,4.532234
26.7000,agent,agent_14,2.796138,6.352832
26.7000,agent,agent_15,3.705569,4.669874
26.7000,cargo,cargo_0,3.650998,5.481278
26.7500,agent,agent_00,4.256347,4.604155
26.7500,agent,agent_01,3.244575,4.662817
26.7500,agent,agent_02,3.936686,5.615440
26.7500,agent,agent_03,2.794634,5.224928
26.7500,agent,agent_04,3.807601,6.699114
26.7500,agent,agent_05,4.945420,5.117340
26.7500,agent,agent_06,4.040227,4.048931
26.7500,agent,agent_07,3.218596,6.773609
26.7500,agent,agent_08,4.543268,5.620142
26.7500,agent,agent_09,2.681915,4.750171
26.7500,agent,agent_10,3.891849,6.097628
26.7500,agent,agent_11,2.790982,5.767418
26.7500,agent,agent_12,3.158284,4.080802
26.7500,agent,agent_13,4.742706,4.534292
26.7500,agent,agent_14,2.795826,6.353489
26.7500,agent,agent_15,3.705674,4.669860
26.7500,cargo,cargo_0,3.650998,5.481278
26.8000,agent,agent_00,4.256429,4.604712
26.8000,agent,agent_01,3.245011,4.662807
26.8000,agent,agent_02,3.936367,5.615520
26.8000,agent,agent_03,2.793844,5.225250
26.8000,agent,agent_04,3.806895,6.699776
26.8000,agent,agent_05,4.945652,5.117740
26.8000,agent,agent_06,4.039955,4.048017
26.8000,agent,agent_07,3.218593,6.773365
26.8000,agent,agent_08,4.542844,5.619877
26.8000,agent,agent_09,2.683770,4.751238
26.8000,agent,agent_10,3.891775,6.098010
26.8000,agent,agent_11,2.790894,5.768036
26.8000,agent,agent_12,3.159709,4.082475
26.8000,agent,agent_13,4.742459,4.536481
26.8000,agent,agent_14,2.795412,6.353629
26.8000,agent,agent_15,3.705503,4.670546
26.8000,cargo,cargo_0,3.650998,5.481278
26.8500,agent,agent_00,4.256445,4.604863
26.8500,agent,agent_01,3.244663,4.666219
26.8500,agent,agent_02,3.936356,5.615622
26.8500,agent,agent_03,2.793611,5.225743
26.8500,agent,agent_04,3.806091,6.700739
26.8500,agent,agent_05,4.945763,5.118444
26.8500,agent,agent_06,4.039758,4.049460
26.8500,agent,agent_07,3.218521,6.773230
26.8500,agent,agent_08,4.542371,5.619826
26.8500,agent,agent_09,2.684608,4.752247
26.8500,agent,agent_10,3.891814,6.098358
26.8500,agent,agent_11,2.791060,5.768193
26.8500,agent,agent_12,3.161322,4.084353
26.8500,agent,agent_13,4.742573,4.538604
26.8500,agent,agent_14,2.795325,6.353947
26.8500,agent,agent_15,3.705587,4.670541
26.8500,cargo,cargo_0,3.650997,5.481324
26.9000,agent,agent_00,4.256428,4.604316
26.9000,agent,agent_01,3.244775,4.668308
26.9000,agent,agent_02,3.936341,5.615572
26.9000,agent,agent_03,2.793700,5.226322
26.9000,agent,agent_04,3.805265,6.702510
26.9000,agent,agent_05,4.946022,5.119733
26.9000,agent,agent_06,4.039512,4.048347
26.9000,agent,agent_07,3.218565,6.773063
26.9000,agent,agent_08,4.541712,5.619341
26.9000,agent,agent_09,2.674289,4.750282
26.9000,agent,agent_10,3.891829,6.098710
26.9000,agent,agent_11,2.790615,5.768333
26.9000,agent,agent_12,3.162582,4.085650
26.9000,agent,agent_13,4.744242,4.528234
26.9000,agent,agent_14,2.795522,6.354044
26.9000,agent,agent_15,3.705713,4.670546
26.9000,cargo,cargo_0,3.651000,5.481650
26.9500,agent,agent_00,4.256710,4.604542
26.9500,agent,agent_01,3.244652,4.657808
26.9500,agent,agent_02,3.936322,5.615348
26.9500,agent,agent_03,2.793885,5.226980
26.9500,agent,agent_04,3.804400,6.704143
26.9500,agent,agent_05,4.946252,5.120922
26.9500,agent,agent_06,4.039470,4.050935
26.9500,agent,agent_07,3.218768,6.773156
26.9500,agent,agent_08,4.541287,5.619500
26.9500,agent,agent_09,2.675524,4.750819
26.9500,agent,agent_10,3.891881,6.099018
26.9500,agent,agent_11,2.790319,5.768468
26.9500,agent,agent_12,3.163071,4.086805
26.9500,agent,agent_13,4.743996,4.530387
26.9500,agent,agent_14,2.795564,6.354271
26.9500,agent,agent_15,3.705949,4.670542
26.9500,cargo,cargo_0,3.651000,5.481650
27.0000,agent,agent_00,4.256539,4.604823
27.0000,agent,agent_01,3.244416,4.661713
27.0000,agent,agent_02,3.936310,5.616074
27.0000,agent,agent_03,2.793772,5.227386
27.0000,agent,agent_04,3.803485,6.706072
27.0000,agent,agent_05,4.946440,5.122163
27.0000,agent,agent_06,4.039090,4.051801
27.0000,agent,agent_07,3.218606,6.773171
27.0000,agent,agent_08,4.540742,5.619313
27.0000,agent,agent_09,2.673811,4.751070
27.0000,agent,agent_10,3.891876,6.099383
27.0000,agent,agent_11,2.789556,5.768875
27.0000,agent,agent_12,3.164407,4.090237
27.0000,agent,agent_13,4.743810,4.532540
27.0000,agent,agent_14,2.795679,6.354416
27.0000,agent,agent_15,3.705899,4.670543
27.0000,cargo,cargo_0,3.651000,5.481650
27.0500,agent,agent_00,4.256459,4.604844
27.0500,agent,agent_01,3.244421,4.664309
27.0500,agent,agent_02,3.936388,5.616145
27.0500,agent,agent_03,2.793428,5.227981
27.0500,agent,agent_04,3.803380,6.707938
27.0500,agent,agent_05,4.946676,5.123716
27.0500,agent,agent_06,4.039133,4.053908
27.0500,agent,agent_07,3.218417,6.773441
27.0500,agent,agent_08,4.540076,5.618998
27.0500,agent,agent_09,2.676105,4.752468
27.0500,agent,agent_10,3.891977,6.099702
27.0500,agent,agent_11,2.789465,5.769288
27.0500,agent,agent_12,3.165968,4.097443
27.0500,agent,agent_13,4.743788,4.534635
27.0500,agent,agent_14,2.795961,6.354324
27.0500,agent,agent_15,3.705690,4.670519
27.0500,cargo,cargo_0,3.651000,5.481650
27.1000,agent,agent_00,4.256348,4.604792
27.1000,agent,agent_01,3.244519,4.664311
27.1000,agent,agent_02,3.936373,5.615802
27.1000,agent,agent_03,2.793629,5.228701
27.1000,agent,agent_04,3.802795,6.708689
27.1000,agent,agent_05,4.946908,5.125017
27.1000,agent,agent_06,4.039162,4.055298
27.1000,agent,agent_07,3.217914,6.773652
27.1000,agent,agent_08,4.539498,5.618811
27.1000,agent,agent_09,2.674227,4.752944
27.1000,agent,agent_10,3.892173,6.100088
27.1000,agent,agent_11,2.789262,5.769608
27.1000,agent,agent_12,3.167838,4.104195
27.1000,agent,agent_13,4.743880,4.536658
27.1000,agent,agent_14,2.796088,6.354288
27.1000,agent,agent_15,3.705473,4.670505
27.1000,cargo,cargo_0,3.651000,5.481650
27.1500,agent,agent_00,4.256175,4.604360
27.1500,agent,agent_01,3.244715,4.664308
27.1500,agent,agent_02,3.936413,5.615273
27.1500,agent,agent_03,2.793303,5.229426
27.1500,agent,agent_04,3.802165,6.709866
27.1500,agent,agent_05,4.947192,5.126270
27.1500,agent,agent_06,4.038891,4.058052
27.1500,agent,agent_07,3.217832,6.773676
27.1500,agent,agent_08,4.538960,5.618815
27.1500,agent,agent_09,2.676728,4.753932
27.1500,agent,agent_10,3.892195,6.100564
27.1500,agent,agent_11,2.789291,5.769692
27.1500,agent,agent_12,3.169577,4.110976
27.1500,agent,agent_13,4.744052,4.538596
27.1500,agent,agent_14,2.795766,6.354348
27.1500,agent,agent_15,3.705635,4.670503
27.1500,cargo,cargo_0,3.651000,5.481650
27.2000,agent,agent_00,4.256147,4.604268
27.2000,agent,agent_01,3.244972,4.668506
27.2000,agent,agent_02,3.936470,5.615428
27.2000,agent,agent_03,2.793527,5.230019
27.2000,agent,agent_04,3.801148,6.710538
27.2000,agent,agent_05,4.947516,5.127814
27.2000,agent,agent_06,4.038677,4.060661
27.2000,agent,agent_07,3.217975,6.773520
27.2000,agent,agent_08,4.538413,5.618690
27.2000,agent,agent_09,2.679193,4.754703
27.2000,agent,agent_10,3.892630,6.100919
27.2000,agent,agent_11,2.789398,5.769757
27.2000,agent,agent_12,3.171313,4.117719
27.2000,agent,agent_13,4.744144,4.540634
27.2000,agent,agent_14,2.795462,6.354798
27.2000,agent,agent_15,3.705522,4.670504
27.2000,cargo,cargo_0,3.651003,5.482009
27.2500,agent,agent_00,4.255916,4.604273
27.2500,agent,agent_01,3.245352,4.657403
27.2500,agent,agent_02,3.936384,5.615514
27.2500,agent,agent_03,2.794084,5.230556
27.2500,agent,agent_04,3.800086,6.711007
27.2500,agent,agent_05,4.947815,5.129086
27.2500,agent,agent_06,4.038016,4.062243
27.2500,agent,agent_07,3.218093,6.773374
27.2500,agent,agent_08,4.538009,5.618823
27.2500,agent,agent_09,2.681625,4.755311
27.2500,agent,agent_10,3.892896,6.101229
27.2500,agent,agent_11,2.789563,5.769888
27.2500,agent,agent_12,3.173094,4.124456
27.2500,agent,agent_13,4.744319,4.542836
27.2500,agent,agent_14,2.795164,6.355181
27.2500,agent,agent_15,3.705556,4.658361
27.2500,cargo,cargo_0,3.651003,5.482009
27.3000,agent,agent_00,4.255780,4.604266
27.3000,agent,agent_01,3.245496,4.657862
27.3000,agent,agent_02,3.936187,5.616196
27.3000,agent,agent_03,2.794685,5.230893
27.3000,agent,agent_04,3.798883,6.711174
27.3000,agent,agent_05,4.948161,5.130383
27.3000,agent,agent_06,4.037399,4.069740
27.3000,agent,agent_07,3.218451,6.773218
27.3000,agent,agent_08,4.537660,5.619091
27.3000,agent,agent_09,2.684020,4.755780
27.3000,agent,agent_10,3.893093,6.101586
27.3000,agent,agent_11,2.789599,5.770068
27.3000,agent,agent_12,3.175748,4.130637
27.3000,agent,agent_13,4.744210,4.544978
27.3000,agent,agent_14,2.794987,6.355280
27.3000,agent,agent_15,3.706386,4.665234
27.3000,cargo,cargo_0,3.651003,5.482009
27.3500,agent,agent_00,4.255758,4.604427
27.3500,agent,agent_01,3.245674,4.658043
27.3500,agent,agent_02,3.936185,5.616172
27.3500,agent,agent_03,2.794365,5.231361
27.3500,agent,agent_04,3.797592,6.711099
27.3500,agent,agent_05,4.948411,5.131502
27.3500,agent,agent_06,4.036579,4.076657
27.3500,agent,agent_07,3.218803,6.773008
27.3500,agent,agent_08,4.537224,5.619374
27.3500,agent,agent_09,2.686395,4.756344
27.3500,agent,agent_10,3.893292,6.101921
27.3500,agent,agent_11,2.789720,5.770227
27.3500,agent,agent_12,3.178094,4.136802
27.3500,agent,agent_13,4.744061,4.547048
27.3500,agent,agent_14,2.794655,6.355300
27.3500,agent,agent_15,3.706600,4.669005
27.3500,cargo,cargo_0,3.651003,5.482009
27.4000,agent,agent_00,4.255733,4.604656
27.4000,agent,agent_01,3.245874,4.662529
27.4000,agent,agent_02,3.936109,5.616838
27.4000,agent,agent_03,2.793940,5.231929
27.4000,agent,agent_04,3.796558,6.711452
27.4000,agent,agent_05,4.948758,5.132853
27.4000,agent,agent_06,4.035662,4.083622
27.4000,agent,agent_07,3.218825,6.772961
27.4000,agent,agent_08,4.536753,5.619280
27.4000,agent,agent_09,2.686600,4.756801
27.4000,agent,agent_10,3.893473,6.102285
27.4000,agent,agent_11,2.789895,5.770435
27.4000,agent,agent_12,3.181365,4.142528
27.4000,agent,agent_13,4.743819,4.548966
27.4000,agent,agent_14,2.794131,6.355458
27.4000,agent,agent_15,3.706470,4.668999
27.4000,cargo,cargo_0,3.651003,5.482009
27.4500,agent,agent_00,4.255752,4.604576
27.4500,agent,agent_01,3.245074,4.652457
27.4500,agent,agent_02,3.935917,5.616061
27.4500,agent,agent_03,2.793746,5.232098
27.4500,agent,agent_04,3.795723,6.712378
27.4500,agent,agent_05,4.949152,5.134612
27.4500,agent,agent_06,4.034734,4.090528
27.4500,agent,agent_07,3.218740,6.772691
27.4500,agent,agent_08,4.536288,5.618997
27.4500,agent,agent_09,2.688508,4.757377
27.4500,agent,agent_10,3.893558,6.102645
27.4500,agent,agent_11,2.789382,5.770547
27.4500,agent,agent_12,3.184903,4.148233
27.4500,agent,agent_13,4.743472,4.550960
27.4500,agent,agent_14,2.793639,6.356069
27.4500,agent,agent_15,3.706758,4.656995
27.4500,cargo,cargo_0,3.651003,5.482009
27.5000,agent,agent_00,4.255803,4.604971
27.5000,agent,agent_01,3.244047,4.644125
27.5000,agent,agent_02,3.935658,5.615951
27.5000,agent,agent_03,2.793680,5.232293
27.5000,agent,agent_04,3.795116,6.713062
27.5000,agent,agent_05,4.949424,5.135919
27.5000,agent,agent_06,4.034703,4.097241
27.5000,agent,agent_07,3.218704,6.772695
27.5000,agent,agent_08,4.535586,5.618795
27.5000,agent,agent_09,2.678048,4.756357
27.5000,agent,agent_10,3.893628,6.103008
27.5000,agent,agent_11,2.789533,5.770696
27.5000,agent,agent_12,3.188461,4.153934
27.5000,agent,agent_13,4.743056,4.552897
27.5000,agent,agent_14,2.793617,6.356376
27.5000,agent,agent_15,3.706921,4.647382
27.5000,cargo,cargo_0,3.651003,5.482009
27.5500,agent,agent_00,4.256030,4.605379
27.5500,agent,agent_01,3.243352,4.637894
27.5500,agent,agent_02,3.935435,5.615685
27.5500,agent,agent_03,2.793647,5.232395
27.5500,agent,agent_04,3.793883,6.713430
27.5500,agent,agent_05,4.949567,5.136679
27.5500,agent,agent_06,4.034172,4.103778
27.5500,agent,agent_07,3.218964,6.772765
27.5500,agent,agent_08,4.534779,5.618550
27.5500,agent,agent_09,2.680535,4.757000
27.5500,agent,agent_10,3.893741,6.103409
27.5500,agent,agent_11,2.789377,5.770953
27.5500,agent,agent_12,3.190099,4.159275
27.5500,agent,agent_13,4.742814,4.554949
27.5500,agent,agent_14,2.793388,6.356373
27.5500,agent,agent_15,3.707148,4.639001
27.5500,cargo,cargo_0,3.651003,5.482009
27.6000,agent,agent_00,4.256288,4.605959
27.6000,agent,agent_01,3.243606,4.640448
27.6000,agent,agent_02,3.935181,5.615071
27.6000,agent,agent_03,2.793693,5.232535
27.6000,agent,agent_04,3.792438,6.713341
27.6000,agent,agent_05,4.949671,5.137262
27.6000,agent,agent_06,4.034125,4.109564
27.6000,agent,agent_07,3.218908,6.772941
27.6000,agent,agent_08,4.534069,5.619539
27.6000,agent,agent_09,2.672055,4.755923
27.6000,agent,agent_10,3.893863,6.103807
27.6000,agent,agent_11,2.789571,5.771167
27.6000,agent,agent_12,3.200332,4.173471
27.6000,agent,agent_13,4.742924,4.556998
27.6000,agent,agent_14,2.793106,6.356339
27.6000,agent,agent_15,3.706672,4.632525
27.6000,cargo,cargo_0,3.651003,5.482009
27.6500,agent,agent_00,4.256711,4.604659
27.6500,agent,agent_01,3.243507,4.641380
27.6500,agent,agent_02,3.934944,5.615567
27.6500,agent,agent_03,2.793317,5.232941
27.6500,agent,agent_04,3.791502,6.714238
27.6500,agent,agent_05,4.949771,5.137619
27.6500,agent,agent_06,4.034168,4.115272
27.6500,agent,agent_07,3.218559,6.772762
27.6500,agent,agent_08,4.533385,5.620228
27.6500,agent,agent_09,2.674694,4.756586
27.6500,agent,agent_10,3.894016,6.104187
27.6500,agent,agent_11,2.789887,5.771096
27.6500,agent,agent_12,3.210566,4.187667
27.6500,agent,agent_13,4.743065,4.558879
27.6500,agent,agent_14,2.793320,6.356711
27.6500,agent,agent_15,3.706219,4.627159
27.6500,cargo,cargo_0,3.651003,5.482009
27.7000,agent,agent_00,4.257000,4.603893
27.7000,agent,agent_01,3.243294,4.645082
27.7000,agent,agent_02,3.934850,5.615823
27.7000,agent,agent_03,2.793189,5.233230
27.7000,agent,agent_04,3.790627,6.715122
27.7000,agent,agent_05,4.949936,5.138316
27.7000,agent,agent_06,4.034390,4.120932
27.7000,agent,agent_07,3.218592,6.772686
27.7000,agent,agent_08,4.532844,5.620647
27.7000,agent,agent_09,2.677143,4.757522
27.7000,agent,agent_10,3.894181,6.104595
27.7000,agent,agent_11,2.789808,5.771293
27.7000,agent,agent_12,3.220799,4.201863
27.7000,agent,agent_13,4.743206,4.560578
27.7000,agent,agent_14,2.793096,6.356800
27.7000,agent,agent_15,3.705568,4.622355
27.7000,cargo,cargo_0,3.651003,5.482009
27.7500,agent,agent_00,4.257127,4.603468
27.7500,agent,agent_01,3.243654,4.638621
27.7500,agent,agent_02,3.934653,5.616086
27.7500,agent,agent_03,2.793328,5.233540
27.7500,agent,agent_04,3.789996,6.716552
27.7500,agent,agent_05,4.950225,5.139101
27.7500,agent,agent_06,4.034298,4.126651
27.7500,agent,agent_07,3.218727,6.772606
27.7500,agent,agent_08,4.532280,5.620398
27.7500,agent,agent_09,2.679557,4.758546
27.7500,agent,agent_10,3.894354,6.104976
27.7500,agent,agent_11,2.789726,5.771262
27.7500,agent,agent_12,3.231032,4.216059
27.7500,agent,agent_13,4.743443,4.562822
27.7500,agent,agent_14,2.792888,6.357171
27.7500,agent,agent_15,3.705249,4.618196
27.7500,cargo,cargo_0,3.651003,5.482009
27.8000,agent,agent_00,4.257504,4.603312
27.8000,agent,agent_01,3.243891,4.642961
27.8000,agent,agent_02,3.934441,5.615496
27.8000,agent,agent_03,2.793208,5.233871
27.8000,agent,agent_04,3.789293,6.717937
27.8000,agent,agent_05,4.950371,5.139777
27.8000,agent,agent_06,4.033986,4.132389
27.8000,agent,agent_07,3.218705,6.772600
27.8000,agent,agent_08,4.531534,5.620116
27.8000,agent,agent_09,2.681724,4.759798
27.8000,agent,agent_10,3.894560,6.105414
27.8000,agent,agent_11,2.790007,5.771385
27.8000,agent,agent_12,3.241266,4.230255
27.8000,agent,agent_13,4.743557,4.565106
27.8000,agent,agent_14,2.793007,6.357472
27.8000,agent,agent_15,3.704845,4.615054
27.8000,cargo,cargo_0,3.651003,5.482009
27.8500,agent,agent_00,4.257795,4.603454
27.8500,agent,agent_01,3.243611,4.649915
27.8500,agent,agent_02,3.934249,5.615716
27.8500,agent,agent_03,2.792943,5.234348
27.8500,agent,agent_04,3.788733,6.719482
27.8500,agent,agent_05,4.950485,5.140540
27.8500,agent,agent_06,4.034409,4.137843
27.8500,agent,agent_07,3.218796,6.772590
27.8500,agent,agent_08,4.530820,5.619904
27.8500,agent,agent_09,2.684002,4.760771
27.8500,agent,agent_10,3.894767,6.105842
27.8500,agent,agent_11,2.789938,5.771179
27.8500,agent,agent_12,3.251499,4.244452
27.8500,agent,agent_13,4.743613,4.567131
27.8500,agent,agent_14,2.792941,6.358056
27.8500,agent,agent_15,3.704610,4.612750
27.8500,cargo,cargo_0,3.651003,5.482009
27.9000,agent,agent_00,4.258269,4.603313
27.9000,agent,agent_01,3.244103,4.643508
27.9000,agent,agent_02,3.933903,5.616748
27.9000,agent,agent_03,2.793199,5.234916
27.9000,agent,agent_04,3.788024,6.719738
27.9000,agent,agent_05,4.950504,5.141374
27.9000,agent,agent_06,4.034707,4.143213
27.9000,agent,agent_07,3.218971,6.772556
27.9000,agent,agent_08,4.530131,5.619895
27.9000,agent,agent_09,2.686216,4.761691
27.9000,agent,agent_10,3.894860,6.106288
27.9000,agent,agent_11,2.789771,5.771077
27.9000,agent,agent_12,3.261732,4.258648
27.9000,agent,agent_13,4.743520,4.569126
27.9000,agent,agent_14,2.792946,6.358367
27.9000,agent,agent_15,3.704773,4.611290
27.9000,cargo,cargo_0,3.651003,5.482009
27.9500,agent,agent_00,4.258698,4.603282
27.9500,agent,agent_01,3.243616,4.646969
27.9500,agent,agent_02,3.933702,5.617294
27.9500,agent,agent_03,2.793108,5.235333
27.9500,agent,agent_04,3.787443,6.720215
27.9500,agent,agent_05,4.950502,5.141980
27.9500,agent,agent_06,4.035043,4.148522
27.9500,agent,agent_07,3.219023,6.772463
27.9500,agent,agent_08,4.529501,5.620352
27.9500,agent,agent_09,2.688396,4.762636
27.9500,agent,agent_10,3.894929,6.106751
27.9500,agent,agent_11,2.789753,5.771410
27.9500,agent,agent_12,3.271969,4.272763
27.9500,agent,agent_13,4.743395,4.570999
27.9500,agent,agent_14,2.792606,6.358310
27.9500,agent,agent_15,3.704800,4.610219
27.9500,cargo,cargo_0,3.651003,5.482009
28.0000,agent,agent_00,4.258995,4.603418
28.0000,agent,agent_01,3.244170,4.641439
28.0000,agent,agent_02,3.933272,5.617429
28.0000,agent,agent_03,2.792917,5.235900
28.0000,agent,agent_04,3.786614,6.720567
28.0000,agent,agent_05,4.950582,5.142400
28.0000,agent,agent_06,4.035528,4.153782
28.0000,agent,agent_07,3.219110,6.772285
28.0000,agent,agent_08,4.528942,5.620790
28.0000,agent,agent_09,2.690623,4.763615
28.0000,agent,agent_10,3.894997,6.107185
28.0000,agent,agent_11,2.789951,5.771720
28.0000,agent,agent_12,3.282270,4.286057
28.0000,agent,agent_13,4.743228,4.572636
28.0000,agent,agent_14,2.792276,6.358589
28.0000,agent,agent_15,3.704719,4.609303
28.0000,cargo,cargo_0,3.651003,5.482009
28.0500,agent,agent_00,4.259294,4.603551
28.0500,agent,agent_01,3.243602,4.644330
28.0500,agent,agent_02,3.932815,5.617057
28.0500,agent,agent_03,2.793303,5.236445
28.0500,agent,agent_04,3.785690,6.720436
28.0500,agent,agent_05,4.950594,5.143066
28.0500,agent,agent_06,4.035925,4.159023
28.0500,agent,agent_07,3.219062,6.772192
28.0500,agent,agent_08,4.528387,5.620599
28.0500,agent,agent_09,2.692873,4.764406
28.0500,agent,agent_10,3.895085,6.107619
28.0500,agent,agent_11,2.790300,5.772029
28.0500,agent,agent_12,3.292779,4.297598
28.0500,agent,agent_13,4.743110,4.574218
28.0500,agent,agent_14,2.792257,6.359150
28.0500,agent,agent_15,3.704604,4.608933
28.0500,cargo,cargo_0,3.651003,5.482009
28.1000,agent,agent_00,4.259415,4.604101
28.1000,agent,agent_01,3.243592,4.646473
28.1000,agent,agent_02,3.932425,5.617008
28.1000,agent,agent_03,2.793821,5.236509
28.1000,agent,agent_04,3.784750,6.720218
28.1000,agent,agent_05,4.950700,5.143720
28.1000,agent,agent_06,4.036560,4.164332
28.1000,agent,agent_07,3.218978,6.772091
28.1000,agent,agent_08,4.527850,5.620816
28.1000,agent,agent_09,2.695004,4.765331
28.1000,agent,agent_10,3.895187,6.108052
28.1000,agent,agent_11,2.790606,5.772192
28.1000,agent,agent_12,3.303422,4.308677
28.1000,agent,agent_13,4.742993,4.575931
28.1000,agent,agent_14,2.791974,6.359931
28.1000,agent,agent_15,3.704808,4.608743
28.1000,cargo,cargo_0,3.651003,5.482009
28.1500,agent,agent_00,4.259793,4.604753
28.1500,agent,agent_01,3.243120,4.648442
28.1500,agent,agent_02,3.931827,5.617485
28.1500,agent,agent_03,2.794030,5.236725
28.1500,agent,agent_04,3.784002,6.720022
28.1500,agent,agent_05,4.950937,5.144864
28.1500,agent,agent_06,4.037575,4.169583
28.1500,agent,agent_07,3.218681,6.772160
28.1500,agent,agent_08,4.527227,5.621450
28.1500,agent,agent_09,2.697143,4.766047
28.1500,agent,agent_10,3.895318,6.108425
28.1500,agent,agent_11,2.790949,5.772316
28.1500,agent,agent_12,3.314223,4.319313
28.1500,agent,agent_13,4.742979,4.577508
28.1500,agent,agent_14,2.791827,6.360545
28.1500,agent,agent_15,3.705013,4.608804
28.1500,cargo,cargo_0,3.651003,5.482009
28.2000,agent,agent_00,4.260411,4.605553
28.2000,agent,agent_01,3.243234,4.642866
28.2000,agent,agent_02,3.931387,5.617208
28.2000,agent,agent_03,2.794240,5.237199
28.2000,agent,agent_04,3.783646,6.720529
28.2000,agent,agent_05,4.951158,5.145794
28.2000,agent,agent_06,4.037665,4.174423
28.2000,agent,agent_07,3.218317,6.772252
28.2000,agent,agent_08,4.526648,5.622973
28.2000,agent,agent_09,2.698880,4.766616
28.2000,agent,agent_10,3.895399,6.108777
28.2000,agent,agent_11,2.791345,5.772434
28.2000,agent,agent_12,3.325194,4.329654
28.2000,agent,agent_13,4.743189,4.579339
28.2000,agent,agent_14,2.791328,6.361228
28.2000,agent,agent_15,3.705375,4.607137
28.2000,cargo,cargo_0,3.651003,5.482009
28.2500,agent,agent_00,4.261017,4.605818
28.2500,agent,agent_01,3.242549,4.648483
28.2500,agent,agent_02,3.930891,5.617322
28.2500,agent,agent_03,2.793817,5.237596
28.2500,agent,agent_04,3.783543,6.721000
28.2500,agent,agent_05,4.951358,5.146678
28.2500,agent,agent_06,4.037842,4.179238
28.2500,agent,agent_07,3.218293,6.772219
28.2500,agent,agent_08,4.526179,5.623381
28.2500,agent,agent_09,2.700978,4.767099
28.2500,agent,agent_10,3.895445,6.109113
28.2500,agent,agent_11,2.791745,5.772371
28.2500,agent,agent_12,3.336576,4.338959
28.2500,agent,agent_13,4.743218,4.580904
28.2500,agent,agent_14,2.790842,6.361647
28.2500,agent,agent_15,3.705486,4.607047
28.2500,cargo,cargo_0,3.651003,5.482009
28.3000,agent,agent_00,4.261574,4.606269
28.3000,agent,agent_01,3.241332,4.642501
28.3000,agent,agent_02,3.930461,5.616614
28.3000,agent,agent_03,2.793916,5.238128
28.3000,agent,agent_04,3.783655,6.721494
28.3000,agent,agent_05,4.951621,5.147777
28.3000,agent,agent_06,4.038367,4.182982
28.3000,agent,agent_07,3.218190,6.772174
28.3000,agent,agent_08,4.525827,5.623857
28.3000,agent,agent_09,2.700613,4.767113
28.3000,agent,agent_10,3.895627,6.109476
28.3000,agent,agent_11,2.792008,5.773196
28.3000,agent,agent_12,3.347962,4.348777
28.3000,agent,agent_13,4.743236,4.582478
28.3000,agent,agent_14,2.790133,6.361360
28.3000,agent,agent_15,3.705730,4.606124
28.3000,cargo,cargo_0,3.651003,5.482009
28.3500,agent,agent_00,4.262099,4.606695
28.3500,agent,agent_01,3.240539,4.644847
28.3500,agent,agent_02,3.930012,5.616486
28.3500,agent,agent_03,2.794124,5.238733
28.3500,agent,agent_04,3.784036,6.721941
28.3500,agent,agent_05,4.951917,5.148837
28.3500,agent,agent_06,4.039073,4.186702
28.3500,agent,agent_07,3.218042,6.772108
28.3500,agent,agent_08,4.525297,5.625098
28.3500,agent,agent_09,2.702392,4.767295
28.3500,agent,agent_10,3.895662,6.109866
28.3500,agent,agent_11,2.792637,5.773741
28.3500,agent,agent_12,3.359790,4.357985
28.3500,agent,agent_13,4.743529,4.584184
28.3500,agent,agent_14,2.789934,6.361363
28.3500,agent,agent_15,3.706018,4.605987
28.3500,cargo,cargo_0,3.651003,5.482009
28.4000,agent,agent_00,4.262606,4.607032
28.4000,agent,agent_01,3.239651,4.650081
28.4000,agent,agent_02,3.929689,5.616313
28.4000,agent,agent_03,2.794096,5.239253
28.4000,agent,agent_04,3.784334,6.722211
28.4000,agent,agent_05,4.952134,5.149574
28.4000,agent,agent_06,4.039471,4.190391
28.4000,agent,agent_07,3.217787,6.772082
28.4000,agent,agent_08,4.524902,5.625793
28.4000,agent,agent_09,2.704161,4.767396
28.4000,agent,agent_10,3.895812,6.110271
28.4000,agent,agent_11,2.792348,5.773871
28.4000,agent,agent_12,3.371648,4.367649
28.4000,agent,agent_13,4.743648,4.585518
28.4000,agent,agent_14,2.789250,6.361514
28.4000,agent,agent_15,3.706530,4.605657
28.4000,cargo,cargo_0,3.651003,5.482009
28.4500,agent,agent_00,4.263084,4.606765
28.4500,agent,agent_01,3.238762,4.652189
28.4500,agent,agent_02,3.929427,5.616307
28.4500,agent,agent_03,2.793913,5.239716
28.4500,agent,agent_04,3.784564,6.722337
28.4500,agent,agent_05,4.952276,5.150016
28.4500,agent,agent_06,4.040385,4.193927
28.4500,agent,agent_07,3.217661,6.772188
28.4500,agent,agent_08,4.524505,5.625646
28.4500,agent,agent_09,2.706070,4.767114
28.4500,agent,agent_10,3.895899,6.110653
28.4500,agent,agent_11,2.792762,5.773994
28.4500,agent,agent_12,3.383333,4.378100
28.4500,agent,agent_13,4.743687,4.586822
28.4500,agent,agent_14,2.788702,6.361610
28.4500,agent,agent_15,3.706964,4.605925
28.4500,cargo,cargo_0,3.651003,5.482009
28.5000,agent,agent_00,4.263536,4.606652
28.5000,agent,agent_01,3.237478,4.646689
28.5000,agent,agent_02,3.929137,5.616955
28.5000,agent,agent_03,2.794378,5.240176
28.5000,agent,agent_04,3.783978,6.722168
28.5000,agent,agent_05,4.952366,5.150215
28.5000,agent,agent_06,4.040923,4.197593
28.5000,agent,agent_07,3.217400,6.772207
28.5000,agent,agent_08,4.524163,5.625577
28.5000,agent,agent_09,2.707596,4.767486
28.5000,agent,agent_10,3.896003,6.110989
28.5000,agent,agent_11,2.793440,5.774522
28.5000,agent,agent_12,3.394079,4.388592
28.5000,agent,agent_13,4.743900,4.588051
28.5000,agent,agent_14,2.788443,6.361809
28.5000,agent,agent_15,3.707450,4.604946
28.5000,cargo,cargo_0,3.651003,5.482009
28.5500,agent,agent_00,4.263905,4.606507
28.5500,agent,agent_01,3.236395,4.651272
28.5500,agent,agent_02,3.928735,5.616697
28.5500,agent,agent_03,2.794300,5.240910
28.5500,agent,agent_04,3.783622,6.722555
28.5500,agent,agent_05,4.952639,5.150748
28.5500,agent,agent_06,4.041776,4.201104
28.5500,agent,agent_07,3.217136,6.772125
28.5500,agent,agent_08,4.523862,5.625543
28.5500,agent,agent_09,2.709410,4.767196
28.5500,agent,agent_10,3.896045,6.111308
28.5500,agent,agent_11,2.794364,5.775526
28.5500,agent,agent_12,3.403514,4.398018
28.5500,agent,agent_13,4.743843,4.589103
28.5500,agent,agent_14,2.788084,6.361341
28.5500,agent,agent_15,3.708298,4.605455
28.5500,cargo,cargo_0,3.651003,5.482009
28.6000,agent,agent_00,4.264335,4.606337
28.6000,agent,agent_01,3.235226,4.653178
28.6000,agent,agent_02,3.928305,5.616621
28.6000,agent,agent_03,2.794440,5.241525
28.6000,agent,agent_04,3.783259,6.722903
28.6000,agent,agent_05,4.952862,5.151007
28.6000,agent,agent_06,4.042527,4.204679
28.6000,agent,agent_07,3.216904,6.772097
28.6000,agent,agent_08,4.523574,5.625492
28.6000,agent,agent_09,2.711006,4.767442
28.6000,agent,agent_10,3.896088,6.111691
28.6000,agent,agent_11,2.794954,5.776155
28.6000,agent,agent_12,3.411381,4.407256
28.6000,agent,agent_13,4.743892,4.590147
28.6000,agent,agent_14,2.783415,6.361907
28.6000,agent,agent_15,3.709285,4.606209
28.6000,cargo,cargo_0,3.651003,5.482009
28.6500,agent,agent_00,4.264918,4.606472
28.6500,agent,agent_01,3.226916,4.643228
28.6500,agent,agent_02,3.928053,5.616209
28.6500,agent,agent_03,2.794356,5.242092
28.6500,agent,agent_04,3.783192,6.723195
28.6500,agent,agent_05,4.952825,5.151291
28.6500,agent,agent_06,4.043402,4.208229
28.6500,agent,agent_07,3.216470,6.771769
28.6500,agent,agent_08,4.523086,5.625312
28.6500,agent,agent_09,2.700531,4.766633
28.6500,agent,agent_10,3.896126,6.112052
28.6500,agent,agent_11,2.795666,5.776817
28.6500,agent,agent_12,3.418078,4.416051
28.6500,agent,agent_13,4.743777,4.591198
28.6500,agent,agent_14,2.783205,6.361750
28.6500,agent,agent_15,3.710298,4.606701
28.6500,cargo,cargo_0,3.651003,5.482009
28.7000,agent,agent_00,4.265266,4.606551
28.7000,agent,agent_01,3.218624,4.633031
28.7000,agent,agent_02,3.927569,5.616387
28.7000,agent,agent_03,2.794258,5.242687
28.7000,agent,agent_04,3.783438,6.723789
28.7000,agent,agent_05,4.952815,5.151454
28.7000,agent,agent_06,4.044033,4.211804
28.7000,agent,agent_07,3.216040,6.771606
28.7000,agent,agent_08,4.522621,5.625121
28.7000,agent,agent_09,2.702093,4.767011
28.7000,agent,agent_10,3.896228,6.112448
28.7000,agent,agent_11,2.795434,5.777241
28.7000,agent,agent_12,3.423903,4.424172
28.7000,agent,agent_13,4.743008,4.589295
28.7000,agent,agent_14,2.783557,6.362234
28.7000,agent,agent_15,3.711328,4.607685
28.7000,cargo,cargo_0,3.651003,5.482009
28.7500,agent,agent_00,4.265594,4.606329
28.7500,agent,agent_01,3.214156,4.625996
28.7500,agent,agent_02,3.927311,5.616876
28.7500,agent,agent_03,2.794188,5.243223
28.7500,agent,agent_04,3.783037,6.723957
28.7500,agent,agent_05,4.952888,5.151704
28.7500,agent,agent_06,4.044759,4.215350
28.7500,agent,agent_07,3.215737,6.771367
28.7500,agent,agent_08,4.522539,5.625528
28.7500,agent,agent_09,2.703571,4.767407
28.7500,agent,agent_10,3.896267,6.112842
28.7500,agent,agent_11,2.795209,5.777876
28.7500,agent,agent_12,3.428941,4.431767
28.7500,agent,agent_13,4.743261,4.589917
28.7500,agent,agent_14,2.783744,6.362308
28.7500,agent,agent_15,3.712212,4.608482
28.7500,cargo,cargo_0,3.651003,5.482009
28.8000,agent,agent_00,4.265809,4.606673
28.8000,agent,agent_01,3.213049,4.629866
28.8000,agent,agent_02,3.926943,5.616507
28.8000,agent,agent_03,2.794463,5.243812
28.8000,agent,agent_04,3.783620,6.724367
28.8000,agent,agent_05,4.952906,5.152031
28.8000,agent,agent_06,4.045480,4.218844
28.8000,agent,agent_07,3.215008,6.771377
28.8000,agent,agent_08,4.522386,5.625411
28.8000,agent,agent_09,2.693146,4.766140
28.8000,agent,agent_10,3.896364,6.113249
28.8000,agent,agent_11,2.795383,5.778348
28.8000,agent,agent_12,3.433344,4.438744
28.8000,agent,agent_13,4.743558,4.590858
28.8000,agent,agent_14,2.783456,6.362426
28.8000,agent,agent_15,3.713180,4.609247
28.8000,cargo,cargo_0,3.651003,5.482009
28.8500,agent,agent_00,4.265723,4.607266
28.8500,agent,agent_01,3.212025,4.632687
28.8500,agent,agent_02,3.926668,5.615870
28.8500,agent,agent_03,2.794560,5.244400
28.8500,agent,agent_04,3.783610,6.723767
28.8500,agent,agent_05,4.953017,5.152156
28.8500,agent,agent_06,4.045725,4.222385
28.8500,agent,agent_07,3.214610,6.771289
28.8500,agent,agent_08,4.522213,5.625376
28.8500,agent,agent_09,2.682689,4.765105
28.8500,agent,agent_10,3.896497,6.113652
28.8500,agent,agent_11,2.795578,5.778912
28.8500,agent,agent_12,3.436972,4.445538
28.8500,agent,agent_13,4.743640,4.592006
28.8500,agent,agent_14,2.783137,6.362260
28.8500,agent,agent_15,3.714072,4.609824
28.8500,cargo,cargo_0,3.651003,5.482009
28.9000,agent,agent_00,4.265630,4.607912
28.9000,agent,agent_01,3.210346,4.640260
28.9000,agent,agent_02,3.926315,5.615831
28.9000,agent,agent_03,2.794812,5.244766
28.9000,agent,agent_04,3.783547,6.723767
28.9000,agent,agent_05,4.953317,5.152655
28.9000,agent,agent_06,4.045744,4.225974
28.9000,agent,agent_07,3.214893,6.771085
28.9000,agent,agent_08,4.522049,5.625254
28.9000,agent,agent_09,2.684446,4.765985
28.9000,agent,agent_10,3.896507,6.114038
28.9000,agent,agent_11,2.795617,5.779251
28.9000,agent,agent_12,3.439979,4.452049
28.9000,agent,agent_13,4.743721,4.593163
28.9000,agent,agent_14,2.782935,6.361979
28.9000,agent,agent_15,3.714872,4.610500
28.9000,cargo,cargo_0,3.651003,5.482009
28.9500,agent,agent_00,4.265679,4.608026
28.9500,agent,agent_01,3.209169,4.642687
28.9500,agent,agent_02,3.925768,5.616487
28.9500,agent,agent_03,2.794779,5.245047
28.9500,agent,agent_04,3.783377,6.723671
28.9500,agent,agent_05,4.953598,5.153021
28.9500,agent,agent_06,4.045983,4.229410
28.9500,agent,agent_07,3.215285,6.770766
28.9500,agent,agent_08,4.521864,5.625174
28.9500,agent,agent_09,2.686261,4.766605
28.9500,agent,agent_10,3.896625,6.114441
28.9500,agent,agent_11,2.794588,5.779694
28.9500,agent,agent_12,3.442232,4.458684
28.9500,agent,agent_13,4.743811,4.594166
28.9500,agent,agent_14,2.782816,6.361671
28.9500,agent,agent_15,3.716140,4.611136
28.9500,cargo,cargo_0,3.651003,5.482009
29.0000,agent,agent_00,4.266034,4.608200
29.0000,agent,agent_01,3.207124,4.640621
29.0000,agent,agent_02,3.925499,5.616722
29.0000,agent,agent_03,2.794810,5.245407
29.0000,agent,agent_04,3.782917,6.723275
29.0000,agent,agent_05,4.953908,5.153710
29.0000,agent,agent_06,4.046311,4.232743
29.0000,agent,agent_07,3.215219,6.770352
29.0000,agent,agent_08,4.521388,5.624873
29.0000,agent,agent_09,2.688070,4.767163
29.0000,agent,agent_10,3.896805,6.114850
29.0000,agent,agent_11,2.794316,5.780215
29.0000,agent,agent_12,3.444121,4.465062
29.0000,agent,agent_13,4.743810,4.595212
29.0000,agent,agent_14,2.782733,6.361751
29.0000,agent,agent_15,3.717405,4.611284
29.0000,cargo,cargo_0,3.651003,5.482009
29.0500,agent,agent_00,4.266251,4.608756
29.0500,agent,agent_01,3.205799,4.643492
29.0500,agent,agent_02,3.925324,5.616556
29.0500,agent,agent_03,2.794866,5.245702
29.0500,agent,agent_04,3.782216,6.722687
29.0500,agent,agent_05,4.954217,5.154408
29.0500,agent,agent_06,4.046784,4.236067
29.0500,agent,agent_07,3.215368,6.770344
29.0500,agent,agent_08,4.521060,5.624651
29.0500,agent,agent_09,2.689643,4.768266
29.0500,agent,agent_10,3.896954,6.115278
29.0500,agent,agent_11,2.794469,5.780598
29.0500,agent,agent_12,3.445796,4.470992
29.0500,agent,agent_13,4.743771,4.596136
29.0500,agent,agent_14,2.782383,6.361836
29.0500,agent,agent_15,3.718583,4.611651
29.0500,cargo,cargo_0,3.651003,5.482009
29.1000,agent,agent_00,4.266696,4.609004
29.1000,agent,agent_01,3.204540,4.647773
29.1000,agent,agent_02,3.925169,5.616215
29.1000,agent,agent_03,2.794731,5.246118
29.1000,agent,agent_04,3.781252,6.722573
29.1000,agent,agent_05,4.954495,5.154828
29.1000,agent,agent_06,4.047108,4.239375
29.1000,agent,agent_07,3.215401,6.770126
29.1000,agent,agent_08,4.520716,5.624414
29.1000,agent,agent_09,2.691192,4.769249
29.1000,agent,agent_10,3.897016,6.115691
29.1000,agent,agent_11,2.794511,5.780882
29.1000,agent,agent_12,3.447156,4.476778
29.1000,agent,agent_13,4.743770,4.597012
29.1000,agent,agent_14,2.782598,6.362044
29.1000,agent,agent_15,3.719625,4.611800
29.1000,cargo,cargo_0,3.651003,5.482009
29.1500,agent,agent_00,4.267249,4.609326
29.1500,agent,agent_01,3.201922,4.645508
29.1500,agent,agent_02,3.925069,5.616310
29.1500,agent,agent_03,2.794667,5.246558
29.1500,agent,agent_04,3.780682,6.722854
29.1500,agent,agent_05,4.954849,5.155574
29.1500,agent,agent_06,4.046544,4.242623
29.1500,agent,agent_07,3.215743,6.770002
29.1500,agent,agent_08,4.520459,5.624265
29.1500,agent,agent_09,2.692878,4.769810
29.1500,agent,agent_10,3.897015,6.116119
29.1500,agent,agent_11,2.794453,5.781265
29.1500,agent,agent_12,3.448192,4.482503
29.1500,agent,agent_13,4.744119,4.596739
29.1500,agent,agent_14,2.782605,6.362091
29.1500,agent,agent_15,3.721067,4.612098
29.1500,cargo,cargo_0,3.651003,5.482009
29.2000,agent,agent_00,4.267494,4.610157
29.2000,agent,agent_01,3.199842,4.647905
29.2000,agent,agent_02,3.924968,5.616119
29.2000,agent,agent_03,2.794414,5.247211
29.2000,agent,agent_04,3.780018,6.723382
29.2000,agent,agent_05,4.955230,5.156552
29.2000,agent,agent_06,4.045897,4.245909
29.2000,agent,agent_07,3.216077,6.769750
29.2000,agent,agent_08,4.520218,5.624055
29.2000,agent,agent_09,2.694695,4.770125
29.2000,agent,agent_10,3.896987,6.116544
29.2000,agent,agent_11,2.794326,5.781640
29.2000,agent,agent_12,3.449127,4.487974
29.2000,agent,agent_13,4.744276,4.596283
29.2000,agent,agent_14,2.782838,6.361895
29.2000,agent,agent_15,3.722515,4.612270
29.2000,cargo,cargo_0,3.651003,5.482009
