frame,time,delta_H,rhs_u_command,slack_u_command,rhs_u_saturated,slack_u_saturated,rhs_u_cvt,slack_u_cvt
0,0.0,-0.01248740462706488,-0.012012372429460289,-0.0004750321976045909,-0.01201237242946029,-0.0004750321976045892,-0.016766808663323706,0.004279404036258826
1,0.05,-0.01304292266901963,-0.012559706931466469,-0.0004832157375531613,-0.012559706931466469,-0.0004832157375531613,-0.01740355882578277,0.004360636156763142
2,0.1,-0.013588483471208668,-0.013100972582766343,-0.00048751088844232494,-0.013100972582766343,-0.00048751088844232494,-0.01802584198656438,0.004437358515355712
3,0.15000000000000002,-0.014117211168484078,-0.013623551605839897,-0.0004936595626441817,-0.013623551605839897,-0.0004936595626441817,-0.01860479791318354,0.00448758674469946
4,0.2,-0.014636165690996128,-0.01413697690303768,-0.0004991887879584479,-0.01413697690303768,-0.0004991887879584479,-0.019149214205004293,0.0045130485140081646
5,0.25,-0.015138992341184099,-0.014636775875307602,-0.0005022164658764969,-0.014636775875307602,-0.0005022164658764969,-0.01965038146778333,0.004511389126599232
6,0.30000000000000004,-0.015545118406339653,-0.015048212868260333,-0.0004969055380793196,-0.015048212868260333,-0.0004969055380793196,-0.020121214990647823,0.0045760965843081695
7,0.35000000000000003,-0.015946252285099716,-0.015447452506007577,-0.0004987997790921392,-0.015447452506007577,-0.0004987997790921392,-0.020512354213387256,0.00456610192828754
8,0.4,-0.016323547042851105,-0.01582377429914106,-0.000499772743710044,-0.01582377429914106,-0.000499772743710044,-0.020922131171514268,0.004598584128663163
9,0.45,-0.016689517766428685,-0.016190836710866414,-0.0004986810555622709,-0.016190836710866414,-0.0004986810555622709,-0.02129301076231041,0.004603492995881725
10,0.5,-0.017018925980747723,-0.016518946657977637,-0.0004999793227700861,-0.016518946657977637,-0.0004999793227700861,-0.021585997301400504,0.004567071320652781
11,0.55,-0.01734497227539078,-0.01685086853481042,-0.0004941037405803601,-0.01685086853481042,-0.0004941037405803601,-0.021893137904589036,0.004548165629198256
12,0.6000000000000001,-0.017653488754358904,-0.01716716399127165,-0.0004863247630872529,-0.01716716399127165,-0.0004863247630872529,-0.022136664686176376,0.004483175931817473
13,0.65,-0.01790468597323025,-0.017426578497412935,-0.00047810747581731455,-0.017426578497412935,-0.00047810747581731455,-0.022265479301910047,0.004360793328679797
14,0.7000000000000001,-0.018142373619624896,-0.017683076219471194,-0.0004592974001537027,-0.017683076219471194,-0.0004592974001537027,-0.02241171908179114,0.0042693454621662436
15,0.75,-0.018342185578562153,-0.01789620464227298,-0.00044598093628917326,-0.01789620464227298,-0.00044598093628917326,-0.02240677840541119,0.004064592826849036
16,0.8,-0.018462845407995476,-0.01802796632221964,-0.00043487908577583695,-0.018027966322219643,-0.0004348790857758335,-0.022326840725211655,0.003863995317216179
17,0.8500000000000001,-0.018581380066600373,-0.018154053443013587,-0.0004273266235867851,-0.018154053443013587,-0.0004273266235867851,-0.022136960823549164,0.003555580756948791
18,0.9,-0.01866254915503729,-0.018249349816504112,-0.0004131993385331767,-0.018249349816504112,-0.0004131993385331767,-0.021881400742712644,0.0032188515876753546
19,0.9500000000000001,-0.018649161200927078,-0.018260182076563308,-0.0003889791243637704,-0.018260182076563308,-0.0003889791243637704,-0.021560406406862666,0.002911245205935588
20,1.0,-0.018449291922276734,-0.018083747381723796,-0.0003655445405529381,-0.018083747381723796,-0.0003655445405529381,-0.021202430657595268,0.002753138735318534
21,1.05,-0.01820066207295623,-0.017869234687058724,-0.0003314273858975071,-0.017869234687058724,-0.0003314273858975071,-0.020784137602446105,0.002583475529489874
22,1.1,-0.017942808761389206,-0.01764164241150736,-0.00030116634988184773,-0.01764164241150736,-0.00030116634988184773,-0.020370009653686478,0.0024272008922972717
23,1.1500000000000001,-0.017591224346240497,-0.017312598552930283,-0.00027862579331021375,-0.017312598552930283,-0.00027862579331021375,-0.019818228496964345,0.0022270041507238478
24,1.2000000000000002,-0.017205768698565493,-0.016948372244801203,-0.00025739645376429005,-0.016948372244801203,-0.00025739645376429005,-0.01929861625907059,0.0020928475605050956
25,1.25,-0.016755213249198375,-0.016514432707830012,-0.0002407805413683628,-0.016514432707830012,-0.0002407805413683628,-0.018719403679502946,0.001964190430304571
26,1.3,-0.016248457964503027,-0.016013137174675868,-0.0002353207898271592,-0.016013137174675868,-0.0002353207898271592,-0.018042189163674928,0.001793731199171901
27,1.35,-0.01580148547713267,-0.015566566948842925,-0.0002349185282897459,-0.015566566948842925,-0.0002349185282897459,-0.017484411637573725,0.001682926160441054
28,1.4000000000000001,-0.015324796190124612,-0.015094584014469444,-0.00023021217565516797,-0.015094584014469444,-0.00023021217565516797,-0.01686540192294456,0.0015406057328199475
29,1.4500000000000002,-0.014817845811484709,-0.014589944475918446,-0.00022790133556626312,-0.014623215910745757,-0.00019462990073895216,-0.016220341600412583,0.0014024957889278745
30,1.5,-0.014211670833552681,-0.01400927666034237,-0.00020239417321031052,-0.014107350470340532,-0.00010432036321214935,-0.015486504000611906,0.0012748331670592254
31,1.55,-0.013678744544078913,-0.013515879656383742,-0.00016286488769517125,-0.013635720323576931,-4.302422050198214e-05,-0.014837589211793617,0.0011588446677147039
32,1.6,-0.01323928497913518,-0.013071684164588301,-0.00016760081454687825,-0.013203209337818446,-3.607564131673409e-05,-0.014212657769237547,0.0009733727901023673
33,1.6500000000000001,-0.012868132070966709,-0.012695987939400383,-0.00017214413156632635,-0.012831662103066091,-3.646996790061807e-05,-0.013689957895184067,0.0008218258242173575
34,1.7000000000000002,-0.012412816897055201,-0.012243296854984386,-0.00016952004207081497,-0.012381644296813609,-3.117260024159199e-05,-0.01317000701370614,0.0007571901166509385
35,1.75,-0.012023595661668773,-0.01183705583792616,-0.0001865398237426135,-0.011975693368094197,-4.7902293574576815e-05,-0.012670530187044978,0.0006469345253762044
36,1.8,-0.011650035770547129,-0.01145092565348696,-0.00019911011706016946,-0.011581717491308723,-6.831827923840621e-05,-0.01214494830778552,0.0004949125372383911
37,1.85,-0.011176342977688991,-0.01102022479697778,-0.00015611818071121185,-0.01114789662716263,-2.844635052636109e-05,-0.011636240404672033,0.0004598974269830417
38,1.9000000000000001,-0.01078649490976269,-0.010618657944075323,-0.0001678369656873662,-0.010746376463561188,-4.011844620150154e-05,-0.011173425809566215,0.0003869308998035257
39,1.9500000000000002,-0.010425083006969982,-0.010242356901095562,-0.00018272610587441972,-0.010362804933648799,-6.227807332118314e-05,-0.01074145570596058,0.00031637269899059857
40,2.0,-0.010137211276998292,-0.009947866532835357,-0.0001893447441629354,-0.010064191692327494,-7.301958467079844e-05,-0.010381734181887186,0.00024452290488889347
41,2.0500000000000003,-0.009845953807782859,-0.009654692561663689,-0.00019126124611917004,-0.009766347491812287,-7.960631597057205e-05,-0.010015921311167275,0.00016996750338441578
42,2.1,-0.009422145897838963,-0.00926291291741308,-0.0001592329804258833,-0.009371688529206232,-5.045736863273052e-05,-0.009630720853052737,0.00020857495521377396
43,2.15,-0.009080772045787167,-0.008947564792693591,-0.00013320725309357538,-0.009052657890715316,-2.8114155071850416e-05,-0.009295458889971454,0.0002146868441842871
44,2.2,-0.008773789167576429,-0.008627639843889518,-0.00014614932368691054,-0.008731426207512842,-4.236296006358657e-05,-0.008937369082474417,0.00016357991489798773
45,2.25,-0.008511595220248025,-0.008336145292911793,-0.0001754499273362315,-0.008435612737941295,-7.598248230672976e-05,-0.008653279200221584,0.00014168397997355898
46,2.3000000000000003,-0.008268159824033172,-0.008113762244890322,-0.00015439757914285056,-0.008209722468750198,-5.843735528297464e-05,-0.00840168408414454,0.00013352426011136766
47,2.35,-0.008037416536442077,-0.007895668609078624,-0.00014174792736345275,-0.007985466470102618,-5.195006633945849e-05,-0.008162391130696939,0.00012497459425486225
48,2.4000000000000004,-0.007813504070389388,-0.0076768624479139295,-0.00013664162247545818,-0.007768519888698205,-4.498418169118258e-05,-0.007944727424905495,0.0001312233545161072
49,2.45,-0.0075823509929136,-0.007449561595533963,-0.00013278939737963735,-0.007534025472417136,-4.832552049646374e-05,-0.007674886949739146,9.253595682554624e-05
50,2.5,-0.007356535988518709,-0.007221765680015707,-0.000134770308503002,-0.007299519034737993,-5.7016953780715876e-05,-0.007421563340118465,6.502735159975587e-05
51,2.5500000000000003,-0.007155960354498725,-0.007000527941278883,-0.00015543241321984164,-0.0070809702568898,-7.499009760892489e-05,-0.007166430141473848,1.0469786975123019e-05
52,2.6,-0.006949715995228645,-0.006789098725212268,-0.0001606172700163765,-0.0068600366177899615,-8.967937743868323e-05,-0.006898152596892071,-5.1563398336573925e-05
53,2.6500000000000004,-0.006716005723317542,-0.00661598108591926,-0.0001000246373982815,-0.00668396544336857,-3.204027994897166e-05,-0.006716776929673594,7.712063560521426e-07
54,2.7,-0.006521937585425297,-0.006430402044484012,-9.153554094128505e-05,-0.006496774668342797,-2.51629170824998e-05,-0.006496774668342797,-2.51629170824998e-05
55,2.75,-0.006289642000139817,-0.006182917825996793,-0.00010672417414302367,-0.006244563073124809,-4.507892701500777e-05,-0.006244563073124809,-4.507892701500777e-05
56,2.8000000000000003,-0.006009952755899772,-0.00594045055159087,-6.95022043089022e-05,-0.005996387882554598,-1.3564873345174588e-05,-0.005996387882554598,-1.3564873345174588e-05
57,2.85,-0.005770917377066587,-0.005677378710127268,-9.353866693931866e-05,-0.005731586442012771,-3.933093505381537e-05,-0.005731586442012771,-3.933093505381537e-05
58,2.9000000000000004,-0.005543214913691141,-0.005439326161039749,-0.0001038887526513925,-0.0054918356821896455,-5.137923150149576e-05,-0.0054918356821896455,-5.137923150149576e-05
59,2.95,-0.005233190414900557,-0.005193996041827037,-3.91943730735202e-05,-0.0052441952280016385,1.1004813101081479e-05,-0.0052441952280016385,1.1004813101081479e-05
60,3.0,-0.005022269015634406,-0.004956912914228632,-6.535610140577432e-05,-0.005007786993097573,-1.44820225368332e-05,-0.005007786993097573,-1.44820225368332e-05
61,3.0500000000000003,-0.00475235755191683,-0.00469483832866519,-5.7519223251640064e-05,-0.004743952540026849,-8.405011889981578e-06,-0.004743952540026849,-8.405011889981578e-06
62,3.1,-0.004453565420648675,-0.004398019725834959,-5.554569481371584e-05,-0.004445367886774248,-8.197533874427024e-06,-0.004445367886774248,-8.197533874427024e-06
63,3.1500000000000004,-0.004204013332672063,-0.00414491535783189,-5.909797484017314e-05,-0.0041905766069964484,-1.3436725675614568e-05,-0.0041905766069964484,-1.3436725675614568e-05
64,3.2,-0.003977114966943307,-0.003936495653642986,-4.0619313300321e-05,-0.003979402057576449,2.287090633141739e-06,-0.003979402057576449,2.287090633141739e-06
65,3.25,-0.0037074560258487654,-0.003695896299252065,-1.1559726596700303e-05,-0.003737263637318461,2.9807611469695374e-05,-0.003737263637318461,2.9807611469695374e-05
66,3.3000000000000003,-0.003565266723010385,-0.0035238906038444055,-4.137611916597969e-05,-0.003563634510061702,-1.6322129486831018e-06,-0.003563634510061702,-1.6322129486831018e-06
67,3.35,-0.003404401837767468,-0.0033639299426782075,-4.0471895089260346e-05,-0.0034013871576799018,-3.014680087566092e-06,-0.0034013871576799018,-3.014680087566092e-06
68,3.4000000000000004,-0.0031463741987713956,-0.0031596642875309036,1.3290088759507993e-05,-0.003192221437761678,4.584723899028233e-05,-0.003192221437761678,4.584723899028233e-05
69,3.45,-0.0030175456817791435,-0.002993389680497056,-2.415600128208772e-05,-0.0030223779375273853,4.832255748241782e-06,-0.0030223779375273853,4.832255748241782e-06
70,3.5,-0.0028495680501130494,-0.0028171868768960516,-3.2381173216997766e-05,-0.0028439154154893424,-5.652634623706972e-06,-0.0028439154154893424,-5.652634623706972e-06
71,3.5500000000000003,-0.002635496223101663,-0.0026177684110571327,-1.772781204453051e-05,-0.0026431901200275475,7.693896925884281e-06,-0.0026431901200275475,7.693896925884281e-06
72,3.6,-0.00245057257360326,-0.002432103968934316,-1.846860466894404e-05,-0.0024561711636668358,5.598590063575579e-06,-0.0024561711636668358,5.598590063575579e-06
73,3.6500000000000004,-0.0023453925734492342,-0.002299372470555175,-4.6020102894059074e-05,-0.002322238273572598,-2.3154299876636166e-05,-0.002322238273572598,-2.3154299876636166e-05
74,3.7,-0.0021605362492630453,-0.002139364265905493,-2.1171983357552455e-05,-0.002161119970206791,5.837209437458551e-07,-0.002161119970206791,5.837209437458551e-07
75,3.75,-0.0020285528348220616,-0.0019957895936431676,-3.276324117889402e-05,-0.002016383780491668,-1.2169054330393725e-05,-0.002016383780491668,-1.2169054330393725e-05
76,3.8000000000000003,-0.0018977312787877842,-0.001876756526675872,-2.097475211191224e-05,-0.0018961919730443178,-1.539305743466406e-06,-0.0018961919730443178,-1.539305743466406e-06
77,3.85,-0.0017907471534543973,-0.0017759589092731173,-1.4788244181279967e-05,-0.0017942365296139285,3.489376159531224e-06,-0.0017942365296139285,3.489376159531224e-06
78,3.9000000000000004,-0.0017055944878312523,-0.0016826600870976905,-2.2934400733561847e-05,-0.0016998707208006987,-5.723767030553668e-06,-0.0016998707208006987,-5.723767030553668e-06
79,3.95,-0.001621949013941748,-0.0016132772399343072,-8.671774007440848e-06,-0.0016292429537895226,7.293939847774489e-06,-0.0016292429537895226,7.293939847774489e-06
80,4.0,-0.001556549720076461,-0.001528736186018462,-2.781353405799901e-05,-0.0015437281439772148,-1.2821576099246315e-05,-0.0015437281439772148,-1.2821576099246315e-05
81,4.05,-0.0014288604041761133,-0.0014199341743599773,-8.926229816135986e-06,-0.0014340178746036704,5.157470427557143e-06,-0.0014340178746036704,5.157470427557143e-06
82,4.1000000000000005,-0.0013573179780714817,-0.0013464847278475117,-1.083325022397004e-05,-0.001358138254687356,8.202766158742041e-07,-0.001358138254687356,8.202766158742041e-07
83,4.15,-0.001270945199184359,-0.0012751731421655524,4.227942981193441e-06,-0.001287562846055876,1.6617646871517093e-05,-0.001287562846055876,1.6617646871517093e-05
84,4.2,-0.0011988279784200806,-0.0011966397754076888,-2.1882030123918095e-06,-0.0012108387138857677,1.2010735465687065e-05,-0.0012108387138857677,1.2010735465687065e-05
85,4.25,-0.0011429126646316234,-0.0011408267003730963,-2.0859642585271693e-06,-0.0011550590052727353,1.2146340641111877e-05,-0.0011550590052727353,1.2146340641111877e-05
86,4.3,-0.0011055801076895744,-0.0010785913298013005,-2.6988777888273903e-05,-0.0010926232382887687,-1.2956869400805636e-05,-0.0010926232382887687,-1.2956869400805636e-05
87,4.3500000000000005,-0.001016907611857576,-0.0010093044913849247,-7.603120472651293e-06,-0.0010209462509071959,4.038639049619907e-06,-0.0010209462509071959,4.038639049619907e-06
88,4.4,-0.0009742334504552197,-0.0009526590329501288,-2.1574417505090945e-05,-0.0009623974636985979,-1.1835986756621804e-05,-0.0009623974636985979,-1.1835986756621804e-05
89,4.45,-0.0009464398547822661,-0.0009234079832959563,-2.3031871486309838e-05,-0.0009323692129923316,-1.407064178993449e-05,-0.0009323692129923316,-1.407064178993449e-05
90,4.5,-0.0008921232756236019,-0.00088420248280696,-7.920792816641892e-06,-0.0008930658902024858,9.426145788838563e-07,-0.0008930658902024858,9.426145788838563e-07
91,4.55,-0.0008360493334989005,-0.0008477725494687838,1.1723215969883303e-05,-0.0008560676008345363,2.0018267335635736e-05,-0.0008560676008345363,2.0018267335635736e-05
92,4.6000000000000005,-0.0007957334328505539,-0.0007848640425636419,-1.0869390286911995e-05,-0.0007926085855031713,-3.1248473473825464e-06,-0.0007926085855031713,-3.1248473473825464e-06
93,4.65,-0.0007753296154091593,-0.0007539152109179816,-2.141440449117773e-05,-0.0007610363164033893,-1.4293299005770088e-05,-0.0007610363164033893,-1.4293299005770088e-05
94,4.7,-0.0007400412425893066,-0.0007225114020534182,-1.7529840535888356e-05,-0.0007283052573515519,-1.1735985237754684e-05,-0.0007283052573515519,-1.1735985237754684e-05
95,4.75,-0.0007192443232024726,-0.00069786106962784,-2.1383253574632573e-05,-0.0007032035282699222,-1.6040794932550384e-05,-0.0007032035282699222,-1.6040794932550384e-05
96,4.800000000000001,-0.0006734483647277134,-0.0006676241219213376,-5.824242806375785e-06,-0.0006725648165452049,-8.835481825085261e-07,-0.0006725648165452049,-8.835481825085261e-07
97,4.8500000000000005,-0.0006522944555586996,-0.0006461304697097081,-6.1639858489915276e-06,-0.0006509094961037179,-1.384959454981717e-06,-0.0006509094961037179,-1.384959454981717e-06
98,4.9,-0.0006226940523212932,-0.0006287847710525771,6.090718731283952e-06,-0.0006325059430977698,9.811890776476647e-06,-0.0006325059430977698,9.811890776476647e-06
99,4.95,-0.0006008863436282041,-0.0005963915303854666,-4.494813242737544e-06,-0.0006017559357572111,8.695921290069811e-07,-0.0006017559357572111,8.695921290069811e-07
100,5.0,-0.0005843765743858143,-0.0005730235307127587,-1.1353043673055594e-05,-0.0005793974341304753,-4.979140255338926e-06,-0.0005793974341304753,-4.979140255338926e-06
101,5.050000000000001,-0.0005684059512127693,-0.000550566659261975,-1.7839291950794232e-05,-0.0005578071884452151,-1.0598762767554206e-05,-0.0005578071884452151,-1.0598762767554206e-05
102,5.1000000000000005,-0.0005117020813372175,-0.000523980879648774,1.2278798311556515e-05,-0.0005323708526320094,2.066877129479187e-05,-0.0005323708526320094,2.066877129479187e-05
103,5.15,-0.0005039103852095828,-0.0005036315971409845,-2.7878806859826626e-07,-0.0005119261006221596,8.015715412576833e-06,-0.0005119261006221596,8.015715412576833e-06
104,5.2,-0.0004816074546263316,-0.0004911438734497446,9.536418823413001e-06,-0.0005019380251717865,2.0330570545454892e-05,-0.0005019380251717865,2.0330570545454892e-05
105,5.25,-0.00047994479858148864,-0.0004733793555715738,-6.56544300991482e-06,-0.00048484815365919785,4.90335507770921e-06,-0.00048484815365919785,4.90335507770921e-06
106,5.300000000000001,-0.00046647794750298566,-0.0004565513949612595,-9.926552541726131e-06,-0.00046834127996278374,1.8633324597980869e-06,-0.00046834127996278374,1.8633324597980869e-06
107,5.3500000000000005,-0.0004559356365918532,-0.00043839558878499196,-1.754004780686125e-05,-0.00045136538818037723,-4.5702484114759786e-06,-0.00045136538818037723,-4.5702484114759786e-06
108,5.4,-0.0004311138247266033,-0.00041713721919416487,-1.3976605532438444e-05,-0.0004307029520219602,-4.108727046430935e-07,-0.0004307029520219602,-4.108727046430935e-07
109,5.45,-0.0004159918447599331,-0.00040139180111835624,-1.4600043641576873e-05,-0.00041568751428629463,-3.0433047363848803e-07,-0.00041568751428629463,-3.0433047363848803e-07
110,5.5,-0.00039053581359205225,-0.00038362414339425486,-6.911670197797394e-06,-0.0003993189053631333,8.783091771081023e-06,-0.0003993189053631333,8.783091771081023e-06
111,5.550000000000001,-0.00036076348953528736,-0.00036906666832068697,8.303178785399603e-06,-0.000385500464220678,2.473697468539064e-05,-0.000385500464220678,2.473697468539064e-05
112,5.6000000000000005,-0.00034385376932033473,-0.0003491619666346173,5.308197314282572e-06,-0.0003663269790255814,2.247320970524667e-05,-0.0003663269790255814,2.247320970524667e-05
113,5.65,-0.0003397482756783976,-0.0003366346728353643,-3.113602843033314e-06,-0.00035452404397841737,1.4775768300019762e-05,-0.00035452404397841737,1.4775768300019762e-05
114,5.7,-0.00034206870175435,-0.0003247163895469993,-1.7352312207350677e-05,-0.00034362662462536785,1.5579228710178449e-06,-0.00034362662462536785,1.5579228710178449e-06
115,5.75,-0.00033273608157102785,-0.0003066060919553083,-2.6129989615719564e-05,-0.00032853216273500644,-4.203918836021415e-06,-0.00032853216273500644,-4.203918836021415e-06
116,5.800000000000001,-0.00029606016973970917,-0.0002960033857237796,-5.678401592955785e-08,-0.0003187529819184881,2.269281217877892e-05,-0.0003187529819184881,2.269281217877892e-05
117,5.8500000000000005,-0.00027418128653677876,-0.0002853770489945057,1.1195762457726923e-05,-0.00030902744500846353,3.4846158471684774e-05,-0.00030902744500846353,3.4846158471684774e-05
118,5.9,-0.00027158341046873424,-0.00027421593050368996,2.632520034955715e-06,-0.0002995997457911681,2.801633532243384e-05,-0.0002995997457911681,2.801633532243384e-05
119,5.95,-0.00025811727313396204,-0.0002621839930363925,4.066719902430472e-06,-0.0002888830189182497,3.076574578428766e-05,-0.0002888830189182497,3.076574578428766e-05
120,6.0,-0.0002446852599897742,-0.0002423960115861248,-2.2892484036493934e-06,-0.0002737527838334149,2.906752384364069e-05,-0.0002737527838334149,2.906752384364069e-05
121,6.050000000000001,-0.00023598993921725153,-0.0002312835547668263,-4.706384450425236e-06,-0.00026361510221108,2.7625162993828484e-05,-0.00026361510221108,2.7625162993828484e-05
122,6.1000000000000005,-0.0002266902309284724,-0.0002212667224476287,-5.423508480843699e-06,-0.00025471515767584106,2.8024926747368653e-05,-0.00025471515767584106,2.8024926747368653e-05
123,6.15,-0.00021884976404984435,-0.00021345390500319435,-5.395859046650002e-06,-0.00024778539071407973,2.8935626664235376e-05,-0.00024778539071407973,2.8935626664235376e-05
124,6.2,-0.0002146712282315999,-0.00020491718597059427,-9.754042261005623e-06,-0.00024010464456340934,2.543341633180944e-05,-0.00024010464456340934,2.543341633180944e-05
125,6.25,-0.00020969235270507092,-0.00019795674394900003,-1.1735608756070884e-05,-0.00023398020960343127,2.4287856898360353e-05,-0.00023398020960343127,2.4287856898360353e-05
126,6.300000000000001,-0.0001875794506829287,-0.0001910160988953168,3.436648212388116e-06,-0.00022961974181012385,4.2040291127195157e-05,-0.00022961974181012385,4.2040291127195157e-05
127,6.3500000000000005,-0.0001837393056620673,-0.00018675498993276442,3.0156842706971086e-06,-0.00022627672183985677,4.253741617778946e-05,-0.00022627672183985677,4.253741617778946e-05
128,6.4,-0.000184772828803359,-0.00018169141722159957,-3.081411581759417e-06,-0.0002220871436142061,3.731431481084711e-05,-0.0002220871436142061,3.731431481084711e-05
129,6.45,-0.00017368908357728863,-0.00017546716397610952,1.7780803988208971e-06,-0.00021673556353946514,4.304647996217651e-05,-0.00021673556353946514,4.304647996217651e-05
130,6.5,-0.0001656518493642345,-0.00016941963556511453,3.7677862008800398e-06,-0.00021154931481802793,4.589746545379344e-05,-0.00021154931481802793,4.589746545379344e-05
131,6.550000000000001,-0.00016134239527687555,-0.00016404519758595447,2.7028023090789168e-06,-0.0002070299880577592,4.568759278088366e-05,-0.0002070299880577592,4.568759278088366e-05
132,6.6000000000000005,-0.0001591198500947577,-0.00015728074356422496,-1.8391065305327478e-06,-0.00020251354230332448,4.3393692208566775e-05,-0.00020251354230332448,4.3393692208566775e-05
133,6.65,-0.00015669309917543117,-0.0001506107723685739,-6.082326806857265e-06,-0.00019515638048326733,3.846328130783616e-05,-0.00019515638048326733,3.846328130783616e-05
134,6.7,-0.0001590805173539156,-0.00014842946988036766,-1.0651047473547937e-05,-0.00019529202973171236,3.621151237779676e-05,-0.00019529202973171236,3.621151237779676e-05
135,6.75,-0.0001589205238239355,-0.00014597615971833862,-1.2944364105596886e-05,-0.0001920530274374334,3.313250361349789e-05,-0.0001920530274374334,3.313250361349789e-05
136,6.800000000000001,-0.00014736265850867625,-0.0001417536000819146,-5.609058426761645e-06,-0.0001896387876708968,4.227612916222055e-05,-0.0001896387876708968,4.227612916222055e-05
137,6.8500000000000005,-0.00013764485689105044,-0.00013742478689332102,-2.2006999772942256e-07,-0.00018596390384762392,4.8319046956573486e-05,-0.00018596390384762392,4.8319046956573486e-05
138,6.9,-0.00012781194202071688,-0.00013255951675260607,4.747574731889183e-06,-0.00018188839831940763,5.407645629869074e-05,-0.00018188839831940763,5.407645629869074e-05
139,6.95,-0.00012904459373785926,-0.00012842365347783406,-6.209402600251986e-07,-0.0001785345948975454,4.949000115968613e-05,-0.0001785345948975454,4.949000115968613e-05
140,7.0,-0.00012420106492783134,-0.00012067684840694033,-3.5242165208910082e-06,-0.00017872906466903047,5.452799974119913e-05,-0.00017872906466903047,5.452799974119913e-05
141,7.050000000000001,-0.00012431020870451448,-0.00011609180641078693,-8.218402293727554e-06,-0.00017320685778108495,4.8896649076570473e-05,-0.00017320685778108495,4.8896649076570473e-05
142,7.1000000000000005,-0.00011188714317489357,-0.00011214406940100253,2.56926226108959e-07,-0.0001700643342541142,5.817719107922064e-05,-0.0001700643342541142,5.817719107922064e-05
143,7.15,-0.00010961005352605468,-0.00010821119740212549,-1.3988561239291981e-06,-0.0001669284741750392,5.7318420648984526e-05,-0.0001669284741750392,5.7318420648984526e-05
144,7.2,-0.00010822287292366894,-0.00010453146110754465,-3.691411816124295e-06,-0.0001640410408856168,5.581816796194786e-05,-0.0001640410408856168,5.581816796194786e-05
145,7.25,-0.00010004419369158413,-0.00010099321396074527,9.490202691611398e-07,-0.0001612813960712512,6.123720237966707e-05,-0.0001612813960712512,6.123720237966707e-05
146,7.300000000000001,-9.838630514380498e-05,-9.79020591017214e-05,-4.842460420835754e-07,-0.00015946811349590192,6.108180835209695e-05,-0.00015946811349590192,6.108180835209695e-05
147,7.3500000000000005,-9.63763366610415e-05,-9.407266144454801e-05,-2.303675216493498e-06,-0.0001564884992738351,6.011216261279359e-05,-0.0001564884992738351,6.011216261279359e-05
148,7.4,-9.451799382187431e-05,-9.097204007873067e-05,-3.545953743143646e-06,-0.00015412932216975884,5.961132834788452e-05,-0.00015412932216975884,5.961132834788452e-05
149,7.45,-9.280147711154818e-05,-8.79510813500732e-05,-4.850395761474979e-06,-0.00015184038242607915,5.903890531453097e-05,-0.00015184038242607915,5.903890531453097e-05
150,7.5,-8.232883413250569e-05,-8.507160557702291e-05,2.7427714445172165e-06,-0.0001496813200068098,6.73524858743041e-05,-0.0001496813200068098,6.73524858743041e-05
151,7.550000000000001,-8.259130580134944e-05,-8.228326406010454e-05,-3.0804174124489836e-07,-0.0001476039089487691,6.501260314741966e-05,-0.0001476039089487691,6.501260314741966e-05
152,7.6000000000000005,-8.278646013804014e-05,-7.959989934549137e-05,-3.186560792548771e-06,-0.00014562247643685718,6.283601629881704e-05,-0.00014562247643685718,6.283601629881704e-05
153,7.65,-7.996382640396149e-05,-7.608400096534876e-05,-3.879825438612733e-06,-0.00014276671236239903,6.280288595843754e-05,-0.00014276671236239903,6.280288595843754e-05
154,7.7,-7.889434282359886e-05,-7.433551146291625e-05,-4.558831360682613e-06,-0.00014169967868687768,6.280533586327882e-05,-0.00014169967868687768,6.280533586327882e-05
155,7.75,-7.16756191678769e-05,-7.238331415115094e-05,7.076949832740331e-07,-0.00014042850505263907,6.875288588476216e-05,-0.00014042850505263907,6.875288588476216e-05
156,7.800000000000001,-6.855145902529003e-05,-7.045563779636828e-05,1.9041787710782503e-06,-0.00013917149095469413,7.06200319294041e-05,-0.00013917149095469413,7.06200319294041e-05
157,7.8500000000000005,-6.761357105089516e-05,-6.837069293098941e-05,7.571218800942533e-07,-0.0001379459119307376,7.033234087984244e-05,-0.0001379459119307376,7.033234087984244e-05
158,7.9,-6.92747945185701e-05,-6.785924323395518e-05,-1.4155512846149217e-06,-0.00013809192808893355,6.881713357036344e-05,-0.00013809192808893355,6.881713357036344e-05
159,7.95,-6.486294415442018e-05,-6.335806387690943e-05,-1.5048802775107466e-06,-0.00013990407984177693,7.504113568735675e-05,-0.00013990407984177693,7.504113568735675e-05
160,8.0,-6.411369189818217e-05,-6.527781061083603e-05,1.1641187126538608e-06,-0.00014238555574465125,7.827186384646908e-05,-0.00014238555574465125,7.827186384646908e-05
161,8.05,-6.525762627207499e-05,-6.477367345942386e-05,-4.839528126511272e-07,-0.00014262335808335838,7.73657318112834e-05,-0.00014262335808335838,7.73657318112834e-05
162,8.1,-6.149194372695455e-05,-6.399429985447343e-05,2.5023561275188836e-06,-0.00014257804243262746,8.108609870567291e-05,-0.00014257804243262746,8.108609870567291e-05
163,8.15,-6.2572745308076e-05,-6.305611402255964e-05,4.833687144836432e-07,-0.00014239215534481758,7.981941003674158e-05,-0.00014239215534481758,7.981941003674158e-05
164,8.200000000000001,-6.144879870806363e-05,-6.17000350109229e-05,2.5123630285925987e-07,-0.00014174942587075716,8.030062716269352e-05,-0.00014174942587075716,8.030062716269352e-05
165,8.25,-6.025009725529884e-05,-5.9515185340983794e-05,-7.349119143150465e-07,-0.00014029402167543853,8.004392442013969e-05,-0.00014029402167543853,8.004392442013969e-05
166,8.3,-5.9597174808967424e-05,-5.732658875115997e-05,-2.2705860578074507e-06,-0.00013876539817025017,7.916822336128274e-05,-0.00013876539817025017,7.916822336128274e-05
167,8.35,-6.207335404662118e-05,-5.981333194096615e-05,-2.2600221056550296e-06,-0.00014193177536292508,7.98584213163039e-05,-0.00014193177536292508,7.98584213163039e-05
168,8.4,-6.187449002381662e-05,-5.94755330997536e-05,-2.3989569240630195e-06,-0.00014229841740049404,8.042392737667742e-05,-0.00014229841740049404,8.042392737667742e-05
169,8.450000000000001,-5.994804498943296e-05,-5.69927716877861e-05,-2.9552733016468587e-06,-0.0001403997865559962,8.045174156656325e-05,-0.0001403997865559962,8.045174156656325e-05
170,8.5,-5.552865282321129e-05,-5.573708068816609e-05,2.084278649547991e-07,-0.0001398123692151009,8.428371639188962e-05,-0.0001398123692151009,8.428371639188962e-05
171,8.55,-5.275209077737486e-05,-5.489569040622302e-05,2.143599628848158e-06,-0.00013955941637759504,8.680732560022018e-05,-0.00013955941637759504,8.680732560022018e-05
172,8.6,-4.813891102317669e-05,-5.139512407044847e-05,3.256213047271784e-06,-0.00013666654690190752,8.852763587873083e-05,-0.00013666654690190752,8.852763587873083e-05
173,8.65,-4.698872383746e-05,-5.08859589795085e-05,3.897235142048499e-06,-0.00013669119599525972,8.970247215779972e-05,-0.00013669119599525972,8.970247215779972e-05
174,8.700000000000001,-4.810842421432149e-05,-4.974717115448686e-05,1.6387469401653727e-06,-0.00013610121042881924,8.799278621449776e-05,-0.00013610121042881924,8.799278621449776e-05
175,8.75,-4.873843973940417e-05,-4.990500908939993e-05,1.1665693499957606e-06,-0.00013676879268630015,8.803035294689598e-05,-0.00013676879268630015,8.803035294689598e-05
176,8.8,-4.744371484322052e-05,-4.7218344127837975e-05,-2.2537071538254397e-07,-0.00013461395006209915,8.717023521887863e-05,-0.00013461395006209915,8.717023521887863e-05
177,8.85,-4.776391591043705e-05,-4.5814005677518736e-05,-1.949910232918313e-06,-0.00013370190080106808,8.593798489063103e-05,-0.00013370190080106808,8.593798489063103e-05
178,8.9,-4.6342390511266984e-05,-4.473471889617178e-05,-1.607671615095203e-06,-0.00013317755480736233,8.683516429609534e-05,-0.00013317755480736233,8.683516429609534e-05
179,8.950000000000001,-4.4633664102677884e-05,-4.354189281276882e-05,-1.0917712899090635e-06,-0.00013245977184598982,8.782610774331194e-05,-0.00013245977184598982,8.782610774331194e-05
180,9.0,-4.448490884123579e-05,-4.202650867614933e-05,-2.4584001650864606e-06,-0.0001359543351274558,9.146942628622e-05,-0.0001359543351274558,9.146942628622e-05
181,9.05,-4.3483855680204186e-05,-4.009790586418819e-05,-3.385949816015995e-06,-0.00013662771128991716,9.314385560971298e-05,-0.00013662771128991716,9.314385560971298e-05
182,9.1,-3.9007713166228086e-05,-3.628746868641273e-05,-2.720244479815354e-06,-0.0001351781250635976,9.61704118973695e-05,-0.0001351781250635976,9.61704118973695e-05
183,9.15,-3.888895961434713e-05,-3.55490285222666e-05,-3.339931092080528e-06,-0.00013615332372499274,9.726436411064561e-05,-0.00013615332372499274,9.726436411064561e-05
184,9.200000000000001,-3.973471037621579e-05,-3.5142842658771784e-05,-4.591867717444003e-06,-0.00013699998132121337,9.726527094499758e-05,-0.00013699998132121337,9.726527094499758e-05
185,9.25,-3.737737430520305e-05,-3.370297373071227e-05,-3.674400574490779e-06,-0.00013655886459153278,9.918149028632974e-05,-0.00013655886459153278,9.918149028632974e-05
186,9.3,-3.4961233544850145e-05,-3.1825243348085905e-05,-3.1359901967642403e-06,-0.00013132823261543023,9.636699907058008e-05,-0.00013132823261543023,9.636699907058008e-05
187,9.35,-3.555564853652271e-05,-3.139858833362211e-05,-4.157060202900602e-06,-0.00013575030287780188,0.00010019465434127917,-0.00013575030287780188,0.00010019465434127917
188,9.4,-3.3047422086873723e-05,-2.971761852208874e-05,-3.3298035647849824e-06,-0.00013052088480319904,9.747346271632532e-05,-0.00013052088480319904,9.747346271632532e-05
189,9.450000000000001,-2.7648913092148675e-05,-2.7368016499073818e-05,-2.808965930748565e-07,-0.0001351773279862088,0.00010752841489406013,-0.0001351773279862088,0.00010752841489406013
190,9.5,-2.6051717045172396e-05,-2.5977964124650225e-05,-7.375292052217076e-08,-0.0001346219474770261,0.00010857023043185369,-0.0001346219474770261,0.00010857023043185369
191,9.55,-2.4681417101657388e-05,-2.5623095675251967e-05,9.416785735945789e-07,-0.00013062616699288857,0.00010594474989123118,-0.00013062616699288857,0.00010594474989123118
192,9.600000000000001,-2.5853388591290383e-05,-2.528406586478321e-05,-5.69322726507174e-07,-0.00013505982563285257,0.00010920643704156219,-0.00013505982563285257,0.00010920643704156219
193,9.65,-2.5909070915597354e-05,-2.4540809653990586e-05,-1.3682612616067679e-06,-0.00013488612232290123,0.00010897705140730388,-0.00013488612232290123,0.00010897705140730388
194,9.700000000000001,-2.3698673825345296e-05,-2.272003548596988e-05,-9.78638339375414e-07,-0.00012929645207928215,0.00010559777825393685,-0.00012929645207928215,0.00010559777825393685
195,9.75,-2.2575267193181148e-05,-2.2281365620585815e-05,-2.939015725953329e-07,-0.0001323170577214358,0.00010974179052825465,-0.0001323170577214358,0.00010974179052825465
196,9.8,-2.318268555612235e-05,-2.2620343096008517e-05,-5.623424601138344e-07,-0.0001331952181052811,0.00011001253254915876,-0.0001331952181052811,0.00011001253254915876
197,9.850000000000001,-2.1951394762131926e-05,-2.1127653341651572e-05,-8.237414204803542e-07,-0.00013219110753765793,0.000110239712775526,-0.00013219110753765793,0.000110239712775526
198,9.9,-1.9441884260729125e-05,-2.0576996560143856e-05,1.1351122994147304e-06,-0.0001321632250756198,0.00011272134081489067,-0.0001321632250756198,0.00011272134081489067
199,9.950000000000001,-2.0043952294157563e-05,-2.1262667316325744e-05,1.2187150221681804e-06,-0.0001333632833696774,0.00011331933107551983,-0.0001333632833696774,0.00011331933107551983
200,10.0,-1.8204405956678826e-05,-1.8894566127316076e-05,6.901601706372499e-07,-0.0001268940723114865,0.00010868966635480768,-0.0001268940723114865,0.00010868966635480768
201,10.05,-1.8454094693032275e-05,-1.8985360572623092e-05,5.312658795908172e-07,-0.00013179180212795908,0.0001133377074349268,-0.00013179180212795908,0.0001133377074349268
202,10.100000000000001,-1.9676031745463618e-05,-1.9410216052750894e-05,-2.6581569271272383e-07,-0.00013267899637784382,0.0001130029646323802,-0.00013267899637784382,0.0001130029646323802
203,10.15,-1.7066712892255254e-05,-1.755386498050178e-05,4.871520882465281e-07,-0.00013123670433341767,0.00011416999144116241,-0.00013123670433341767,0.00011416999144116241
204,10.200000000000001,-1.6831908607350954e-05,-1.769618142904087e-05,8.642728216899159e-07,-0.00013182538636310142,0.00011499347775575046,-0.00013182538636310142,0.00011499347775575046
205,10.25,-1.7977866531238007e-05,-1.8153242153594035e-05,1.753756223560282e-07,-0.00013272182480918046,0.00011474395827794245,-0.00013272182480918046,0.00011474395827794245
206,10.3,-1.646129429944132e-05,-1.7016049396344295e-05,5.547550969029752e-07,-0.00013193164681817108,0.00011547035251872976,-0.00013193164681817108,0.00011547035251872976
207,10.350000000000001,-1.6779975682945647e-05,-1.6743732902887754e-05,-3.6242780057892517e-08,-0.00013218812729895143,0.00011540815161600578,-0.00013218812729895143,0.00011540815161600578
208,10.4,-1.9844782345179723e-05,-1.90745829405907e-05,-7.701994045890231e-07,-0.00013768969329721977,0.00011784491095204004,-0.00013768969329721977,0.00011784491095204004
209,10.450000000000001,-1.4463147978371893e-05,-1.711742160643579e-05,2.6542736280638974e-06,-0.00013161325831155852,0.00011715011033318663,-0.00013161325831155852,0.00011715011033318663
210,10.5,-1.5584242388122505e-05,-1.7516911732379128e-05,1.9326693442566238e-06,-0.00013686225759311044,0.00012127801520498793,-0.00013686225759311044,0.00012127801520498793
211,10.55,-1.844370718107058e-05,-1.9181498085705542e-05,7.37790904634963e-07,-0.0001389470156175891,0.00012050330843651851,-0.0001389470156175891,0.00012050330843651851
212,10.600000000000001,-1.7318116119824367e-05,-1.7374329682112424e-05,5.621356228805669e-08,-0.00013295430060811152,0.00011563618448828716,-0.00013295430060811152,0.00011563618448828716
213,10.65,-1.879057582288013e-05,-1.81807040649144e-05,-6.098717579657283e-07,-0.0001386939431207402,0.00011990336729786008,-0.0001386939431207402,0.00011990336729786008
214,10.700000000000001,-1.902465454928226e-05,-1.7711633473334735e-05,-1.3130210759475252e-06,-0.00013865359302807256,0.0001196289384787903,-0.00013865359302807256,0.0001196289384787903
215,10.75,-2.0531304327553457e-05,-1.8138558312409517e-05,-2.3927460151439403e-06,-0.0001395025886575843,0.00011897128433003084,-0.0001395025886575843,0.00011897128433003084
216,10.8,-1.943244327407001e-05,-1.6483645832527002e-05,-2.9487974415430082e-06,-0.00013359386333994347,0.00011416142006587346,-0.00013359386333994347,0.00011416142006587346
217,10.850000000000001,-1.9560279298502792e-05,-1.6448623091588e-05,-3.111656206914793e-06,-0.00013851187504548753,0.00011895159574698474,-0.00013851187504548753,0.00011895159574698474
218,10.9,-2.0067893431896522e-05,-1.694068865915379e-05,-3.1272047727427304e-06,-0.0001394091853497898,0.00011934129191789328,-0.0001394091853497898,0.00011934129191789328
219,10.950000000000001,-1.641228510385062e-05,-1.528396877045643e-05,-1.128316333394192e-06,-0.0001334826123052194,0.00011707032720136877,-0.0001334826123052194,0.00011707032720136877
220,11.0,-1.616524361613969e-05,-1.5216097157977144e-05,-9.49146458162547e-07,-0.00013838602319501714,0.00012222077957887745,-0.00013838602319501714,0.00012222077957887745
221,11.05,-1.6285493355860936e-05,-1.4801660941406392e-05,-1.4838324144545443e-06,-0.00013837596846969129,0.00012209047511383035,-0.00013837596846969129,0.00012209047511383035
222,11.100000000000001,-1.7680100695693923e-05,-1.5101978405405093e-05,-2.57812229028883e-06,-0.0001390741825432362,0.00012139408184754226,-0.0001390741825432362,0.00012139408184754226
223,11.15,-1.58632218849597e-05,-1.3817106891298435e-05,-2.0461149936612645e-06,-0.00013816122344268868,0.00012229800155772898,-0.00013816122344268868,0.00012229800155772898
224,11.200000000000001,-1.5794974774996362e-05,-1.4350630961987471e-05,-1.4443438130088908e-06,-0.00013910330664130175,0.00012330833186630538,-0.00013910330664130175,0.00012330833186630538
225,11.25,-1.5744684912499807e-05,-1.3980212519061555e-05,-1.7644723934382522e-06,-0.00013909226328358802,0.00012334757837108822,-0.00013909226328358802,0.00012334757837108822
226,11.3,-1.3211214702657514e-05,-1.2752454865948802e-05,-4.587598367087126e-07,-0.00013821818463032447,0.00012500696992766695,-0.00013821818463032447,0.00012500696992766695
227,11.350000000000001,-1.3549631180165278e-05,-1.3309086028048296e-05,-2.40545152116982e-07,-0.00013916537658150037,0.0001256157454013351,-0.00013916537658150037,0.0001256157454013351
228,11.4,-1.4280737785643538e-05,-1.2379592510331661e-05,-1.901145275311877e-06,-0.00014136297187304373,0.0001270822340874002,-0.00014136297187304373,0.0001270822340874002
229,11.450000000000001,-1.3537543757768944e-05,-1.3042176824318957e-05,-4.953669334499868e-07,-0.00014242639090909372,0.00012888884715132477,-0.00014242639090909372,0.00012888884715132477
230,11.5,-1.0691299957565903e-05,-1.1810492688640312e-05,1.1191927310744087e-06,-0.00014148972149622365,0.00013079842153865774,-0.00014148972149622365,0.00013079842153865774
231,11.55,-9.350641024141737e-06,-1.2434499059339757e-05,3.08385803519802e-06,-0.00014246791721271983,0.0001331172761885781,-0.00014246791721271983,0.0001331172761885781
232,11.600000000000001,-1.0721640465671811e-05,-1.3519235028198884e-05,2.7975945625270727e-06,-0.00014386677935914748,0.00013314513889347567,-0.00014386677935914748,0.00013314513889347567
233,11.65,-1.0388806103378556e-05,-1.2371634898837111e-05,1.982828795458555e-06,-0.00014302974099585165,0.0001326409348924731,-0.00014302974099585165,0.0001326409348924731
234,11.700000000000001,-1.1358655806592566e-05,-1.2980009275684419e-05,1.621353469091853e-06,-0.00014398601074085235,0.0001326273549342598,-0.00014398601074085235,0.0001326273549342598
235,11.75,-1.0755950773155831e-05,-1.1854175160721978e-05,1.098224387566147e-06,-0.00014315984882153705,0.00013240389804838122,-0.00014315984882153705,0.00013240389804838122
236,11.8,-1.1901914467760122e-05,-1.2589521710456075e-05,6.876072426959534e-07,-0.0001442284456352745,0.00013232653116751437,-0.0001442284456352745,0.00013232653116751437
237,11.850000000000001,-1.1406325559182307e-05,-1.147730810639212e-05,7.09825472098136e-08,-0.0001434096560028344,0.0001320033304436521,-0.0001434096560028344,0.0001320033304436521
238,11.9,-1.2201739478356899e-05,-1.2128311880358409e-05,-7.342759799849012e-08,-0.00014438746088337197,0.00013218572140501507,-0.00014438746088337197,0.00013218572140501507
239,11.950000000000001,-1.1463928827115666e-05,-1.110823015836365e-05,-3.5569866875201584e-07,-0.0001436463560950874,0.00013218242726797174,-0.0001436463560950874,0.00013218242726797174
240,12.0,-1.2573407306426532e-05,-1.2084218457677742e-05,-4.891888487487895e-07,-0.0001449541163214167,0.00013238070901499017,-0.0001449541163214167,0.00013238070901499017
241,12.05,-1.1362441659112932e-05,-1.079363051107907e-05,-5.688111480338616e-07,-0.00014391424025055679,0.00013255179859144385,-0.00014391424025055679,0.00013255179859144385
242,12.100000000000001,-1.1676821420669725e-05,-1.1555714760151982e-05,-1.211066605177434e-07,-0.000144985915433049,0.00013330909401237928,-0.000144985915433049,0.00013330909401237928
243,12.15,-9.506572173689776e-06,-1.0457771577005512e-05,9.511994033157366e-07,-0.0001441433295084221,0.00013463675733473232,-0.0001441433295084221,0.00013463675733473232
244,12.200000000000001,-1.0544532798917317e-05,-1.1136194562791327e-05,5.916617638740102e-07,-0.00014512366349814172,0.0001345791306992244,-0.00014512366349814172,0.0001345791306992244
245,12.25,-1.0499666601937463e-05,-1.0619648735036408e-05,1.199821330989453e-07,-0.0001448534537918224,0.00013435378718988492,-0.0001448534537918224,0.00013435378718988492
246,12.3,-1.133304018430259e-05,-1.1465206055759679e-05,1.321658714570892e-07,-0.0001472761902511658,0.0001359431500668632,-0.0001472761902511658,0.0001359431500668632
247,12.350000000000001,-1.060083240100873e-05,-1.0361392343215516e-05,-2.394400577932147e-07,-0.00014641573235557194,0.0001358148999545632,-0.00014641573235557194,0.0001358148999545632
248,12.4,-1.1343936904273377e-05,-1.1060912183164726e-05,-2.8302472110865133e-07,-0.00014743328826652527,0.0001360893513622519,-0.00014743328826652527,0.0001360893513622519
249,12.450000000000001,-9.193116437211657e-06,-9.991181543490181e-06,7.980651062785242e-07,-0.0001465918620919358,0.00013739874565472414,-0.0001465918620919358,0.00013739874565472414
250,12.5,-1.0227519630312543e-05,-1.0690211416172506e-05,4.6269178585996374e-07,-0.00014757655012995793,0.0001373490304996454,-0.00014757655012995793,0.0001373490304996454
251,12.55,-9.30448879121748e-06,-9.60305090960601e-06,2.985621183885298e-07,-0.00014671924808611148,0.000137414759294894,-0.00014671924808611148,0.000137414759294894
252,12.600000000000001,-1.0536881417388955e-05,-1.0373529938169778e-05,-1.633514792191764e-07,-0.00014777509097786532,0.00013723820956047637,-0.00014777509097786532,0.00013723820956047637
253,12.65,-9.358248356683418e-06,-9.256836734928471e-06,-1.0141162175494703e-07,-0.0001468929387495091,0.00013753469039282567,-0.0001468929387495091,0.00013753469039282567
254,12.700000000000001,-1.0427784539857043e-05,-9.985058920200082e-06,-4.427256196569612e-07,-0.00014788225158251378,0.00013745446704265673,-0.00014788225158251378,0.00013745446704265673
255,12.75,-9.565221342100472e-06,-8.908243043024847e-06,-6.569782990756248e-07,-0.00014702362165682148,0.000137458400314721,-0.00014702362165682148,0.000137458400314721
256,12.8,-1.0015914259753345e-05,-8.829402059453955e-06,-1.1865122002993895e-06,-0.00014720223363897373,0.0001371863193792204,-0.00014720223363897373,0.0001371863193792204
257,12.850000000000001,-9.783111817984746e-06,-9.527057127214475e-06,-2.5605469077027115e-07,-0.00014817369833870474,0.00013839058652072,-0.00014817369833870474,0.00013839058652072
258,12.9,-8.199355427729316e-06,-8.435150615402796e-06,2.3579518767348007e-07,-0.00014728352901265275,0.00013908417358492344,-0.00014728352901265275,0.00013908417358492344
259,12.950000000000001,-8.803731548212568e-06,-9.216567661513347e-06,4.128361133007794e-07,-0.0001483107684127723,0.00013950703686455972,-0.0001483107684127723,0.00013950703686455972
260,13.0,-7.94454985375559e-06,-8.256616476063134e-06,3.120666223075443e-07,-0.0001475386716717019,0.00013959412181794632,-0.0001475386716717019,0.00013959412181794632
261,13.05,-8.703283885136415e-06,-8.941085679219192e-06,2.3780179408277716e-07,-0.000148489426624657,0.0001397861427395206,-0.000148489426624657,0.0001397861427395206
262,13.100000000000001,-7.651656179330502e-06,-7.85757354394339e-06,2.0591736461288837e-07,-0.00014759781726637617,0.00013994616108704567,-0.00014759781726637617,0.00013994616108704567
263,13.15,-8.05147413140972e-06,-7.84061860224377e-06,-2.1085552916594975e-07,-0.0001477934902988454,0.00013974201616743568,-0.0001477934902988454,0.00013974201616743568
264,13.200000000000001,-8.692277191357789e-06,-8.540462091320765e-06,-1.5181510003702392e-07,-0.0001487565354920656,0.0001400642583007078,-0.0001487565354920656,0.0001400642583007078
265,13.25,-7.442589952999512e-06,-7.682615114538202e-06,2.400251615386896e-07,-0.00015041309871212524,0.00014297050875912572,-0.00015041309871212524,0.00014297050875912572
266,13.3,-7.992775523879558e-06,-8.505396894385139e-06,5.126213705055806e-07,-0.0001514452215179702,0.00014345244599409064,-0.0001514452215179702,0.00014345244599409064
267,13.350000000000001,-7.619177019746459e-06,-7.783754537489282e-06,1.6457751774282307e-07,-0.00015084866112265134,0.00014322948410290488,-0.00015084866112265134,0.00014322948410290488
268,13.4,-7.203378278086703e-06,-7.455549091144516e-06,2.521708130578132e-07,-0.0001507669147339932,0.0001435635364559065,-0.0001507669147339932,0.0001435635364559065
269,13.450000000000001,-7.806363347073741e-06,-8.289130241574735e-06,4.82766894500994e-07,-0.00015180077331872183,0.0001439944099716481,-0.00015180077331872183,0.0001439944099716481
270,13.5,-6.644190989391063e-06,-7.206164036532254e-06,5.619730471411903e-07,-0.00015086360080676043,0.00014421940981736937,-0.00015086360080676043,0.00014421940981736937
271,13.55,-7.74367101930018e-06,-8.075907707814877e-06,3.322366885146971e-07,-0.0001518858677905227,0.00014414219677122252,-0.0001518858677905227,0.00014414219677122252
272,13.600000000000001,-6.436821573529983e-06,-6.739378210202298e-06,3.0255663667231557e-07,-0.0001507530131166838,0.0001443161915431538,-0.0001507530131166838,0.0001443161915431538
273,13.65,-6.5438388676675174e-06,-6.609649753294549e-06,6.581088562703124e-08,-0.00015080153455536316,0.00014425769568769564,-0.00015080153455536316,0.00014425769568769564
274,13.700000000000001,-7.011446828908419e-06,-7.02697882588125e-06,1.5531996972831443e-08,-0.0001513551044894326,0.0001443436576605242,-0.0001513551044894326,0.0001443436576605242
275,13.75,-6.983588422659892e-06,-6.657305426766093e-06,-3.262829958937993e-07,-0.00015122734852227574,0.00014424376009961585,-0.00015122734852227574,0.00014424376009961585
276,13.8,-7.054585795085444e-06,-6.519666154873096e-06,-5.349196402123485e-07,-0.0001512667656087599,0.00014421217981367446,-0.0001512667656087599,0.00014421217981367446
277,13.850000000000001,-5.790080675582843e-06,-6.391417136413369e-06,6.013364608305262e-07,-0.0001513160335753795,0.00014552595289979667,-0.0001513160335753795,0.00014552595289979667
278,13.9,-5.820024823188774e-06,-6.542751173867857e-06,7.227263506790832e-07,-0.000151579834545397,0.00014575980972220823,-0.000151579834545397,0.00014575980972220823
279,13.950000000000001,-5.814950678528774e-06,-6.151698267965717e-06,3.3674758943694304e-07,-0.00015142852125003093,0.00014561357057150216,-0.00015142852125003093,0.00014561357057150216
280,14.0,-5.894527688621309e-06,-6.0301412575677324e-06,1.3561356894642306e-07,-0.0001514721700506852,0.00014557764236206388,-0.0001514721700506852,0.00014557764236206388
281,14.05,-5.965603236068873e-06,-5.912203431912555e-06,-5.33998041563173e-08,-0.00015151704902254857,0.0001455514457864797,-0.00015151704902254857,0.0001455514457864797
282,14.100000000000001,-6.113769600357699e-06,-6.118010571810415e-06,4.2409714527157826e-09,-0.0001518215954176557,0.000145707825817298,-0.0001518215954176557,0.000145707825817298
283,14.15,-6.9727074052394755e-06,-6.869563080163991e-06,-1.0314432507548469e-07,-0.0001528110642802419,0.00014583835687500242,-0.0001528110642802419,0.00014583835687500242
284,14.200000000000001,-6.985726948016691e-06,-6.742666871126249e-06,-2.4306007689044155e-07,-0.00015283946173597207,0.00014585373478795538,-0.00015283946173597207,0.00014585373478795538
285,14.25,-7.128237452302955e-06,-6.961098761663231e-06,-1.6713869063972334e-07,-0.00015314347083423,0.00014601523338192706,-0.00015314347083423,0.00014601523338192706
286,14.3,-7.201048829008627e-06,-6.521235397918031e-06,-6.79813431090596e-07,-0.00015293999664489456,0.00014573894781588594,-0.00015293999664489456,0.00014573894781588594
287,14.350000000000001,-7.315082669157036e-06,-6.393876639621802e-06,-9.212060295352337e-07,-0.00015296073973430061,0.00014564565706514358,-0.00015296073973430061,0.00014564565706514358
288,14.4,-7.430774200400947e-06,-6.284978876007446e-06,-1.1457953243935007e-06,-0.0001529977178496435,0.00014556694364924256,-0.0001529977178496435,0.00014556694364924256
289,14.450000000000001,-7.6020718826619316e-06,-6.554307505728677e-06,-1.0477643769332549e-06,-0.00015333569663264845,0.00014573362474998652,-0.00015333569663264845,0.00014573362474998652
290,14.5,-7.632977648164285e-06,-6.095660649818238e-06,-1.5373169983460474e-06,-0.0001531119499977653,0.000145478972349601,-0.0001531119499977653,0.000145478972349601
291,14.55,-7.715840409705521e-06,-6.002497204341703e-06,-1.7133432053638177e-06,-0.00015316225031890315,0.00014544640990919763,-0.00015316225031890315,0.00014544640990919763
292,14.600000000000001,-7.88177372545995e-06,-6.3173878471924894e-06,-1.5643858782674613e-06,-0.00015353339903945802,0.00014565162531399807,-0.00015353339903945802,0.00014565162531399807
293,14.65,-7.647094802942789e-06,-5.844038295551215e-06,-1.8030565073915736e-06,-0.0001532890483003105,0.00014564195349736771,-0.0001532890483003105,0.00014564195349736771
294,14.700000000000001,-6.657702101620089e-06,-5.758962515733178e-06,-8.987395858869107e-07,-0.0001533409626659219,0.00014668326056430182,-0.0001533409626659219,0.00014668326056430182
295,14.75,-6.649992369212043e-06,-5.666442577282655e-06,-9.835497919293881e-07,-0.00015337440927449826,0.0001467244169052862,-0.00015337440927449826,0.0001467244169052862
296,14.8,-6.4078888089014185e-06,-6.011415511929316e-06,-3.964732969721025e-07,-0.00015376490691428068,0.00014735701810537926,-0.00015376490691428068,0.00014735701810537926
297,14.850000000000001,-5.755016101449684e-06,-5.5156230071638936e-06,-2.393930942857901e-07,-0.00015349724982568848,0.0001477422337242388,-0.00015349724982568848,0.0001477422337242388
298,14.9,-5.263674909716798e-06,-5.440129923770265e-06,1.7645501405346684e-07,-0.00015355101301640917,0.00014828733810669237,-0.00015355101301640917,0.00014828733810669237
299,14.950000000000001,-4.202638390626845e-06,-5.7974626268279964e-06,1.5948242362011515e-06,-0.00015393374502531258,0.00014973110663468573,-0.00015393374502531258,0.00014973110663468573
300,15.0,-4.670190613786929e-06,-5.975205281189921e-06,1.3050146674029922e-06,-0.0001543811390342599,0.00014971094842047296,-0.0001543811390342599,0.00014971094842047296
301,15.05,-4.790835826939954e-06,-5.938748096587215e-06,1.147912269647261e-06,-0.00015591522665297461,0.00015112439082603466,-0.00015591522665297461,0.00015112439082603466
302,15.100000000000001,-4.2175536920652235e-06,-5.821989343588787e-06,1.6044356515235639e-06,-0.00015590938197105556,0.00015169182827899034,-0.00015590938197105556,0.00015169182827899034
303,15.15,-3.927531244007909e-06,-5.724986182478438e-06,1.7974549384705293e-06,-0.00015593107935297568,0.00015200354810896777,-0.00015593107935297568,0.00015200354810896777
304,15.200000000000001,-4.27286528337234e-06,-5.842448003177794e-06,1.5695827198054537e-06,-0.00015616567080864384,0.0001518928055252715,-0.00015616567080864384,0.0001518928055252715
305,15.25,-4.399307675040376e-06,-5.7498218212836746e-06,1.3505141462432987e-06,-0.00015618853036239563,0.00015178922268735526,-0.00015618853036239563,0.00015178922268735526
306,15.3,-4.5259003265130104e-06,-5.654393728438522e-06,1.1284934019255118e-06,-0.00015620242875734149,0.00015167652843082848,-0.00015620242875734149,0.00015167652843082848
307,15.350000000000001,-4.694909837343886e-06,-5.5598910894876336e-06,8.649812521437478e-07,-0.00015622494498096937,0.00015153003514362548,-0.00015622494498096937,0.00015153003514362548
308,15.4,-4.741852789758028e-06,-5.625281403735141e-06,8.834286139771137e-07,-0.00015458742720991802,0.00014984557442016,-0.00015458742720991802,0.00014984557442016
309,15.450000000000001,-4.882142056628069e-06,-5.525624108561961e-06,6.43482051933892e-07,-0.00015456459238501042,0.00014968245032838235,-0.00015456459238501042,0.00014968245032838235
310,15.5,-5.166774567300081e-06,-5.526458519929867e-06,3.596839526297863e-07,-0.0001546460368644445,0.00014947926229714442,-0.0001546460368644445,0.00014947926229714442
311,15.55,-4.481838332015542e-06,-5.230804593943994e-06,7.489662619284517e-07,-0.00015443024920480737,0.00014994841087279183,-0.00015443024920480737,0.00014994841087279183
312,15.600000000000001,-4.438899619652048e-06,-5.1226578121208e-06,6.837581924687524e-07,-0.0001544012185199939,0.00014996231890034186,-0.0001544012185199939,0.00014996231890034186
313,15.65,-4.6176323440505485e-06,-5.019270165031062e-06,4.0163782098051356e-07,-0.00015437619124814028,0.00014975855890408973,-0.00015437619124814028,0.00014975855890408973
314,15.700000000000001,-4.5465221953922e-06,-4.922044505150815e-06,3.7552230975861496e-07,-0.00015435656546234668,0.00014981004326695448,-0.00015435656546234668,0.00014981004326695448
315,15.75,-4.408710470027444e-06,-4.833241003022846e-06,4.245305329954019e-07,-0.0001543482990861972,0.00014993958861616975,-0.0001543482990861972,0.00014993958861616975
316,15.8,-4.776535462269749e-06,-5.0214414832628146e-06,2.449060209930659e-07,-0.0001546075540412394,0.00014983101857896964,-0.0001546075540412394,0.00014983101857896964
317,15.850000000000001,-4.878258622165177e-06,-4.939725648187095e-06,6.146702602191845e-08,-0.00015462396687842715,0.00014974570825626197,-0.00015462396687842715,0.00014974570825626197
318,15.9,-5.0029066978041214e-06,-4.849512617857794e-06,-1.5339407994632755e-07,-0.0001546221868376005,0.00014961928013979638,-0.0001546221868376005,0.00014961928013979638
319,15.950000000000001,-5.124456339711259e-06,-4.7681485537173534e-06,-3.5630778599390513e-07,-0.00015463278591656455,0.0001495083295768533,-0.00015463278591656455,0.0001495083295768533
320,16.0,-5.259078133201811e-06,-4.693065649962643e-06,-5.66012483239168e-07,-0.00015465293949875057,0.00014939386136554876,-0.00015465293949875057,0.00014939386136554876
321,16.05,-5.3512062214711165e-06,-4.611139989359101e-06,-7.400662321120153e-07,-0.00015465655308188273,0.00014930534686041162,-0.00015465655308188273,0.00014930534686041162
322,16.1,-4.927619243533243e-06,-4.146525121063041e-06,-7.810941224702021e-07,-0.00015428101624999775,0.0001493533970064645,-0.00015428101624999775,0.0001493533970064645
323,16.150000000000002,-4.926809372918228e-06,-4.009017934847328e-06,-9.177914380709005e-07,-0.00015428071430228073,0.0001493539049293625,-0.00015428071430228073,0.0001493539049293625
324,16.2,-4.09154927361044e-06,-3.924198035948007e-06,-1.673512376624326e-07,-0.0001543613133829973,0.00015026976410938687,-0.0001543613133829973,0.00015026976410938687
325,16.25,-4.296143000681596e-06,-4.314041678561142e-06,1.7898677879545923e-08,-0.00015491845678913468,0.0001506223137884531,-0.00015491845678913468,0.0001506223137884531
326,16.3,-3.915273741883496e-06,-3.790010692337893e-06,-1.2526304954560314e-07,-0.0001545142433820148,0.00015059896964013131,-0.0001545142433820148,0.00015059896964013131
327,16.35,-4.377953219947273e-06,-4.0457026615888246e-06,-3.32250558358448e-07,-0.00015567836240400884,0.00015130040918406157,-0.00015567836240400884,0.00015130040918406157
328,16.400000000000002,-4.5295645216825164e-06,-3.8502034279944114e-06,-6.79361093688105e-07,-0.00015949958173557943,0.0001549700172138969,-0.00015949958173557943,0.0001549700172138969
329,16.45,-4.605499244636491e-06,-3.94730069804402e-06,-6.581985465924702e-07,-0.00015600494574547725,0.00015139944650084075,-0.00015600494574547725,0.00015139944650084075
330,16.5,-4.920332113966808e-06,-4.2738646308070366e-06,-6.464674831597711e-07,-0.00016033376429425744,0.00015541343218029063,-0.00016033376429425744,0.00015541343218029063
331,16.55,-3.904772583940286e-06,-3.845456862167887e-06,-5.931572177239851e-08,-0.000156233209725423,0.0001523284371414827,-0.000156233209725423,0.0001523284371414827
332,16.6,-3.905357029099221e-06,-3.564130616907894e-06,-3.4122641219132727e-07,-0.00015995707389488296,0.00015605171686578374,-0.00015995707389488296,0.00015605171686578374
333,16.650000000000002,-4.038033972530997e-06,-3.688870768698162e-06,-3.4916320383283457e-07,-0.00015644169316709168,0.00015240365919456068,-0.00015644169316709168,0.00015240365919456068
334,16.7,-4.0872026598748334e-06,-3.43387443847838e-06,-6.533282213964533e-07,-0.00016019525502028266,0.00015610805236040783,-0.00016019525502028266,0.00015610805236040783
335,16.75,-4.243678878523838e-06,-3.584048425732908e-06,-6.596304527909297e-07,-0.0001566896404346408,0.00015244596155611695,-0.0001566896404346408,0.00015244596155611695
336,16.8,-4.7232234929861505e-06,-3.893937179218466e-06,-8.292863137676842e-07,-0.00016100697512133654,0.0001562837516283504,-0.00016100697512133654,0.0001562837516283504
337,16.85,-4.416230591886006e-06,-3.500991208306063e-06,-9.152393835799427e-07,-0.00015690593483086248,0.00015248970423897647,-0.00015690593483086248,0.00015248970423897647
338,16.900000000000002,-4.426753317243737e-06,-3.4366124173119808e-06,-9.90140899931756e-07,-0.00015695948042168472,0.00015253272710444098,-0.00015695948042168472,0.00015253272710444098
339,16.95,-4.154310791815163e-06,-3.2448477419241897e-06,-9.094630498909737e-07,-0.00016077841569634902,0.00015662410490453385,-0.00016077841569634902,0.00015662410490453385
340,17.0,-3.2737673490990105e-05,-3.0781695215746187e-05,-1.955978275243918e-06,-0.0001612784099272295,0.0001285407364362394,-0.0001612784099272295,0.0001285407364362394
341,17.05,-3.3129695745870436e-05,-2.9565744875431656e-05,-3.56395087043878e-06,-0.00015633155045779128,0.00012320185471192084,-0.00015633155045779128,0.00012320185471192084
342,17.1,-3.555426836854281e-05,-3.052242061642614e-05,-5.031847752116668e-06,-0.00016126310204467125,0.00012570883367612844,-0.00016126310204467125,0.00012570883367612844
343,17.150000000000002,-3.4195501515732474e-05,-2.9413825932652516e-05,-4.781675583079958e-06,-0.00015641049883768449,0.000122214997321952,-0.00015641049883768449,0.000122214997321952
344,17.2,-3.3448196675500697e-05,-2.7719853724297538e-05,-5.728342951203159e-06,-0.0001586975874460216,0.00012524939077052092,-0.0001586975874460216,0.00012524939077052092
345,17.25,-2.8867717269731585e-05,-2.7079532143697792e-05,-1.788185126033793e-06,-0.0001543188443913794,0.00012545112712164782,-0.0001543188443913794,0.00012545112712164782
346,17.3,-1.8181139414208403e-05,-2.5558973878704187e-05,7.377834464495784e-06,-0.0001568013943526033,0.0001386202549383949,-0.0001568013943526033,0.0001386202549383949
347,17.35,-1.9955816460193176e-05,-2.495398406598865e-05,4.998167605795472e-06,-0.00015636673894558296,0.00013641092248538978,-0.00015636673894558296,0.00013641092248538978
348,17.400000000000002,-2.1422974420648444e-05,-2.423098483317652e-05,2.808010412528076e-06,-0.00015187713418212315,0.0001304541597614747,-0.00015187713418212315,0.0001304541597614747
349,17.45,-2.194020892387627e-05,-2.2616851638384405e-05,6.766427145081352e-07,-0.00015427179294608375,0.00013233158402220748,-0.00015427179294608375,0.00013233158402220748
350,17.5,-2.3674840772702765e-05,-2.2745341270701873e-05,-9.294995020008922e-07,-0.0001506208244828781,0.00012694598371017533,-0.0001506208244828781,0.00012694598371017533
351,17.55,-2.37827474758312e-05,-2.1267035460949645e-05,-2.5157120148815555e-06,-0.00015310941245343015,0.00012932666497759895,-0.00015310941245343015,0.00012932666497759895
352,17.6,-2.533958454220553e-05,-2.0974307483288163e-05,-4.365277058917366e-06,-0.00014902706578737688,0.00012368748124517135,-0.00014902706578737688,0.00012368748124517135
353,17.650000000000002,-2.455156116809576e-05,-1.9696666485216977e-05,-4.854894682878782e-06,-0.00015176363196433112,0.00012721207079623536,-0.00015176363196433112,0.00012721207079623536
354,17.7,-2.0984901952569857e-05,-1.839163539719419e-05,-2.593266555375666e-06,-0.00015060966839944287,0.00012962476644687301,-0.00015060966839944287,0.00012962476644687301
355,17.75,-2.1304624590934296e-05,-2.1063617274842475e-05,-2.4100731609182066e-07,-0.00014946936478113022,0.00012816474019019592,-0.00014946936478113022,0.00012816474019019592
356,17.8,-2.2175845338701095e-05,-2.0266385171048714e-05,-1.9094601676523807e-06,-0.00015269013203721276,0.00013051428669851167,-0.00015269013203721276,0.00013051428669851167
357,17.85,-1.8343614133220498e-05,-2.025910314470938e-05,1.9154890114888826e-06,-0.00014885967519230283,0.00013051606105908233,-0.00014885967519230283,0.00013051606105908233
358,17.900000000000002,-1.5244481772258567e-05,-1.898568443337602e-05,3.7412026611174548e-06,-0.00015160688106306366,0.0001363623992908051,-0.00015160688106306366,0.0001363623992908051
359,17.95,-1.6967570880543903e-05,-1.7970026303779127e-05,1.0024554232352243e-06,-0.00015073048953718728,0.00013376291865664338,-0.00015073048953718728,0.00013376291865664338
360,18.0,-1.7577321108852573e-05,-1.759084363407142e-05,1.3522525218848146e-08,-0.0001464936820267117,0.00012891636091785913,-0.0001464936820267117,0.00012891636091785913
361,18.05,-1.846957055828824e-05,-1.7091280650514607e-05,-1.3782899077736324e-06,-0.00015001828069148115,0.0001315487101331929,-0.00015001828069148115,0.0001315487101331929
362,18.1,-1.797353143984104e-05,-1.6426260499393525e-05,-1.5472709404475142e-06,-0.0001494694441793782,0.00013149591273953716,-0.0001494694441793782,0.00013149591273953716
363,18.150000000000002,-1.7770698778063476e-05,-1.612251061574205e-05,-1.648188162321426e-06,-0.00014529200275346287,0.0001275213039753994,-0.00014529200275346287,0.0001275213039753994
364,18.2,-1.4525199715009762e-05,-1.5778931397769054e-05,1.253731682759292e-06,-0.0001489755990250804,0.00013445039931007065,-0.0001489755990250804,0.00013445039931007065
365,18.25,-1.5414962439619373e-05,-1.6003153262300406e-05,5.881908226810328e-07,-0.00014930934581769425,0.00013389438337807488,-0.00014930934581769425,0.00013389438337807488
366,18.3,-1.4227595632076984e-05,-1.5948706286145373e-05,1.7211106540683897e-06,-0.00014536593258184075,0.00013113833694976376,-0.00014536593258184075,0.00013113833694976376
367,18.35,-1.4978108223040465e-05,-1.5326560827610638e-05,3.484526045701732e-07,-0.000148773463465588,0.00013379535524254754,-0.000148773463465588,0.00013379535524254754
368,18.400000000000002,-1.5258409729046463e-05,-1.497286220960001e-05,-2.855475194464526e-07,-0.0001485232350113882,0.00013326482528234175,-0.0001485232350113882,0.00013326482528234175
369,18.45,-1.703148780762831e-05,-1.5043912775815843e-05,-1.9875750318124664e-06,-0.00014469096698108334,0.00012765947917345503,-0.00014469096698108334,0.00012765947917345503
370,18.5,-1.574920174274297e-05,-1.378013414477549e-05,-1.969067597967479e-06,-0.00014745904884185142,0.00013170984709910845,-0.00014745904884185142,0.00013170984709910845
371,18.55,-1.502618622684082e-05,-1.3281569954207403e-05,-1.744616272633418e-06,-0.00014708014790063226,0.00013205396167379144,-0.00014708014790063226,0.00013205396167379144
372,18.6,-1.6139848989960015e-05,-1.3115027351964324e-05,-3.0248216379956913e-06,-0.00014703033118266008,0.00013089048219270006,-0.00014703033118266008,0.00013089048219270006
373,18.650000000000002,-1.5427339195683842e-05,-1.2761211846152366e-05,-2.6661273495314765e-06,-0.00014679037458296403,0.0001313630353872802,-0.00014679037458296403,0.0001313630353872802
374,18.7,-1.2039957331122508e-05,-1.2480596952985025e-05,4.406396218625168e-07,-0.00014664094799273213,0.00013460099066160962,-0.00014664094799273213,0.00013460099066160962
375,18.75,-1.3852362187538603e-05,-1.3085447237800026e-05,-7.669149497385764e-07,-0.000147358283852227,0.0001335059216646884,-0.000147358283852227,0.0001335059216646884
376,18.8,-1.2811335100559873e-05,-1.3894597582762074e-05,1.0832624822022007e-06,-0.00014825123525814935,0.00013543990015758947,-0.00014825123525814935,0.00013543990015758947
377,18.85,-1.1529768159990184e-05,-1.2534097986908037e-05,1.0043298269178536e-06,-0.0001469416160139057,0.00013541184785391552,-0.0001469416160139057,0.00013541184785391552
378,18.900000000000002,-1.1846038288743088e-05,-1.226432848967629e-05,4.182902009332015e-07,-0.00014675317074728446,0.00013490713245854137,-0.00014675317074728446,0.00013490713245854137
379,18.95,-1.1704515140431582e-05,-1.2952285263419801e-05,1.2477701229882198e-06,-0.00014752057353603987,0.00013581605839560828,-0.00014752057353603987,0.00013581605839560828
380,19.0,-1.2591689398266936e-05,-1.1727306751788068e-05,-8.64382646478868e-07,-0.0001463261746919572,0.00013373448529369026,-0.0001463261746919572,0.00013373448529369026
381,19.05,-1.283823076891899e-05,-1.150009098577461e-05,-1.3381397831443793e-06,-0.00014619188143609794,0.00013335365066717895,-0.00014619188143609794,0.00013335365066717895
382,19.1,-1.1723312632883065e-05,-1.1223938850783372e-05,-4.99373782099693e-07,-0.0001459910966930623,0.00013426778406017923,-0.0001459910966930623,0.00013426778406017923
383,19.150000000000002,-1.3943555314810396e-05,-1.216349431861842e-05,-1.7800609961919771e-06,-0.00014700426496190794,0.00013306070964709754,-0.00014700426496190794,0.00013306070964709754
384,19.200000000000003,-1.3644768167342392e-05,-1.1622271071821416e-05,-2.022497095520976e-06,-0.0001464880480404211,0.0001328432798730787,-0.0001464880480404211,0.0001328432798730787
385,19.25,-1.1827817141263353e-05,-1.113458014118025e-05,-6.932370000831024e-07,-0.00014608757143480894,0.00013425975429354558,-0.00014608757143480894,0.00013425975429354558
386,19.3,-1.3863100112088134e-05,-1.2028835598517634e-05,-1.8342645135704994e-06,-0.00014705172569254884,0.0001331886255804607,-0.00014705172569254884,0.0001331886255804607
387,19.35,-1.2090205947723476e-05,-1.0804263536307098e-05,-1.2859424114163782e-06,-0.00014584862309757827,0.0001337584171498548,-0.00014584862309757827,0.0001337584171498548
388,19.400000000000002,-9.640611770889151e-06,-1.0549733777734292e-05,9.091220068451406e-07,-0.00014566182569434555,0.0001360212139234564,-0.00014566182569434555,0.0001360212139234564
389,19.450000000000003,-1.14857939270685e-05,-1.0755048647578348e-05,-7.307452794901518e-07,-0.00014593328080966643,0.00013444748688259793,-0.00014593328080966643,0.00013444748688259793
390,19.5,-1.0035909899785977e-05,-1.0225359738870655e-05,1.8944983908467735e-07,-0.00014548394655385772,0.00013544803665407174,-0.00014548394655385772,0.00013544803665407174
391,19.55,-1.1227757890974743e-05,-1.0765022383287396e-05,-4.6273550768734774e-07,-0.00014608694755076146,0.0001348591896597867,-0.00014608694755076146,0.0001348591896597867
392,19.6,-9.113279717087863e-06,-9.603165253445779e-06,4.898855363579157e-07,-0.00014494028358038384,0.00013582700386329598,-0.00014494028358038384,0.00013582700386329598
393,19.650000000000002,-9.148288307336827e-06,-9.762720206656874e-06,6.144318993200474e-07,-0.00014516129135388185,0.00013601300304654502,-0.00014516129135388185,0.00013601300304654502
394,19.700000000000003,-8.864912063089037e-06,-9.961128823277378e-06,1.0962167601883416e-06,-0.00014541969694949013,0.0001365547848864011,-0.00014541969694949013,0.0001365547848864011
395,19.75,-8.6791376792128e-06,-9.828258206524399e-06,1.1491205273115982e-06,-0.00014536103868562018,0.00013668190100640738,-0.00014536103868562018,0.00013668190100640738
396,19.8,-1.0907708057672494e-05,-1.0520083498308695e-05,-3.876245593637991e-07,-0.0001461103320941494,0.0001352026240364769,-0.0001461103320941494,0.0001352026240364769
397,19.85,-9.01020415744469e-06,-9.454658307461062e-06,4.4445415001637193e-07,-0.0001450544876661003,0.0001360442835086556,-0.0001450544876661003,0.0001360442835086556
398,19.900000000000002,-9.166588877285164e-06,-9.282488135156468e-06,1.1589925787130402e-07,-0.0001449381525168545,0.00013577156363956934,-0.0001449381525168545,0.00013577156363956934
399,19.950000000000003,-1.0629468607525894e-05,-9.574854866645742e-06,-1.0546137408801514e-06,-0.00014528502079375137,0.00013465555218622547,-0.00014528502079375137,0.00013465555218622547
400,20.0,-9.432029195233227e-06,-8.991147241140495e-06,-4.4088195409273217e-07,-0.00014477002806813005,0.00013533799887289683,-0.00014477002806813005,0.00013533799887289683
401,20.05,-9.18542758499008e-06,-8.837659411500874e-06,-3.4776817348920635e-07,-0.00014466875800294218,0.0001354833304179521,-0.00014466875800294218,0.0001354833304179521
402,20.1,-9.753503676268593e-06,-9.575368301999286e-06,-1.7813537426930717e-07,-0.00014545742842625634,0.00013570392474998775,-0.00014545742842625634,0.00013570392474998775
403,20.150000000000002,-8.718684610498073e-06,-8.66182235890696e-06,-5.6862251591113596e-08,-0.0001445472392823634,0.00013582855467186532,-0.0001445472392823634,0.00013582855467186532
404,20.200000000000003,-8.823855160100535e-06,-8.522920478820013e-06,-3.009346812805228e-07,-0.00014445795322764627,0.00013563409806754574,-0.00014445795322764627,0.00013563409806754574
405,20.25,-8.876825207781991e-06,-8.388884821509942e-06,-4.87940386272049e-07,-0.00014437233892026068,0.0001354955137124787,-0.00014437233892026068,0.0001354955137124787
406,20.3,-8.639664418552684e-06,-8.895694971778495e-06,2.560305532258113e-07,-0.00014492640537816414,0.00013628674095961146,-0.00014492640537816414,0.00013628674095961146
407,20.35,-7.2898797551790295e-06,-8.171213899029194e-06,8.813341438501647e-07,-0.0001442633870842046,0.00013697350732902558,-0.0001442633870842046,0.00013697350732902558
408,20.400000000000002,-7.395335513082912e-06,-8.049552691706206e-06,6.542171786232933e-07,-0.00014418703505526074,0.00013679169954217783,-0.00014418703505526074,0.00013679169954217783
409,20.450000000000003,-7.944888883670842e-06,-7.878415765481574e-06,-6.647311818926805e-08,-0.00014406010808900788,0.00013611521920533704,-0.00014406010808900788,0.00013611521920533704
410,20.5,-7.445131142258532e-06,-7.695699086502986e-06,2.505679442444541e-07,-0.00014394333998541328,0.00013649820884315474,-0.00014394333998541328,0.00013649820884315474
411,20.55,-7.327154446734596e-06,-7.584805924716229e-06,2.5765147798163256e-07,-0.00014389681996508408,0.00013656966551834948,-0.00014389681996508408,0.00013656966551834948
412,20.6,-8.82252811962303e-06,-8.250534562191442e-06,-5.719935574315879e-07,-0.0001446253841840218,0.00013580285606439878,-0.0001446253841840218,0.00013580285606439878
413,20.650000000000002,-6.80253623164262e-06,-7.41743341178165e-06,6.148971801390305e-07,-0.0001438685041964466,0.00013706596796480398,-0.0001438685041964466,0.00013706596796480398
414,20.700000000000003,-7.478087284740198e-06,-8.476761027855898e-06,9.986737431157e-07,-0.0001449879620751895,0.0001375098747904493,-0.0001449879620751895,0.0001375098747904493
415,20.75,-6.5954763532882765e-06,-7.507623329065409e-06,9.121469757771324e-07,-0.00014403134684233857,0.0001374358704890503,-0.00014403134684233857,0.0001374358704890503
416,20.8,-6.214622239486545e-06,-7.128371957232585e-06,9.137497177460404e-07,-0.00014371044610363775,0.0001374958238641512,-0.00014371044610363775,0.0001374958238641512
417,20.85,-7.186354794352923e-06,-7.449348462385109e-06,2.629936680321866e-07,-0.0001440884455053474,0.0001369020907109945,-0.0001440884455053474,0.0001369020907109945
418,20.900000000000002,-6.388949247426723e-06,-7.006266882645538e-06,6.173176352188154e-07,-0.0001437010122911223,0.00013731206304369557,-0.0001437010122911223,0.00013731206304369557
419,20.950000000000003,-7.344327180414112e-06,-7.683434235593793e-06,3.391070551796808e-07,-0.00014443248704814813,0.000137088159867734,-0.00014443248704814813,0.000137088159867734
420,21.0,-7.277078488465705e-06,-7.153023094515781e-06,-1.240553939499234e-07,-0.00014396983163525185,0.00013669275314678615,-0.00014396983163525185,0.00013669275314678615
421,21.05,-6.5689036468086215e-06,-6.738611840915528e-06,1.697081941069067e-07,-0.00014360741322115442,0.0001370385095743458,-0.00014360741322115442,0.0001370385095743458
422,21.1,-6.628212501524899e-06,-6.6485864347324056e-06,2.0373933207506174e-08,-0.00014356811897797236,0.00013693990647644746,-0.00014356811897797236,0.00013693990647644746
423,21.150000000000002,-7.330162809182639e-06,-6.854488112014874e-06,-4.756746971677646e-07,-0.0001438235211783425,0.00013649335836915985,-0.0001438235211783425,0.00013649335836915985
424,21.200000000000003,-6.547882608565203e-06,-6.475305968448383e-06,-7.257664011682016e-08,-0.00014349263921565377,0.00013694475660708857,-0.00014349263921565377,0.00013694475660708857
425,21.25,-7.0491787105275705e-06,-7.312747433970505e-06,2.6356872344293433e-07,-0.00014437721009458588,0.0001373280313840583,-0.00014437721009458588,0.0001373280313840583
426,21.3,-7.717499459047872e-06,-7.51015993714475e-06,-2.07339521903122e-07,-0.00014462061011112623,0.00013690311065207836,-0.00014462061011112623,0.00013690311065207836
427,21.35,-8.022969912646616e-06,-7.576052933273638e-06,-4.46916979372978e-07,-0.00014473137689613666,0.00013670840698349005,-0.00014473137689613666,0.00013670840698349005
428,21.400000000000002,-7.555843797302231e-06,-7.214802495507954e-06,-3.4104130179427677e-07,-0.0001444142588591584,0.00013685841506185618,-0.0001444142588591584,0.00013685841506185618
429,21.450000000000003,-8.102403760368304e-06,-7.379227586781034e-06,-7.2317617358727e-07,-0.00014462173656223001,0.0001365193328018617,-0.00014462173656223001,0.0001365193328018617
430,21.5,-8.117147703545768e-06,-7.26869185131324e-06,-8.484558522325283e-07,-0.00014455320063099696,0.0001364360529274512,-0.00014455320063099696,0.0001364360529274512
431,21.55,-7.279013181538119e-06,-6.956706942706837e-06,-3.223062388312818e-07,-0.00014428218903552963,0.00013700317585399151,-0.00014428218903552963,0.00013700317585399151
432,21.6,-6.1888595577208605e-06,-7.104460421851682e-06,9.156008641308216e-07,-0.0001444699150036647,0.00013828105544594384,-0.0001444699150036647,0.00013828105544594384
433,21.650000000000002,-5.412589582309835e-06,-7.001994639711696e-06,1.5894050574018617e-06,-0.0001444064459189244,0.00013899385633661456,-0.0001444064459189244,0.00013899385633661456
434,21.700000000000003,-5.36504463122256e-06,-6.733225565640844e-06,1.3681809344182839e-06,-0.00014417572216384296,0.0001388106775326204,-0.00014417572216384296,0.0001388106775326204
435,21.75,-5.429206089369032e-06,-6.836307118282194e-06,1.407101028913162e-06,-0.00014431592146530692,0.0001388867153759379,-0.00014431592146530692,0.0001388867153759379
436,21.8,-5.405139397840486e-06,-6.742728157987297e-06,1.3375887601468107e-06,-0.0001442585559012097,0.0001388534165033692,-0.0001442585559012097,0.0001388534165033692
437,21.85,-5.541688165910941e-06,-6.512965985214498e-06,9.712778193035576e-07,-0.00014406412541299464,0.0001385224372470837,-0.00014406412541299464,0.0001385224372470837
438,21.900000000000002,-5.479607279923471e-06,-6.586587269517762e-06,1.106979989594291e-06,-0.00014417221874811871,0.00013869261146819524,-0.00014417221874811871,0.00013869261146819524
439,21.950000000000003,-5.452714697096184e-06,-6.4959459866356445e-06,1.0432312895394608e-06,-0.00014411521141063986,0.00013866249671354368,-0.00014411521141063986,0.00013866249671354368
440,22.0,-5.6692677548042525e-06,-6.3038083701891376e-06,6.345406153848851e-07,-0.00014395589062593658,0.00013828662287113233,-0.00014395589062593658,0.00013828662287113233
441,22.05,-5.526785810561208e-06,-6.350026934678891e-06,8.232411241176831e-07,-0.00014403412937663023,0.00013850734356606902,-0.00014403412937663023,0.00013850734356606902
442,22.1,-6.7014474041116046e-06,-6.5614835684606355e-06,-1.399638356509691e-07,-0.0001442768295079815,0.0001375753821038699,-0.0001442768295079815,0.0001375753821038699
443,22.150000000000002,-6.2400739555545925e-06,-6.674089614466039e-06,4.3401565891144667e-07,-0.00014441992182096796,0.00013817984786541337,-0.00014441992182096796,0.00013817984786541337
444,22.200000000000003,-6.019540705892723e-06,-6.6589743443948234e-06,6.394336385021004e-07,-0.00014443551875863267,0.00013841597805273995,-0.00014443551875863267,0.00013841597805273995
445,22.25,-6.637363424877307e-06,-6.525822651244549e-06,-1.1154077363275828e-07,-0.00014433232797891847,0.00013769496455404116,-0.00014433232797891847,0.00013769496455404116
446,22.3,-6.148782016879295e-06,-6.445387700824271e-06,2.966056839449756e-07,-0.00014428112197033047,0.00013813233995345117,-0.00014428112197033047,0.00013813233995345117
447,22.35,-6.895062084177894e-06,-6.753116005481662e-06,-1.4194607869623222e-07,-0.00014465002879576177,0.00013775496671158388,-0.00014465002879576177,0.00013775496671158388
448,22.400000000000002,-7.040460231477752e-06,-6.8960856890732565e-06,-1.4437454240449553e-07,-0.00014485391947767164,0.0001378134592461939,-0.00014485391947767164,0.0001378134592461939
449,22.450000000000003,-7.102550616755465e-06,-6.566643926368754e-06,-5.359066903867109e-07,-0.0001445514264038315,0.00013744887578707603,-0.0001445514264038315,0.00013744887578707603
450,22.5,-6.765084597848414e-06,-6.510033385427886e-06,-2.550512124205281e-07,-0.00014455376947603203,0.00013778868487818361,-0.00014455376947603203,0.00013778868487818361
451,22.55,-7.145868783364762e-06,-6.1882532928886105e-06,-9.576154904761511e-07,-0.00014428966614888857,0.0001371437973655238,-0.00014428966614888857,0.0001371437973655238
452,22.6,-6.7755337447295005e-06,-6.125914140288965e-06,-6.496196044405351e-07,-0.00014428375636710948,0.00013750822262237997,-0.00014428375636710948,0.00013750822262237997
453,22.650000000000002,-6.707336895228622e-06,-5.956263710262796e-06,-7.510731849658255e-07,-0.00014416931665403907,0.00013746197975881045,-0.00014416931665403907,0.00013746197975881045
454,22.700000000000003,-6.342464227593325e-06,-5.900669223365051e-06,-4.4179500422827435e-07,-0.0001441677422759294,0.00013782527804833607,-0.0001441677422759294,0.00013782527804833607
455,22.75,-6.908301009911355e-06,-5.811331672883197e-06,-1.0969693370281578e-06,-0.00014413126159399628,0.00013722296058408493,-0.00014413126159399628,0.00013722296058408493
456,22.8,-6.995146154098464e-06,-5.733328315428804e-06,-1.26181783866966e-06,-0.00014410497857173633,0.00013710983241763786,-0.00014410497857173633,0.00013710983241763786
457,22.85,-6.540335886873194e-06,-5.702442415541663e-06,-8.37893471331531e-07,-0.0001441247025357731,0.0001375843666488999,-0.0001441247025357731,0.0001375843666488999
458,22.900000000000002,-7.046364044471787e-06,-5.735206836444759e-06,-1.311157208027028e-06,-0.00014420697428213665,0.00013716061023766486,-0.00014420697428213665,0.00013716061023766486
459,22.950000000000003,-6.625701044482568e-06,-5.710955106798508e-06,-9.147459376840604e-07,-0.0001442387920384774,0.00013761309099399484,-0.0001442387920384774,0.00013761309099399484
460,23.0,-7.174820954469752e-06,-5.611909993988757e-06,-1.5629109604809943e-06,-0.00014419482818234797,0.00013702000722787822,-0.00014419482818234797,0.00013702000722787822
461,23.05,-6.7084441897069524e-06,-5.572331841500733e-06,-1.1361123482062198e-06,-0.00014420932307193833,0.00013750087888223138,-0.00014420932307193833,0.00013750087888223138
462,23.1,-7.283599534169127e-06,-5.483672918698744e-06,-1.7999266154703837e-06,-0.00014417374876559086,0.00013689014923142173,-0.00014417374876559086,0.00013689014923142173
463,23.150000000000002,-6.792236403097007e-06,-5.4434852144015025e-06,-1.3487511886955048e-06,-0.0001441856766223472,0.0001373934402192502,-0.0001441856766223472,0.0001373934402192502
464,23.200000000000003,-7.369127947409737e-06,-5.3623610178314425e-06,-2.0067669295782946e-06,-0.00014415571788546579,0.00013678658993805605,-0.00014415571788546579,0.00013678658993805605
465,23.25,-6.817165840056205e-06,-5.508319403679013e-06,-1.3088464363771918e-06,-0.0001443519101771464,0.0001375347443370902,-0.0001443519101771464,0.0001375347443370902
466,23.3,-7.393368649966092e-06,-5.427965978731755e-06,-1.9654026712343375e-06,-0.0001443068298676002,0.0001369134612176341,-0.0001443068298676002,0.0001369134612176341
467,23.35,-6.857301511953295e-06,-5.380518989752139e-06,-1.4767825222011567e-06,-0.00014429391666131747,0.00013743661514936418,-0.00014429391666131747,0.00013743661514936418
468,23.400000000000002,-7.483867974666936e-06,-5.124744690000706e-06,-2.3591232846662297e-06,-0.00014407195302764666,0.00013658808505297973,-0.00014407195302764666,0.00013658808505297973
469,23.450000000000003,-6.816037829260324e-06,-5.2057926970567346e-06,-1.6102451322035895e-06,-0.00014420014710804765,0.00013738410927878732,-0.00014420014710804765,0.00013738410927878732
470,23.5,-6.397213547337799e-06,-5.1111719947888385e-06,-1.2860415525489604e-06,-0.00014413778078166823,0.00013774056723433044,-0.00014413778078166823,0.00013774056723433044
471,23.55,-4.7406871037658505e-06,-5.056555506916264e-06,3.158684031504132e-07,-0.000144114743236005,0.00013937405613223915,-0.000144114743236005,0.00013937405613223915
472,23.6,-3.905351779742716e-06,-4.989127062679445e-06,1.083775282936729e-06,-0.0001440782330741927,0.00014017288129444997,-0.0001440782330741927,0.00014017288129444997
473,23.650000000000002,-4.3662141717693e-06,-5.133414094881818e-06,7.67199923112518e-07,-0.00014425279217081266,0.00013988657799904336,-0.00014425279217081266,0.00013988657799904336
474,23.700000000000003,-5.608113506250234e-06,-5.649920374547201e-06,4.180686829696731e-08,-0.0001447989384136997,0.00013919082490744948,-0.0001447989384136997,0.00013919082490744948
475,23.75,-5.007130043033214e-06,-5.394678309932647e-06,3.875482668994326e-07,-0.00014449945869065772,0.0001394923286476245,-0.00014449945869065772,0.0001394923286476245
476,23.8,-4.964402825047287e-06,-5.311467925885643e-06,3.470651008383556e-07,-0.00014438654180866042,0.00013942213898361313,-0.00014438654180866042,0.00013942213898361313
477,23.85,-4.5291924859469646e-06,-5.269629946984176e-06,7.404374610372118e-07,-0.0001443154406608399,0.00013978624817489294,-0.0001443154406608399,0.00013978624817489294
478,23.900000000000002,-4.734275873996552e-06,-5.259485398493076e-06,5.252095244965238e-07,-0.00014427647043877126,0.0001395421945647747,-0.00014427647043877126,0.0001395421945647747
479,23.950000000000003,-4.762004158775923e-06,-5.1681506662168696e-06,4.0614650744094635e-07,-0.0001441567487855144,0.00013939474462673848,-0.0001441567487855144,0.00013939474462673848
480,24.0,-4.557699993190667e-06,-4.919542545073751e-06,3.618425518830839e-07,-0.0001438803181460436,0.00013932261815285293,-0.0001438803181460436,0.00013932261815285293
481,24.05,-4.116391767672312e-06,-4.835097738031585e-06,7.187059703592731e-07,-0.00014376846982219437,0.00013965207805452206,-0.00014376846982219437,0.00013965207805452206
482,24.1,-3.974960339547806e-06,-4.7590157956871516e-06,7.840554561393454e-07,-0.00014366539770545308,0.00013969043736590528,-0.00014366539770545308,0.00013969043736590528
483,24.150000000000002,-3.1389752106480984e-06,-4.835921029202007e-06,1.6969458185539085e-06,-0.00014371572049341053,0.00014057674528276243,-0.00014371572049341053,0.00014057674528276243
484,24.200000000000003,-2.7666329307507453e-06,-4.438282541686029e-06,1.671649610935284e-06,-0.0001432779843231494,0.00014051135139239864,-0.0001432779843231494,0.00014051135139239864
485,24.25,-2.8600325345795596e-06,-4.583169118838356e-06,1.7231365842587967e-06,-0.00014339517318494115,0.0001405351406503616,-0.00014339517318494115,0.0001405351406503616
486,24.3,-2.7383169158845533e-06,-4.4909095754705185e-06,1.7525926595859652e-06,-0.00014327591389991145,0.0001405375969840269,-0.00014327591389991145,0.0001405375969840269
487,24.35,-2.7577714463156155e-06,-4.404312823434586e-06,1.6465413771189707e-06,-0.00014316274936512945,0.00014040497791881383,-0.00014316274936512945,0.00014040497791881383
488,24.400000000000002,-3.6477939953094562e-06,-5.622724239163218e-06,1.974930243853762e-06,-0.00014435501787649812,0.00014070722388118866,-0.00014435501787649812,0.00014070722388118866
489,24.450000000000003,-3.0707676432761843e-06,-5.496162074311556e-06,2.4253944310353716e-06,-0.00014420273071861955,0.00014113196307534337,-0.00014420273071861955,0.00014113196307534337
490,24.5,-3.2563137646324236e-06,-5.359783956197943e-06,2.1034701915655193e-06,-0.00014404103866355936,0.00014078472489892694,-0.00014404103866355936,0.00014078472489892694
491,24.55,-3.7008227067314436e-06,-5.5437529969457965e-06,1.8429302902143528e-06,-0.00014420009807834653,0.0001404992753716151,-0.00014420009807834653,0.0001404992753716151
492,24.6,-3.570582638001696e-06,-5.052185854067777e-06,1.4816032160660814e-06,-0.00014368607107404188,0.00014011548843604019,-0.00014368607107404188,0.00014011548843604019
493,24.650000000000002,-4.435993764762003e-06,-5.374188622767088e-06,9.381948580050851e-07,-0.00014399355871164317,0.00013955756494688117,-0.00014399355871164317,0.00013955756494688117
494,24.700000000000003,-3.907587021734216e-06,-5.10229996892305e-06,1.1947129471888344e-06,-0.0001436955805306625,0.00013978799350892828,-0.0001436955805306625,0.00013978799350892828
495,24.75,-4.041937083698599e-06,-4.7777709707452405e-06,7.358338870466415e-07,-0.00014508633153162558,0.00014104439444792699,-0.00014508633153162558,0.00014104439444792699
496,24.8,-4.733754500607645e-06,-5.071299739454e-06,3.3754523884635504e-07,-0.00014371025701822467,0.00013897650251761703,-0.00014371025701822467,0.00013897650251761703
497,24.85,-4.022546889581591e-06,-4.659698644931165e-06,6.371517553495739e-07,-0.0001450443918564029,0.0001410218449668213,-0.0001450443918564029,0.0001410218449668213
498,24.900000000000002,-4.503188442361861e-06,-4.685328350960537e-06,1.8213990859867595e-07,-0.00014339600633155074,0.00013889281788918888,-0.00014339600633155074,0.00013889281788918888
499,24.950000000000003,-4.5073022825192766e-06,-4.440617245283219e-06,-6.668503723605746e-08,-0.000143147568654409,0.00013864026637188973,-0.000143147568654409,0.00013864026637188973
500,25.0,-4.190270087800485e-06,-4.284483273246666e-06,9.421318544618112e-08,-0.0001447358204397246,0.0001405455503519241,-0.0001447358204397246,0.0001405455503519241
501,25.05,-5.1161250809173e-06,-4.637155312046412e-06,-4.789697688708875e-07,-0.0001434105378884543,0.000138294412807537,-0.0001434105378884543,0.000138294412807537
502,25.1,-4.33630278706687e-06,-4.1090251527187e-06,-2.2727763434816982e-07,-0.0001446294772491935,0.00014029317446212662,-0.0001446294772491935,0.00014029317446212662
503,25.150000000000002,-4.3601502293100225e-06,-4.228070808269919e-06,-1.3207942104010338e-07,-0.0001430665405842595,0.00013870639035494948,-0.0001430665405842595,0.00013870639035494948
504,25.200000000000003,-4.302109612996929e-06,-4.240446385807347e-06,-6.166322718958238e-08,-0.0001430719701994298,0.00013876986058643286,-0.0001430719701994298,0.00013876986058643286
505,25.25,-4.760697457362184e-06,-4.265513342099684e-06,-4.951841152624998e-07,-0.00014484268269594546,0.00014008198523858328,-0.00014484268269594546,0.00014008198523858328
506,25.3,-4.567058326410134e-06,-4.092687616630636e-06,-4.7437070977949775e-07,-0.00014298653457947433,0.0001384194762530642,-0.00014298653457947433,0.0001384194762530642
507,25.35,-4.095065512910168e-06,-3.899469271499788e-06,-1.9559624141037952e-07,-0.00014453948883162566,0.0001404444233187155,-0.00014453948883162566,0.0001404444233187155
508,25.400000000000002,-4.6825187747234764e-06,-4.354189677741549e-06,-3.283290969819276e-07,-0.00014330515206303928,0.0001386226332883158,-0.00014330515206303928,0.0001386226332883158
509,25.450000000000003,-5.1042098296871785e-06,-4.611753095254468e-06,-4.924567344327109e-07,-0.00014355498076165288,0.0001384507709319657,-0.00014355498076165288,0.0001384507709319657
510,25.5,-4.403872090774641e-06,-4.388951869515291e-06,-1.4920221259349668e-08,-0.00014508037509028236,0.00014067650299950772,-0.00014508037509028236,0.00014067650299950772
511,25.55,-4.669447836169738e-06,-4.450884377982898e-06,-2.185634581868395e-07,-0.00014345161442231913,0.0001387821665861494,-0.00014345161442231913,0.0001387821665861494
512,25.6,-4.716801429882622e-06,-4.59519979306481e-06,-1.2160163681781225e-07,-0.00014534460572044475,0.00014062780429056212,-0.00014534460572044475,0.00014062780429056212
513,25.650000000000002,-4.590545653826439e-06,-4.421057208156053e-06,-1.6948844567038607e-07,-0.0001434784162683109,0.00013888787061448445,-0.0001434784162683109,0.00013888787061448445
514,25.700000000000003,-4.8285431559769165e-06,-4.251250009484908e-06,-5.772931464920083e-07,-0.00014329751632397188,0.00013846897316799496,-0.00014329751632397188,0.00013846897316799496
515,25.75,-4.7786988242037864e-06,-4.40361320191223e-06,-3.750856222915561e-07,-0.00014519902338760806,0.00014042032456340427,-0.00014519902338760806,0.00014042032456340427
516,25.8,-4.873468369304135e-06,-4.121858904603658e-06,-7.516094647004769e-07,-0.00014322250706157012,0.00013834903869226598,-0.00014322250706157012,0.00013834903869226598
517,25.85,-4.332470686652101e-06,-3.8898453197928374e-06,-4.426253668592638e-07,-0.00014474005294583045,0.00014040758225917834,-0.00014474005294583045,0.00014040758225917834
518,25.900000000000002,-5.408309210475082e-06,-4.372279016262071e-06,-1.036030194213011e-06,-0.00014352246705455623,0.00013811415784408115,-0.00014352246705455623,0.00013811415784408115
519,25.950000000000003,-4.74462156385691e-06,-4.068102451614006e-06,-6.765191122429037e-07,-0.0001432068888592982,0.0001384622672954413,-0.0001432068888592982,0.0001384622672954413
520,26.0,-3.985947032436599e-06,-3.720246850685375e-06,-2.6570018175122375e-07,-0.00014460902155087688,0.00014062307451844029,-0.00014460902155087688,0.00014062307451844029
521,26.05,-4.818222236080416e-06,-4.2241766460115335e-06,-5.940455900688826e-07,-0.00014341063296587485,0.00013859241072979443,-0.00014341063296587485,0.00013859241072979443
522,26.1,-3.276702200905035e-06,-3.6156914580655435e-06,3.3898925716050845e-07,-0.00014455464791581353,0.0001412779457149085,-0.00014455464791581353,0.0001412779457149085
523,26.150000000000002,-3.838899306218835e-06,-3.717109087727014e-06,-1.2179021849182092e-07,-0.00014295080358327987,0.00013911190427706103,-0.00014295080358327987,0.00013911190427706103
524,26.200000000000003,-3.7218432227259513e-06,-3.938796229497823e-06,2.169530067718721e-07,-0.0001449232877664214,0.00014120144454369545,-0.0001449232877664214,0.00014120144454369545
525,26.25,-3.7565053736532406e-06,-3.636301784928791e-06,-1.2020358872444952e-07,-0.00014291487356203194,0.0001391583681883787,-0.00014291487356203194,0.0001391583681883787
526,26.3,-3.721637918285836e-06,-3.793712674273457e-06,7.207475598762107e-08,-0.00014305551747171167,0.00013933387955342584,-0.00014305551747171167,0.00013933387955342584
527,26.35,-3.1471562602636283e-06,-3.357211090545163e-06,2.1005483028153485e-07,-0.0001443701845093759,0.00014122302824911228,-0.0001443701845093759,0.00014122302824911228
528,26.400000000000002,-4.269743554052852e-06,-3.9012044494218906e-06,-3.685391046309611e-07,-0.00014320446557883836,0.0001389347220247855,-0.00014320446557883836,0.0001389347220247855
529,26.450000000000003,-3.1552804895529363e-06,-3.2386298596560416e-06,8.334937010310536e-08,-0.00014429553614868614,0.0001411402556591332,-0.00014429553614868614,0.0001411402556591332
530,26.5,-3.829771426655526e-06,-3.347516083127059e-06,-4.822553435284672e-07,-0.00014269211644322974,0.00013886234501657422,-0.00014269211644322974,0.00013886234501657422
531,26.55,-3.713005095384858e-06,-3.5595160236979443e-06,-1.534890716869138e-07,-0.00014465602079585327,0.00014094301570046841,-0.00014465602079585327,0.00014094301570046841
532,26.6,-3.746097637424839e-06,-3.4393924600917652e-06,-3.067051773330737e-07,-0.00014282326810712253,0.0001390771704696977,-0.00014282326810712253,0.0001390771704696977
533,26.650000000000002,-3.9031047649462636e-06,-3.1888601184370428e-06,-7.142446465092208e-07,-0.00014255326237107996,0.0001386501576061337,-0.00014255326237107996,0.0001386501576061337
534,26.700000000000003,-3.8053425983619604e-06,-3.416395161064296e-06,-3.8894743729766455e-07,-0.00014453301848297103,0.00014072767588460907,-0.00014453301848297103,0.00014072767588460907
535,26.75,-3.7958446543751023e-06,-3.0895832601067595e-06,-7.062613942683428e-07,-0.0001424923151383097,0.0001386964704839346,-0.0001424923151383097,0.0001386964704839346
536,26.8,-3.106394042884375e-06,-2.8365456678522325e-06,-2.6984837503214255e-07,-0.00014399181956292815,0.00014088542552004378,-0.00014399181956292815,0.00014088542552004378
537,26.85,-4.247074741670076e-06,-3.805315338532933e-06,-4.4175940313714306e-07,-0.00014324256327395254,0.00013899548853228246,-0.00014324256327395254,0.00013899548853228246
538,26.900000000000002,-2.048709885293931e-06,-2.6528433811065796e-06,6.041334958126484e-07,-0.00014384506017886626,0.00014179635029357233,-0.00014384506017886626,0.00014179635029357233
539,26.950000000000003,-3.829707800218074e-06,-3.2411590547848555e-06,-5.885487454332185e-07,-0.0001427131793099128,0.00013888347150969472,-0.0001427131793099128,0.00013888347150969472
540,27.0,-3.801403693604044e-06,-3.251599068575715e-06,-5.49804625028329e-07,-0.00014447715385121343,0.0001406757501576094,-0.00014447715385121343,0.0001406757501576094
541,27.05,-2.2702284889764e-06,-2.184656313734035e-06,-8.557217524236497e-08,-0.00014169015339493703,0.00013941992490596063,-0.00014169015339493703,0.00013941992490596063
542,27.1,-3.8730222022831384e-06,-3.234176413200589e-06,-6.388457890825494e-07,-0.00014449350684760521,0.00014062048464532208,-0.00014449350684760521,0.00014062048464532208
543,27.150000000000002,-4.3026272344981464e-06,-2.7311181642156718e-06,-1.5715090702824747e-06,-0.00014226817441918604,0.0001379655471846879,-0.00014226817441918604,0.0001379655471846879
544,27.200000000000003,-4.09556702374303e-06,-2.683598122743181e-06,-1.4119689009998487e-06,-0.00014219869507915491,0.00013810312805541188,-0.00014219869507915491,0.00013810312805541188
545,27.25,-3.4223847240610894e-06,-2.6937391075325714e-06,-7.28645616528518e-07,-0.00014396367023817325,0.00014054128551411216,-0.00014396367023817325,0.00014054128551411216
546,27.3,-3.475945149933324e-06,-3.1564345529525114e-06,-3.1951059698081246e-07,-0.0001427043869253145,0.00013922844177538117,-0.0001427043869253145,0.00013922844177538117
547,27.35,-2.936380725460097e-06,-2.6277187861839366e-06,-3.086619392761605e-07,-0.00014393072379450305,0.00014099434306904295,-0.00014393072379450305,0.00014099434306904295
548,27.400000000000002,-3.2498446789208657e-06,-3.371591226303518e-06,1.2174654738265223e-07,-0.0001429505109095433,0.00013970066623062244,-0.0001429505109095433,0.00013970066623062244
549,27.450000000000003,-2.3040954510999967e-06,-2.079447027313087e-06,-2.2464842378690964e-07,-0.00014341376773558615,0.00014110967228448616,-0.00014341376773558615,0.00014110967228448616
550,27.5,-3.4725653688116864e-06,-3.0111808219934424e-06,-4.61384546818244e-07,-0.00014261712938540115,0.00013914456401658946,-0.00014261712938540115,0.00013914456401658946
551,27.55,-2.6517831068773035e-06,-2.830106749341119e-06,1.783236424638154e-07,-0.0001441941396610061,0.00014154235655412879,-0.0001441941396610061,0.00014154235655412879
552,27.6,-2.669433587731973e-06,-2.212484371596635e-06,-4.569492161353381e-07,-0.00014184595305577355,0.00013917651946804158,-0.00014184595305577355,0.00013917651946804158
553,27.650000000000002,-2.4554698954126764e-06,-1.946617132084244e-06,-5.088527633284325e-07,-0.00014333641661907383,0.00014088094672366116,-0.00014333641661907383,0.00014088094672366116
554,27.700000000000003,-3.936702871465414e-06,-3.7537790210147388e-06,-1.829238504506752e-07,-0.0001434112325614897,0.0001394745296900243,-0.0001434112325614897,0.0001394745296900243
555,27.75,-1.5847202636809499e-06,-1.8900673374248894e-06,3.0534707374393955e-07,-0.00014330613513776255,0.0001417214148740816,-0.00014330613513776255,0.0001417214148740816
556,27.8,-2.670825307138358e-06,-3.2473960833635325e-06,5.765707762251744e-07,-0.00014292948439943351,0.00014025865909229516,-0.00014292948439943351,0.00014025865909229516
557,27.85,-1.7569403902850667e-06,-2.370075018531627e-06,6.131346282465602e-07,-0.00014380885581547596,0.0001420519154251909,-0.00014380885581547596,0.0001420519154251909
558,27.900000000000002,-1.9042215539943896e-06,-2.099431740681114e-06,1.952101866867245e-07,-0.0001418048246596913,0.0001399006031056969,-0.0001418048246596913,0.0001399006031056969
559,27.950000000000003,-1.563587917585707e-06,-2.6571812881147366e-06,1.0935933705290296e-06,-0.00014411941962909062,0.00014255583171150492,-0.00014411941962909062,0.00014255583171150492
560,28.0,-2.5750998453588636e-06,-2.8321067272551508e-06,2.570068818962872e-07,-0.0001425574246851799,0.00013998232483982103,-0.0001425574246851799,0.00013998232483982103
561,28.05,-1.650662071028819e-06,-2.6087429308898384e-06,9.580808598610195e-07,-0.00014409317382127934,0.00014244251175025052,-0.00014409317382127934,0.00014244251175025052
562,28.1,-2.200916985550805e-06,-2.2710428667349504e-06,7.012588118414554e-08,-0.00014201714701543325,0.00013981623002988245,-0.00014201714701543325,0.00013981623002988245
563,28.150000000000002,-1.4662420366740037e-06,-1.6800706984650726e-06,2.1382866179106891e-07,-0.0001431833499559729,0.0001417171079192989,-0.0001431833499559729,0.0001417171079192989
564,28.200000000000003,-2.818965436635068e-06,-3.3537374012473703e-06,5.347719646123022e-07,-0.00014311744208813417,0.0001402984766514991,-0.00014311744208813417,0.0001402984766514991
565,28.25,-1.4512301516056425e-06,-1.627599144733968e-06,1.7636899312832548e-07,-0.00014315073440530654,0.0001416995042537009,-0.00014315073440530654,0.0001416995042537009
566,28.3,-2.389683283698929e-06,-3.0619015468931913e-06,6.722182631942623e-07,-0.00014284418707211641,0.00014045450378841748,-0.00014284418707211641,0.00014045450378841748
567,28.35,-1.8914404025238696e-06,-2.0986804693482005e-06,2.0724006682433095e-07,-0.00014363844722948182,0.00014174700682695795,-0.00014363844722948182,0.00014174700682695795
568,28.400000000000002,-2.472411686937903e-06,-3.025598684472409e-06,5.53186997534506e-07,-0.00014282544739344848,0.00014035303570651057,-0.00014282544739344848,0.00014035303570651057
569,28.450000000000003,-1.4746970729007103e-06,-1.5111220209797089e-06,3.642494807899859e-08,-0.00014306857711704357,0.00014159388004414286,-0.00014306857711704357,0.00014159388004414286
570,28.5,-2.0607424515706185e-06,-1.803753193599912e-06,-2.5698925797070646e-07,-0.00014161808191357674,0.00013955733946200612,-0.00014161808191357674,0.00013955733946200612
571,28.55,-2.2366975256371546e-06,-2.8986801181347366e-06,6.61982592497582e-07,-0.00014447077456588626,0.0001422340770402491,-0.00014447077456588626,0.0001422340770402491
572,28.6,-2.322855310543659e-06,-2.0435404711267356e-06,-2.7931483941692334e-07,-0.00014187355229224364,0.00013955069698169998,-0.00014187355229224364,0.00013955069698169998
573,28.650000000000002,-2.3008858400785925e-06,-2.5890742997983743e-06,2.881884597197817e-07,-0.00014417696554389843,0.00014187607970381983,-0.00014417696554389843,0.00014187607970381983
574,28.700000000000003,-3.3969286825641376e-06,-2.7931336155870888e-06,-6.037950669770488e-07,-0.00014266737950537504,0.0001392704508228109,-0.00014266737950537504,0.0001392704508228109
575,28.75,-2.383779186931889e-06,-1.8539453074351366e-06,-5.298338794967526e-07,-0.00014351985804896924,0.00014113607886203736,-0.00014351985804896924,0.00014113607886203736
576,28.8,-2.862876054887664e-06,-3.038654974764496e-06,1.7577891987683194e-07,-0.00014478150871206474,0.00014191863265717707,-0.00014478150871206474,0.00014191863265717707
577,28.85,-1.8257188756365395e-06,-1.605627988117985e-06,-2.2009088751855452e-07,-0.00014342370431927594,0.0001415979854436394,-0.00014342370431927594,0.0001415979854436394
578,28.900000000000002,-2.629691619349117e-06,-2.9856290300766843e-06,3.5593741072756723e-07,-0.00014487518714590677,0.00014224549552655766,-0.00014487518714590677,0.00014224549552655766
579,28.950000000000003,-1.856168151848081e-06,-1.4204168104930005e-06,-4.3575134135508057e-07,-0.00014338194334604984,0.00014152577519420176,-0.00014338194334604984,0.00014152577519420176
580,29.0,-2.464722603345848e-06,-2.5339788860932673e-06,6.925628274741926e-08,-0.0001445638066267445,0.00014209908402339864,-0.0001445638066267445,0.00014209908402339864
581,29.05,-2.533033492291281e-06,-1.8470977377498478e-06,-6.859357545414334e-07,-0.00014394578908634057,0.0001414127555940493,-0.00014394578908634057,0.0001414127555940493
582,29.1,-3.0744845203045656e-06,-2.015033649057494e-06,-1.0594508712470718e-06,-0.0001423789852276368,0.00013930450070733224,-0.0001423789852276368,0.00013930450070733224
583,29.150000000000002,-3.061444102225863e-06,-3.0757941612774894e-06,1.4350059051626256e-08,-0.00014523053828116507,0.0001421690941789392,-0.00014523053828116507,0.0001421690941789392
584,29.200000000000003,-4.432739750148684e-06,-3.858237666686671e-06,-5.745020834620135e-07,-0.0001460773724534376,0.00014164463270328892,-0.0001460773724534376,0.00014164463270328892
585,29.25,-4.261343703015896e-06,-4.3430999228118645e-06,8.17562197959682e-08,-0.00014662727744592542,0.00014236593374290953,-0.00014662727744592542,0.00014236593374290953
586,29.3,-4.3187283564893875e-06,-3.5023598496533877e-06,-8.163685068359997e-07,-0.00014584806865895365,0.00014152934030246426,-0.00014584806865895365,0.00014152934030246426
587,29.35,-4.874342465877035e-06,-3.725352723453604e-06,-1.1489897424234311e-06,-0.00014610380551060344,0.0001412294630447264,-0.00014610380551060344,0.0001412294630447264
588,29.400000000000002,-4.737583884306673e-06,-4.363183813380901e-06,-3.744000709257721e-07,-0.00014677342557705791,0.00014203584169275124,-0.00014677342557705791,0.00014203584169275124
589,29.450000000000003,-5.043980315422303e-06,-3.7059421703855955e-06,-1.3380381450367074e-06,-0.00014614704366572152,0.00014110306335029922,-0.00014614704366572152,0.00014110306335029922
590,29.5,-4.833098561585203e-06,-4.243231127264967e-06,-5.898674343202355e-07,-0.00014671635854706898,0.00014188325998548378,-0.00014671635854706898,0.00014188325998548378
591,29.55,-4.5954318879104505e-06,-3.207158820636405e-06,-1.3882730672740454e-06,-0.000145709298234643,0.00014111386634673256,-0.000145709298234643,0.00014111386634673256
592,29.6,-4.631144236100226e-06,-3.1509890659975706e-06,-1.4801551701026558e-06,-0.00014568128679144613,0.0001410501425553459,-0.00014568128679144613,0.0001410501425553459
593,29.650000000000002,-4.595748028357605e-06,-4.086699099339179e-06,-5.09048929018426e-07,-0.00014664432455598474,0.00014204857652762713,-0.00014664432455598474,0.00014204857652762713
594,29.700000000000003,-5.411793442711144e-06,-3.716102611292198e-06,-1.6956908314189455e-06,-0.00014448507195061002,0.00013907327850789887,-0.00014448507195061002,0.00013907327850789887
595,29.75,-4.2881296531405155e-06,-3.987316809117426e-06,-3.0081284402308943e-07,-0.0001465219747080664,0.00014223384505492588,-0.0001465219747080664,0.00014223384505492588
596,29.8,-3.8756893685487626e-06,-2.9498623329176747e-06,-9.258270356310878e-07,-0.0001455091351150579,0.00014163344574650912,-0.0001455091351150579,0.00014163344574650912
597,29.85,-3.2334631796526736e-06,-2.904266292157471e-06,-3.2919688749520256e-07,-0.00014548603998720244,0.00014225257680754977,-0.00014548603998720244,0.00014225257680754977
598,29.900000000000002,-3.476075841168935e-06,-4.2499009641447286e-06,7.738251229757934e-07,-0.0001468534836598343,0.00014337740781866537,-0.0001468534836598343,0.00014337740781866537
599,29.950000000000003,-2.9277828961227215e-06,-2.836688078395763e-06,-9.109481772695841e-08,-0.00014546140692498624,0.00014253362402886352,-0.00014546140692498624,0.00014253362402886352
