frame,time,delta_H,rhs_u_command,slack_u_command,rhs_u_saturated,slack_u_saturated,rhs_u_cvt,slack_u_cvt
0,0.0,-0.010318945574435245,-0.009859281463796393,-0.0004596641106388525,-0.009859281463796393,-0.0004596641106388525,-0.014643950349610173,0.004325004775174928
1,0.05,-0.010935564533863351,-0.010470921656717416,-0.00046464287714593523,-0.010470921656717416,-0.00046464287714593523,-0.015423206430995005,0.004487641897131654
2,0.1,-0.011552105261885659,-0.011076233421758128,-0.000475871840127531,-0.01107623342175813,-0.0004758718401275293,-0.016202945215909675,0.004650839954024016
3,0.15000000000000002,-0.012161605808737486,-0.011679623185226974,-0.0004819826235105112,-0.011679623185226976,-0.00048198262351050944,-0.016981188500530285,0.0048195826917927995
4,0.2,-0.01276138889841727,-0.012276625508741666,-0.00048476338967560345,-0.012276625508741666,-0.00048476338967560345,-0.017693037988352193,0.004931649089934924
5,0.25,-0.01334145805654896,-0.012855272773364302,-0.0004861852831846581,-0.012855272773364302,-0.0004861852831846581,-0.018327798689749906,0.004986340633200945
6,0.30000000000000004,-0.013906422642576244,-0.01341361264625359,-0.0004928099963226532,-0.01341361264625359,-0.0004928099963226532,-0.018956354896547793,0.005049932253971549
7,0.35000000000000003,-0.014453733103171662,-0.013957179391102194,-0.0004965537120694679,-0.013957179391102196,-0.0004965537120694662,-0.019502761109822173,0.0050490280066505105
8,0.4,-0.014974538651214342,-0.014480528647718354,-0.0004940100034959878,-0.014480528647718354,-0.0004940100034959878,-0.020022791542162372,0.00504825289094803
9,0.45,-0.015467532179015642,-0.014972159123925455,-0.0004953730550901862,-0.014972159123925455,-0.0004953730550901862,-0.020499342931434582,0.005031810752418941
10,0.5,-0.01593814102447222,-0.015440894961596082,-0.0004972460628761364,-0.015440894961596082,-0.0004972460628761364,-0.020903199518706984,0.004965058494234766
11,0.55,-0.01638426865302367,-0.01588911920287771,-0.000495149450145959,-0.01588911920287771,-0.000495149450145959,-0.021231897428031363,0.004847628775007693
12,0.6000000000000001,-0.01679991755044219,-0.016311931311952327,-0.00048798623848986256,-0.016311931311952327,-0.00048798623848986256,-0.02153552127851426,0.004735603728072069
13,0.65,-0.017185346013251168,-0.016699532835599166,-0.00048581317765200235,-0.01669953283559917,-0.0004858131776519989,-0.02177667953058243,0.004591333517331261
14,0.7000000000000001,-0.017542901131025523,-0.017059614222064028,-0.0004832869089614958,-0.017059614222064028,-0.0004832869089614958,-0.021947937246043298,0.004405036115017774
15,0.75,-0.01787886734823607,-0.017397339611170567,-0.0004815277370655048,-0.017397339611170567,-0.0004815277370655048,-0.022068616181100873,0.0041897488328648015
16,0.8,-0.018188867052209123,-0.01771547950342981,-0.0004733875487793124,-0.017715479503429814,-0.0004733875487793089,-0.02207248672969612,0.003883619677486995
17,0.8500000000000001,-0.01846624588868484,-0.018000471865192016,-0.0004657740234928244,-0.018000471865192016,-0.0004657740234928244,-0.022140025297357323,0.0036737794086724833
18,0.9,-0.018667546118021128,-0.01820770153307857,-0.0004598445849425571,-0.01820770153307857,-0.0004598445849425571,-0.022152802747533302,0.003485256629512174
19,0.9500000000000001,-0.01881703582803318,-0.01835636086763936,-0.0004606749603938212,-0.01835636086763936,-0.0004606749603938212,-0.02208912143035413,0.003272085602320951
20,1.0,-0.01894727400291707,-0.01848808143541518,-0.00045919256750188986,-0.01848808143541518,-0.00045919256750188986,-0.022002137564318975,0.0030548635614019055
21,1.05,-0.019068085667873658,-0.018611977176579128,-0.00045610849129452957,-0.018611977176579128,-0.00045610849129452957,-0.021898929733840836,0.0028308440659671787
22,1.1,-0.019121858292617033,-0.01866579309441592,-0.0004560651982011138,-0.01866579309441592,-0.0004560651982011138,-0.021756918392180444,0.002635060099563411
23,1.1500000000000001,-0.01912918046316403,-0.01870223694133849,-0.0004269435218255402,-0.01870223694133849,-0.0004269435218255402,-0.02154987270228751,0.00242069223912348
24,1.2000000000000002,-0.019085078667150035,-0.018677777675960322,-0.00040730099118971297,-0.01867777767596033,-0.00040730099118970603,-0.02124953253114952,0.0021644538639994867
25,1.25,-0.018942142367494252,-0.018554310055209203,-0.00038783231228504966,-0.018554310055209203,-0.00038783231228504966,-0.020788370811572757,0.001846228444078505
26,1.3,-0.01875074435401758,-0.01837992466503867,-0.00037081968897891004,-0.01837992466503867,-0.00037081968897891004,-0.02032440930245129,0.0015736649484337124
27,1.35,-0.018559418880341738,-0.01819115360429825,-0.0003682652760434897,-0.01819115360429825,-0.0003682652760434897,-0.019890977014880438,0.0013315581345386997
28,1.4000000000000001,-0.018287073357456496,-0.01798101197297239,-0.0003060613844841076,-0.01798101197297239,-0.0003060613844841076,-0.019378485409788187,0.001091412052331691
29,1.4500000000000002,-0.01802099852692074,-0.017706617925537425,-0.0003143806013833142,-0.017706617925537425,-0.0003143806013833142,-0.018870869555371185,0.0008498710284504454
30,1.5,-0.01753345705521714,-0.017190582886950304,-0.00034287416826683445,-0.017415340174509387,-0.00011811688070775123,-0.01837400498596686,0.0008405479307497209
31,1.55,-0.01693264806415773,-0.01666498127014629,-0.00026766679401143967,-0.017061885351984475,0.00012923728782674587,-0.017872628833960166,0.0009399807698024371
32,1.6,-0.016469766669983232,-0.01620159570843604,-0.0002681709615471907,-0.016712304241119736,0.00024253757113650368,-0.01730884840758965,0.0008390817376064189
33,1.6500000000000001,-0.016010852484690474,-0.015729200861230426,-0.0002816516234600483,-0.01633250337822234,0.00032165089353186627,-0.016846220608511302,0.0008353681238208281
34,1.7000000000000002,-0.015487359418751567,-0.015211776363673529,-0.00027558305507803874,-0.015887152363675702,0.000399792944924135,-0.016325859676230917,0.0008385002574793493
35,1.75,-0.01493004351562277,-0.014697137838570762,-0.00023290567705200847,-0.0154225725537679,0.0004925290381451296,-0.015731363265803152,0.0008013197501803813
36,1.8,-0.014430114208434763,-0.01423534749002497,-0.0001947667184097942,-0.01498073748158105,0.0005506232731462869,-0.015227984203287873,0.0007978699948531093
37,1.85,-0.013918392205459318,-0.01370605728019901,-0.0002123349252603074,-0.014466791754059571,0.0005483995486002535,-0.01464325578821562,0.0007248635827563025
38,1.9000000000000001,-0.013491195913738152,-0.013273769934033963,-0.00021742597970418956,-0.014046972842143877,0.0005557769284057247,-0.014175568274457187,0.0006843723607190353
39,1.9500000000000002,-0.012946910531634548,-0.01275789422782728,-0.00018901630380726772,-0.013540190578673374,0.0005932800470388258,-0.013588370904064931,0.0006414603724303834
40,2.0,-0.012373512838836809,-0.012205461943296976,-0.0001680508955398327,-0.01303372762313893,0.0006602147843021208,-0.013043739796239755,0.0006702269574029463
41,2.0500000000000003,-0.011933694658087801,-0.011767226609963563,-0.00016646804812423845,-0.012621674773233114,0.0006879801151453129,-0.012621674773233114,0.0006879801151453129
42,2.1,-0.011438002381560897,-0.011284838734845959,-0.0001531636467149381,-0.012153327351134618,0.0007153249695737215,-0.012153327351134618,0.0007153249695737215
43,2.15,-0.01088428334369973,-0.010744435790963685,-0.00013984755273604467,-0.01159746108514153,0.0007131777414418009,-0.01159746108514153,0.0007131777414418009
44,2.2,-0.010469573169359259,-0.010311205511639115,-0.0001583676577201435,-0.011166461759014437,0.0006968885896551785,-0.011166461759014437,0.0006968885896551785
45,2.25,-0.009889426367284404,-0.009752657552806323,-0.00013676881447808112,-0.010614831402129644,0.0007254050348452397,-0.010614831402129644,0.0007254050348452397
46,2.3000000000000003,-0.009437317989786309,-0.009284908529043286,-0.00015240946074302278,-0.010142714440102856,0.0007053964503165467,-0.010142714440102856,0.0007053964503165467
47,2.35,-0.00898701720947348,-0.008881437858553174,-0.00010557935092030644,-0.009747637728104126,0.0007606205186306454,-0.009747637728104126,0.0007606205186306454
48,2.4000000000000004,-0.008563932407622876,-0.008483689016988613,-8.024339063426346e-05,-0.009348961961916424,0.0007850295542935481,-0.009348961961916424,0.0007850295542935481
49,2.45,-0.00815191203283927,-0.008087743510710309,-6.416852212896146e-05,-0.008958415499180002,0.0008065034663407317,-0.008958415499180002,0.0008065034663407317
50,2.5,-0.0078170014366985,-0.007722893488262294,-9.41079484362067e-05,-0.008581039543432234,0.0007640381067337328,-0.008581039543432234,0.0007640381067337328
51,2.5500000000000003,-0.007451543363134472,-0.007328470662149793,-0.00012307270098467927,-0.008163564570959694,0.0007120212078252225,-0.008163564570959694,0.0007120212078252225
52,2.6,-0.007082899505801321,-0.00702422334846998,-5.8676157331341225e-05,-0.007832587867161091,0.0007496883613597703,-0.007832587867161091,0.0007496883613597703
53,2.6500000000000004,-0.006411096757888757,-0.006384549594483909,-2.654716340484784e-05,-0.0072773354588479035,0.0008662387009591467,-0.0072773354588479035,0.0008662387009591467
54,2.7,-0.005389721824233806,-0.0053108269478645016,-7.889487636930474e-05,-0.006935013778644831,0.0015452919544110249,-0.006935013778644831,0.0015452919544110249
55,2.75,-0.00453961490182575,-0.00450637256217479,-3.32423396509603e-05,-0.00658956151018449,0.0020499466083587397,-0.00658956151018449,0.0020499466083587397
56,2.8000000000000003,-0.004028765462732009,-0.004000383207999901,-2.838225473210821e-05,-0.006382784459965912,0.0023540189972339025,-0.006382784459965912,0.0023540189972339025
57,2.85,-0.0037649182124182,-0.0037017804683586214,-6.313774405957871e-05,-0.006250722064459282,0.0024858038520410818,-0.006250722064459282,0.0024858038520410818
58,2.9000000000000004,-0.003240911363739163,-0.0031637009203413355,-7.721044339782743e-05,-0.006073926090157299,0.0028330147264181357,-0.006073926090157299,0.0028330147264181357
59,2.95,-0.002866074573809163,-0.002793552243478628,-7.252233033053527e-05,-0.005886863483740304,0.003020788909931141,-0.005886863483740304,0.003020788909931141
60,3.0,-0.002612336368205903,-0.0025419295867383485,-7.040678146755458e-05,-0.005748464706436331,0.0031361283382304282,-0.005748464706436331,0.0031361283382304282
61,3.0500000000000003,-0.0024004312608774114,-0.0023751595003685707,-2.5271760508840686e-05,-0.005594525407923608,0.003194094147046196,-0.005594525407923608,0.003194094147046196
62,3.1,-0.0023527920290496995,-0.002295663695277652,-5.712833377204737e-05,-0.005504020599496831,0.003151228570447131,-0.005504020599496831,0.003151228570447131
63,3.1500000000000004,-0.0022411154716016624,-0.0022173071668701873,-2.3808304731475025e-05,-0.0053296664938737035,0.003088551022272041,-0.0053296664938737035,0.003088551022272041
64,3.2,-0.0022334803924217717,-0.0021591268880895823,-7.435350433218938e-05,-0.005251357488011663,0.0030178770955898914,-0.005251357488011663,0.0030178770955898914
65,3.25,-0.0021923084557269323,-0.0021039674563365285,-8.834099939040389e-05,-0.005148742987042635,0.0029564345313157023,-0.005148742987042635,0.0029564345313157023
66,3.3000000000000003,-0.002062040880388527,-0.002073660162920252,1.1619282531725051e-05,-0.005062499066141296,0.003000458185752769,-0.005062499066141296,0.003000458185752769
67,3.35,-0.0020788581891406643,-0.002061448969900097,-1.7409219240567455e-05,-0.005011314483961614,0.0029324562948209497,-0.005011314483961614,0.0029324562948209497
68,3.4000000000000004,-0.0020099260644951267,-0.0020138881229446355,3.962058449508837e-06,-0.004949621999572463,0.0029396959350773367,-0.004949621999572463,0.0029396959350773367
69,3.45,-0.0020206843998373802,-0.001961791905353622,-5.889249448375825e-05,-0.004771079871281164,0.0027503954714437834,-0.004771079871281164,0.0027503954714437834
70,3.5,-0.0020085117478143566,-0.0019244045606409317,-8.410718717342491e-05,-0.004709156850162347,0.00270064510234799,-0.004709156850162347,0.00270064510234799
71,3.5500000000000003,-0.00176711154721243,-0.0017307445209794573,-3.636702623297265e-05,-0.004381353754773689,0.002614242207561259,-0.004381353754773689,0.002614242207561259
72,3.6,-0.0017434259532913554,-0.0016743779147149747,-6.904803857638074e-05,-0.004184467631783527,0.002441041678492172,-0.004184467631783527,0.002441041678492172
73,3.6500000000000004,-0.0016465704316144247,-0.0016642614395156363,1.7691007901211604e-05,-0.004132411995635299,0.002485841564020874,-0.004132411995635299,0.002485841564020874
74,3.7,-0.0017561952887431564,-0.0016713784952696207,-8.481679347353572e-05,-0.0041045216331181055,0.002348326344374949,-0.0041045216331181055,0.002348326344374949
75,3.75,-0.0017217552449084739,-0.001670773085938762,-5.098215896971194e-05,-0.0041033563277798665,0.0023816010828713926,-0.0041033563277798665,0.0023816010828713926
76,3.8000000000000003,-0.0017235118002599803,-0.0016475550259761047,-7.595677428387558e-05,-0.0040474015131579276,0.0023238897128979473,-0.0040474015131579276,0.0023238897128979473
77,3.85,-0.0016614644333371453,-0.0016448321967631467,-1.6632236573998604e-05,-0.0040009907506853015,0.002339526317348156,-0.0040009907506853015,0.002339526317348156
78,3.9000000000000004,-0.0015795113272426553,-0.0015786955741819348,-8.157530607204831e-07,-0.003886407411729479,0.002306896084486824,-0.003886407411729479,0.002306896084486824
79,3.95,-0.0015847896067542333,-0.0015663107880450045,-1.8478818709228824e-05,-0.003788065007314029,0.0022032754005597956,-0.003788065007314029,0.0022032754005597956
80,4.0,-0.0015436450580402772,-0.0014815459008070964,-6.209915723318082e-05,-0.00365958310591838,0.002115938047878103,-0.00365958310591838,0.002115938047878103
81,4.05,-0.0015796104818911472,-0.0015016059798894567,-7.800450200169044e-05,-0.003676577873121369,0.0020969673912302218,-0.003676577873121369,0.0020969673912302218
82,4.1000000000000005,-0.0010487771383360656,-0.0010578261157306742,9.048977394608606e-06,-0.003603605582601222,0.0025548284442651567,-0.003603605582601222,0.0025548284442651567
83,4.15,-0.0018593522694057008,-0.0018647450311211362,5.392761715435415e-06,-0.0035941414561861712,0.0017347891867804705,-0.0035941414561861712,0.0017347891867804705
84,4.2,-0.0016671023792658168,-0.0016589172023300433,-8.185176935773504e-06,-0.0034409958531729885,0.0017738934739071717,-0.0034409958531729885,0.0017738934739071717
85,4.25,-0.001545486160210774,-0.0014848701142977437,-6.0616045913030204e-05,-0.0033309866478619175,0.0017855004876511436,-0.0033309866478619175,0.0017855004876511436
86,4.3,-0.0013844862033171035,-0.0014091414696040872,2.465526628698373e-05,-0.0032731352517033547,0.0018886490483862512,-0.0032731352517033547,0.0018886490483862512
87,4.3500000000000005,-0.0013792657355182758,-0.001348889426240136,-3.03763092781397e-05,-0.0031684746873592035,0.0017892089518409277,-0.0031684746873592035,0.0017892089518409277
88,4.4,-0.0014249250147506665,-0.0013311864383633294,-9.373857638733706e-05,-0.0031510828634498905,0.001726157848699224,-0.0031510828634498905,0.001726157848699224
89,4.45,-0.0013614002831832117,-0.001297887480365352,-6.351280281785966e-05,-0.0030603414731028714,0.0016989411899196597,-0.0030603414731028714,0.0016989411899196597
90,4.5,-0.0012783632367805442,-0.0012984223205064955,2.0059083725951308e-05,-0.003019447234323367,0.0017410839975428227,-0.003019447234323367,0.0017410839975428227
91,4.55,-0.0013085657819740248,-0.0012550403121681219,-5.352546980590296e-05,-0.0029011316071976905,0.0015925658252236657,-0.0029011316071976905,0.0015925658252236657
92,4.6000000000000005,-0.0013132866278338096,-0.0012542024043214561,-5.908422351235342e-05,-0.002859656982827132,0.0015463703549933225,-0.002859656982827132,0.0015463703549933225
93,4.65,-0.0012866572592676873,-0.0012451249319693218,-4.1532327298365434e-05,-0.0028004253785713297,0.0015137681193036425,-0.0028004253785713297,0.0015137681193036425
94,4.7,-0.001247529448714979,-0.0012388653668577523,-8.66408185722675e-06,-0.002754240100979921,0.0015067106522649418,-0.002754240100979921,0.0015067106522649418
95,4.75,-0.001231032122264164,-0.0011974675049799062,-3.356461728425781e-05,-0.0026392116786289823,0.0014081795563648182,-0.0026392116786289823,0.0014081795563648182
96,4.800000000000001,-0.001206777495548983,-0.0011983342666160876,-8.443228932895333e-06,-0.002600290786133375,0.001393513290584392,-0.002600290786133375,0.001393513290584392
97,4.8500000000000005,-0.0011058687794825994,-0.0011482499378860029,4.238115840340343e-05,-0.002485501790198416,0.0013796330107158166,-0.002485501790198416,0.0013796330107158166
98,4.9,-0.0011649750318392105,-0.001139644103389815,-2.5330928449395548e-05,-0.002444153619708719,0.0012791785878695085,-0.002444153619708719,0.0012791785878695085
99,4.95,-0.0011942690692905433,-0.0011313523403854338,-6.291672890510955e-05,-0.0023474374986059278,0.0011531684293153844,-0.0023474374986059278,0.0011531684293153844
100,5.0,-0.001101871465794324,-0.0011021048601727822,2.3339437845814985e-07,-0.0022908845235065436,0.0011890130577122196,-0.0022908845235065436,0.0011890130577122196
101,5.050000000000001,-0.0011447495970365873,-0.001089193077353206,-5.555651968338119e-05,-0.0022433736972062644,0.0010986241001696771,-0.0022433736972062644,0.0010986241001696771
102,5.1000000000000005,-0.0011338350324747726,-0.001069739242042621,-6.40957904321515e-05,-0.0021821899989609276,0.001048354966486155,-0.0021821899989609276,0.001048354966486155
103,5.15,-0.0011411841272725987,-0.0010643840161841153,-7.680011108848338e-05,-0.0021173551529769003,0.0009761710257043016,-0.0021173551529769003,0.0009761710257043016
104,5.2,-0.0010670852335967762,-0.0010614014629423084,-5.683770654467792e-06,-0.002073197204964435,0.0010061119713676587,-0.002073197204964435,0.0010061119713676587
105,5.25,-0.001029260535875598,-0.001078882588925594,4.962205304999607e-05,-0.002054159571597921,0.0010248990357223232,-0.002054159571597921,0.0010248990357223232
106,5.300000000000001,-0.0010257854747036665,-0.0010512987782790946,2.5513303575428045e-05,-0.0019599208480211654,0.0009341353733174989,-0.0019599208480211654,0.0009341353733174989
107,5.3500000000000005,-0.0010559951335749052,-0.0010425867319022687,-1.3408401672636468e-05,-0.0019090882474153176,0.0008530931138404124,-0.0019090882474153176,0.0008530931138404124
108,5.4,-0.0010306467137360942,-0.0010345335482447972,3.886834508703063e-06,-0.0018925944283781442,0.00086194771464205,-0.0018925944283781442,0.00086194771464205
109,5.45,-0.0010921042521846447,-0.0010247467107163991,-6.735754146824555e-05,-0.0018606847063995196,0.000768580454214875,-0.0018606847063995196,0.000768580454214875
110,5.5,-0.0011079352067774328,-0.0010113874885181564,-9.654771825927649e-05,-0.0018026359174252186,0.0006947007106477858,-0.0018026359174252186,0.0006947007106477858
111,5.550000000000001,-0.0009689077883674457,-0.0010083692590250276,3.9461470657581885e-05,-0.0017658625598077238,0.0007969547714402781,-0.0017658625598077238,0.0007969547714402781
112,5.6000000000000005,-0.001008198272969385,-0.0009925631994149283,-1.563507355445675e-05,-0.0017121660793842188,0.0007039678064148338,-0.0017121660793842188,0.0007039678064148338
113,5.65,-0.0010389177008174322,-0.0009666925542771436,-7.222514654028856e-05,-0.0016907442812558033,0.0006518265804383711,-0.0016907442812558033,0.0006518265804383711
114,5.7,-0.0009612789333746097,-0.0009528156985911795,-8.463234783430223e-06,-0.0016653363500250195,0.0007040574166504098,-0.0016653363500250195,0.0007040574166504098
115,5.75,-0.0009521455126348943,-0.0009176760917500896,-3.4469420884804735e-05,-0.001572237497465931,0.0006200919848310367,-0.001572237497465931,0.0006200919848310367
116,5.800000000000001,-0.0010012506786098996,-0.0009298498258964895,-7.140085271341008e-05,-0.0015897616341287548,0.0005885109555188552,-0.0015897616341287548,0.0005885109555188552
117,5.8500000000000005,-0.0008577787812177329,-0.0008904587629596308,3.267998174189793e-05,-0.0015143016622031337,0.0006565228809854008,-0.0015143016622031337,0.0006565228809854008
118,5.9,-0.0008785387385797927,-0.0008904597925461104,1.1921053966317658e-05,-0.0014961437878195855,0.0006176050492397928,-0.0014961437878195855,0.0006176050492397928
119,5.95,-0.000895080857156505,-0.0008631081817803238,-3.197267537618121e-05,-0.001451155206329097,0.000556074349172592,-0.001451155206329097,0.000556074349172592
120,6.0,-0.0008384881002670985,-0.000847020082508686,8.531982241587427e-06,-0.001424027977535605,0.0005855398772685065,-0.001424027977535605,0.0005855398772685065
121,6.050000000000001,-0.0008176085761726348,-0.0008163950719009341,-1.2135042717006939e-06,-0.0013675187656732846,0.0005499101895006498,-0.0013675187656732846,0.0005499101895006498
122,6.1000000000000005,-0.0008395729178674038,-0.0007999013220218573,-3.9671595845546534e-05,-0.0013426404440746657,0.0005030675262072618,-0.0013426404440746657,0.0005030675262072618
123,6.15,-0.0008161762892964219,-0.000769561256311165,-4.6615032985256955e-05,-0.0013051362888784784,0.0004889599995820564,-0.0013051362888784784,0.0004889599995820564
124,6.2,-0.0007571226937008735,-0.0007572574566283154,1.3476292744186644e-07,-0.0012889859816046026,0.0005318632879037291,-0.0012889859816046026,0.0005318632879037291
125,6.25,-0.0007406546116066615,-0.0007486971250313207,8.042513424659221e-06,-0.001280680716050537,0.0005400261044438755,-0.001280680716050537,0.0005400261044438755
126,6.300000000000001,-0.0007686076676451936,-0.0007482315625034066,-2.0376105141786996e-05,-0.001265814938481234,0.0004972072708360404,-0.001265814938481234,0.0004972072708360404
127,6.3500000000000005,-0.0007537210616739287,-0.00073746580513059,-1.6255256543338723e-05,-0.0012314542166964755,0.0004777331550225468,-0.0012314542166964755,0.0004777331550225468
128,6.4,-0.0007202002639576932,-0.0007144542306507802,-5.74603330691305e-06,-0.0012040202166879197,0.00048381995273022644,-0.0012040202166879197,0.00048381995273022644
129,6.45,-0.0007321287271000454,-0.0006776989226845866,-5.442980441545877e-05,-0.0011497352307682572,0.0004176065036682118,-0.0011497352307682572,0.0004176065036682118
130,6.5,-0.0007047601297760497,-0.0006740729697883228,-3.0687159987726896e-05,-0.0010988268893352242,0.00039406675955917445,-0.0010988268893352242,0.00039406675955917445
131,6.550000000000001,-0.000667518079284557,-0.0006645364577822141,-2.9816215023428533e-06,-0.0010828430323118912,0.00041532495302733425,-0.0010828430323118912,0.00041532495302733425
132,6.6000000000000005,-0.0006295583499682511,-0.0006550398124506072,2.5481462482356064e-05,-0.0010720038902858485,0.0004424455403175974,-0.0010720038902858485,0.0004424455403175974
133,6.65,-0.0006354436592295176,-0.0006462865492600514,1.0842890030533813e-05,-0.0010571437485371448,0.00042170008930762716,-0.0010571437485371448,0.00042170008930762716
134,6.7,-0.0006579476992070177,-0.0006257299405373597,-3.221775866965799e-05,-0.0010299150667997736,0.0003719673675927559,-0.0010299150667997736,0.0003719673675927559
135,6.75,-0.0006502381478403763,-0.0006170680594153521,-3.317008842502415e-05,-0.0010188691877919564,0.00036863103995158015,-0.0010188691877919564,0.00036863103995158015
136,6.800000000000001,-0.0005800101169339822,-0.0005971044693252347,1.7094352391252513e-05,-0.0009728166307067349,0.00039280651377275274,-0.0009728166307067349,0.00039280651377275274
137,6.8500000000000005,-0.0006063782419627461,-0.0005769051120282398,-2.9473129934506318e-05,-0.0009586050550928935,0.0003522268131301474,-0.0009586050550928935,0.0003522268131301474
138,6.9,-0.0005919894864645503,-0.0005501291463729535,-4.186034009159682e-05,-0.0009282377352533037,0.0003362482487887534,-0.0009282377352533037,0.0003362482487887534
139,6.95,-0.0005714494506237067,-0.0005469772730950714,-2.447217752863523e-05,-0.0009362462928181094,0.0003647968421944028,-0.0009362462928181094,0.0003647968421944028
140,7.0,-0.0005209963212275959,-0.0005438170766841073,2.2820755456511477e-05,-0.0009276358548559023,0.00040663953362830645,-0.0009276358548559023,0.00040663953362830645
141,7.050000000000001,-0.0005440428614102988,-0.0005492612374250864,5.218376014787642e-06,-0.0009345757235607981,0.0003905328621504993,-0.0009345757235607981,0.0003905328621504993
142,7.1000000000000005,-0.0005493893632331215,-0.0005291904350007362,-2.0198928232385296e-05,-0.0009108777015312708,0.00036148833829814935,-0.0009108777015312708,0.00036148833829814935
143,7.15,-0.0005300434557173883,-0.0005106528825423255,-1.9390573175062848e-05,-0.0008730708882022553,0.000343027432484867,-0.0008730708882022553,0.000343027432484867
144,7.2,-0.0005070435312917176,-0.0004921315045293676,-1.4912026762349995e-05,-0.0008403186439644595,0.00033327511267274186,-0.0008403186439644595,0.00033327511267274186
145,7.25,-0.0004891405596811893,-0.0004830328336887167,-6.107725992472615e-06,-0.0008279914732951149,0.00033885091361392564,-0.0008279914732951149,0.00033885091361392564
146,7.300000000000001,-0.0004772871209062224,-0.0004725111926813604,-4.775928224861985e-06,-0.000813740947566095,0.0003364538266598726,-0.000813740947566095,0.0003364538266598726
147,7.3500000000000005,-0.00045936999874185425,-0.0004627950596902145,3.4250609483602794e-06,-0.0008003332340379198,0.0003409632352960655,-0.0008003332340379198,0.0003409632352960655
148,7.4,-0.00043242641894436495,-0.00043246777704318584,4.135809882088205e-08,-0.0007649673764192558,0.0003325409574748908,-0.0007649673764192558,0.0003325409574748908
149,7.45,-0.00043455982146412,-0.0004231885238157074,-1.1371297648412573e-05,-0.0007592010641911414,0.0003246412427270214,-0.0007592010641911414,0.0003246412427270214
150,7.5,-0.00041049514372137885,-0.0004117098125685539,1.2146688471750518e-06,-0.0007437214810998602,0.0003332263373784813,-0.0007437214810998602,0.0003332263373784813
151,7.550000000000001,-0.00038902372242244354,-0.0003900787183069195,1.0549958844759664e-06,-0.0007032508449357534,0.00031422712251330987,-0.0007032508449357534,0.00031422712251330987
152,7.6000000000000005,-0.00039361838521556614,-0.00038100622037978574,-1.2612164835780395e-05,-0.0006915013076621493,0.00029788292244658317,-0.0006915013076621493,0.00029788292244658317
153,7.65,-0.00037893234456798375,-0.00037214858663077964,-6.783757937204107e-06,-0.0006868742424189427,0.000307941897850959,-0.0006868742424189427,0.000307941897850959
154,7.7,-0.00039050449656241604,-0.0003616394615275581,-2.8865035034857925e-05,-0.0006743973003066377,0.0002838928037442217,-0.0006743973003066377,0.0002838928037442217
155,7.75,-0.00035765570397439106,-0.0003516462954541442,-6.0094085202468356e-06,-0.0006681638522126812,0.00031050814823829016,-0.0006681638522126812,0.00031050814823829016
156,7.800000000000001,-0.00034650105194811154,-0.000342820461408138,-3.6805905399735217e-06,-0.0006400473690751289,0.00029354631712701735,-0.0006400473690751289,0.00029354631712701735
157,7.8500000000000005,-0.00034583011373579,-0.00033262978910520726,-1.3200324630582719e-05,-0.0006265873263822784,0.0002807572126464884,-0.0006265873263822784,0.0002807572126464884
158,7.9,-0.0003094249532304971,-0.0003032675851740106,-6.1573680564865085e-06,-0.0005811444492565979,0.00027171949602610075,-0.0005811444492565979,0.00027171949602610075
159,7.95,-0.0002954996131976362,-0.0002898315753001254,-5.668037897510773e-06,-0.0005664750634685372,0.000270975450270901,-0.0005664750634685372,0.000270975450270901
160,8.0,-0.0002867700669397788,-0.0002847141693225735,-2.0558976172052753e-06,-0.0005560535199311718,0.00026928345299139303,-0.0005560535199311718,0.00026928345299139303
161,8.05,-0.0002670068877583809,-0.00027342456444812596,6.417676689745081e-06,-0.0005428601635093448,0.0002758532757509639,-0.0005428601635093448,0.0002758532757509639
162,8.1,-0.00026254612811471567,-0.00026831009670529905,5.763968590583382e-06,-0.0005361184938424472,0.00027357236572773155,-0.0005361184938424472,0.00027357236572773155
163,8.15,-0.0002673020704770934,-0.0002663890948065201,-9.129756705732986e-07,-0.0005329891354019621,0.00026568706492486867,-0.0005329891354019621,0.00026568706492486867
164,8.200000000000001,-0.0002390097904994004,-0.0002580360546790598,1.902626417965938e-05,-0.0005228120403242161,0.00028380224982481566,-0.0005228120403242161,0.00028380224982481566
165,8.25,-0.00024562748606382634,-0.0002513794146919372,5.751928628110843e-06,-0.00051462090604049,0.0002689934199766636,-0.00051462090604049,0.0002689934199766636
166,8.3,-0.00026261877512245846,-0.00024530211379998596,-1.73166613224725e-05,-0.0005069599199421043,0.0002443411448196459,-0.0005069599199421043,0.0002443411448196459
167,8.35,-0.00026384680665980653,-0.0002405014182318483,-2.334538842795823e-05,-0.0005000799067449756,0.00023623310008516907,-0.0005000799067449756,0.00023623310008516907
168,8.4,-0.0002463752430896804,-0.0002357587606039212,-1.0616482485759185e-05,-0.0004947696770023786,0.0002483944339126982,-0.0004947696770023786,0.0002483944339126982
169,8.450000000000001,-0.00020337178583806903,-0.00022040860965481256,1.7036823816743532e-05,-0.0004733918536734489,0.0002700200678353799,-0.0004733918536734489,0.0002700200678353799
170,8.5,-0.00020636614801561315,-0.0002152991848155852,8.933036799972064e-06,-0.00045887332107762043,0.0002525071730620073,-0.00045887332107762043,0.0002525071730620073
171,8.55,-0.00021521570937621526,-0.00020920350934638054,-6.0122000298347194e-06,-0.0004587480261786956,0.00024353231680248033,-0.0004587480261786956,0.00024353231680248033
172,8.6,-0.0002329533185525534,-0.00020379269846180996,-2.9160620090743454e-05,-0.0004490683894831933,0.0002161150709306399,-0.0004490683894831933,0.0002161150709306399
173,8.65,-0.00021517914688695683,-0.00019533828052928568,-1.984086635767115e-05,-0.00044302771223100564,0.00022784856534404881,-0.00044302771223100564,0.00022784856534404881
174,8.700000000000001,-0.00019449610268607032,-0.000190649147320738,-3.8469553653323126e-06,-0.0004341302119335201,0.0002396341092474498,-0.0004341302119335201,0.0002396341092474498
175,8.75,-0.0001936176531762701,-0.00018491235428102107,-8.705298895249038e-06,-0.00043123751465905404,0.00023761986148278393,-0.00043123751465905404,0.00023761986148278393
176,8.8,-0.0001918533239433362,-0.0001790063249042539,-1.2846999039082315e-05,-0.0004269226734455923,0.0002350693495022561,-0.0004269226734455923,0.0002350693495022561
177,8.85,-0.0001757483905289181,-0.00017403928405974344,-1.70910646917467e-06,-0.0004209938754147883,0.00024524548488587017,-0.0004209938754147883,0.00024524548488587017
178,8.9,-0.0001678478899582725,-0.00016973834317176174,1.89045321348925e-06,-0.000416459460469857,0.0002486115705115845,-0.000416459460469857,0.0002486115705115845
179,8.950000000000001,-0.00015830582308096197,-0.0001643233892399673,6.017566159005318e-06,-0.00041676461759488205,0.0002584587945139201,-0.00041676461759488205,0.0002584587945139201
180,9.0,-0.00016521692546422884,-0.00016513336990851043,-8.355555571840523e-08,-0.00041025734618674965,0.0002450404207225208,-0.00041025734618674965,0.0002450404207225208
181,9.05,-0.00016202811827836783,-0.00016059347462588623,-1.434643652481601e-06,-0.0004074800268439494,0.0002454519085655816,-0.0004074800268439494,0.0002454519085655816
182,9.1,-0.00016050489771091137,-0.00015529192920184194,-5.212968509069429e-06,-0.0004005077560006492,0.00024000285828973785,-0.0004005077560006492,0.00024000285828973785
183,9.15,-0.00015750045496121245,-0.00015026699363489789,-7.2334613263145685e-06,-0.0003907523514698484,0.00023325189650863596,-0.0003907523514698484,0.00023325189650863596
184,9.200000000000001,-0.00014744285686285608,-0.0001465819551581885,-8.609017046675728e-07,-0.0003869095268730501,0.000239466670010194,-0.0003869095268730501,0.000239466670010194
185,9.25,-0.0001516726926857892,-0.00014173840072203192,-9.934291963757278e-06,-0.000380513494307424,0.0002288408016216348,-0.000380513494307424,0.0002288408016216348
186,9.3,-0.00012444159256452814,-0.0001320223612504364,7.580768685908252e-06,-0.0003589018741566352,0.00023446028159210708,-0.0003589018741566352,0.00023446028159210708
187,9.35,-0.00013026817604067098,-0.00012801257295156298,-2.2556030891080023e-06,-0.00035365579214590494,0.00022338761610523396,-0.00035365579214590494,0.00022338761610523396
188,9.4,-0.0001329973917456595,-0.0001248596138230349,-8.137777922624586e-06,-0.0003506894127936357,0.0002176920210479762,-0.0003506894127936357,0.0002176920210479762
189,9.450000000000001,-0.00011700015671700648,-0.00012068594022265767,3.6857835056511897e-06,-0.0003453794905845292,0.00022837933386752273,-0.0003453794905845292,0.00022837933386752273
190,9.5,-0.00010777268989481392,-0.0001183686923193866,1.0596002424572673e-05,-0.00034315104715752374,0.00023537835726270982,-0.00034315104715752374,0.00023537835726270982
191,9.55,-0.00010415703135735477,-0.00011733195681297971,1.3174925455624941e-05,-0.0003396170205659298,0.000235459989208575,-0.0003396170205659298,0.000235459989208575
192,9.600000000000001,-0.00010938736008414551,-0.00011645403883547404,7.066678751328529e-06,-0.0003343998301222122,0.0002250124700380667,-0.0003343998301222122,0.0002250124700380667
193,9.65,-0.00011262657014166066,-0.00011336815402474739,7.415838830867217e-07,-0.0003287349312418632,0.00021610836110020254,-0.0003287349312418632,0.00021610836110020254
194,9.700000000000001,-0.00011812469917260593,-0.0001100278619455452,-8.096837227060735e-06,-0.000324746002497481,0.00020662130332487508,-0.000324746002497481,0.00020662130332487508
195,9.75,-0.00011826236230549902,-0.00010651823937177172,-1.17441229337273e-05,-0.00032074952085001156,0.00020248715854451253,-0.00032074952085001156,0.00020248715854451253
196,9.8,-0.00011620411315327317,-0.00010318887202558435,-1.3015241127688817e-05,-0.0003169447796214441,0.00020074066646817094,-0.0003169447796214441,0.00020074066646817094
197,9.850000000000001,-9.167423194167412e-05,-9.995436137456796e-05,8.280129432893841e-06,-0.00031329658695994085,0.00022162235501826672,-0.00031329658695994085,0.00022162235501826672
198,9.9,-0.00010246921448331392,-9.916629931438184e-05,-3.302915168932081e-06,-0.0003124636289230103,0.0002099944144396964,-0.0003124636289230103,0.0002099944144396964
199,9.950000000000001,-0.00010360894762451167,-9.358154720637201e-05,-1.0027400418139663e-05,-0.000305037582342802,0.00020142863471829032,-0.000305037582342802,0.00020142863471829032
200,10.0,-0.00010424743132686487,-8.887592642837112e-05,-1.5371504898493754e-05,-0.0003089235209666896,0.00020467608963982474,-0.0003089235209666896,0.00020467608963982474
201,10.05,-0.00010735147739637796,-8.615805185506282e-05,-2.1193425541315142e-05,-0.0003058641593345125,0.00019851268193813451,-0.0003058641593345125,0.00019851268193813451
202,10.100000000000001,-0.00010298169232703103,-8.607413998666557e-05,-1.6907552340365454e-05,-0.0003000257353001986,0.00019704404297316757,-0.0003000257353001986,0.00019704404297316757
203,10.15,-7.927338683311191e-05,-8.279491284106793e-05,3.521526007956019e-06,-0.0002967886004180356,0.00021751521358492367,-0.0002967886004180356,0.00021751521358492367
204,10.200000000000001,-7.391392248945472e-05,-7.662869849476542e-05,2.7147760053106975e-06,-0.0002898544960629916,0.0002159405735735369,-0.0002898544960629916,0.0002159405735735369
205,10.25,-7.687639362408127e-05,-7.830977965001015e-05,1.4333860259288717e-06,-0.0002906515203478659,0.0002137751267237846,-0.0002906515203478659,0.0002137751267237846
206,10.3,-6.31853640191693e-05,-7.243616016448108e-05,9.25079614531178e-06,-0.000283639795802103,0.0002204544317829337,-0.000283639795802103,0.0002204544317829337
207,10.350000000000001,-6.119361401490941e-05,-6.801490761250878e-05,6.821293597599365e-06,-0.0002775999743155243,0.0002164063603006149,-0.0002775999743155243,0.0002164063603006149
208,10.4,-5.9374046102123046e-05,-6.46301350579837e-05,5.256088955860654e-06,-0.00027329644609330213,0.00021392239999117908,-0.00027329644609330213,0.00021392239999117908
209,10.450000000000001,-5.988980336657512e-05,-6.257099960691301e-05,2.681196240337887e-06,-0.0002703217316186875,0.0002104319282521124,-0.0002703217316186875,0.0002104319282521124
210,10.5,-6.374210180415396e-05,-6.153353383406915e-05,-2.2085679700848125e-06,-0.0002693038508764189,0.00020556174907226493,-0.0002693038508764189,0.00020556174907226493
211,10.55,-5.505577561670805e-05,-5.7053317420664945e-05,1.9975418039568983e-06,-0.0002631171334663917,0.00020806135784968364,-0.0002631171334663917,0.00020806135784968364
212,10.600000000000001,-5.818634410381662e-05,-5.5280594674868037e-05,-2.9057494289485864e-06,-0.00026059221611528195,0.00020240587201146533,-0.00026059221611528195,0.00020240587201146533
213,10.65,-5.587296966802491e-05,-5.394915006602529e-05,-1.9238196019996195e-06,-0.0002585286689736282,0.00020265569930560327,-0.0002585286689736282,0.00020265569930560327
214,10.700000000000001,-5.5635264818443275e-05,-5.334481593315549e-05,-2.2904488852877865e-06,-0.0002572271555100987,0.0002015918906916554,-0.0002572271555100987,0.0002015918906916554
215,10.75,-6.180644128361834e-05,-5.5264957406206294e-05,-6.541483877412047e-06,-0.00025939940482635376,0.00019759296354273541,-0.00025939940482635376,0.00019759296354273541
216,10.8,-5.433869004733971e-05,-5.291827287727372e-05,-1.4204171700659917e-06,-0.0002555671344802172,0.0002012284444328775,-0.0002555671344802172,0.0002012284444328775
217,10.850000000000001,-4.236381299427272e-05,-5.1471047448249664e-05,9.107234453976943e-06,-0.0002534803474061512,0.00021111653441187848,-0.0002534803474061512,0.00021111653441187848
218,10.9,-3.969649490409566e-05,-5.081239097330422e-05,1.1115896069208564e-05,-0.00025410040399213965,0.000214403909088044,-0.00025410040399213965,0.000214403909088044
219,10.950000000000001,-4.265922758572849e-05,-5.16384922550448e-05,8.979264669316313e-06,-0.0002552563829887409,0.00021259715540301242,-0.0002552563829887409,0.00021259715540301242
220,11.0,-4.2939314149004204e-05,-4.678429683750668e-05,3.844982688502476e-06,-0.0002331013370965261,0.0001901620229475219,-0.0002331013370965261,0.0001901620229475219
221,11.05,-5.045749978616065e-05,-4.9392745065458674e-05,-1.064754720701979e-06,-0.00022680970818504697,0.00017635220839888632,-0.00022680970818504697,0.00017635220839888632
222,11.100000000000001,-6.243379460513232e-05,-4.961875391957417e-05,-1.2815040685558152e-05,-0.00022626910430786115,0.00016383530970272883,-0.00022626910430786115,0.00016383530970272883
223,11.15,-5.563021782473143e-05,-4.9204173979654934e-05,-6.426043845076498e-06,-0.0002260285609864044,0.00017039834316167298,-0.0002260285609864044,0.00017039834316167298
224,11.200000000000001,-3.957861488612657e-05,-4.7041342431878005e-05,7.462727545751432e-06,-0.00022236186317048137,0.0001827832482843548,-0.00022236186317048137,0.0001827832482843548
225,11.25,-4.5529663932342146e-05,-4.5733336044528376e-05,2.0367211218623026e-07,-0.00022038525813117664,0.0001748555941988345,-0.00022038525813117664,0.0001748555941988345
226,11.3,-5.0340552609329237e-05,-4.569073970919328e-05,-4.649812900135954e-06,-0.00022235119043007522,0.00017201063782074598,-0.00022235119043007522,0.00017201063782074598
227,11.350000000000001,-4.74282847178209e-05,-4.347903303119425e-05,-3.949251686626651e-06,-0.00021867943125358883,0.00017125114653576793,-0.00021867943125358883,0.00017125114653576793
228,11.4,-4.4482772565856976e-05,-4.371599692871581e-05,-7.667756371411636e-07,-0.0002109268306478364,0.00016644405808197943,-0.0002109268306478364,0.00016644405808197943
229,11.450000000000001,-4.4937318836257845e-05,-4.25158144202183e-05,-2.421504416039546e-06,-0.0002059955562646209,0.00016105823742836305,-0.0002059955562646209,0.00016105823742836305
230,11.5,-5.168517142895013e-05,-4.4681045871971194e-05,-7.004125556978933e-06,-0.00020742892914380262,0.0001557437577148525,-0.00020742892914380262,0.0001557437577148525
231,11.55,-5.4910330258506335e-05,-4.264039378879191e-05,-1.2269936469714424e-05,-0.0002047630095645953,0.00014985267930608896,-0.0002047630095645953,0.00014985267930608896
232,11.600000000000001,-5.346124714855627e-05,-4.234288453927091e-05,-1.1118362609285356e-05,-0.00020385803921530953,0.00015039679206675327,-0.00020385803921530953,0.00015039679206675327
233,11.65,-5.275242401614477e-05,-4.041043210384211e-05,-1.2341991912302664e-05,-0.00020040741882512556,0.0001476549948089808,-0.00020040741882512556,0.0001476549948089808
234,11.700000000000001,-5.430075148504798e-05,-4.070259442954801e-05,-1.3598157055499974e-05,-0.00019577318842397905,0.00014147243693893107,-0.00019577318842397905,0.00014147243693893107
235,11.75,-3.350447478966956e-05,-3.886327166010318e-05,5.358796870433624e-06,-0.0001924748952316203,0.00015897042044195074,-0.0001924748952316203,0.00015897042044195074
236,11.8,-3.046373645698708e-05,-3.883902937349437e-05,8.375292916507293e-06,-0.00019268488537504914,0.00016222114891806206,-0.00019268488537504914,0.00016222114891806206
237,11.850000000000001,-3.829671483246422e-05,-3.7608158150342204e-05,-6.885566821220141e-07,-0.0001901974245142595,0.00015190070968179527,-0.0001901974245142595,0.00015190070968179527
238,11.9,-4.563849195937664e-05,-3.7330710228553415e-05,-8.307781730823222e-06,-0.00019023749158810882,0.00014459899962873218,-0.00019023749158810882,0.00014459899962873218
239,11.950000000000001,-4.706808728083267e-05,-3.614157646644763e-05,-1.0926510814385043e-05,-0.00018799257454866055,0.00014092448726782787,-0.00018799257454866055,0.00014092448726782787
240,12.0,-4.7652234665296334e-05,-3.624784580719186e-05,-1.1404388858104477e-05,-0.00018844490023909897,0.00014079266557380263,-0.00018844490023909897,0.00014079266557380263
241,12.05,-3.613982290162632e-05,-4.808828285342369e-05,1.1948459951797374e-05,-0.0001857017029321297,0.00014956188003050337,-0.0001857017029321297,0.00014956188003050337
242,12.100000000000001,-3.678975056575773e-05,-4.434112498567722e-05,7.55137441991949e-06,-0.00018413008741587062,0.0001473403368501129,-0.00018413008741587062,0.0001473403368501129
243,12.15,-4.1950007327651306e-05,-4.192713982002042e-05,-2.2867507630883058e-08,-0.0001779068959412967,0.0001359568886136454,-0.0001779068959412967,0.0001359568886136454
244,12.200000000000001,-4.0584222003259285e-05,-4.02270838041531e-05,-3.57138199106188e-07,-0.00017921434870899998,0.0001386301267057407,-0.00017921434870899998,0.0001386301267057407
245,12.25,-2.618612930382902e-05,-4.0014771053546695e-05,1.3828641749717675e-05,-0.0001788332310504381,0.00015264710174660908,-0.0001788332310504381,0.00015264710174660908
246,12.3,-3.17818867243691e-05,-3.924371020555746e-05,7.461823481188358e-06,-0.0001770355568706101,0.000145253670146241,-0.0001770355568706101,0.000145253670146241
247,12.350000000000001,-3.633271950009842e-05,-3.8096682025051326e-05,1.7639625249529057e-06,-0.00017530231307414317,0.00013896959357404475,-0.00017530231307414317,0.00013896959357404475
248,12.4,-4.133230415104272e-05,-3.7591256552897815e-05,-3.741047598144905e-06,-0.00017356329273570843,0.0001322309885846657,-0.00017356329273570843,0.0001322309885846657
249,12.450000000000001,-4.483111800079875e-05,-3.622475740687894e-05,-8.606360593919814e-06,-0.00016345566025721073,0.00011862454225641198,-0.00016345566025721073,0.00011862454225641198
250,12.5,-4.2950927906959535e-05,-3.549546546432111e-05,-7.455462442638425e-06,-0.00016221289749538857,0.00011926196958842903,-0.00016221289749538857,0.00011926196958842903
251,12.55,-3.978991392750153e-05,-3.1668853323732505e-05,-8.121060603769025e-06,-0.00015789620678614643,0.0001181062928586449,-0.00015789620678614643,0.0001181062928586449
252,12.600000000000001,-4.162177978872528e-05,-3.187403051944765e-05,-9.747749269277624e-06,-0.00015763611270325797,0.0001160143329145327,-0.00015763611270325797,0.0001160143329145327
253,12.65,-4.1526596111785e-05,-3.113917678735451e-05,-1.0387419324430485e-05,-0.0001565826669921526,0.00011505607088036759,-0.0001565826669921526,0.00011505607088036759
254,12.700000000000001,-3.9082216361618904e-05,-2.9918201368541193e-05,-9.164014993077711e-06,-0.00015505784876883555,0.00011597563240721664,-0.00015505784876883555,0.00011597563240721664
255,12.75,-4.5180328112959245e-05,-3.0656297488462886e-05,-1.4524030624496359e-05,-0.00015584660269902647,0.00011066627458606722,-0.00015584660269902647,0.00011066627458606722
256,12.8,-3.7414567367388685e-05,-3.0391592039966505e-05,-7.02297532742218e-06,-0.0001552272887834527,0.000117812721416064,-0.0001552272887834527,0.000117812721416064
257,12.850000000000001,-2.6729917468770736e-05,-3.124427382747514e-05,4.514356358704404e-06,-0.00015339054115488451,0.00012666062368611378,-0.00015339054115488451,0.00012666062368611378
258,12.9,-2.2102213314889596e-05,-3.0067195697833503e-05,7.964982382943907e-06,-0.00014936790788564936,0.00012726569457075976,-0.00014936790788564936,0.00012726569457075976
259,12.950000000000001,-2.4020045461314865e-05,-2.982224355029734e-05,5.802198088982476e-06,-0.0001510332706205458,0.00012701322515923093,-0.0001510332706205458,0.00012701322515923093
260,13.0,-1.7595765182898404e-05,-2.9065988782742753e-05,1.147022359984435e-05,-0.00014996959945522888,0.00013237383427233047,-0.00014996959945522888,0.00013237383427233047
261,13.05,-1.8302387905011486e-05,-2.8485348551614843e-05,1.0182960646603357e-05,-0.00014894734642558583,0.00013064495852057435,-0.00014894734642558583,0.00013064495852057435
262,13.100000000000001,-1.908453421117784e-05,-2.7115264493688e-05,8.03073028251016e-06,-0.00014722353385669345,0.00012813899964551561,-0.00014722353385669345,0.00012813899964551561
263,13.15,-1.7249337781688467e-05,-2.611999589518684e-05,8.870658113498371e-06,-0.00014340353461602637,0.0001261541968343379,-0.00014340353461602637,0.0001261541968343379
264,13.200000000000001,-1.3388290651672463e-05,-2.575304435953998e-05,1.2364753707867516e-05,-0.00013672571868231698,0.0001233374280306445,-0.00013672571868231698,0.0001233374280306445
265,13.25,-1.857022288165311e-05,-2.6597579113196992e-05,8.027356231543883e-06,-0.00014004286649414645,0.00012147264361249334,-0.00014004286649414645,0.00012147264361249334
266,13.3,-2.3273561125636277e-05,-2.56634465164324e-05,2.389885390796124e-06,-0.00013671185156052552,0.00011343829043488924,-0.00013671185156052552,0.00011343829043488924
267,13.350000000000001,-2.1721323709034124e-05,-2.5006211089434595e-05,3.2848873804004713e-06,-0.00013589971808733963,0.0001141783943783055,-0.00013589971808733963,0.0001141783943783055
268,13.4,-2.2572975783674565e-05,-2.479155573061174e-05,2.218579946937175e-06,-0.0001376186428967618,0.00011504566711308725,-0.0001376186428967618,0.00011504566711308725
269,13.450000000000001,-3.1943010371238145e-05,-2.608103973498316e-05,-5.8619706362549854e-06,-0.00013544922174933062,0.00010350621137809247,-0.00013544922174933062,0.00010350621137809247
270,13.5,-3.815865810996577e-05,-2.6652653865054818e-05,-1.1506004244910953e-05,-0.00013467744981156282,9.651879170159705e-05,-0.00013467744981156282,9.651879170159705e-05
271,13.55,-1.4869524043170657e-05,-2.6820387809957224e-05,1.1950863766786567e-05,-0.00013170478980042337,0.00011683526575725271,-0.00013170478980042337,0.00011683526575725271
272,13.600000000000001,-8.613732244033834e-05,-8.748112202656446e-05,1.3437995862261186e-06,-0.00013073995302436328,4.460263058402494e-05,-0.00013073995302436328,4.460263058402494e-05
273,13.65,-8.543356531931501e-05,-8.487546926122955e-05,-5.580960580854534e-07,-0.00012454002205213954,3.9106456732824536e-05,-0.00012454002205213954,3.9106456732824536e-05
274,13.700000000000001,-8.074332854146604e-05,-7.997910413133786e-05,-7.642244101281837e-07,-0.00012117963356889619,4.0436305027430144e-05,-0.00012117963356889619,4.0436305027430144e-05
275,13.75,-8.784695158237099e-05,-7.923719030379647e-05,-8.60976127857452e-06,-0.00011757634233780586,2.9729390755434872e-05,-0.00011757634233780586,2.9729390755434872e-05
276,13.8,-9.179006211068597e-05,-7.735201290789737e-05,-1.4438049202788599e-05,-0.00011725660100280077,2.54665388921148e-05,-0.00011725660100280077,2.54665388921148e-05
277,13.850000000000001,-9.140563203979823e-05,-7.857028965642686e-05,-1.2835342383371378e-05,-0.00011623058465732507,2.482495261752683e-05,-0.00011623058465732507,2.482495261752683e-05
278,13.9,-8.727283160436805e-05,-7.669673006753157e-05,-1.0576101536836476e-05,-0.00011585995923972083,2.8587127635352783e-05,-0.00011585995923972083,2.8587127635352783e-05
279,13.950000000000001,-7.899906952135716e-05,-7.563834860506351e-05,-3.3607209162936434e-06,-0.0001130720027824727,3.4072933261115545e-05,-0.0001130720027824727,3.4072933261115545e-05
280,14.0,-6.619479451241972e-05,-7.168598508134507e-05,5.491190568925351e-06,-0.00011023453187301235,4.403973736059263e-05,-0.00011023453187301235,4.403973736059263e-05
281,14.05,-7.158221205361137e-05,-6.878199060725468e-05,-2.800221446356695e-06,-0.00010545329312993925,3.387108107632788e-05,-0.00010545329312993925,3.387108107632788e-05
282,14.100000000000001,-7.986487626876482e-05,-7.04335477193352e-05,-9.431328549429618e-06,-0.000108845155309684,2.898027904091918e-05,-0.000108845155309684,2.898027904091918e-05
283,14.15,-8.281632485962476e-05,-6.835976590074167e-05,-1.4456558958883084e-05,-0.00010453189827441639,2.1715573414791633e-05,-0.00010453189827441639,2.1715573414791633e-05
284,14.200000000000001,-8.202567955684081e-05,-6.717495436209046e-05,-1.4850725194750356e-05,-0.00010508074887185638,2.3055069315015562e-05,-0.00010508074887185638,2.3055069315015562e-05
285,14.25,-7.326192435175294e-05,-6.511463808390528e-05,-8.147286267847658e-06,-0.00010108069073792202,2.7818766386169082e-05,-0.00010108069073792202,2.7818766386169082e-05
286,14.3,-6.616979008056134e-05,-6.297125837466176e-05,-3.198531705899584e-06,-0.00010050166971681355,3.4331879636252205e-05,-0.00010050166971681355,3.4331879636252205e-05
287,14.350000000000001,-6.390495515606887e-05,-6.120536450240304e-05,-2.699590653665825e-06,-9.681839636615444e-05,3.291344121008557e-05,-9.681839636615444e-05,3.291344121008557e-05
288,14.4,-5.450181598032344e-05,-6.071395697251749e-05,6.212140992194049e-06,-9.619458334284118e-05,4.169276736251773e-05,-9.619458334284118e-05,4.169276736251773e-05
289,14.450000000000001,-5.641275554268965e-05,-5.905218326308726e-05,2.639427720397606e-06,-9.59721182052985e-05,3.955936266260885e-05,-9.59721182052985e-05,3.955936266260885e-05
290,14.5,-5.1710783209646394e-05,-5.7817061989595354e-05,6.10627877994896e-06,-9.291113970752976e-05,4.120035649788336e-05,-9.291113970752976e-05,4.120035649788336e-05
291,14.55,-5.506027780111111e-05,-5.72144104282946e-05,2.154132627183487e-06,-9.379554387937591e-05,3.8735266078264796e-05,-9.379554387937591e-05,3.8735266078264796e-05
292,14.600000000000001,-5.6756381145994794e-05,-5.553828948606359e-05,-1.2180916599312057e-06,-9.03129982497538e-05,3.3556617103759005e-05,-9.03129982497538e-05,3.3556617103759005e-05
293,14.65,-5.779400913752397e-05,-5.8270783381387845e-05,4.767742438638729e-07,-9.468352308382897e-05,3.6889513946304994e-05,-9.468352308382897e-05,3.6889513946304994e-05
294,14.700000000000001,-5.691811607566599e-05,-5.6548940896183e-05,-3.691751794829897e-07,-9.101382916648817e-05,3.409571309082218e-05,-9.101382916648817e-05,3.409571309082218e-05
295,14.75,-4.922745802304895e-05,-5.626154428384896e-05,7.034086260800004e-06,-9.063601882079666e-05,4.140856079774771e-05,-9.063601882079666e-05,4.140856079774771e-05
296,14.8,-4.311252474553662e-05,-5.539929661935991e-05,1.2286771873823291e-05,-9.124004164381755e-05,4.812751689828093e-05,-9.124004164381755e-05,4.812751689828093e-05
297,14.850000000000001,-3.631930980851905e-05,-5.384659292670262e-05,1.752728311818357e-05,-8.745056478531532e-05,5.1131254976796264e-05,-8.745056478531532e-05,5.1131254976796264e-05
298,14.9,-4.079998681860708e-05,-5.269742168772749e-05,1.1897434869120407e-05,-8.821506654637675e-05,4.741507972776967e-05,-8.821506654637675e-05,4.741507972776967e-05
299,14.950000000000001,-4.508907524414241e-05,-4.9522581070864525e-05,4.433505826722118e-06,-8.280765345379975e-05,3.771857820965734e-05,-8.280765345379975e-05,3.771857820965734e-05
300,15.0,-4.510360972220795e-05,-4.8695427298200994e-05,3.5918175759930445e-06,-8.239524268408097e-05,3.7291632961873025e-05,-8.239524268408097e-05,3.7291632961873025e-05
301,15.05,-4.5791145971252334e-05,-4.6823410017835624e-05,1.0322640465832903e-06,-8.197305653223908e-05,3.6181910560986744e-05,-8.197305653223908e-05,3.6181910560986744e-05
302,15.100000000000001,-4.467160203325271e-05,-4.540376351859472e-05,7.32161485342011e-07,-7.971768199601554e-05,3.504607996276283e-05,-7.971768199601554e-05,3.504607996276283e-05
303,15.15,-4.9318300862299935e-05,-4.412546192965955e-05,-5.192838932640385e-06,-7.828745069046382e-05,2.8969149828163887e-05,-7.828745069046382e-05,2.8969149828163887e-05
304,15.200000000000001,-4.820377052183744e-05,-4.4312682533263684e-05,-3.891087988573757e-06,-7.838491582611353e-05,3.0181145304276086e-05,-7.838491582611353e-05,3.0181145304276086e-05
305,15.25,-4.799727264170883e-05,-4.381148875721525e-05,-4.185783884493586e-06,-7.779609148065478e-05,2.979881883894595e-05,-7.779609148065478e-05,2.979881883894595e-05
306,15.3,-4.889250930606437e-05,-4.320430859003399e-05,-5.688200716030382e-06,-7.709884933469939e-05,2.8206340028635017e-05,-7.709884933469939e-05,2.8206340028635017e-05
307,15.350000000000001,-4.6521373283203715e-05,-4.223039639809117e-05,-4.290976885112544e-06,-7.616678051274335e-05,2.9645407229539632e-05,-7.616678051274335e-05,2.9645407229539632e-05
308,15.4,-4.215971877696845e-05,-4.266961617947582e-05,5.098974025073715e-07,-7.842006408731343e-05,3.626034531034498e-05,-7.842006408731343e-05,3.626034531034498e-05
309,15.450000000000001,-4.0757725815687706e-05,-4.15657385645726e-05,8.080127488848909e-07,-7.549088865276689e-05,3.473316283707918e-05,-7.549088865276689e-05,3.473316283707918e-05
310,15.5,-3.625157434616888e-05,-4.094020382101761e-05,4.688629474848731e-06,-7.497124622927675e-05,3.871967188310787e-05,-7.497124622927675e-05,3.871967188310787e-05
311,15.55,-4.2649174149200775e-05,-4.1151548314707216e-05,-1.4976258344935587e-06,-7.524976304969557e-05,3.2600588900494795e-05,-7.524976304969557e-05,3.2600588900494795e-05
312,15.600000000000001,-4.5658660693614905e-05,-4.042557012568756e-05,-5.233090567927346e-06,-7.459234464214933e-05,2.893368394853442e-05,-7.459234464214933e-05,2.893368394853442e-05
313,15.65,-5.427108159228311e-05,-4.228941262274869e-05,-1.1981668969534423e-05,-7.652657094385855e-05,2.225548935157544e-05,-7.652657094385855e-05,2.225548935157544e-05
314,15.700000000000001,-5.7272448019674016e-05,-4.209098490829953e-05,-1.5181463111374488e-05,-7.644725429707134e-05,1.917480627739732e-05,-7.644725429707134e-05,1.917480627739732e-05
315,15.75,-5.499902969519077e-05,-4.264894313614401e-05,-1.2350086559046764e-05,-7.706806777362345e-05,2.206903807843268e-05,-7.706806777362345e-05,2.206903807843268e-05
316,15.8,-3.843370815070912e-05,-4.236911126861045e-05,3.935403117901326e-06,-7.394358540209414e-05,3.550987725138502e-05,-7.394358540209414e-05,3.550987725138502e-05
317,15.850000000000001,-3.026106952774832e-05,-4.2691752995191375e-05,1.2430683467443056e-05,-7.430915579511926e-05,4.404808626737094e-05,-7.430915579511926e-05,4.404808626737094e-05
318,15.9,-3.518292770277043e-05,-4.3399519508862716e-05,8.216591806092288e-06,-7.667989133382846e-05,4.149696363105803e-05,-7.667989133382846e-05,4.149696363105803e-05
319,15.950000000000001,-3.533544705591751e-05,-4.168338144101675e-05,6.3479343850992404e-06,-7.344741498975995e-05,3.811196793384244e-05,-7.344741498975995e-05,3.811196793384244e-05
320,16.0,-3.860520757248409e-05,-4.20713423823149e-05,3.46613480983081e-06,-7.549117952850938e-05,3.688597195602529e-05,-7.549117952850938e-05,3.688597195602529e-05
321,16.05,-3.480603607797228e-05,-4.153728493449999e-05,6.731248856527711e-06,-7.343329751807276e-05,3.862726144010048e-05,-7.343329751807276e-05,3.862726144010048e-05
322,16.1,-3.502793266751958e-05,-4.163834607171231e-05,6.610413404192734e-06,-7.520256504557747e-05,4.017463237805789e-05,-7.520256504557747e-05,4.017463237805789e-05
323,16.150000000000002,-3.694197201542515e-05,-4.092055983677675e-05,3.9785878213516e-06,-7.293044967636551e-05,3.5988477660940364e-05,-7.293044967636551e-05,3.5988477660940364e-05
324,16.2,-4.30297265461288e-05,-4.174925201602656e-05,-1.280474530102239e-06,-7.536751261187217e-05,3.2337786065743366e-05,-7.536751261187217e-05,3.2337786065743366e-05
325,16.25,-4.3462934205207304e-05,-4.004796279355175e-05,-3.4149714116555536e-06,-7.210589555276545e-05,2.8642961347558147e-05,-7.210589555276545e-05,2.8642961347558147e-05
326,16.3,-4.0547804106561e-05,-4.052932496585976e-05,-1.8479140701241684e-08,-7.424688775408096e-05,3.369908364751996e-05,-7.424688775408096e-05,3.369908364751996e-05
327,16.35,-4.1914664206998964e-05,-4.0985690112762077e-05,-9.289740942368873e-07,-7.313869068933902e-05,3.1224026482340055e-05,-7.313869068933902e-05,3.1224026482340055e-05
328,16.400000000000002,-4.737287314870997e-05,-4.181203651123583e-05,-5.560836637474138e-06,-7.408123154899566e-05,2.670835840028569e-05,-7.408123154899566e-05,2.670835840028569e-05
329,16.45,-4.426546332236825e-05,-4.2360941268228285e-05,-1.9045220541399628e-06,-7.607871970965728e-05,3.181325638728903e-05,-7.607871970965728e-05,3.181325638728903e-05
330,16.5,-4.374240908555649e-05,-4.041823840403675e-05,-3.324170681519737e-06,-7.263028108099111e-05,2.8887871995434623e-05,-7.263028108099111e-05,2.8887871995434623e-05
331,16.55,-4.5279106860585117e-05,-4.008907744908688e-05,-5.190029411498237e-06,-7.234997561407502e-05,2.7070868753489906e-05,-7.234997561407502e-05,2.7070868753489906e-05
332,16.6,-4.2092136091520516e-05,-3.992222500934728e-05,-2.169911082173239e-06,-7.225728737442808e-05,3.0165151282907568e-05,-7.225728737442808e-05,3.0165151282907568e-05
333,16.650000000000002,-4.267330357343724e-05,-3.905351834994841e-05,-3.619785223488831e-06,-7.144700097448069e-05,2.8773697401043453e-05,-7.144700097448069e-05,2.8773697401043453e-05
334,16.7,-3.78907121330041e-05,-3.9975995211795795e-05,2.0852830787916946e-06,-7.241321380269625e-05,3.452250166969215e-05,-7.241321380269625e-05,3.452250166969215e-05
335,16.75,-4.333208378137776e-05,-3.9365506223562086e-05,-3.966577557815676e-06,-7.179254082063882e-05,2.846045703926106e-05,-7.179254082063882e-05,2.846045703926106e-05
336,16.8,-4.156340740890663e-05,-3.8868430316910734e-05,-2.6949770919958935e-06,-7.131784648363237e-05,2.9754439074725742e-05,-7.131784648363237e-05,2.9754439074725742e-05
337,16.85,-3.8380614974853344e-05,-4.053026861711316e-05,2.149653642259814e-06,-7.288822364703447e-05,3.4507608672181125e-05,-7.288822364703447e-05,3.4507608672181125e-05
338,16.900000000000002,-3.823154876481105e-05,-4.0327738727611535e-05,2.0961899628004827e-06,-7.268157053678136e-05,3.4450021771970305e-05,-7.268157053678136e-05,3.4450021771970305e-05
339,16.95,-3.727176131573806e-05,-4.042075778748256e-05,3.148996471744499e-06,-7.284049601941764e-05,3.556873470367958e-05,-7.284049601941764e-05,3.556873470367958e-05
340,17.0,-3.21868595840602e-05,-3.991747206532501e-05,7.730612481264811e-06,-7.238877149679741e-05,4.020191191273721e-05,-7.238877149679741e-05,4.020191191273721e-05
341,17.05,-3.534588051956611e-05,-3.97878968068766e-05,4.442016287310492e-06,-7.225570499120434e-05,3.690982447163823e-05,-7.225570499120434e-05,3.690982447163823e-05
342,17.1,-3.687314849210033e-05,-4.045238622292566e-05,3.579237730825335e-06,-7.296737926681528e-05,3.6094230774714954e-05,-7.296737926681528e-05,3.6094230774714954e-05
343,17.150000000000002,-3.8479959123760565e-05,-4.055739191464385e-05,2.0774327908832846e-06,-7.288524129994033e-05,3.440528217617977e-05,-7.288524129994033e-05,3.440528217617977e-05
344,17.2,-4.139323789598137e-05,-4.00513239741218e-05,-1.3419139218595705e-06,-7.23565702727001e-05,3.0963332376718726e-05,-7.23565702727001e-05,3.0963332376718726e-05
345,17.25,-4.362523092438231e-05,-4.180743477467417e-05,-1.8177961497081374e-06,-7.409043761282368e-05,3.0465206688441373e-05,-7.409043761282368e-05,3.0465206688441373e-05
346,17.3,-4.49058033389349e-05,-4.094345966067087e-05,-3.96234367826403e-06,-7.319872568722468e-05,2.829292234828978e-05,-7.319872568722468e-05,2.829292234828978e-05
347,17.35,-4.01738024666809e-05,-4.041402845886108e-05,2.4022599218018095e-07,-7.264418976053417e-05,3.247038729385327e-05,-7.264418976053417e-05,3.247038729385327e-05
348,17.400000000000002,-3.883852147068545e-05,-3.988852878314338e-05,1.0500073124579293e-06,-7.225681102536799e-05,3.341828955468254e-05,-7.225681102536799e-05,3.341828955468254e-05
349,17.45,-4.018280663831142e-05,-3.973902056058706e-05,-4.4378607772435895e-07,-7.20827739352832e-05,3.1899967296971783e-05,-7.20827739352832e-05,3.1899967296971783e-05
350,17.5,-4.375875844786492e-05,-3.924759275071684e-05,-4.511165697148078e-06,-7.157444556192605e-05,2.7815687114061128e-05,-7.157444556192605e-05,2.7815687114061128e-05
351,17.55,-4.607621911345561e-05,-3.8741858499779235e-05,-7.3343606136763725e-06,-7.104439334926387e-05,2.4968174235808258e-05,-7.104439334926387e-05,2.4968174235808258e-05
352,17.6,-4.685570015672269e-05,-3.851211740553956e-05,-8.34358275118313e-06,-7.079070928462351e-05,2.393500912790082e-05,-7.079070928462351e-05,2.393500912790082e-05
353,17.650000000000002,-4.6514361461413856e-05,-3.801949918493019e-05,-8.494862276483665e-06,-7.014281243381096e-05,2.3628450972397106e-05,-7.014281243381096e-05,2.3628450972397106e-05
354,17.7,-4.9150356957960994e-05,-3.874398152727803e-05,-1.0406375430682963e-05,-7.07843304487478e-05,2.1633973490786803e-05,-7.07843304487478e-05,2.1633973490786803e-05
355,17.75,-3.98940380501589e-05,-3.8117200256205804e-05,-1.7768377939530932e-06,-7.013493999214165e-05,3.0240901941982752e-05,-7.013493999214165e-05,3.0240901941982752e-05
356,17.8,-3.42738124492481e-05,-3.794878026346691e-05,3.674967814218814e-06,-6.989387348790256e-05,3.5620061038654465e-05,-6.989387348790256e-05,3.5620061038654465e-05
357,17.85,-2.7478621068111053e-05,-3.793353414000236e-05,1.0454913071891308e-05,-6.81407760896956e-05,4.066215502158454e-05,-6.81407760896956e-05,4.066215502158454e-05
358,17.900000000000002,-3.088364949044298e-05,-3.69307928751705e-05,6.047143384727524e-06,-6.707961166668665e-05,3.619596217624367e-05,-6.707961166668665e-05,3.619596217624367e-05
359,17.95,-3.3854827106605256e-05,-3.607620068469523e-05,2.221373578089976e-06,-6.614028545055335e-05,3.228545834394809e-05,-6.614028545055335e-05,3.228545834394809e-05
360,18.0,-3.909359530740453e-05,-3.685893748392633e-05,-2.2346578234781975e-06,-6.684111114788775e-05,2.774751584048322e-05,-6.684111114788775e-05,2.774751584048322e-05
361,18.05,-3.939294343813238e-05,-3.491473972209335e-05,-4.478203716039026e-06,-6.484282584616884e-05,2.5449882408036458e-05,-6.484282584616884e-05,2.5449882408036458e-05
362,18.1,-3.835408292762743e-05,-3.497685573429705e-05,-3.377227193330384e-06,-6.473977444541182e-05,2.6385691517784386e-05,-6.473977444541182e-05,2.6385691517784386e-05
363,18.150000000000002,-3.5275264060219413e-05,-3.56288224097072e-05,3.535583494877875e-07,-6.529135241620525e-05,3.0016088355985836e-05,-6.529135241620525e-05,3.0016088355985836e-05
364,18.2,-3.6719851941313664e-05,-3.468605184549076e-05,-2.033800095822907e-06,-6.427580425172245e-05,2.7555952310408783e-05,-6.427580425172245e-05,2.7555952310408783e-05
365,18.25,-3.487565344584276e-05,-3.4749099578500673e-05,-1.2655386734208466e-07,-6.424048030945334e-05,2.936482686361058e-05,-6.424048030945334e-05,2.936482686361058e-05
366,18.3,-3.732749408480451e-05,-3.3779141799812455e-05,-3.5483522849920584e-06,-6.321835823544005e-05,2.589086415063554e-05,-6.321835823544005e-05,2.589086415063554e-05
367,18.35,-3.3048440521543654e-05,-3.379873507122091e-05,7.502945496772561e-07,-6.315938250852553e-05,3.0110941986981874e-05,-6.315938250852553e-05,3.0110941986981874e-05
368,18.400000000000002,-3.693310635166647e-05,-3.5455550021104784e-05,-1.4775563305616826e-06,-6.458322199891993e-05,2.765011564725346e-05,-6.458322199891993e-05,2.765011564725346e-05
369,18.45,-4.022754618482338e-05,-3.442640597872292e-05,-5.80114020610046e-06,-6.350537343906241e-05,2.327782725423903e-05,-6.350537343906241e-05,2.327782725423903e-05
370,18.5,-4.056138763997019e-05,-3.368258046699195e-05,-6.878807172978241e-06,-6.268652937474176e-05,2.2125141734771566e-05,-6.268652937474176e-05,2.2125141734771566e-05
371,18.55,-4.304450664172066e-05,-3.5409715084347394e-05,-7.634791557373265e-06,-6.432227532783202e-05,2.1277768686111365e-05,-6.432227532783202e-05,2.1277768686111365e-05
372,18.6,-3.567651982683273e-05,-3.5167677979800404e-05,-5.08841847032327e-07,-6.397187194217542e-05,2.8295352115342688e-05,-6.397187194217542e-05,2.8295352115342688e-05
373,18.650000000000002,-3.4186674342961965e-05,-3.5020112138856855e-05,8.334377958948907e-07,-6.375658081373867e-05,2.956990647077671e-05,-6.375658081373867e-05,2.956990647077671e-05
374,18.7,-2.9623710385839885e-05,-3.4433430141289334e-05,4.809719755449449e-06,-6.310249764452099e-05,3.3478787258681104e-05,-6.310249764452099e-05,3.3478787258681104e-05
375,18.75,-3.0121369442248636e-05,-3.427109611489268e-05,4.149726672644045e-06,-6.286631952209242e-05,3.274495007984379e-05,-6.286631952209242e-05,3.274495007984379e-05
376,18.8,-3.0997025793455535e-05,-3.348847732781195e-05,2.491451534356414e-06,-6.201025753912568e-05,3.101323174567015e-05,-6.201025753912568e-05,3.101323174567015e-05
377,18.85,-3.062200187464725e-05,-3.3339262291269345e-05,2.717260416622092e-06,-6.178981295428889e-05,3.1167811079641636e-05,-6.178981295428889e-05,3.1167811079641636e-05
378,18.900000000000002,-3.130334984624561e-05,-3.192886918261082e-05,6.255193363652076e-07,-5.890455375554029e-05,2.7601203909294677e-05,-5.890455375554029e-05,2.7601203909294677e-05
379,18.95,-3.5776989456115516e-05,-3.2306609587156725e-05,-3.4703798689587906e-06,-5.922751659148418e-05,2.3450527135368668e-05,-5.922751659148418e-05,2.3450527135368668e-05
380,19.0,-3.853309149226547e-05,-3.1555622730737004e-05,-6.977468761528466e-06,-5.845626736853859e-05,1.992317587627312e-05,-5.845626736853859e-05,1.992317587627312e-05
381,19.05,-4.1247330106797264e-05,-3.142364369981281e-05,-9.823686406984451e-06,-5.830577840964943e-05,1.705844830285217e-05,-5.830577840964943e-05,1.705844830285217e-05
382,19.1,-3.945107044600604e-05,-3.1646549603524714e-05,-7.804520842481329e-06,-5.8506708848619855e-05,1.9055638402613813e-05,-5.8506708848619855e-05,1.9055638402613813e-05
383,19.150000000000002,-3.553578439263738e-05,-3.076188281507502e-05,-4.773901577562359e-06,-5.760515785012576e-05,2.206937345748838e-05,-5.760515785012576e-05,2.206937345748838e-05
384,19.200000000000003,-2.991645755212602e-05,-3.0955090846963765e-05,1.0386332948377465e-06,-5.7772160701710255e-05,2.7855703149584236e-05,-5.7772160701710255e-05,2.7855703149584236e-05
385,19.25,-2.7165235862991466e-05,-3.0066977289544643e-05,2.9017414265531767e-06,-5.6056920856495996e-05,2.889168499350453e-05,-5.6056920856495996e-05,2.889168499350453e-05
386,19.3,-2.907962964915356e-05,-3.029164610473466e-05,1.2120164555811007e-06,-5.624164403889986e-05,2.71620143897463e-05,-5.624164403889986e-05,2.71620143897463e-05
387,19.35,-2.7949248285752404e-05,-3.0279543673800223e-05,2.3302953880478194e-06,-5.61925961560561e-05,2.8243347870303697e-05,-5.61925961560561e-05,2.8243347870303697e-05
388,19.400000000000002,-3.4320671419507676e-05,-3.38192570522637e-05,-5.014143672439752e-07,-6.15185758052129e-05,2.7197904385705218e-05,-6.15185758052129e-05,2.7197904385705218e-05
389,19.450000000000003,-3.6026141887468555e-05,-3.29739738958707e-05,-3.052167991597857e-06,-6.065510719775138e-05,2.4628965310282827e-05,-6.065510719775138e-05,2.4628965310282827e-05
390,19.5,-3.944591838234146e-05,-3.217119230653094e-05,-7.274726075810517e-06,-5.997502994896935e-05,2.052911156662789e-05,-5.997502994896935e-05,2.052911156662789e-05
391,19.55,-4.255462669644494e-05,-3.207108909403363e-05,-1.0483537602411313e-05,-5.98569727719697e-05,1.7302346075524755e-05,-5.98569727719697e-05,1.7302346075524755e-05
392,19.6,-4.274500361578504e-05,-3.291919714136546e-05,-9.825806474419576e-06,-6.068688510056862e-05,1.794188148478358e-05,-6.068688510056862e-05,1.794188148478358e-05
393,19.650000000000002,-4.174298935000209e-05,-3.205245893826709e-05,-9.690530411734998e-06,-5.979694249352756e-05,1.805395314352547e-05,-5.979694249352756e-05,1.805395314352547e-05
394,19.700000000000003,-4.203163185723113e-05,-3.153600457418277e-05,-1.049562728304836e-05,-6.502605836826813e-05,2.2994426511036996e-05,-6.502605836826813e-05,2.2994426511036996e-05
395,19.75,-3.613978027039444e-05,-3.150457825320516e-05,-4.635202017189278e-06,-6.496847288089955e-05,2.882869261050511e-05,-6.496847288089955e-05,2.882869261050511e-05
396,19.8,-2.273510455541583e-05,-3.132907127137737e-05,8.593966715961537e-06,-6.476716485749929e-05,4.2032060302083456e-05,-6.476716485749929e-05,4.2032060302083456e-05
397,19.85,-2.2536026382136143e-05,-3.1790143505535145e-05,9.254117123399002e-06,-6.520294960560014e-05,4.2666923223464e-05,-6.520294960560014e-05,4.2666923223464e-05
398,19.900000000000002,-2.0688709039262676e-05,-3.106878421944924e-05,1.0380075180186565e-05,-6.221172798435101e-05,4.152301894508834e-05,-6.221172798435101e-05,4.152301894508834e-05
399,19.950000000000003,-2.38304752839813e-05,-2.9676756254583535e-05,5.846280970602234e-06,-6.074364185458021e-05,3.691316657059891e-05,-6.074364185458021e-05,3.691316657059891e-05
400,20.0,-2.4961848054338986e-05,-2.8846789950318362e-05,3.884941895979376e-06,-5.9860683466464474e-05,3.489883541212549e-05,-5.9860683466464474e-05,3.489883541212549e-05
401,20.05,-2.6045736204904912e-05,-2.889780546282539e-05,2.8520692579204766e-06,-5.9859857710946325e-05,3.381412150604141e-05,-5.9859857710946325e-05,3.381412150604141e-05
402,20.1,-2.780993977857804e-05,-2.8069825232156313e-05,2.5988545357827225e-07,-5.8980591360731726e-05,3.1170651582153685e-05,-5.8980591360731726e-05,3.1170651582153685e-05
403,20.150000000000002,-3.0138226826625925e-05,-2.812297412417945e-05,-2.015252702446476e-06,-5.574422997295714e-05,2.5606003146331216e-05,-5.574422997295714e-05,2.5606003146331216e-05
404,20.200000000000003,-3.176429556184246e-05,-2.725174939236536e-05,-4.5125461694771e-06,-5.4823249657940067e-05,2.3058954096097607e-05,-5.4823249657940067e-05,2.3058954096097607e-05
405,20.25,-3.087378277921715e-05,-2.7699968821090352e-05,-3.173813958126799e-06,-5.525076426533778e-05,2.4376981486120626e-05,-5.525076426533778e-05,2.4376981486120626e-05
406,20.3,-3.0183807701922305e-05,-2.7330883616258553e-05,-2.8529240856637522e-06,-5.483803677919986e-05,2.4654229077277558e-05,-5.483803677919986e-05,2.4654229077277558e-05
407,20.35,-2.844382805688994e-05,-2.610115661720446e-05,-2.34267143968548e-06,-5.356508858491826e-05,2.5121260528028322e-05,-5.356508858491826e-05,2.5121260528028322e-05
408,20.400000000000002,-2.690716796527326e-05,-2.6244400457745657e-05,-6.627675075276031e-07,-5.3681488307499135e-05,2.6774320342225875e-05,-5.3681488307499135e-05,2.6774320342225875e-05
409,20.450000000000003,-2.4161268394662372e-05,-2.539315860795019e-05,1.2318902132878192e-06,-5.280213239646864e-05,2.8640864001806268e-05,-5.280213239646864e-05,2.8640864001806268e-05
410,20.5,-1.823292524716358e-05,-2.557151510248888e-05,7.338589855325303e-06,-5.29524894076056e-05,3.471956416044202e-05,-5.29524894076056e-05,3.471956416044202e-05
411,20.55,-2.1231810074739954e-05,-2.5345979016251276e-05,4.114168941511322e-06,-5.26869374752142e-05,3.145512740047425e-05,-5.26869374752142e-05,3.145512740047425e-05
412,20.6,-2.2551767854928073e-05,-2.556797845150056e-05,3.0162105965724883e-06,-5.286485813565278e-05,3.031309028072471e-05,-5.286485813565278e-05,3.031309028072471e-05
413,20.650000000000002,-2.4643134425517133e-05,-2.5255419300752005e-05,6.122848752348724e-07,-5.250802608667776e-05,2.7864891661160627e-05,-5.250802608667776e-05,2.7864891661160627e-05
414,20.700000000000003,-2.4939095492948482e-05,-2.4736718985924933e-05,-2.0237650702354876e-07,-5.198029811117824e-05,2.7041202618229758e-05,-5.198029811117824e-05,2.7041202618229758e-05
415,20.75,-2.23147862778994e-05,-2.498237285908195e-05,2.667586581182549e-06,-5.2184250097703696e-05,2.9869463819804295e-05,-5.2184250097703696e-05,2.9869463819804295e-05
416,20.8,-2.4993578487952917e-05,-2.406994389500606e-05,-9.236345929468567e-07,-5.1229762633992755e-05,2.6236184146039838e-05,-5.1229762633992755e-05,2.6236184146039838e-05
417,20.85,-2.8240109043675687e-05,-2.5218164803027248e-05,-3.0219442406484395e-06,-5.233713954590113e-05,2.4097030502225443e-05,-5.233713954590113e-05,2.4097030502225443e-05
418,20.900000000000002,-2.7674718764636452e-05,-2.4161562371176765e-05,-3.5131563934596875e-06,-5.1235589609160486e-05,2.3560870844524034e-05,-5.1235589609160486e-05,2.3560870844524034e-05
419,20.950000000000003,-2.5954439069053592e-05,-2.3272452978034063e-05,-2.6819860910195287e-06,-5.032126025637265e-05,2.4366821187319055e-05,-5.032126025637265e-05,2.4366821187319055e-05
420,21.0,-2.2573266085901267e-05,-2.3726916917169927e-05,1.15365083126866e-06,-5.071718960152949e-05,2.8143923515628226e-05,-5.071718960152949e-05,2.8143923515628226e-05
421,21.05,-2.3741425636991664e-05,-2.2731644370005392e-05,-1.0097812669862721e-06,-4.937117080947367e-05,2.5629745172482003e-05,-4.937117080947367e-05,2.5629745172482003e-05
422,21.1,-2.370423062147964e-05,-2.3093591534699876e-05,-6.106390867797627e-07,-4.970314469674055e-05,2.5998914075260915e-05,-4.970314469674055e-05,2.5998914075260915e-05
423,21.150000000000002,-2.505758056714491e-05,-2.282983833937261e-05,-2.2277422277723e-06,-4.941597818498516e-05,2.435839761784025e-05,-4.941597818498516e-05,2.435839761784025e-05
424,21.200000000000003,-2.7367921369148007e-05,-2.1825767253581373e-05,-5.542154115566634e-06,-4.838083242641784e-05,2.1012911057269836e-05,-4.838083242641784e-05,2.1012911057269836e-05
425,21.25,-2.423034687737413e-05,-2.2237592320639335e-05,-1.9927545567347965e-06,-4.876222846843953e-05,2.45318815910654e-05,-4.876222846843953e-05,2.45318815910654e-05
426,21.3,-2.1406913036425834e-05,-2.195248304334477e-05,5.45570006918936e-07,-4.844511911531754e-05,2.7038206078891705e-05,-4.844511911531754e-05,2.7038206078891705e-05
427,21.35,-1.770270942880181e-05,-2.3999849811982345e-05,6.297140383180535e-06,-5.0459128199336725e-05,3.2756418770534914e-05,-5.0459128199336725e-05,3.2756418770534914e-05
428,21.400000000000002,-1.5818921675458952e-05,-2.39275213726835e-05,8.108599697224548e-06,-4.824808413169464e-05,3.242916245623569e-05,-4.824808413169464e-05,3.242916245623569e-05
429,21.450000000000003,-1.5744141081963647e-05,-2.3286453694829735e-05,7.542312612866088e-06,-4.757202827914073e-05,3.1827887197177085e-05,-4.757202827914073e-05,3.1827887197177085e-05
430,21.5,-1.730003864341967e-05,-2.373701835024334e-05,6.43697970682367e-06,-4.800186646176456e-05,3.070182781834489e-05,-4.800186646176456e-05,3.070182781834489e-05
431,21.55,-1.9992068228447124e-05,-2.374788413939909e-05,3.7558159109519676e-06,-4.7991507725098016e-05,2.7999439496650892e-05,-4.7991507725098016e-05,2.7999439496650892e-05
432,21.6,-2.076741314227526e-05,-2.271670699872166e-05,1.9492938564463998e-06,-4.69276464190113e-05,2.6160233276736043e-05,-4.69276464190113e-05,2.6160233276736043e-05
433,21.650000000000002,-2.006498071183138e-05,-2.349809396350902e-05,3.4331132516776375e-06,-4.767794914198235e-05,2.761296843015097e-05,-4.767794914198235e-05,2.761296843015097e-05
434,21.700000000000003,-2.213281130658551e-05,-2.3203190551679973e-05,1.0703792450944636e-06,-4.734857434106403e-05,2.521576303447852e-05,-4.734857434106403e-05,2.521576303447852e-05
435,21.75,-2.266118191784905e-05,-2.166324349016713e-05,-9.979384276819208e-07,-4.5784389241621805e-05,2.3123207323772755e-05,-4.5784389241621805e-05,2.3123207323772755e-05
436,21.8,-2.5372896249375998e-05,-2.221432219849154e-05,-3.158574050884457e-06,-4.630635580772329e-05,2.0933459558347293e-05,-4.630635580772329e-05,2.0933459558347293e-05
437,21.85,-2.637034279695527e-05,-2.193609070474586e-05,-4.434252092209411e-06,-4.599820897597906e-05,1.962786617902379e-05,-4.599820897597906e-05,1.962786617902379e-05
438,21.900000000000002,-2.029951366577798e-05,-2.078393814230407e-05,4.844244765260899e-07,-4.48150287563983e-05,2.451551509062032e-05,-4.48150287563983e-05,2.451551509062032e-05
439,21.950000000000003,-2.274110848365929e-05,-2.138123149294738e-05,-1.3598769907119084e-06,-4.536547627906018e-05,2.262436779540089e-05,-4.536547627906018e-05,2.262436779540089e-05
440,22.0,-2.4237313873465283e-05,-2.094587978801085e-05,-3.2914340854544334e-06,-4.488291847070847e-05,2.064560459724319e-05,-4.488291847070847e-05,2.064560459724319e-05
441,22.05,-2.6850338923134487e-05,-2.1563835609029253e-05,-5.286503314105234e-06,-4.543582029376512e-05,1.858548137063063e-05,-4.543582029376512e-05,1.858548137063063e-05
442,22.1,-2.8261084758840482e-05,-2.0760561138251412e-05,-7.50052362058907e-06,-4.458628502918926e-05,1.6325200270348777e-05,-4.458628502918926e-05,1.6325200270348777e-05
443,22.150000000000002,-2.7127011637650966e-05,-1.9556081461828223e-05,-7.570930175822743e-06,-4.334549307554747e-05,1.6218481437896507e-05,-4.334549307554747e-05,1.6218481437896507e-05
444,22.200000000000003,-2.7033988104552265e-05,-2.0218166486052526e-05,-6.815821618499739e-06,-4.395313261630758e-05,1.6919144511755317e-05,-4.395313261630758e-05,1.6919144511755317e-05
445,22.25,-2.7361253775115557e-05,-1.9950378788063646e-05,-7.410874987051911e-06,-4.3623979737853115e-05,1.6262725962737557e-05,-4.3623979737853115e-05,1.6262725962737557e-05
446,22.3,-2.1773616402986917e-05,-1.9554330332787426e-05,-2.2192860701994912e-06,-4.284828766522307e-05,2.1074671262236153e-05,-4.284828766522307e-05,2.1074671262236153e-05
447,22.35,-2.0356742413518703e-05,-2.007734581591615e-05,-2.7939659760255263e-07,-4.329151440792341e-05,2.293477199440471e-05,-4.329151440792341e-05,2.293477199440471e-05
448,22.400000000000002,-2.159267304868706e-05,-2.0108236387908476e-05,-1.4844366607785852e-06,-4.3265209218519354e-05,2.1672536169832293e-05,-4.3265209218519354e-05,2.1672536169832293e-05
449,22.450000000000003,-1.739670000677762e-05,-1.8885019773881693e-05,1.4883197671040716e-06,-4.1985294086277044e-05,2.4588594079499423e-05,-4.1985294086277044e-05,2.4588594079499423e-05
450,22.5,-1.6661995375200078e-05,-1.9561565372673406e-05,2.8995699974733276e-06,-4.2605641135408614e-05,2.5943645760208536e-05,-4.2605641135408614e-05,2.5943645760208536e-05
451,22.55,-1.785695026157441e-05,-1.929002167803876e-05,1.4330714164643472e-06,-4.227840138581224e-05,2.4421451124237828e-05,-4.227840138581224e-05,2.4421451124237828e-05
452,22.6,-1.794016589617975e-05,-1.8111764773358567e-05,1.7159887717881737e-07,-4.0928669857044574e-05,2.2988503960864824e-05,-4.0928669857044574e-05,2.2988503960864824e-05
453,22.650000000000002,-2.0332627260088998e-05,-1.8802070262830897e-05,-1.530556997258101e-06,-4.156492136617707e-05,2.123229410608807e-05,-4.156492136617707e-05,2.123229410608807e-05
454,22.700000000000003,-2.0305254941899165e-05,-1.8547701801999995e-05,-1.7575531398991698e-06,-4.1256998004513076e-05,2.095174306261391e-05,-4.1256998004513076e-05,2.095174306261391e-05
455,22.75,-2.0423298445093607e-05,-1.736326879698671e-05,-3.0600296481068976e-06,-4.0019511195741815e-05,1.9596212750648208e-05,-4.0019511195741815e-05,1.9596212750648208e-05
456,22.8,-2.1498180089896124e-05,-1.8111139263093367e-05,-3.3870408268027573e-06,-4.0714830800725176e-05,1.921665071082905e-05,-4.0714830800725176e-05,1.921665071082905e-05
457,22.85,-2.438877241495163e-05,-1.9852212105142087e-05,-4.536560309809545e-06,-4.2403912300014356e-05,1.8015139885062724e-05,-4.2403912300014356e-05,1.8015139885062724e-05
458,22.900000000000002,-2.3633985980486827e-05,-1.8706219071615832e-05,-4.927766908870995e-06,-4.118097247935783e-05,1.7546986498871006e-05,-4.118097247935783e-05,1.7546986498871006e-05
459,22.950000000000003,-1.3268522130127636e-05,-1.9412779102230728e-05,6.144256972103092e-06,-4.181142070989771e-05,2.8542898579770073e-05,-4.181142070989771e-05,2.8542898579770073e-05
460,23.0,-1.2576782932649522e-05,-1.9178035227837213e-05,6.6012522951876916e-06,-4.1485778781979185e-05,2.8908995849329664e-05,-4.1485778781979185e-05,2.8908995849329664e-05
461,23.05,-1.2547095799009256e-05,-1.8020222351723795e-05,5.473126552714539e-06,-4.023733328087468e-05,2.7690237481865425e-05,-4.023733328087468e-05,2.7690237481865425e-05
462,23.1,-1.2682627817284242e-05,-1.8722623500565324e-05,6.039995683281081e-06,-4.085013855989045e-05,2.816751074260621e-05,-4.085013855989045e-05,2.816751074260621e-05
463,23.150000000000002,-1.4053530057012154e-05,-1.8430810401415277e-05,4.377280344403124e-06,-4.0469048856326626e-05,2.6415518799314473e-05,-4.0469048856326626e-05,2.6415518799314473e-05
464,23.200000000000003,-1.4445517059202828e-05,-1.728937537090211e-05,2.8438583116992817e-06,-3.9238951217293164e-05,2.4793434158090336e-05,-3.9238951217293164e-05,2.4793434158090336e-05
465,23.25,-1.66534681074193e-05,-1.8077675911223828e-05,1.4242078038045274e-06,-3.993962201641435e-05,2.3286153908995053e-05,-3.993962201641435e-05,2.3286153908995053e-05
466,23.3,-1.726505323174088e-05,-1.786584461725243e-05,6.007913855115501e-07,-3.952748924143436e-05,2.2262436009693483e-05,-3.952748924143436e-05,2.2262436009693483e-05
467,23.35,-1.826295976870007e-05,-1.6727818537606284e-05,-1.535141231093787e-06,-3.8304441990137074e-05,2.0041482221437003e-05,-3.8304441990137074e-05,2.0041482221437003e-05
468,23.400000000000002,-1.901270523774201e-05,-1.7433406562070628e-05,-1.5792986756713835e-06,-3.8926073957514076e-05,1.9913368719772065e-05,-3.8926073957514076e-05,1.9913368719772065e-05
469,23.450000000000003,-1.8837734364174352e-05,-1.8145968916302558e-05,-6.917654478717947e-07,-3.9555794043848865e-05,2.0718059679674513e-05,-3.9555794043848865e-05,2.0718059679674513e-05
470,23.5,-1.9708276562280247e-05,-1.6089346743843644e-05,-3.618929818436603e-06,-3.741731836895551e-05,1.7709041806675264e-05,-3.741731836895551e-05,1.7709041806675264e-05
471,23.55,-1.842671856833178e-05,-1.7075994570660182e-05,-1.3507239976715973e-06,-3.8323094355090776e-05,1.9896375786758997e-05,-3.8323094355090776e-05,1.9896375786758997e-05
472,23.6,-1.849428146427634e-05,-1.685164520467112e-05,-1.6426362596052225e-06,-3.8018847786795065e-05,1.9524566322518724e-05,-3.8018847786795065e-05,1.9524566322518724e-05
473,23.650000000000002,-2.170740593276932e-05,-1.6748692606838424e-05,-4.958713325930895e-06,-3.783696568073149e-05,1.6129559747962168e-05,-3.783696568073149e-05,1.6129559747962168e-05
474,23.700000000000003,-1.9302502991758175e-05,-1.7433008555624654e-05,-1.8694944361335205e-06,-3.844471008684858e-05,1.9142207095090406e-05,-3.844471008684858e-05,1.9142207095090406e-05
475,23.75,-2.129900548619723e-05,-1.6277576558019884e-05,-5.021428928177347e-06,-3.72136963218574e-05,1.5914690835660166e-05,-3.72136963218574e-05,1.5914690835660166e-05
476,23.8,-2.7026165504429045e-05,-2.0208350246265327e-05,-6.817815258163718e-06,-4.1069871574308794e-05,1.404370606987975e-05,-4.1069871574308794e-05,1.404370606987975e-05
477,23.85,-2.8853768267556035e-05,-1.9895871533306168e-05,-8.957896734249867e-06,-4.067378525506725e-05,1.1820016987511216e-05,-4.067378525506725e-05,1.1820016987511216e-05
478,23.900000000000002,-2.1264422404909666e-05,-2.0993210564005485e-05,-2.712118409041812e-07,-4.165963928804741e-05,2.039521688313774e-05,-4.165963928804741e-05,2.039521688313774e-05
479,23.950000000000003,-1.1914423771575144e-05,-2.082743643334807e-05,8.913012661772927e-06,-4.136476731963075e-05,2.945034354805561e-05,-4.136476731963075e-05,2.945034354805561e-05
480,24.0,-1.613027428204461e-05,-2.130241246373973e-05,5.172138181695121e-06,-4.165982797678716e-05,2.5529553694742547e-05,-4.165982797678716e-05,2.5529553694742547e-05
481,24.05,-1.6966121219041952e-05,-2.1045021261064726e-05,4.078900042022774e-06,-4.12683183192299e-05,2.430219710018795e-05,-4.12683183192299e-05,2.430219710018795e-05
482,24.1,-2.074326209533517e-05,-2.0825640554708103e-05,8.237845937293436e-08,-4.091715360394678e-05,2.0173891508611608e-05,-4.091715360394678e-05,2.0173891508611608e-05
483,24.150000000000002,-2.136933234564431e-05,-2.058523143561052e-05,-7.841009100337889e-07,-4.054724922498773e-05,1.917791687934342e-05,-4.054724922498773e-05,1.917791687934342e-05
484,24.200000000000003,-1.6735092653430428e-05,-2.0358752769275205e-05,3.6236601158447773e-06,-4.019351959537275e-05,2.345842694194232e-05,-4.019351959537275e-05,2.345842694194232e-05
485,24.25,-1.0874928854986976e-05,-1.909187058000174e-05,8.216941725014763e-06,-3.4189356394362346e-05,2.331442753937537e-05,-3.4189356394362346e-05,2.331442753937537e-05
486,24.3,-1.4025160482100674e-05,-2.1105306442324517e-05,7.080145960223844e-06,-3.6114098556184664e-05,2.208893807408399e-05,-3.6114098556184664e-05,2.208893807408399e-05
487,24.35,-1.6288111514661807e-05,-1.922829321604469e-05,2.9401817013828816e-06,-3.4145882235982856e-05,1.785777072132105e-05,-3.4145882235982856e-05,1.785777072132105e-05
488,24.400000000000002,-2.0739985409523598e-05,-2.086046413638256e-05,1.2047872685896178e-07,-3.5688295870909113e-05,1.4948310461385515e-05,-3.5688295870909113e-05,1.4948310461385515e-05
489,24.450000000000003,-2.20481551624907e-05,-2.0667364257995563e-05,-1.3807909044951386e-06,-3.537694597701145e-05,1.3328790814520746e-05,-3.537694597701145e-05,1.3328790814520746e-05
490,24.5,-2.2912662206664436e-05,-2.0060994303791402e-05,-2.8516679028730334e-06,-3.4654253467047044e-05,1.1741591260382609e-05,-3.4654253467047044e-05,1.1741591260382609e-05
491,24.55,-2.5573765880304578e-05,-2.1804150109000574e-05,-3.7696157713040035e-06,-3.458822429229966e-05,9.014458411995082e-06,-3.458822429229966e-05,9.014458411995082e-06
492,24.6,-2.2777920854366585e-05,-2.0120502751468366e-05,-2.6574181028982183e-06,-3.278768470241708e-05,1.0009763848050497e-05,-3.278768470241708e-05,1.0009763848050497e-05
493,24.650000000000002,-2.2112834547671767e-05,-2.028493287519687e-05,-1.8279016724748958e-06,-3.282097056065715e-05,1.0708136012985386e-05,-3.282097056065715e-05,1.0708136012985386e-05
494,24.700000000000003,-2.5173608729112118e-05,-2.121573058067355e-05,-3.957878148438568e-06,-3.36553757978702e-05,8.481767068758083e-06,-3.36553757978702e-05,8.481767068758083e-06
495,24.75,-2.857919182730484e-05,-2.3045205958695198e-05,-5.533985868609642e-06,-3.538996876874598e-05,6.810776941441139e-06,-3.538996876874598e-05,6.810776941441139e-06
496,24.8,-2.3499284961037148e-05,-2.220807605038998e-05,-1.2912089106471687e-06,-3.277653316013404e-05,9.277248199096895e-06,-3.277653316013404e-05,9.277248199096895e-06
497,24.85,-2.297127943573507e-05,-2.4743442899636217e-05,1.7721634639011464e-06,-3.5231161432718425e-05,1.2259881996983355e-05,-3.5231161432718425e-05,1.2259881996983355e-05
498,24.900000000000002,-2.1830762645613788e-05,-2.5501922094906983e-05,3.671159449293195e-06,-3.5917934483371125e-05,1.4087171837757337e-05,-3.5917934483371125e-05,1.4087171837757337e-05
499,24.950000000000003,-2.3232440763187867e-05,-2.4141095241345312e-05,9.086544781574453e-07,-3.448571822018481e-05,1.1253277456996942e-05,-3.448571822018481e-05,1.1253277456996942e-05
500,25.0,-2.114832714483761e-05,-2.479206747084978e-05,3.6437403260121696e-06,-3.506532437923989e-05,1.3916997234402281e-05,-3.506532437923989e-05,1.3916997234402281e-05
501,25.05,-1.640295183658047e-05,-2.5416129932647844e-05,9.013178096067374e-06,-3.561491104801942e-05,1.9211959211438952e-05,-3.561491104801942e-05,1.9211959211438952e-05
502,25.1,-1.852435040716749e-05,-2.3195664571497328e-05,4.671314164329839e-06,-3.329758698794255e-05,1.477323658077506e-05,-3.329758698794255e-05,1.477323658077506e-05
503,25.150000000000002,-2.13838038907177e-05,-2.3956566051170938e-05,2.5727621604532373e-06,-3.3987112040860745e-05,1.2603308150143045e-05,-3.3987112040860745e-05,1.2603308150143045e-05
504,25.200000000000003,-2.5397551351780123e-05,-2.353020690092659e-05,-1.8673444508535322e-06,-3.3490437384278785e-05,8.092886032498662e-06,-3.3490437384278785e-05,8.092886032498662e-06
505,25.25,-2.343716973607357e-05,-2.357923127720388e-05,1.4206154113030842e-07,-3.34466871238058e-05,1.0009517387732231e-05,-3.34466871238058e-05,1.0009517387732231e-05
506,25.3,-2.769358686904866e-05,-2.573374341335117e-05,-1.95984345569749e-06,-3.5516063724202114e-05,7.822476855153455e-06,-3.5516063724202114e-05,7.822476855153455e-06
507,25.35,-3.1009123092395896e-05,-2.4323798125530378e-05,-6.685324966865518e-06,-3.3992696421596155e-05,2.9835733292002587e-06,-3.3992696421596155e-05,2.9835733292002587e-06
508,25.400000000000002,-3.366120759240587e-05,-2.5097286845332626e-05,-8.563920747073247e-06,-3.4654759316338956e-05,9.935517239330826e-07,-3.4654759316338956e-05,9.935517239330826e-07
509,25.450000000000003,-3.902920751186478e-05,-2.4811771964584267e-05,-1.4217435547280516e-05,-3.421855233459165e-05,-4.810655177273135e-06,-3.421855233459165e-05,-4.810655177273135e-06
510,25.5,-4.406939685197564e-05,-2.5399154787435983e-05,-1.8670242064539656e-05,-3.468801480943779e-05,-9.381382042537848e-06,-3.468801480943779e-05,-9.381382042537848e-06
511,25.55,-4.09205108928834e-05,-2.6264746302389063e-05,-1.4655764590494336e-05,-3.5444532218921435e-05,-5.475978673961964e-06,-3.5444532218921435e-05,-5.475978673961964e-06
512,25.6,-3.4347293351055797e-05,-2.4936506248870244e-05,-9.410787102185552e-06,-3.4002459877214953e-05,-3.448334738408431e-07,-3.4002459877214953e-05,-3.448334738408431e-07
513,25.650000000000002,-3.263489150362453e-05,-2.4410833148091646e-05,-8.224058355532884e-06,-3.336518047652019e-05,7.302889728956626e-07,-3.336518047652019e-05,7.302889728956626e-07
514,25.700000000000003,-2.9539136527700904e-05,-2.4324642257307826e-05,-5.214494270393079e-06,-3.3175944229878585e-05,3.6368077021776802e-06,-3.3175944229878585e-05,3.6368077021776802e-06
515,25.75,-2.0014830242942594e-05,-2.2709178001677765e-05,2.694347758735171e-06,-3.145260239307882e-05,1.1437772150136228e-05,-3.145260239307882e-05,1.1437772150136228e-05
516,25.8,-1.6889613673631843e-05,-2.3745406635359303e-05,6.8557929617274605e-06,-3.238934300005014e-05,1.5499729326418298e-05,-3.238934300005014e-05,1.5499729326418298e-05
517,25.85,-7.740761183816502e-06,-2.3481137516894567e-05,1.5740376333078065e-05,-3.2020775943839335e-05,2.4280014760022832e-05,-3.2020775943839335e-05,2.4280014760022832e-05
518,25.900000000000002,-1.1157777521919598e-05,-2.354753346650624e-05,1.2389755944586641e-05,-3.1984651790972686e-05,2.0826874269053088e-05,-3.1984651790972686e-05,2.0826874269053088e-05
519,25.950000000000003,-1.0228136611001304e-05,-2.2861312395773702e-05,1.2633175784772398e-05,-3.120404106088917e-05,2.0975904449887863e-05,-3.120404106088917e-05,2.0975904449887863e-05
520,26.0,-8.663516182449982e-06,-2.2235124309763187e-05,1.3571608127313205e-05,-3.0473250951382834e-05,2.1809734768932852e-05,-3.0473250951382834e-05,2.1809734768932852e-05
521,26.05,-1.1660894299048152e-05,-2.2380970257451378e-05,1.0720075958403225e-05,-3.0515147383945145e-05,1.8854253084896992e-05,-3.0515147383945145e-05,1.8854253084896992e-05
522,26.1,-1.525446867822744e-05,-2.2798221286006247e-05,7.543752607778807e-06,-3.082270160791448e-05,1.5568232929687038e-05,-3.082270160791448e-05,1.5568232929687038e-05
523,26.150000000000002,-1.4642755976623789e-05,-2.0915702011380293e-05,6.272946034756504e-06,-2.8839654785899376e-05,1.4196898809275587e-05,-2.8839654785899376e-05,1.4196898809275587e-05
524,26.200000000000003,-1.8383622924167398e-05,-2.1730754864342563e-05,3.3471319401751655e-06,-2.95482821807988e-05,1.1164659256631403e-05,-2.95482821807988e-05,1.1164659256631403e-05
525,26.25,-2.0781245924972325e-05,-2.2501284364760228e-05,1.720038439787903e-06,-3.021412603834576e-05,9.432880113373437e-06,-3.021412603834576e-05,9.432880113373437e-06
526,26.3,-2.1730007204734392e-05,-2.166960602195411e-05,-6.040118278028054e-08,-2.9277224401067438e-05,7.547217196333046e-06,-2.9277224401067438e-05,7.547217196333046e-06
527,26.35,-2.447147324002863e-05,-2.147607928844796e-05,-2.995393951580668e-06,-2.8973400270743964e-05,4.501927030715335e-06,-2.8973400270743964e-05,4.501927030715335e-06
528,26.400000000000002,-2.5470279658268424e-05,-2.161734974531486e-05,-3.852929912953565e-06,-2.9005723729682708e-05,3.5354440714142833e-06,-2.9005723729682708e-05,3.5354440714142833e-06
529,26.450000000000003,-2.8285182178233725e-05,-2.1378186000869588e-05,-6.906996177364138e-06,-2.8659424282166063e-05,3.742421039323373e-07,-2.8659424282166063e-05,3.742421039323373e-07
530,26.5,-2.8420862937306168e-05,-2.0628462842343668e-05,-7.7924000949625e-06,-2.7804341600096032e-05,-6.165213372101359e-07,-2.7804341600096032e-05,-6.165213372101359e-07
531,26.55,-3.464336520986322e-05,-2.174612035739193e-05,-1.2897244852471288e-05,-2.795225982230039e-05,-6.69110538756283e-06,-2.795225982230039e-05,-6.69110538756283e-06
532,26.6,-3.2043900542788606e-05,-1.969087935748692e-05,-1.2353021185301687e-05,-2.4037102628640185e-05,-8.00679791414842e-06,-2.4037102628640185e-05,-8.00679791414842e-06
533,26.650000000000002,-3.4531361394973814e-05,-1.957702397793489e-05,-1.4954337417038923e-05,-2.386647299784841e-05,-1.0664888397125404e-05,-2.386647299784841e-05,-1.0664888397125404e-05
534,26.700000000000003,-2.804861600624875e-05,-1.8769233763543156e-05,-9.279382242705594e-06,-2.3002778161082203e-05,-5.045837845166547e-06,-2.3002778161082203e-05,-5.045837845166547e-06
535,26.75,-2.4607886971894644e-05,-1.9236003756209204e-05,-5.371883215685439e-06,-2.3417769542664268e-05,-1.1901174292303754e-06,-2.3417769542664268e-05,-1.1901174292303754e-06
536,26.8,-2.6160396843888378e-05,-1.9492630922736614e-05,-6.667765921151764e-06,-2.3615912046030784e-05,-2.5444847978575944e-06,-2.3615912046030784e-05,-2.5444847978575944e-06
537,26.85,-1.678301532259674e-05,-1.716396201955233e-05,3.8094669695558955e-07,-2.1231543436927132e-05,4.448528114330393e-06,-2.1231543436927132e-05,4.448528114330393e-06
538,26.900000000000002,-2.0584434614168146e-05,-1.9258754544605238e-05,-1.325680069562908e-06,-2.3265210687605158e-05,2.680776073437012e-06,-2.3265210687605158e-05,2.680776073437012e-06
539,26.950000000000003,-2.1679815076058873e-05,-1.9053272767028405e-05,-2.626542309030468e-06,-2.30044801466925e-05,1.3246650706336288e-06,-2.30044801466925e-05,1.3246650706336288e-06
540,27.0,-1.714861467450035e-05,-1.958757567409097e-05,2.4389609995906203e-06,-2.348435676240845e-05,6.335742087908101e-06,-2.348435676240845e-05,6.335742087908101e-06
541,27.05,-1.9339731040401986e-05,-1.765804489618235e-05,-1.6816861442196374e-06,-2.149628756891989e-05,2.1565565285179053e-06,-2.149628756891989e-05,2.1565565285179053e-06
542,27.1,-1.9986759957735245e-05,-1.8847835974477682e-05,-1.138923983257563e-06,-2.2633286518236794e-05,2.646526560501549e-06,-2.2633286518236794e-05,2.646526560501549e-06
543,27.150000000000002,-1.738081944302472e-05,-1.969284964035379e-05,2.312030197329071e-06,-2.3421725879417448e-05,6.040906436392728e-06,-2.3421725879417448e-05,6.040906436392728e-06
544,27.200000000000003,-1.8116889758168497e-05,-1.950706169198193e-05,1.390171933813434e-06,-2.3174107102633313e-05,5.057217344464816e-06,-2.3174107102633313e-05,5.057217344464816e-06
545,27.25,-1.3171017304136612e-05,-1.9269110095494056e-05,6.098092791357444e-06,-2.2116647706215962e-05,8.94563040207935e-06,-2.2116647706215962e-05,8.94563040207935e-06
546,27.3,-8.684904706734997e-06,-1.9455670191197974e-05,1.0770765484462977e-05,-2.2250197014784094e-05,1.3565292308049097e-05,-2.2250197014784094e-05,1.3565292308049097e-05
547,27.35,-9.815038829685818e-06,-1.9248881625997036e-05,9.433842796311218e-06,-2.1994904506876658e-05,1.217986567719084e-05,-2.1994904506876658e-05,1.217986567719084e-05
548,27.400000000000002,-1.2443416437024624e-05,-2.0794176533314382e-05,8.350760096289759e-06,-2.3555930516982668e-05,1.1112514079958044e-05,-2.3555930516982668e-05,1.1112514079958044e-05
549,27.450000000000003,-1.3277881112827572e-05,-1.9255086843347574e-05,5.977205730520002e-06,-2.2210623900365245e-05,8.932742787537673e-06,-2.2210623900365245e-05,8.932742787537673e-06
550,27.5,-1.5051495217743849e-05,-1.989289431845644e-05,4.8413991007125915e-06,-2.29564260891698e-05,7.904930871425953e-06,-2.29564260891698e-05,7.904930871425953e-06
551,27.55,-1.7349283377710023e-05,-1.9734788021539086e-05,2.3855046438290626e-06,-2.2850547511726542e-05,5.501264134016519e-06,-2.2850547511726542e-05,5.501264134016519e-06
552,27.6,-1.3579377576844465e-05,-1.6754748725096502e-05,3.1753711482520373e-06,-1.9897397070228598e-05,6.3180194933841335e-06,-1.9897397070228598e-05,6.3180194933841335e-06
553,27.650000000000002,-1.596912759449509e-05,-1.6872816652856698e-05,9.036890583616062e-07,-2.024343859220943e-05,4.27431099771434e-06,-2.024343859220943e-05,4.27431099771434e-06
554,27.700000000000003,-1.6833385592107675e-05,-1.7340399670359396e-05,5.070140782517213e-07,-2.0711744436827343e-05,3.878358844719668e-06,-2.0711744436827343e-05,3.878358844719668e-06
555,27.75,-1.5557354104522858e-05,-1.5276553161975038e-05,-2.808009425478204e-07,-1.8900373611479253e-05,3.3430195069563953e-06,-1.8900373611479253e-05,3.3430195069563953e-06
556,27.8,-1.623866258504414e-05,-1.7058870711914843e-05,8.202081268707035e-07,-2.067261851012247e-05,4.433955925078331e-06,-2.067261851012247e-05,4.433955925078331e-06
557,27.85,-1.4420455827890422e-05,-1.5937449472870622e-05,1.5169936449802004e-06,-1.97489271120736e-05,5.328471284183178e-06,-1.97489271120736e-05,5.328471284183178e-06
558,27.900000000000002,-1.6912932665702485e-05,-1.561014812482355e-05,-1.3027845408789363e-06,-1.9281930421953435e-05,2.36899775625095e-06,-1.9281930421953435e-05,2.36899775625095e-06
559,27.950000000000003,-1.5397198942723733e-05,-1.544507302733004e-05,4.787408460630831e-08,-1.8895673323463985e-05,3.498474380740252e-06,-1.8895673323463985e-05,3.498474380740252e-06
560,28.0,-1.9636625618657533e-05,-1.6266038377865508e-05,-3.3705872407920248e-06,-1.9558843510727698e-05,-7.778210792983457e-08,-1.9558843510727698e-05,-7.778210792983457e-08
561,28.05,-1.6635793552932654e-05,-1.4102269404095088e-05,-2.533524148837566e-06,-1.755222688440551e-05,9.164333314728563e-07,-1.755222688440551e-05,9.164333314728563e-07
562,28.1,-1.9215786497106535e-05,-1.5179223793466268e-05,-4.036562703640267e-06,-1.8632579673696156e-05,-5.832068234103786e-07,-1.8632579673696156e-05,-5.832068234103786e-07
563,28.150000000000002,-1.9931633518321945e-05,-1.5875979822480418e-05,-4.0556536958415275e-06,-1.9160336574160445e-05,-7.712969441615e-07,-1.9160336574160445e-05,-7.712969441615e-07
564,28.200000000000003,-1.6946204760559525e-05,-1.364249388604115e-05,-3.3037108745183745e-06,-1.708354278413801e-05,1.37338023578487e-07,-1.708354278413801e-05,1.37338023578487e-07
565,28.25,-2.0899970424537173e-05,-1.559413922563464e-05,-5.305831198902534e-06,-1.8868934277043153e-05,-2.0310361474940197e-06,-1.8868934277043153e-05,-2.0310361474940197e-06
566,28.3,-1.749518535798522e-05,-1.5796530934390693e-05,-1.698654423594528e-06,-1.9225205687649933e-05,1.7300203296647115e-06,-1.9225205687649933e-05,1.7300203296647115e-06
567,28.35,-1.7407439582450834e-05,-1.4562062321777129e-05,-2.8453772606737054e-06,-1.7990452724070247e-05,5.830131416194126e-07,-1.7990452724070247e-05,5.830131416194126e-07
568,28.400000000000002,-1.814688485346494e-05,-1.5421078509060005e-05,-2.7258063444049346e-06,-1.885260739127459e-05,7.057225378096506e-07,-1.885260739127459e-05,7.057225378096506e-07
569,28.450000000000003,-1.8876371607579046e-05,-1.525539847972762e-05,-3.620973127851425e-06,-1.868669824553191e-05,-1.8967336204713547e-07,-1.868669824553191e-05,-1.8967336204713547e-07
570,28.5,-2.4301698926754156e-05,-1.5170377839244698e-05,-9.131321087509458e-06,-1.8429743209504816e-05,-5.87195571724934e-06,-1.8429743209504816e-05,-5.87195571724934e-06
571,28.55,-1.7728446873643833e-05,-1.4933342259813992e-05,-2.795104613829841e-06,-1.8357751693775158e-05,6.29304820131325e-07,-1.8357751693775158e-05,6.29304820131325e-07
572,28.6,-1.8356323552959353e-05,-1.3702513170484653e-05,-4.6538103824747e-06,-1.7127370593280202e-05,-1.2289529596791507e-06,-1.7127370593280202e-05,-1.2289529596791507e-06
573,28.650000000000002,-1.822948921037515e-05,-1.4626486791759397e-05,-3.6030024186157524e-06,-1.8055388730948126e-05,-1.741004794270235e-07,-1.8055388730948126e-05,-1.741004794270235e-07
574,28.700000000000003,-1.8608891547033934e-05,-1.4657242763983073e-05,-3.951648783050861e-06,-1.808617250179422e-05,-5.227190452397142e-07,-1.808617250179422e-05,-5.227190452397142e-07
575,28.75,-1.9256067556261414e-05,-1.3431635614410975e-05,-5.824431941850438e-06,-1.6860420345533203e-05,-2.3956472107282107e-06,-1.6860420345533203e-05,-2.3956472107282107e-06
576,28.8,-2.088130979527314e-05,-1.5098232321370792e-05,-5.783077473902348e-06,-1.864196823943271e-05,-2.239341555840431e-06,-1.864196823943271e-05,-2.239341555840431e-06
577,28.85,-1.9865711741173797e-05,-1.4770773205863525e-05,-5.094938535310272e-06,-1.8142771076063832e-05,-1.7229406651099649e-06,-1.8142771076063832e-05,-1.7229406651099649e-06
578,28.900000000000002,-1.916526923451123e-05,-2.4618493076754357e-05,5.4532238422431286e-06,-2.8165635566554025e-05,9.000366332042797e-06,-2.8165635566554025e-05,9.000366332042797e-06
579,28.950000000000003,-5.156556179830574e-07,-3.336090123136919e-05,3.284524561338613e-05,-3.691012298863437e-05,3.639446737065131e-05,-3.691012298863437e-05,3.639446737065131e-05
580,29.0,-1.3209857838258898e-05,-3.364307973235059e-05,2.043322189409169e-05,-3.7156230526593265e-05,2.3946372688334367e-05,-3.7156230526593265e-05,2.3946372688334367e-05
581,29.05,-2.361527284588938e-05,-3.438510144429254e-05,1.076982859840316e-05,-3.787007077403707e-05,1.4254797928147692e-05,-3.787007077403707e-05,1.4254797928147692e-05
582,29.1,-3.401975633021692e-05,-3.188196978507139e-05,-2.137786545145533e-06,-3.403111437444336e-05,1.1358044226439292e-08,-3.403111437444336e-05,1.1358044226439292e-08
583,29.150000000000002,-4.0005598033854284e-05,-2.888708833725471e-05,-1.1118509696599574e-05,-3.1058390211897706e-05,-8.947207821956578e-06,-3.1058390211897706e-05,-8.947207821956578e-06
584,29.200000000000003,-4.9381383584456984e-05,-2.9168953187902763e-05,-2.021243039655422e-05,-3.1335291144157804e-05,-1.804609244029918e-05,-3.1335291144157804e-05,-1.804609244029918e-05
585,29.25,-5.537758080631505e-05,-2.862432353490051e-05,-2.6753257271414543e-05,-3.0811428297932846e-05,-2.4566152508382206e-05,-3.0811428297932846e-05,-2.4566152508382206e-05
586,29.3,-4.887147435561623e-05,-2.9693496496922767e-05,-1.9177977858693462e-05,-3.190297527473323e-05,-1.6968499080882996e-05,-3.190297527473323e-05,-1.6968499080882996e-05
587,29.35,-2.7529899790934564e-05,-3.0230034129584196e-05,2.7001343386496315e-06,-3.284189177413819e-05,5.311991983203625e-06,-3.284189177413819e-05,5.311991983203625e-06
588,29.400000000000002,-2.870706669733103e-05,-2.912614979967212e-05,4.1908310234108984e-07,-3.095321057911713e-05,2.2461438817861023e-06,-3.095321057911713e-05,2.2461438817861023e-06
589,29.450000000000003,-2.372105500692001e-05,-2.910589777960153e-05,5.384842772681518e-06,-3.094293720735633e-05,7.221882200436317e-06,-3.094293720735633e-05,7.221882200436317e-06
590,29.5,-1.9836690684504887e-05,-2.8374849240981238e-05,8.538158556476351e-06,-3.02231948562382e-05,1.0386504171733312e-05,-3.02231948562382e-05,1.0386504171733312e-05
591,29.55,-1.5364987682398024e-05,-2.807562984996818e-05,1.2710642167570156e-05,-2.993614456981717e-05,1.4571156887419146e-05,-2.993614456981717e-05,1.4571156887419146e-05
592,29.6,-1.995216281969192e-05,-2.835791067198606e-05,8.405747852294138e-06,-3.0230710534252407e-05,1.0278547714560486e-05,-3.0230710534252407e-05,1.0278547714560486e-05
593,29.650000000000002,-2.6002837400840306e-05,-2.7628417219958435e-05,1.6255798191181288e-06,-2.951286748593992e-05,3.5100300850996153e-06,-2.951286748593992e-05,3.5100300850996153e-06
594,29.700000000000003,-3.258818425710963e-05,-2.7856495034786125e-05,-4.7316892223235065e-06,-2.9753356716858225e-05,-2.834827540251406e-06,-2.9753356716858225e-05,-2.834827540251406e-06
595,29.75,-3.910382127658707e-05,-2.909091779908934e-05,-1.001290347749773e-05,-3.0999551509853905e-05,-8.104269766733165e-06,-3.0999551509853905e-05,-8.104269766733165e-06
596,29.8,-4.2814891782150255e-05,-2.8816967432210594e-05,-1.399792434993966e-05,-3.075138936705003e-05,-1.2063502415100228e-05,-3.075138936705003e-05,-1.2063502415100228e-05
597,29.85,-3.6886757562193395e-05,-2.9109009598937112e-05,-7.777747963256283e-06,-3.105474740038057e-05,-5.832010161812826e-06,-3.105474740038057e-05,-5.832010161812826e-06
598,29.900000000000002,-3.230154147271236e-05,-2.832125301753555e-05,-3.980288455176807e-06,-3.0277667516531313e-05,-2.023873956181046e-06,-3.0277667516531313e-05,-2.023873956181046e-06
599,29.950000000000003,-3.3633782619890695e-05,-2.857823412644664e-05,-5.055548493444055e-06,-3.054611296187019e-05,-3.0876696580205024e-06,-3.054611296187019e-05,-3.0876696580205024e-06
