frame,time,delta_H,rhs_u_command,slack_u_command,rhs_u_saturated,slack_u_saturated,rhs_u_cvt,slack_u_cvt
0,0.0,-0.009180444256907228,-0.008744929694285745,-0.0004355145626214821,-0.008744929694285745,-0.0004355145626214821,-0.01320786641095801,0.004027422154050782
1,0.05,-0.009792270055666075,-0.009346906656040228,-0.000445363399625847,-0.009346906656040228,-0.000445363399625847,-0.01401087140887444,0.004218601353208366
2,0.1,-0.010404621477826836,-0.009947278097461378,-0.00045734338036545856,-0.009947278097461378,-0.00045734338036545856,-0.014813370362336221,0.004408748884509385
3,0.15000000000000002,-0.011013754249068142,-0.010545801204700337,-0.0004679530443678047,-0.010545801204700337,-0.0004679530443678047,-0.015597111004924237,0.004583356755856095
4,0.2,-0.011618361644516906,-0.01113969928128684,-0.0004786623632300653,-0.01113969928128684,-0.0004786623632300653,-0.01634227176930716,0.004723910124790256
5,0.25,-0.012218036542279154,-0.011732521430895123,-0.00048551511138403107,-0.011732521430895123,-0.00048551511138403107,-0.017087909040792253,0.0048698724985131
6,0.30000000000000004,-0.012804889360659155,-0.01231814378440271,-0.00048674557625644557,-0.01231814378440271,-0.00048674557625644557,-0.017782584493415955,0.004977695132756799
7,0.35000000000000003,-0.013376473181220483,-0.012888348669322683,-0.0004881245118977997,-0.012888348669322685,-0.00048812451189779796,-0.01843966064768542,0.005063187466464936
8,0.4,-0.013929907756612625,-0.01343874648362358,-0.0004911612729890449,-0.013438746483623584,-0.0004911612729890415,-0.019051730756672033,0.005121823000059408
9,0.45,-0.01446374176777887,-0.013970681108441687,-0.0004930606593371838,-0.013970681108441687,-0.0004930606593371838,-0.019617547842336186,0.0051538060745573155
10,0.5,-0.01497406580154359,-0.014481604332341656,-0.0004924614692019338,-0.014481604332341656,-0.0004924614692019338,-0.020129986750853986,0.0051559209493103955
11,0.55,-0.01545451941252296,-0.014968381645121941,-0.0004861377674010188,-0.014968381645121941,-0.0004861377674010188,-0.020553553106346885,0.005099033693823925
12,0.6000000000000001,-0.015905495163545003,-0.015421085689299889,-0.00048440947424511355,-0.015421085689299889,-0.00048440947424511355,-0.020931557375028467,0.005026062211483464
13,0.65,-0.016326308626826047,-0.01584617286005364,-0.0004801357667724056,-0.01584617286005364,-0.0004801357667724056,-0.021259779695315097,0.0049334710684890495
14,0.7000000000000001,-0.016712129154341726,-0.016237099208583187,-0.00047502994575853927,-0.01623709920858319,-0.0004750299457585358,-0.021471031598077506,0.00475890244373578
15,0.75,-0.017063425959201406,-0.016598526935815434,-0.0004648990233859715,-0.016598526935815434,-0.0004648990233859715,-0.02170066075038931,0.004637234791187904
16,0.8,-0.01737532830072963,-0.016922148886490535,-0.0004531794142390959,-0.016922148886490535,-0.0004531794142390959,-0.021879555641579777,0.004504227340850146
17,0.8500000000000001,-0.01764780099289509,-0.017203716882040983,-0.000444084110854108,-0.017203716882040983,-0.000444084110854108,-0.022004056853651054,0.004356255860755963
18,0.9,-0.017880554055497266,-0.017446840890344293,-0.0004337131651529734,-0.017446840890344293,-0.0004337131651529734,-0.022010973722280485,0.004130419666783219
19,0.9500000000000001,-0.018052567676965725,-0.017634550827120794,-0.00041801684984493076,-0.017634550827120794,-0.00041801684984493076,-0.021946909849251052,0.003894342172285327
20,1.0,-0.018131646991374817,-0.01772907471124776,-0.0004025722801270573,-0.01772907471124776,-0.0004025722801270573,-0.021789430311645094,0.003657783320270277
21,1.05,-0.01813364380948501,-0.01774922271845027,-0.0003844210910347416,-0.01774922271845027,-0.0003844210910347416,-0.02156569175028032,0.003432047940795307
22,1.1,-0.018066633885050143,-0.017698441795349268,-0.000368192089700875,-0.017698441795349268,-0.000368192089700875,-0.021317940321722295,0.0032513064366721522
23,1.1500000000000001,-0.01786543259839024,-0.017518021697526243,-0.00034741090086399737,-0.017518021697526243,-0.00034741090086399737,-0.02097635712675571,0.0031109245283654705
24,1.2000000000000002,-0.017616667722253565,-0.017291474643540427,-0.0003251930787131381,-0.017291474643540427,-0.0003251930787131381,-0.0205520936663463,0.0029354259440927365
25,1.25,-0.017359820689014205,-0.01705771819033378,-0.00030210249868042535,-0.017057718190333783,-0.0003021024986804219,-0.020064897459980996,0.002705076770966791
26,1.3,-0.01709681748767411,-0.01681385168900978,-0.0002829657986643287,-0.01681385168900978,-0.0002829657986643287,-0.019578554214069576,0.0024817367263954664
27,1.35,-0.016681840217328103,-0.016420759198734796,-0.00026108101859330726,-0.016420759198734796,-0.00026108101859330726,-0.019002878606885727,0.0023210383895576232
28,1.4000000000000001,-0.016295628307810506,-0.016058877837656256,-0.00023675047015424971,-0.01605887783765626,-0.00023675047015424625,-0.018401522122430788,0.002105893814620282
29,1.4500000000000002,-0.015862087711354445,-0.015644463585027652,-0.00021762412632679237,-0.015644463585027652,-0.00021762412632679237,-0.017747694948924152,0.001885607237569708
30,1.5,-0.015405794910944404,-0.015209944762661227,-0.00019585014828317655,-0.015209944762661232,-0.00019585014828317135,-0.01708768646490801,0.0016818915539636055
31,1.55,-0.01493135517596822,-0.014749887943175739,-0.00018146723279248086,-0.014749887943175739,-0.00018146723279248086,-0.01641223547468552,0.0014808802987173013
32,1.6,-0.014425810518384763,-0.014265147222272167,-0.00016066329611259637,-0.014265147222272167,-0.00016066329611259637,-0.01569591583494522,0.0012701053165604555
33,1.6500000000000001,-0.013933579753237835,-0.013793244062969508,-0.00014033569026832698,-0.01379324406296951,-0.00014033569026832525,-0.014980090396160436,0.001046510642922601
34,1.7000000000000002,-0.013362375785698544,-0.013240249812436917,-0.0001221259732616265,-0.013240249812436917,-0.0001221259732616265,-0.014208746282999786,0.0008463704973012427
35,1.75,-0.012744837184211932,-0.01264518975089398,-9.964743331795228e-05,-0.01264518975089398,-9.964743331795228e-05,-0.013418293459678028,0.0006734562754660955
36,1.8,-0.012135763150111778,-0.012059428049030414,-7.633510108136406e-05,-0.012059428049030414,-7.633510108136406e-05,-0.012575561291616846,0.000439798141505068
37,1.85,-0.011509482278206584,-0.011436434356007432,-7.304792219915181e-05,-0.011436434356007432,-7.304792219915181e-05,-0.011821050651274815,0.00031156837306823074
38,1.9000000000000001,-0.010819700961114287,-0.01076671532662208,-5.298563449220722e-05,-0.01076671532662208,-5.298563449220722e-05,-0.010993938831013208,0.00017423786989892096
39,1.9500000000000002,-0.010058299690910766,-0.010015941777637734,-4.2357913273031664e-05,-0.010015941777637734,-4.2357913273031664e-05,-0.010161686246807545,0.00010338655589677871
40,2.0,-0.009379124235804004,-0.009332114586066668,-4.700964973733575e-05,-0.009332114586066668,-4.700964973733575e-05,-0.009408104138768452,2.8979902964448162e-05
41,2.0500000000000003,-0.008740701566633091,-0.008691909618560135,-4.8791948072956365e-05,-0.008691909618560135,-4.8791948072956365e-05,-0.0087209397909563,-1.976177567679198e-05
42,2.1,-0.008024696347412985,-0.00799232583995508,-3.237050745790587e-05,-0.00799232583995508,-3.237050745790587e-05,-0.00799232583995508,-3.237050745790587e-05
43,2.15,-0.007389754143360072,-0.007368165750312281,-2.158839304779083e-05,-0.007368165750312281,-2.158839304779083e-05,-0.007368165750312281,-2.158839304779083e-05
44,2.2,-0.0068194476228382594,-0.006787113918080771,-3.233370475748832e-05,-0.006787113918080771,-3.233370475748832e-05,-0.006787113918080771,-3.233370475748832e-05
45,2.25,-0.0062942107420633775,-0.0062731152886949925,-2.109545336838499e-05,-0.0062731152886949925,-2.109545336838499e-05,-0.0062731152886949925,-2.109545336838499e-05
46,2.3000000000000003,-0.005836765292673185,-0.005813822585424864,-2.2942707248321294e-05,-0.005813822585424864,-2.2942707248321294e-05,-0.005813822585424864,-2.2942707248321294e-05
47,2.35,-0.005382695631889645,-0.005361272155896639,-2.1423475993005876e-05,-0.00536588724091472,-1.680839097492441e-05,-0.00536588724091472,-1.680839097492441e-05
48,2.4000000000000004,-0.004905560269627407,-0.0049017500080266166,-3.8102616007904336e-06,-0.004909873940157546,4.313670530138938e-06,-0.004909873940157546,4.313670530138938e-06
49,2.45,-0.004520647428506774,-0.00450589743943089,-1.4749989075884228e-05,-0.004513870422298171,-6.777006208603421e-06,-0.004513870422298171,-6.777006208603421e-06
50,2.5,-0.004118181029275969,-0.004093509347547655,-2.4671681728313972e-05,-0.004101445108749909,-1.6735920526060252e-05,-0.004101445108749909,-1.6735920526060252e-05
51,2.5500000000000003,-0.003840131151090831,-0.003810407038422965,-2.9724112667865992e-05,-0.003817860108837636,-2.227104225319479e-05,-0.003817860108837636,-2.227104225319479e-05
52,2.6,-0.003583425858418088,-0.0035446839954233326,-3.874186299475521e-05,-0.003551076234424813,-3.234962399327468e-05,-0.003551076234424813,-3.234962399327468e-05
53,2.6500000000000004,-0.0032768365692060764,-0.0032811446618325447,4.308092626468304e-06,-0.003285997626203619,9.161056997542688e-06,-0.003285997626203619,9.161056997542688e-06
54,2.7,-0.0030334412082213547,-0.003037714592191543,4.273383970188494e-06,-0.0030413641936336364,7.922985412281772e-06,-0.0030413641936336364,7.922985412281772e-06
55,2.75,-0.0028072061770709755,-0.0028116130167037865,4.4068396328109626e-06,-0.002814272040136135,7.06586306515938e-06,-0.002814272040136135,7.06586306515938e-06
56,2.8000000000000003,-0.0026222744897085315,-0.002616331269654979,-5.943220053552644e-06,-0.0026183874103454263,-3.887079363105225e-06,-0.0026183874103454263,-3.887079363105225e-06
57,2.85,-0.002445080642243025,-0.002428523512771935,-1.6557129471090042e-05,-0.0024300986553471736,-1.4981986895851347e-05,-0.0024300986553471736,-1.4981986895851347e-05
58,2.9000000000000004,-0.0022476868828075203,-0.0022415622061500236,-6.124676657496674e-06,-0.002242737230059902,-4.949652747618296e-06,-0.002242737230059902,-4.949652747618296e-06
59,2.95,-0.002097553266260932,-0.002086129327305139,-1.142393895579288e-05,-0.0020869607106876096,-1.0592555573322397e-05,-0.0020869607106876096,-1.0592555573322397e-05
60,3.0,-0.0019177214684492627,-0.0018973004583820497,-2.0421010067212973e-05,-0.0018977696226924897,-1.9951845756773032e-05,-0.0018977696226924897,-1.9951845756773032e-05
61,3.0500000000000003,-0.0017359511732021327,-0.0017204427169108078,-1.5508456291324834e-05,-0.0017207080211776404,-1.5243152024492241e-05,-0.0017207080211776404,-1.5243152024492241e-05
62,3.1,-0.001578360961526304,-0.0015752303397455476,-3.1306217807562826e-06,-0.0015753001251177848,-3.0608364085190926e-06,-0.0015753001251177848,-3.0608364085190926e-06
63,3.1500000000000004,-0.0014828976180008002,-0.0014733512052516136,-9.546412749186642e-06,-0.0014733512379074348,-9.546380093365453e-06,-0.0014733512379074348,-9.546380093365453e-06
64,3.2,-0.0013603164743697382,-0.0013678481574617809,7.53168309204264e-06,-0.0013678411562595405,7.524681889802291e-06,-0.0013678411562595405,7.524681889802291e-06
65,3.25,-0.001277892834705363,-0.0012815503097618685,3.6574750565054274e-06,-0.0012815503097618685,3.6574750565054274e-06,-0.0012815503097618685,3.6574750565054274e-06
66,3.3000000000000003,-0.0011947834281134107,-0.0011913757897963786,-3.4076383170320197e-06,-0.0011913757897963786,-3.4076383170320197e-06,-0.0011913757897963786,-3.4076383170320197e-06
67,3.35,-0.0011293092679076633,-0.0011205686038507762,-8.74066405688709e-06,-0.0011205686038507762,-8.74066405688709e-06,-0.0011205686038507762,-8.74066405688709e-06
68,3.4000000000000004,-0.0010678248361039033,-0.001053637148153626,-1.4187687950277398e-05,-0.001053637148153626,-1.4187687950277398e-05,-0.001053637148153626,-1.4187687950277398e-05
69,3.45,-0.0010014297619649337,-0.0009844705541011015,-1.695920786383225e-05,-0.0009844705541011015,-1.695920786383225e-05,-0.0009844705541011015,-1.695920786383225e-05
70,3.5,-0.0009458335438830012,-0.0009280772460215891,-1.775629786141214e-05,-0.0009280772460215891,-1.775629786141214e-05,-0.0009280772460215891,-1.775629786141214e-05
71,3.5500000000000003,-0.0008758569954921969,-0.0008732021197480302,-2.6548757441666833e-06,-0.0008732021197480302,-2.6548757441666833e-06,-0.0008732021197480302,-2.6548757441666833e-06
72,3.6,-0.0008151330024865899,-0.0008205529037392255,5.4199012526355604e-06,-0.0008205529037392255,5.4199012526355604e-06,-0.0008205529037392255,5.4199012526355604e-06
73,3.6500000000000004,-0.0007595415688042007,-0.00076764605132591,8.104482521709318e-06,-0.00076764605132591,8.104482521709318e-06,-0.00076764605132591,8.104482521709318e-06
74,3.7,-0.0007226322885518499,-0.0007224868967995626,-1.4539175228730009e-07,-0.0007224868967995626,-1.4539175228730009e-07,-0.0007224868967995626,-1.4539175228730009e-07
75,3.75,-0.0006867661532150571,-0.0006815551210497536,-5.21103216530349e-06,-0.0006815551210497536,-5.21103216530349e-06,-0.0006815551210497536,-5.21103216530349e-06
76,3.8000000000000003,-0.000651999876749465,-0.0006426703775430903,-9.329499206374675e-06,-0.0006426703775430903,-9.329499206374675e-06,-0.0006426703775430903,-9.329499206374675e-06
77,3.85,-0.0006197913722022497,-0.0006075621294199235,-1.2229242782326138e-05,-0.0006075621294199235,-1.2229242782326138e-05,-0.0006075621294199235,-1.2229242782326138e-05
78,3.9000000000000004,-0.0005775146746346271,-0.0005739459233714696,-3.568751263157495e-06,-0.0005739459233714696,-3.568751263157495e-06,-0.0005739459233714696,-3.568751263157495e-06
79,3.95,-0.0005476180445281864,-0.0005429843004725517,-4.633744055634686e-06,-0.0005429843004725517,-4.633744055634686e-06,-0.0005429843004725517,-4.633744055634686e-06
80,4.0,-0.0005263665878511015,-0.0005149385761732619,-1.1428011677839535e-05,-0.0005149385761732619,-1.1428011677839535e-05,-0.0005149385761732619,-1.1428011677839535e-05
81,4.05,-0.0004973781912825936,-0.0004888147414571571,-8.563449825436508e-06,-0.0004888147414571571,-8.563449825436508e-06,-0.0004888147414571571,-8.563449825436508e-06
82,4.1000000000000005,-0.0004667429456455263,-0.0004664292262047703,-3.137194407560424e-07,-0.0004664292262047703,-3.137194407560424e-07,-0.0004664292262047703,-3.137194407560424e-07
83,4.15,-0.00040499841652708035,-0.0004012580375370755,-3.740378990004867e-06,-0.0004012580375370755,-3.740378990004867e-06,-0.0004012580375370755,-3.740378990004867e-06
84,4.2,-0.0003732486078446007,-0.00036848961008071517,-4.758997763885508e-06,-0.00036848961008071517,-4.758997763885508e-06,-0.00036848961008071517,-4.758997763885508e-06
85,4.25,-0.0003562546198865313,-0.00034982412840841947,-6.4304914781118205e-06,-0.00034982412840841947,-6.4304914781118205e-06,-0.00034982412840841947,-6.4304914781118205e-06
86,4.3,-0.00034624500208069175,-0.0003384482548551237,-7.79674722556806e-06,-0.0003384482548551237,-7.79674722556806e-06,-0.0003384482548551237,-7.79674722556806e-06
87,4.3500000000000005,-0.0003279485772887947,-0.000323301844097944,-4.646733190850666e-06,-0.000323301844097944,-4.646733190850666e-06,-0.000323301844097944,-4.646733190850666e-06
88,4.4,-0.0003183974277815027,-0.000312697295720366,-5.700132061136687e-06,-0.000312697295720366,-5.700132061136687e-06,-0.000312697295720366,-5.700132061136687e-06
89,4.45,-0.0003034287156287174,-0.0002977464608867536,-5.682254741963815e-06,-0.0002977464608867536,-5.682254741963815e-06,-0.0002977464608867536,-5.682254741963815e-06
90,4.5,-0.0002948049166370259,-0.00028778384050683384,-7.021076130192061e-06,-0.00028778384050683384,-7.021076130192061e-06,-0.00028778384050683384,-7.021076130192061e-06
91,4.55,-0.00027955511054689186,-0.0002706090657695401,-8.946044777351767e-06,-0.0002706090657695401,-8.946044777351767e-06,-0.0002706090657695401,-8.946044777351767e-06
92,4.6000000000000005,-0.0002559889029498663,-0.0002517006263949177,-4.288276554948616e-06,-0.0002517006263949177,-4.288276554948616e-06,-0.0002517006263949177,-4.288276554948616e-06
93,4.65,-0.00024213117428206754,-0.00024236852851028336,2.3735422821581555e-07,-0.00024236852851028336,2.3735422821581555e-07,-0.00024236852851028336,2.3735422821581555e-07
94,4.7,-0.0002339699740029344,-0.00023502889733322812,1.058923330293722e-06,-0.00023502889733322812,1.058923330293722e-06,-0.00023502889733322812,1.058923330293722e-06
95,4.75,-0.0002304154992494034,-0.00023134713532409995,9.316360746965439e-07,-0.00023134713532409995,9.316360746965439e-07,-0.00023134713532409995,9.316360746965439e-07
96,4.800000000000001,-0.00022654743700223356,-0.00022243275767671778,-4.114679325515784e-06,-0.00022243275767671778,-4.114679325515784e-06,-0.00022243275767671778,-4.114679325515784e-06
97,4.8500000000000005,-0.00022714222805553241,-0.00021600264902962136,-1.1139579025911056e-05,-0.00021600264902962136,-1.1139579025911056e-05,-0.00021600264902962136,-1.1139579025911056e-05
98,4.9,-0.00021237058938217146,-0.00020639296809718804,-5.977621284983421e-06,-0.00020639296809718804,-5.977621284983421e-06,-0.00020639296809718804,-5.977621284983421e-06
99,4.95,-0.00020151932852496834,-0.00019565452862855648,-5.864799896411867e-06,-0.00019565452862855648,-5.864799896411867e-06,-0.00019565452862855648,-5.864799896411867e-06
100,5.0,-0.0001987764418318605,-0.00019371861500374818,-5.057826828112314e-06,-0.00019371861500374818,-5.057826828112314e-06,-0.00019371861500374818,-5.057826828112314e-06
101,5.050000000000001,-0.0001935343724595029,-0.00018930375076381612,-4.230621695686771e-06,-0.00018930375076381612,-4.230621695686771e-06,-0.00018930375076381612,-4.230621695686771e-06
102,5.1000000000000005,-0.00019345713399943065,-0.0001855142955976904,-7.942838401740244e-06,-0.0001855142955976904,-7.942838401740244e-06,-0.0001855142955976904,-7.942838401740244e-06
103,5.15,-0.0001942174966318433,-0.00018383181008539663,-1.0385686546446663e-05,-0.00018383181008539663,-1.0385686546446663e-05,-0.00018383181008539663,-1.0385686546446663e-05
104,5.2,-0.00018020219273318094,-0.00018262019159595106,2.417998862770112e-06,-0.00018262019159595106,2.417998862770112e-06,-0.00018262019159595106,2.417998862770112e-06
105,5.25,-0.00018253085925301615,-0.00017956493608023094,-2.9659231727852153e-06,-0.00017956493608023094,-2.9659231727852153e-06,-0.00017956493608023094,-2.9659231727852153e-06
106,5.300000000000001,-0.00017524796769063933,-0.00017939611368958462,4.148145998945289e-06,-0.00017939611368958462,4.148145998945289e-06,-0.00017939611368958462,4.148145998945289e-06
107,5.3500000000000005,-0.0001829891811262474,-0.00017917000365925837,-3.819177466989033e-06,-0.00017917000365925837,-3.819177466989033e-06,-0.00017917000365925837,-3.819177466989033e-06
108,5.4,-0.0001874215110970745,-0.00017768588321611991,-9.735627880954587e-06,-0.00017768588321611991,-9.735627880954587e-06,-0.00017768588321611991,-9.735627880954587e-06
109,5.45,-0.00017927624932534414,-0.00017749447470815326,-1.7817746171908816e-06,-0.00017749447470815326,-1.7817746171908816e-06,-0.00017749447470815326,-1.7817746171908816e-06
110,5.5,-0.0001836834629898032,-0.00017733834635473117,-6.3451166350720375e-06,-0.00017733834635473117,-6.3451166350720375e-06,-0.00017733834635473117,-6.3451166350720375e-06
111,5.550000000000001,-0.00017140555180339412,-0.0001700656575798485,-1.3398942235456294e-06,-0.0001700656575798485,-1.3398942235456294e-06,-0.0001700656575798485,-1.3398942235456294e-06
112,5.6000000000000005,-0.0001789385317736425,-0.00016962213180182122,-9.316399971821278e-06,-0.00016962213180182122,-9.316399971821278e-06,-0.00016962213180182122,-9.316399971821278e-06
113,5.65,-0.0001772790903216137,-0.00016929337636070263,-7.985713960911075e-06,-0.00016929337636070263,-7.985713960911075e-06,-0.00016929337636070263,-7.985713960911075e-06
114,5.7,-0.00017746491670456166,-0.0001689549905614134,-8.509926143148252e-06,-0.0001689549905614134,-8.509926143148252e-06,-0.0001689549905614134,-8.509926143148252e-06
115,5.75,-0.00017412289434015626,-0.00016956731169165358,-4.555582648502687e-06,-0.00016956731169165358,-4.555582648502687e-06,-0.00016956731169165358,-4.555582648502687e-06
116,5.800000000000001,-0.0001679658841982068,-0.00016473242543466163,-3.2334587635451657e-06,-0.00016473242543466163,-3.2334587635451657e-06,-0.00016473242543466163,-3.2334587635451657e-06
117,5.8500000000000005,-0.00016660494456377517,-0.00015711279044029904,-9.49215412347613e-06,-0.00015711279044029904,-9.49215412347613e-06,-0.00015711279044029904,-9.49215412347613e-06
118,5.9,-0.000149832110557635,-0.00015198833002532533,2.156219467690316e-06,-0.00015198833002532533,2.156219467690316e-06,-0.00015198833002532533,2.156219467690316e-06
119,5.95,-0.000155310345691273,-0.00015063399431808794,-4.676351373185058e-06,-0.00015063399431808794,-4.676351373185058e-06,-0.00015063399431808794,-4.676351373185058e-06
120,6.0,-0.0001418923932163807,-0.000147429210536536,5.53681732015529e-06,-0.000147429210536536,5.53681732015529e-06,-0.000147429210536536,5.53681732015529e-06
121,6.050000000000001,-0.0001449608123990087,-0.00014541813314644019,4.5732074743147586e-07,-0.00014541813314644019,4.5732074743147586e-07,-0.00014541813314644019,4.5732074743147586e-07
122,6.1000000000000005,-0.0001510770463809541,-0.0001447583026742332,-6.3187437067208844e-06,-0.0001447583026742332,-6.3187437067208844e-06,-0.0001447583026742332,-6.3187437067208844e-06
123,6.15,-0.0001462211318772333,-0.00014435747594100846,-1.8636559362248295e-06,-0.00014435747594100846,-1.8636559362248295e-06,-0.00014435747594100846,-1.8636559362248295e-06
124,6.2,-0.0001464441318603793,-0.0001436377982312957,-2.8063336290835882e-06,-0.0001436377982312957,-2.8063336290835882e-06,-0.0001436377982312957,-2.8063336290835882e-06
125,6.25,-0.0001377735706116212,-0.00014488851977274213,7.114949161120916e-06,-0.00014488851977274213,7.114949161120916e-06,-0.00014488851977274213,7.114949161120916e-06
126,6.300000000000001,-0.00014493646111657377,-0.00014373192989312165,-1.2045312234521194e-06,-0.00014373192989312165,-1.2045312234521194e-06,-0.00014373192989312165,-1.2045312234521194e-06
127,6.3500000000000005,-0.00015555294773328399,-0.0001457654859575702,-9.787461775713783e-06,-0.0001457654859575702,-9.787461775713783e-06,-0.0001457654859575702,-9.787461775713783e-06
128,6.4,-0.00014425940627105227,-0.00014280202385408828,-1.4573824169639908e-06,-0.00014280202385408828,-1.4573824169639908e-06,-0.00014280202385408828,-1.4573824169639908e-06
129,6.45,-0.00013982256320410613,-0.00013950114850487183,-3.214146992343021e-07,-0.00013950114850487183,-3.214146992343021e-07,-0.00013950114850487183,-3.214146992343021e-07
130,6.5,-0.0001367914832781647,-0.00013947020837255038,2.6787250943856745e-06,-0.00013947020837255038,2.6787250943856745e-06,-0.00013947020837255038,2.6787250943856745e-06
131,6.550000000000001,-0.0001440510196168976,-0.00013786148689970556,-6.189532717192032e-06,-0.00013786148689970556,-6.189532717192032e-06,-0.00013786148689970556,-6.189532717192032e-06
132,6.6000000000000005,-0.0001462462964708644,-0.00013594760503644134,-1.0298691434423065e-05,-0.00013594760503644134,-1.0298691434423065e-05,-0.00013594760503644134,-1.0298691434423065e-05
133,6.65,-0.0001369406602956813,-0.00013399146896432557,-2.9491913313557357e-06,-0.00013399146896432557,-2.9491913313557357e-06,-0.00013399146896432557,-2.9491913313557357e-06
134,6.7,-0.00013882822710620246,-0.00013052038243740053,-8.30784466880193e-06,-0.00013052038243740053,-8.30784466880193e-06,-0.00013052038243740053,-8.30784466880193e-06
135,6.75,-0.00013701236710050857,-0.00013146059360102678,-5.551773499481793e-06,-0.00013146059360102678,-5.551773499481793e-06,-0.00013146059360102678,-5.551773499481793e-06
136,6.800000000000001,-0.00013479378004843667,-0.00012850883943186397,-6.284940616572705e-06,-0.00012850883943186397,-6.284940616572705e-06,-0.00012850883943186397,-6.284940616572705e-06
137,6.8500000000000005,-0.0001210256991883707,-0.00012704900318975164,6.023304001380946e-06,-0.00012704900318975164,6.023304001380946e-06,-0.00012704900318975164,6.023304001380946e-06
138,6.9,-0.00012269335724224284,-0.00012595138336914192,3.2580261268990807e-06,-0.00012595138336914192,3.2580261268990807e-06,-0.00012595138336914192,3.2580261268990807e-06
139,6.95,-0.00012897491761520996,-0.00012431607937025225,-4.6588382449577075e-06,-0.00012431607937025225,-4.6588382449577075e-06,-0.00012431607937025225,-4.6588382449577075e-06
140,7.0,-0.00012074024564467933,-0.00012068965308245852,-5.059256222080953e-08,-0.00012068965308245852,-5.059256222080953e-08,-0.00012068965308245852,-5.059256222080953e-08
141,7.050000000000001,-0.00012150748498696018,-0.0001198273391285122,-1.6801458584479842e-06,-0.0001198273391285122,-1.6801458584479842e-06,-0.0001198273391285122,-1.6801458584479842e-06
142,7.1000000000000005,-0.0001161381464921396,-0.00011631375229699569,1.7560580485608598e-07,-0.00011631375229699569,1.7560580485608598e-07,-0.00011631375229699569,1.7560580485608598e-07
143,7.15,-0.00012167004679997095,-0.0001133030463519379,-8.36700044803306e-06,-0.0001133030463519379,-8.36700044803306e-06,-0.0001133030463519379,-8.36700044803306e-06
144,7.2,-0.00011742115978596868,-0.00010970979926427094,-7.711360521697736e-06,-0.00010970979926427094,-7.711360521697736e-06,-0.00010970979926427094,-7.711360521697736e-06
145,7.25,-0.00011734819470132773,-0.00010978320878834585,-7.564985912981881e-06,-0.00010978320878834585,-7.564985912981881e-06,-0.00010978320878834585,-7.564985912981881e-06
146,7.300000000000001,-0.00010150789979612718,-0.00010412105809648293,2.613158300355758e-06,-0.00010412105809648293,2.613158300355758e-06,-0.00010412105809648293,2.613158300355758e-06
147,7.3500000000000005,-9.770083523563677e-05,-9.845946159118994e-05,7.586263555531665e-07,-9.845946159118994e-05,7.586263555531665e-07,-9.845946159118994e-05,7.586263555531665e-07
148,7.4,-0.00010028823208263482,-9.627840726439235e-05,-4.009824818242469e-06,-9.627840726439235e-05,-4.009824818242469e-06,-9.627840726439235e-05,-4.009824818242469e-06
149,7.45,-9.497168837091507e-05,-9.467019039680333e-05,-3.0149797411174403e-07,-9.467019039680333e-05,-3.0149797411174403e-07,-9.467019039680333e-05,-3.0149797411174403e-07
150,7.5,-9.653852835012078e-05,-9.373361158668424e-05,-2.804916763436536e-06,-9.373361158668424e-05,-2.804916763436536e-06,-9.373361158668424e-05,-2.804916763436536e-06
151,7.550000000000001,-8.751442768095696e-05,-9.207315464694927e-05,4.558726965992306e-06,-9.207315464694927e-05,4.558726965992306e-06,-9.207315464694927e-05,4.558726965992306e-06
152,7.6000000000000005,-9.046553303948546e-05,-9.026888839696206e-05,-1.9664464252339934e-07,-9.026888839696206e-05,-1.9664464252339934e-07,-9.026888839696206e-05,-1.9664464252339934e-07
153,7.65,-9.502896580093623e-05,-8.851291389435044e-05,-6.51605190658579e-06,-8.851291389435044e-05,-6.51605190658579e-06,-8.851291389435044e-05,-6.51605190658579e-06
154,7.7,-8.997578598224365e-05,-8.646913094433159e-05,-3.506655037912058e-06,-8.646913094433159e-05,-3.506655037912058e-06,-8.646913094433159e-05,-3.506655037912058e-06
155,7.75,-9.053232390621169e-05,-8.604572086046635e-05,-4.486603045745336e-06,-8.604572086046635e-05,-4.486603045745336e-06,-8.604572086046635e-05,-4.486603045745336e-06
156,7.800000000000001,-8.295255907819765e-05,-8.446781150103173e-05,1.5152524228340743e-06,-8.446781150103173e-05,1.5152524228340743e-06,-8.446781150103173e-05,1.5152524228340743e-06
157,7.8500000000000005,-7.892758477456852e-05,-8.246098634768546e-05,3.5334015731169443e-06,-8.246098634768546e-05,3.5334015731169443e-06,-8.246098634768546e-05,3.5334015731169443e-06
158,7.9,-7.664192911960299e-05,-7.54457209982802e-05,-1.1962081213227947e-06,-7.54457209982802e-05,-1.1962081213227947e-06,-7.54457209982802e-05,-1.1962081213227947e-06
159,7.95,-7.945079149807022e-05,-7.433078192942773e-05,-5.120009568642487e-06,-7.433078192942773e-05,-5.120009568642487e-06,-7.433078192942773e-05,-5.120009568642487e-06
160,8.0,-7.081383643492423e-05,-7.225215844163916e-05,1.4383220067149346e-06,-7.225215844163916e-05,1.4383220067149346e-06,-7.225215844163916e-05,1.4383220067149346e-06
161,8.05,-7.342976781243848e-05,-7.064123220006732e-05,-2.788535612371161e-06,-7.064123220006732e-05,-2.788535612371161e-06,-7.064123220006732e-05,-2.788535612371161e-06
162,8.1,-6.642739729201264e-05,-6.903473142532725e-05,2.6073341333146148e-06,-6.903473142532725e-05,2.6073341333146148e-06,-6.903473142532725e-05,2.6073341333146148e-06
163,8.15,-6.687126997639847e-05,-6.746829942749915e-05,5.970294511006781e-07,-6.746829942749915e-05,5.970294511006781e-07,-6.746829942749915e-05,5.970294511006781e-07
164,8.200000000000001,-6.965088222266047e-05,-6.60188663801046e-05,-3.6320158425558728e-06,-6.60188663801046e-05,-3.6320158425558728e-06,-6.60188663801046e-05,-3.6320158425558728e-06
165,8.25,-7.182392891125211e-05,-6.467294824693577e-05,-7.150980664316338e-06,-6.467294824693577e-05,-7.150980664316338e-06,-6.467294824693577e-05,-7.150980664316338e-06
166,8.3,-6.703422731502151e-05,-6.316558958186843e-05,-3.868637733153081e-06,-6.316558958186843e-05,-3.868637733153081e-06,-6.316558958186843e-05,-3.868637733153081e-06
167,8.35,-6.668898549100355e-05,-6.187536472465758e-05,-4.81362076634597e-06,-6.187536472465758e-05,-4.81362076634597e-06,-6.187536472465758e-05,-4.81362076634597e-06
168,8.4,-6.492709618355352e-05,-5.959212662019409e-05,-5.3349695633594354e-06,-5.959212662019409e-05,-5.3349695633594354e-06,-5.959212662019409e-05,-5.3349695633594354e-06
169,8.450000000000001,-5.839679821340038e-05,-5.8183830152587e-05,-2.1296806081337957e-07,-5.8183830152587e-05,-2.1296806081337957e-07,-5.8183830152587e-05,-2.1296806081337957e-07
170,8.5,-5.825594344899265e-05,-5.6338371911855914e-05,-1.9175715371367387e-06,-5.6338371911855914e-05,-1.9175715371367387e-06,-5.6338371911855914e-05,-1.9175715371367387e-06
171,8.55,-5.952948487275567e-05,-5.489281928267888e-05,-4.6366655900767885e-06,-5.489281928267888e-05,-4.6366655900767885e-06,-5.489281928267888e-05,-4.6366655900767885e-06
172,8.6,-5.775732598667371e-05,-5.3274672450596385e-05,-4.4826535360773285e-06,-5.3274672450596385e-05,-4.4826535360773285e-06,-5.3274672450596385e-05,-4.4826535360773285e-06
173,8.65,-5.447840478822741e-05,-5.33182999396919e-05,-1.1601048485355094e-06,-5.33182999396919e-05,-1.1601048485355094e-06,-5.33182999396919e-05,-1.1601048485355094e-06
174,8.700000000000001,-5.31881049462557e-05,-5.0256130874749326e-05,-2.931974071506373e-06,-5.0256130874749326e-05,-2.931974071506373e-06,-5.0256130874749326e-05,-2.931974071506373e-06
175,8.75,-5.0082904060611e-05,-4.899433276455664e-05,-1.0885712960543618e-06,-4.899433276455664e-05,-1.0885712960543618e-06,-4.899433276455664e-05,-1.0885712960543618e-06
176,8.8,-4.4381903461121475e-05,-4.695828476291882e-05,2.5763813017973437e-06,-4.695828476291882e-05,2.5763813017973437e-06,-4.695828476291882e-05,2.5763813017973437e-06
177,8.85,-4.454831713429641e-05,-4.728610360754651e-05,2.7377864732500956e-06,-4.728610360754651e-05,2.7377864732500956e-06,-4.728610360754651e-05,2.7377864732500956e-06
178,8.9,-4.407453205690359e-05,-4.4604672470977566e-05,5.301404140739736e-07,-4.4604672470977566e-05,5.301404140739736e-07,-4.4604672470977566e-05,5.301404140739736e-07
179,8.950000000000001,-4.409666463578432e-05,-4.2324633224605106e-05,-1.772031411179216e-06,-4.2324633224605106e-05,-1.772031411179216e-06,-4.2324633224605106e-05,-1.772031411179216e-06
180,9.0,-4.6425818406747865e-05,-4.294303901945565e-05,-3.4827793872922177e-06,-4.294303901945565e-05,-3.4827793872922177e-06,-4.294303901945565e-05,-3.4827793872922177e-06
181,9.05,-4.2856165429761006e-05,-3.905682147075192e-05,-3.7993439590090837e-06,-3.905682147075192e-05,-3.7993439590090837e-06,-3.905682147075192e-05,-3.7993439590090837e-06
182,9.1,-3.681904985552986e-05,-3.7907645948586965e-05,1.0885960930571037e-06,-3.7907645948586965e-05,1.0885960930571037e-06,-3.7907645948586965e-05,1.0885960930571037e-06
183,9.15,-3.49654994490356e-05,-3.672645423838758e-05,1.760954789351982e-06,-3.672645423838758e-05,1.760954789351982e-06,-3.672645423838758e-05,1.760954789351982e-06
184,9.200000000000001,-2.9557300309734913e-05,-3.438066026458688e-05,4.823359954851967e-06,-3.438066026458688e-05,4.823359954851967e-06,-3.438066026458688e-05,4.823359954851967e-06
185,9.25,-3.048686481199603e-05,-3.354808614692821e-05,3.0612213349321836e-06,-3.354808614692821e-05,3.0612213349321836e-06,-3.354808614692821e-05,3.0612213349321836e-06
186,9.3,-3.1385167552855364e-05,-3.2782938375210576e-05,1.3977708223552115e-06,-3.2782938375210576e-05,1.3977708223552115e-06,-3.2782938375210576e-05,1.3977708223552115e-06
187,9.35,-3.1490665404421136e-05,-3.3126499714238984e-05,1.635834309817847e-06,-3.3126499714238984e-05,1.635834309817847e-06,-3.3126499714238984e-05,1.635834309817847e-06
188,9.4,-3.5309132338956495e-05,-3.379686832569835e-05,-1.5122640132581432e-06,-3.379686832569835e-05,-1.5122640132581432e-06,-3.379686832569835e-05,-1.5122640132581432e-06
189,9.450000000000001,-3.60448815653891e-05,-3.317009259437602e-05,-2.8747889710130806e-06,-3.317009259437602e-05,-2.8747889710130806e-06,-3.317009259437602e-05,-2.8747889710130806e-06
190,9.5,-3.697169415939339e-05,-3.263112414631201e-05,-4.340570013081375e-06,-3.263112414631201e-05,-4.340570013081375e-06,-3.263112414631201e-05,-4.340570013081375e-06
191,9.55,-3.7338306178802405e-05,-3.223406672157775e-05,-5.104239457224656e-06,-3.223406672157775e-05,-5.104239457224656e-06,-3.223406672157775e-05,-5.104239457224656e-06
192,9.600000000000001,-3.2622581107144555e-05,-3.169453207991564e-05,-9.280490272289135e-07,-3.169453207991564e-05,-9.280490272289135e-07,-3.169453207991564e-05,-9.280490272289135e-07
193,9.65,-3.138917705602928e-05,-3.144926594343909e-05,6.008888740980522e-08,-3.144926594343909e-05,6.008888740980522e-08,-3.144926594343909e-05,6.008888740980522e-08
194,9.700000000000001,-2.6740398354485606e-05,-3.0358239479569333e-05,3.617841125083727e-06,-3.0358239479569333e-05,3.617841125083727e-06,-3.0358239479569333e-05,3.617841125083727e-06
195,9.75,-2.779139779351958e-05,-3.046746315667283e-05,2.6760653631532506e-06,-3.046746315667283e-05,2.6760653631532506e-06,-3.046746315667283e-05,2.6760653631532506e-06
196,9.8,-2.853267522451297e-05,-3.0160111720275808e-05,1.6274364957628368e-06,-3.0160111720275808e-05,1.6274364957628368e-06,-3.0160111720275808e-05,1.6274364957628368e-06
197,9.850000000000001,-2.794586493515272e-05,-2.8402191568055276e-05,4.563266329025562e-07,-2.8402191568055276e-05,4.563266329025562e-07,-2.8402191568055276e-05,4.563266329025562e-07
198,9.9,-2.7354686295999464e-05,-2.6612195177797476e-05,-7.42491118201988e-07,-2.6612195177797476e-05,-7.42491118201988e-07,-2.6612195177797476e-05,-7.42491118201988e-07
199,9.950000000000001,-2.8203028016537957e-05,-2.623476422393087e-05,-1.9682637926070874e-06,-2.623476422393087e-05,-1.9682637926070874e-06,-2.623476422393087e-05,-1.9682637926070874e-06
200,10.0,-2.8483373653465094e-05,-2.6084975429244317e-05,-2.3983982242207767e-06,-2.6084975429244317e-05,-2.3983982242207767e-06,-2.6084975429244317e-05,-2.3983982242207767e-06
201,10.05,-2.609517336515932e-05,-2.582862812173888e-05,-2.6654524342043816e-07,-2.582862812173888e-05,-2.6654524342043816e-07,-2.582862812173888e-05,-2.6654524342043816e-07
202,10.100000000000001,-2.691483803440864e-05,-2.5596200942818232e-05,-1.3186370915904069e-06,-2.5596200942818232e-05,-1.3186370915904069e-06,-2.5596200942818232e-05,-1.3186370915904069e-06
203,10.15,-2.2474680348549825e-05,-2.386483658783094e-05,1.3901562392811142e-06,-2.386483658783094e-05,1.3901562392811142e-06,-2.386483658783094e-05,1.3901562392811142e-06
204,10.200000000000001,-2.5283880176085738e-05,-2.548367307788174e-05,1.997929017960015e-07,-2.548367307788174e-05,1.997929017960015e-07,-2.548367307788174e-05,1.997929017960015e-07
205,10.25,-2.437116373588122e-05,-2.5245193703062308e-05,8.740299671810893e-07,-2.5245193703062308e-05,8.740299671810893e-07,-2.5245193703062308e-05,8.740299671810893e-07
206,10.3,-2.1085805365972377e-05,-2.4382104497424363e-05,3.2962991314519865e-06,-2.4382104497424363e-05,3.2962991314519865e-06,-2.4382104497424363e-05,3.2962991314519865e-06
207,10.350000000000001,-2.235589087218326e-05,-2.4144637722382837e-05,1.7887468501995777e-06,-2.4144637722382837e-05,1.7887468501995777e-06,-2.4144637722382837e-05,1.7887468501995777e-06
208,10.4,-2.354705849427763e-05,-2.4218723436560312e-05,6.716649422826836e-07,-2.4218723436560312e-05,6.716649422826836e-07,-2.4218723436560312e-05,6.716649422826836e-07
209,10.450000000000001,-2.4932666030208495e-05,-2.415620263058401e-05,-7.764633996244835e-07,-2.415620263058401e-05,-7.764633996244835e-07,-2.415620263058401e-05,-7.764633996244835e-07
210,10.5,-2.5236508242487687e-05,-2.3270381595357993e-05,-1.9661266471296946e-06,-2.3270381595357993e-05,-1.9661266471296946e-06,-2.3270381595357993e-05,-1.9661266471296946e-06
211,10.55,-2.6417713900994677e-05,-2.3283403559787618e-05,-3.134310341207059e-06,-2.3283403559787618e-05,-3.134310341207059e-06,-2.3283403559787618e-05,-3.134310341207059e-06
212,10.600000000000001,-2.7133045314209348e-05,-2.330711578048021e-05,-3.825929533729137e-06,-2.330711578048021e-05,-3.825929533729137e-06,-2.330711578048021e-05,-3.825929533729137e-06
213,10.65,-2.2641138363144186e-05,-2.2633981558997573e-05,-7.156804146613905e-09,-2.2633981558997573e-05,-7.156804146613905e-09,-2.2633981558997573e-05,-7.156804146613905e-09
214,10.700000000000001,-2.343958922979006e-05,-2.2616474562128464e-05,-8.231146676615952e-07,-2.2616474562128464e-05,-8.231146676615952e-07,-2.2616474562128464e-05,-8.231146676615952e-07
215,10.75,-2.371681932067382e-05,-2.277778859370923e-05,-9.390307269645915e-07,-2.277778859370923e-05,-9.390307269645915e-07,-2.277778859370923e-05,-9.390307269645915e-07
216,10.8,-2.20693307221298e-05,-2.2183510952762655e-05,1.1418023063285661e-07,-2.2183510952762655e-05,1.1418023063285661e-07,-2.2183510952762655e-05,1.1418023063285661e-07
217,10.850000000000001,-2.0467096684462227e-05,-2.247654600372712e-05,2.009449319264894e-06,-2.247654600372712e-05,2.009449319264894e-06,-2.247654600372712e-05,2.009449319264894e-06
218,10.9,-2.3390328471317723e-05,-2.4187244251205213e-05,7.969157798874903e-07,-2.4187244251205213e-05,7.969157798874903e-07,-2.4187244251205213e-05,7.969157798874903e-07
219,10.950000000000001,-2.439052477309911e-05,-2.4071806871459922e-05,-3.187179016391868e-07,-2.4071806871459922e-05,-3.187179016391868e-07,-2.4071806871459922e-05,-3.187179016391868e-07
220,11.0,-2.592693827296877e-05,-2.4535827295520993e-05,-1.391110977447776e-06,-2.4535827295520993e-05,-1.391110977447776e-06,-2.4535827295520993e-05,-1.391110977447776e-06
221,11.05,-2.6747157995998805e-05,-2.4275115995565238e-05,-2.4720420004335666e-06,-2.4275115995565238e-05,-2.4720420004335666e-06,-2.4275115995565238e-05,-2.4720420004335666e-06
222,11.100000000000001,-2.715109999629206e-05,-2.3884138699147504e-05,-3.2669612971445563e-06,-2.3884138699147504e-05,-3.2669612971445563e-06,-2.3884138699147504e-05,-3.2669612971445563e-06
223,11.15,-2.7919729514658265e-05,-2.4199193855345042e-05,-3.7205356593132227e-06,-2.4199193855345042e-05,-3.7205356593132227e-06,-2.4199193855345042e-05,-3.7205356593132227e-06
224,11.200000000000001,-2.5129461880268877e-05,-2.4844030136565875e-05,-2.854317437030021e-07,-2.4844030136565875e-05,-2.854317437030021e-07,-2.4844030136565875e-05,-2.854317437030021e-07
225,11.25,-2.5546205866588956e-05,-2.5143165543936415e-05,-4.030403226525412e-07,-2.5143165543936415e-05,-4.030403226525412e-07,-2.5143165543936415e-05,-4.030403226525412e-07
226,11.3,-2.6866717520057648e-05,-2.587717652864088e-05,-9.89540991416768e-07,-2.587717652864088e-05,-9.89540991416768e-07,-2.587717652864088e-05,-9.89540991416768e-07
227,11.350000000000001,-2.873550256843327e-05,-2.6682027959675075e-05,-2.0534746087581937e-06,-2.6682027959675075e-05,-2.0534746087581937e-06,-2.6682027959675075e-05,-2.0534746087581937e-06
228,11.4,-2.503204093773359e-05,-2.7423822768450787e-05,2.3917818307171964e-06,-2.7423822768450787e-05,2.3917818307171964e-06,-2.7423822768450787e-05,2.3917818307171964e-06
229,11.450000000000001,-2.655478119328869e-05,-2.869736363745508e-05,2.142582444166391e-06,-2.869736363745508e-05,2.142582444166391e-06,-2.869736363745508e-05,2.142582444166391e-06
230,11.5,-2.7623093591944148e-05,-2.8400184291689293e-05,7.77090699745145e-07,-2.8400184291689293e-05,7.77090699745145e-07,-2.8400184291689293e-05,7.77090699745145e-07
231,11.55,-3.0293495366429113e-05,-2.982688310803414e-05,-4.666122583949724e-07,-2.982688310803414e-05,-4.666122583949724e-07,-2.982688310803414e-05,-4.666122583949724e-07
232,11.600000000000001,-3.121278051743115e-05,-2.952832190693442e-05,-1.684458610496729e-06,-2.952832190693442e-05,-1.684458610496729e-06,-2.952832190693442e-05,-1.684458610496729e-06
233,11.65,-3.0441705339723235e-05,-2.9096705982673838e-05,-1.3449993570493972e-06,-2.9096705982673838e-05,-1.3449993570493972e-06,-2.9096705982673838e-05,-1.3449993570493972e-06
234,11.700000000000001,-3.194102208192717e-05,-3.0410464525070707e-05,-1.5305575568564655e-06,-3.0410464525070707e-05,-1.5305575568564655e-06,-3.0410464525070707e-05,-1.5305575568564655e-06
235,11.75,-3.257652385268983e-05,-3.012764678483972e-05,-2.4488770678501105e-06,-3.012764678483972e-05,-2.4488770678501105e-06,-3.012764678483972e-05,-2.4488770678501105e-06
236,11.8,-3.3191705889890066e-05,-2.932986867801183e-05,-3.861837211878236e-06,-2.932986867801183e-05,-3.861837211878236e-06,-2.932986867801183e-05,-3.861837211878236e-06
237,11.850000000000001,-3.43917603691235e-05,-3.060680918139162e-05,-3.7849511877318808e-06,-3.060680918139162e-05,-3.7849511877318808e-06,-3.060680918139162e-05,-3.7849511877318808e-06
238,11.9,-2.9237848433671942e-05,-3.0132792794787506e-05,8.949443611155641e-07,-3.0132792794787506e-05,8.949443611155641e-07,-3.0132792794787506e-05,8.949443611155641e-07
239,11.950000000000001,-3.0278148643869685e-05,-2.9668216386795073e-05,-6.099322570746112e-07,-2.9668216386795073e-05,-6.099322570746112e-07,-2.9668216386795073e-05,-6.099322570746112e-07
240,12.0,-3.2856856228336007e-05,-3.052686416056875e-05,-2.329992067767255e-06,-3.052686416056875e-05,-2.329992067767255e-06,-3.052686416056875e-05,-2.329992067767255e-06
241,12.05,-3.2914075939638465e-05,-3.081785744356886e-05,-2.096218496069607e-06,-3.081785744356886e-05,-2.096218496069607e-06,-3.081785744356886e-05,-2.096218496069607e-06
242,12.100000000000001,-2.8976363016464113e-05,-3.1286709046632875e-05,2.310346030168762e-06,-3.1286709046632875e-05,2.310346030168762e-06,-3.1286709046632875e-05,2.310346030168762e-06
243,12.15,-3.155178796421243e-05,-3.192964295698374e-05,3.778549927713112e-07,-3.192964295698374e-05,3.778549927713112e-07,-3.192964295698374e-05,3.778549927713112e-07
244,12.200000000000001,-3.4493571307470106e-05,-3.317239958889331e-05,-1.3211717185767933e-06,-3.317239958889331e-05,-1.3211717185767933e-06,-3.317239958889331e-05,-1.3211717185767933e-06
245,12.25,-3.750793986823098e-05,-3.39244612134896e-05,-3.5834786547413744e-06,-3.39244612134896e-05,-3.5834786547413744e-06,-3.39244612134896e-05,-3.5834786547413744e-06
246,12.3,-4.260569083802679e-05,-3.617526383467832e-05,-6.4304270033484695e-06,-3.617526383467832e-05,-6.4304270033484695e-06,-3.617526383467832e-05,-6.4304270033484695e-06
247,12.350000000000001,-4.217324337341122e-05,-3.711459234677447e-05,-5.0586510266367455e-06,-3.711459234677447e-05,-5.0586510266367455e-06,-3.711459234677447e-05,-5.0586510266367455e-06
248,12.4,-3.795568615683198e-05,-3.845002261416198e-05,4.943364573299999e-07,-3.845002261416198e-05,4.943364573299999e-07,-3.845002261416198e-05,4.943364573299999e-07
249,12.450000000000001,-3.687839373800461e-05,-3.9258624923050844e-05,2.3802311850462324e-06,-3.9258624923050844e-05,2.3802311850462324e-06,-3.9258624923050844e-05,2.3802311850462324e-06
250,12.5,-4.1073584500672666e-05,-4.062528450610122e-05,-4.482999945714476e-07,-4.062528450610122e-05,-4.482999945714476e-07,-4.062528450610122e-05,-4.482999945714476e-07
251,12.55,-4.491273051465683e-05,-4.135085537302006e-05,-3.5618751416367723e-06,-4.135085537302006e-05,-3.5618751416367723e-06,-4.135085537302006e-05,-3.5618751416367723e-06
252,12.600000000000001,-4.941609583908324e-05,-4.279402334188599e-05,-6.62207249719725e-06,-4.279402334188599e-05,-6.62207249719725e-06,-4.279402334188599e-05,-6.62207249719725e-06
253,12.65,-5.033009860921922e-05,-4.278919918795945e-05,-7.540899421259773e-06,-4.278919918795945e-05,-7.540899421259773e-06,-4.278919918795945e-05,-7.540899421259773e-06
254,12.700000000000001,-3.756631051132775e-05,-4.369097678612213e-05,6.124666274794381e-06,-4.369097678612213e-05,6.124666274794381e-06,-4.369097678612213e-05,6.124666274794381e-06
255,12.75,-4.048321772653907e-05,-4.3132424980978454e-05,2.6492072544393876e-06,-4.3132424980978454e-05,2.6492072544393876e-06,-4.3132424980978454e-05,2.6492072544393876e-06
256,12.8,-4.2210301535949846e-05,-4.303285146064156e-05,8.225499246917146e-07,-4.303285146064156e-05,8.225499246917146e-07,-4.303285146064156e-05,8.225499246917146e-07
257,12.850000000000001,-4.036207732838193e-05,-3.8012127479072554e-05,-2.3499498493093754e-06,-3.8012127479072554e-05,-2.3499498493093754e-06,-3.8012127479072554e-05,-2.3499498493093754e-06
258,12.9,-4.077613906916522e-05,-3.667139668926874e-05,-4.1047423798964755e-06,-3.667139668926874e-05,-4.1047423798964755e-06,-3.667139668926874e-05,-4.1047423798964755e-06
259,12.950000000000001,-3.952037994070512e-05,-3.67473439878869e-05,-2.773035952818219e-06,-3.67473439878869e-05,-2.773035952818219e-06,-3.67473439878869e-05,-2.773035952818219e-06
260,13.0,-3.876383658518723e-05,-3.486570603496976e-05,-3.898130550217469e-06,-3.486570603496976e-05,-3.898130550217469e-06,-3.486570603496976e-05,-3.898130550217469e-06
261,13.05,-3.5085247253263674e-05,-3.576767254924402e-05,6.824252959803428e-07,-3.576767254924402e-05,6.824252959803428e-07,-3.576767254924402e-05,6.824252959803428e-07
262,13.100000000000001,-3.478942961587794e-05,-3.376260947216478e-05,-1.0268201437131627e-06,-3.376260947216478e-05,-1.0268201437131627e-06,-3.376260947216478e-05,-1.0268201437131627e-06
263,13.15,-3.5180267783929686e-05,-3.384551989450023e-05,-1.3347478894294547e-06,-3.384551989450023e-05,-1.3347478894294547e-06,-3.384551989450023e-05,-1.3347478894294547e-06
264,13.200000000000001,-3.41035401980605e-05,-3.411630367336887e-05,1.2763475308370678e-08,-3.411630367336887e-05,1.2763475308370678e-08,-3.411630367336887e-05,1.2763475308370678e-08
265,13.25,-3.36295572137546e-05,-3.734824016856564e-05,3.7186829548110386e-06,-3.7402456756941126e-05,3.7728995431865248e-06,-3.7402456756941126e-05,3.7728995431865248e-06
266,13.3,-3.293937365922428e-05,-3.395830918000979e-05,1.0189355207855093e-06,-3.476442254318174e-05,1.8250488839574597e-06,-3.476442254318174e-05,1.8250488839574597e-06
267,13.350000000000001,-3.249944992789189e-05,-3.3701429958078914e-05,1.201980030187026e-06,-3.5024468223532654e-05,2.5250182956407664e-06,-3.5024468223532654e-05,2.5250182956407664e-06
268,13.4,-3.385217193418999e-05,-3.637685270677127e-05,2.524680772581277e-06,-3.8078761984714594e-05,4.226590050524604e-06,-3.8078761984714594e-05,4.226590050524604e-06
269,13.450000000000001,-3.451182778502204e-05,-3.3369606777395546e-05,-1.1422210076264964e-06,-3.536701842016736e-05,8.551906351453152e-07,-3.536701842016736e-05,8.551906351453152e-07
270,13.5,-3.868485927449594e-05,-3.4843138092745814e-05,-3.841721181750128e-06,-3.708198350060379e-05,-1.6028757738921498e-06,-3.708198350060379e-05,-1.6028757738921498e-06
271,13.55,-3.933419118085091e-05,-3.3804399597628394e-05,-5.529791583222514e-06,-3.6249559431190125e-05,-3.084631749660783e-06,-3.6249559431190125e-05,-3.084631749660783e-06
272,13.600000000000001,-2.9966567802075517e-05,-3.21596177875073e-05,2.1930499854317864e-06,-3.479008037084861e-05,4.823512568773095e-06,-3.479008037084861e-05,4.823512568773095e-06
273,13.65,-3.409339972104686e-05,-3.4721145903057765e-05,6.277461820109072e-07,-3.7436964930701014e-05,3.3435652096541567e-06,-3.7436964930701014e-05,3.3435652096541567e-06
274,13.700000000000001,-3.282362869283517e-05,-3.323704270185303e-05,4.1341400901785506e-07,-3.622907874943772e-05,3.405450056602546e-06,-3.622907874943772e-05,3.405450056602546e-06
275,13.75,-3.295026179828131e-05,-3.2884852673983834e-05,-6.540912429747617e-08,-3.5936204660597866e-05,2.985942862316555e-06,-3.5936204660597866e-05,2.985942862316555e-06
276,13.8,-3.507355800214107e-05,-3.290863140084539e-05,-2.16492660129568e-06,-3.623583287379111e-05,1.1622748716500384e-06,-3.623583287379111e-05,1.1622748716500384e-06
277,13.850000000000001,-3.754321359472623e-05,-3.094328539614268e-05,-6.599928198583555e-06,-3.4305151375733364e-05,-3.2380622189928686e-06,-3.4305151375733364e-05,-3.2380622189928686e-06
278,13.9,-3.603277310393338e-05,-2.9553586015474658e-05,-6.479187088458722e-06,-3.318906639178134e-05,-2.8437067121520418e-06,-3.318906639178134e-05,-2.8437067121520418e-06
279,13.950000000000001,-2.9789055078888182e-05,-3.201975828579057e-05,2.230703206902387e-06,-3.5678413346236924e-05,5.8893582673487415e-06,-3.5678413346236924e-05,5.8893582673487415e-06
280,14.0,-3.130447668198144e-05,-2.997519060974292e-05,-1.3292860722385198e-06,-3.3926024329989134e-05,2.621547648007693e-06,-3.3926024329989134e-05,2.621547648007693e-06
281,14.05,-2.9213120862570108e-05,-3.0834650822200314e-05,1.6215299596302065e-06,-3.480102086745718e-05,5.5879000048870696e-06,-3.480102086745718e-05,5.5879000048870696e-06
282,14.100000000000001,-2.6228632662328444e-05,-2.771419882588742e-05,1.4855661635589774e-06,-3.197727537821641e-05,5.748642715887964e-06,-3.197727537821641e-05,5.748642715887964e-06
283,14.15,-2.828240006957916e-05,-3.00879704837783e-05,1.805570414199138e-06,-3.435388372949588e-05,6.0714836599167195e-06,-3.435388372949588e-05,6.0714836599167195e-06
284,14.200000000000001,-3.0192862519817787e-05,-2.806406038530194e-05,-2.1288021345158466e-06,-3.248797516801092e-05,2.2951126481931324e-06,-3.248797516801092e-05,2.2951126481931324e-06
285,14.25,-2.9940302128994567e-05,-3.053352973876781e-05,5.932276097732456e-07,-3.511036445281971e-05,5.1700623238251436e-06,-3.511036445281971e-05,5.1700623238251436e-06
286,14.3,-2.13580818171355e-05,-2.7263440800023767e-05,5.905358982888268e-06,-3.199224984177321e-05,1.0634168024637708e-05,-3.199224984177321e-05,1.0634168024637708e-05
287,14.350000000000001,-2.6796559643216256e-05,-2.9012010597515544e-05,2.215450954299288e-06,-3.3891992836634484e-05,7.095433193418229e-06,-3.3891992836634484e-05,7.095433193418229e-06
288,14.4,-3.181014925590642e-05,-2.777101699242279e-05,-4.039132263483626e-06,-3.4021398627357325e-05,2.2112493714509076e-06,-3.4021398627357325e-05,2.2112493714509076e-06
289,14.450000000000001,-3.5493039191925035e-05,-2.7036923340283057e-05,-8.456115851641978e-06,-3.4712071987603035e-05,-7.809672043220003e-07,-3.4712071987603035e-05,-7.809672043220003e-07
290,14.5,-2.6170004288839088e-05,-2.3583739528213462e-05,-2.5862647606256264e-06,-3.153749128474001e-05,5.36748699590092e-06,-3.153749128474001e-05,5.36748699590092e-06
291,14.55,-1.9433981628069752e-05,-2.518470820385414e-05,5.750726575784388e-06,-3.4460039770433785e-05,1.5026058142364033e-05,-3.4460039770433785e-05,1.5026058142364033e-05
292,14.600000000000001,-2.4379681298647427e-05,-2.4246839861294312e-05,-1.3284143735311458e-07,-3.3785068607125687e-05,9.40538730847826e-06,-3.3785068607125687e-05,9.40538730847826e-06
293,14.65,-2.9279784687141763e-05,-2.725298607307543e-05,-2.0267986140663338e-06,-3.6953424970220625e-05,7.673640283078862e-06,-3.6953424970220625e-05,7.673640283078862e-06
294,14.700000000000001,-2.95876705525e-05,-2.544894864776966e-05,-4.13872190473034e-06,-3.5306240419874266e-05,5.7185698673742656e-06,-3.5306240419874266e-05,5.7185698673742656e-06
295,14.75,-3.167939068837722e-05,-2.7555725394618775e-05,-4.123665293758443e-06,-3.7564330635170604e-05,5.884939946793386e-06,-3.7564330635170604e-05,5.884939946793386e-06
296,14.8,-1.7585080866244773e-05,-2.4984444535016226e-05,7.399363668771453e-06,-3.6371973039673115e-05,1.8786892173428342e-05,-3.6371973039673115e-05,1.8786892173428342e-05
297,14.850000000000001,-1.78177309511085e-05,-2.4429008133696305e-05,6.611277182587804e-06,-3.5964138400614174e-05,1.8146407449505673e-05,-3.5964138400614174e-05,1.8146407449505673e-05
298,14.9,-2.1924445106624724e-05,-2.3856457633308422e-05,1.932012526683698e-06,-3.553335791095428e-05,1.3608912804329555e-05,-3.553335791095428e-05,1.3608912804329555e-05
299,14.950000000000001,-2.7116333518151237e-05,-2.39388415037751e-05,-3.1774920143761374e-06,-3.575283728861614e-05,8.636503770464902e-06,-3.575283728861614e-05,8.636503770464902e-06
300,15.0,-2.9425906327151807e-05,-2.2217129289066836e-05,-7.208777038084971e-06,-3.4144412725729255e-05,4.718506398577447e-06,-3.4144412725729255e-05,4.718506398577447e-06
301,15.05,-1.6650097410364495e-05,-2.1913692263485876e-05,5.263594853121381e-06,-3.392909916949615e-05,1.7279001759131654e-05,-3.392909916949615e-05,1.7279001759131654e-05
302,15.100000000000001,-2.16884228940728e-05,-2.2611373616762366e-05,9.229507226895654e-07,-3.474335140839337e-05,1.3054928514320566e-05,-3.474335140839337e-05,1.3054928514320566e-05
303,15.15,-2.421210336800428e-05,-2.0925972260209476e-05,-3.2861311077948024e-06,-3.3169991558343334e-05,8.957888190339055e-06,-3.3169991558343334e-05,8.957888190339055e-06
304,15.200000000000001,-2.4013497370578563e-05,-2.126184746836705e-05,-2.7516499022115126e-06,-3.361889016144398e-05,9.60539279086542e-06,-3.361889016144398e-05,9.60539279086542e-06
305,15.25,-2.522855322850681e-05,-1.961980599316238e-05,-5.608747235344433e-06,-3.204167559630028e-05,6.813122367793467e-06,-3.204167559630028e-05,6.813122367793467e-06
306,15.3,-1.9326949137976612e-05,-1.693351187745765e-05,-2.3934372605189634e-06,-2.9665450895045413e-05,1.03385017570688e-05,-2.9665450895045413e-05,1.03385017570688e-05
307,15.350000000000001,-1.5547165179041755e-05,-1.988144267308514e-05,4.334277494043385e-06,-3.27168720898952e-05,1.7169706910853447e-05,-3.27168720898952e-05,1.7169706910853447e-05
308,15.4,-1.6377219285268474e-05,-1.6590622576641477e-05,2.1340329137300336e-07,-2.9536940559510383e-05,1.3159721274241909e-05,-2.9536940559510383e-05,1.3159721274241909e-05
309,15.450000000000001,-1.576818588633344e-05,-1.620418561002653e-05,4.3599972369308946e-07,-2.9240577736184198e-05,1.3472391849850757e-05,-2.9240577736184198e-05,1.3472391849850757e-05
310,15.5,-1.864405582718831e-05,-1.702486250009807e-05,-1.61919332709024e-06,-3.0147775862552737e-05,1.1503720035364426e-05,-3.0147775862552737e-05,1.1503720035364426e-05
311,15.55,-2.0413207462821603e-05,-1.5487009699767867e-05,-4.926197763053736e-06,-2.859600054137945e-05,8.182793078557847e-06,-2.859600054137945e-05,8.182793078557847e-06
312,15.600000000000001,-1.4273594307279147e-05,-1.4884102133130251e-05,6.10507825851104e-07,-2.8071129798932662e-05,1.3797535491653515e-05,-2.8071129798932662e-05,1.3797535491653515e-05
313,15.65,-6.41490559927238e-06,-1.6468801310839367e-05,1.0053895711566987e-05,-2.9734265102541512e-05,2.3319359503269132e-05,-2.9734265102541512e-05,2.3319359503269132e-05
314,15.700000000000001,-9.725951658934306e-06,-1.4939860116042036e-05,5.21390845710773e-06,-2.8268647126582363e-05,1.8542695467648057e-05,-2.8268647126582363e-05,1.8542695467648057e-05
315,15.75,-1.4529601042978513e-05,-1.4625118772188185e-05,9.551772920967244e-08,-2.8011471818386464e-05,1.3481870775407951e-05,-2.8011471818386464e-05,1.3481870775407951e-05
316,15.8,-2.0981298198274878e-05,-1.5661790386000445e-05,-5.319507812274433e-06,-2.9101717004783875e-05,8.120418806508997e-06,-2.9101717004783875e-05,8.120418806508997e-06
317,15.850000000000001,-2.4142566091511775e-05,-1.415609716434532e-05,-9.986468927166454e-06,-2.7642199661880522e-05,3.4996335703687473e-06,-2.7642199661880522e-05,3.4996335703687473e-06
318,15.9,-1.647897793377595e-05,-1.392769492752765e-05,-2.551283006248302e-06,-2.7263748828745447e-05,1.0784770894969496e-05,-2.7263748828745447e-05,1.0784770894969496e-05
319,15.950000000000001,-1.163950873506181e-05,-1.4348605668849159e-05,2.709096933787349e-06,-2.7732100645838833e-05,1.6092591910777023e-05,-2.7732100645838833e-05,1.6092591910777023e-05
320,16.0,-1.3410360978904912e-05,-1.2842857776757796e-05,-5.675032021471157e-07,-2.6288597075233893e-05,1.2878236096328981e-05,-2.6288597075233893e-05,1.2878236096328981e-05
321,16.05,-1.0052786174497008e-05,-1.2851679591995078e-05,2.7988934174980695e-06,-2.6354965497860303e-05,1.6302179323363295e-05,-2.6354965497860303e-05,1.6302179323363295e-05
322,16.1,-1.5850360614244607e-05,-1.5184798394836892e-05,-6.655622194077154e-07,-3.03712586301128e-05,1.4520898015868193e-05,-3.03712586301128e-05,1.4520898015868193e-05
323,16.150000000000002,-1.737268906087941e-05,-1.1966026765769055e-05,-5.406662295110354e-06,-2.627146731897364e-05,8.898778258094229e-06,-2.627146731897364e-05,8.898778258094229e-06
324,16.2,-5.41777012763589e-06,-1.1638294221388902e-05,6.2205240937530115e-06,-2.5939813593748667e-05,2.0522043466112777e-05,-2.5939813593748667e-05,2.0522043466112777e-05
325,16.25,-9.84008946369741e-06,-1.1322042793666832e-05,1.4819533299694215e-06,-2.5626285063174256e-05,1.5786195599476846e-05,-2.5626285063174256e-05,1.5786195599476846e-05
326,16.3,-1.171029295077286e-05,-1.2774496195899573e-05,1.0642032451267125e-06,-2.7076947586636605e-05,1.5366654635863745e-05,-2.7076947586636605e-05,1.5366654635863745e-05
327,16.35,-1.189037697191253e-05,-9.149452710091325e-06,-2.740924261821206e-06,-2.3097100258037284e-05,1.1206723286124753e-05,-2.3097100258037284e-05,1.1206723286124753e-05
328,16.400000000000002,-1.4628630398361153e-05,-9.03280934037312e-06,-5.595821057988034e-06,-2.2960657148572965e-05,8.332026750211811e-06,-2.2960657148572965e-05,8.332026750211811e-06
329,16.45,-1.722994536801359e-05,-8.86976841758088e-06,-8.360176950432708e-06,-2.274480308943561e-05,5.514857721422023e-06,-2.274480308943561e-05,5.514857721422023e-06
330,16.5,-1.3185122859415976e-05,-9.928910128679709e-06,-3.2562127307362678e-06,-2.3779884924069684e-05,1.0594762064653708e-05,-2.3779884924069684e-05,1.0594762064653708e-05
331,16.55,-2.6080613182433154e-06,-8.51975479262496e-06,5.911693474381645e-06,-2.234491146681564e-05,1.9736850148572324e-05,-2.234491146681564e-05,1.9736850148572324e-05
332,16.6,-4.420566808049919e-06,-1.0331587815549224e-05,5.911021007499305e-06,-2.4134159724059252e-05,1.9713592916009332e-05,-2.4134159724059252e-05,1.9713592916009332e-05
333,16.650000000000002,-4.938829210154871e-06,-8.134204694295866e-06,3.195375484140995e-06,-2.1918040683192708e-05,1.6979211473037837e-05,-2.1918040683192708e-05,1.6979211473037837e-05
334,16.7,-7.3250259593482525e-06,-7.829897497053792e-06,5.048715377055391e-07,-2.158921083708299e-05,1.4264184877734738e-05,-2.158921083708299e-05,1.4264184877734738e-05
335,16.75,-1.0901932385731783e-05,-9.063361011191584e-06,-1.8385713745401988e-06,-2.280247327811589e-05,1.1900540892384106e-05,-2.280247327811589e-05,1.1900540892384106e-05
336,16.8,-9.662952567990324e-06,-7.65916762452556e-06,-2.003784943464764e-06,-2.1374465795880127e-05,1.1711513227889803e-05,-2.1374465795880127e-05,1.1711513227889803e-05
337,16.85,-1.1273503993325384e-05,-8.348145335765797e-06,-2.9253586575595875e-06,-2.2038100545891052e-05,1.0764596552565668e-05,-2.2038100545891052e-05,1.0764596552565668e-05
338,16.900000000000002,-1.4376869698295991e-05,-8.23831610288687e-06,-6.138553595409121e-06,-2.1828069156172662e-05,7.4511994578766714e-06,-2.1828069156172662e-05,7.4511994578766714e-06
339,16.95,-1.3399290708981937e-05,-8.196816924928595e-06,-5.202473784053341e-06,-2.1745228380778782e-05,8.345937671796845e-06,-2.1745228380778782e-05,8.345937671796845e-06
340,17.0,-8.371653219207964e-06,-9.860091675331559e-06,1.4884384561235946e-06,-2.3365966219612804e-05,1.499431300040484e-05,-2.3365966219612804e-05,1.499431300040484e-05
341,17.05,1.5543246367766272e-07,-8.461702403526368e-06,8.617134867204031e-06,-2.192679796882288e-05,2.2082230432500544e-05,-2.192679796882288e-05,2.2082230432500544e-05
342,17.1,-2.9854610169577356e-06,-8.545564483161445e-06,5.56010346620371e-06,-2.1450324578990837e-05,1.8464863562033102e-05,-2.1450324578990837e-05,1.8464863562033102e-05
343,17.150000000000002,-6.046810994475571e-06,-8.402225602380244e-06,2.355414607904673e-06,-2.1268179804277973e-05,1.5221368809802402e-05,-2.1268179804277973e-05,1.5221368809802402e-05
344,17.2,-9.30733401538486e-06,-8.559547970862017e-06,-7.477860445228434e-07,-2.1385106180328e-05,1.207777216494314e-05,-2.1385106180328e-05,1.207777216494314e-05
345,17.25,-1.2396464767916449e-05,-8.430530121619239e-06,-3.96593464629721e-06,-2.1209985768118697e-05,8.813521000202248e-06,-2.1209985768118697e-05,8.813521000202248e-06
346,17.3,-1.3140266247879673e-05,-8.291110967458754e-06,-4.849155280420919e-06,-2.1022899282263246e-05,7.882633034383573e-06,-2.1022899282263246e-05,7.882633034383573e-06
347,17.35,-1.627221978073301e-05,-1.0557898315770534e-05,-5.714321464962476e-06,-2.461514901854494e-05,8.34292923781193e-06,-2.461514901854494e-05,8.34292923781193e-06
348,17.400000000000002,-7.230096809585085e-06,-9.154376630122256e-06,1.924279820537171e-06,-2.3169577085906406e-05,1.593948027632132e-05,-2.3169577085906406e-05,1.593948027632132e-05
349,17.45,-1.0304198384103458e-05,-9.047406771129738e-06,-1.2567916129737203e-06,-2.3023329872870826e-05,1.2719131488767368e-05,-2.3023329872870826e-05,1.2719131488767368e-05
350,17.5,-2.653489422965727e-06,-8.374253629275625e-06,5.720764206309898e-06,-2.2290260014765813e-05,1.9636770591800086e-05,-2.2290260014765813e-05,1.9636770591800086e-05
351,17.55,-2.8492370869326322e-06,-8.266571120527939e-06,5.4173340335953065e-06,-2.2129601497500985e-05,1.9280364410568353e-05,-2.2129601497500985e-05,1.9280364410568353e-05
352,17.6,-5.387284570224082e-06,-8.14013872608433e-06,2.752854155860247e-06,-2.194916604163704e-05,1.6561881471412957e-05,-2.194916604163704e-05,1.6561881471412957e-05
353,17.650000000000002,-7.85739167652455e-06,-8.041511637704918e-06,1.8411996118036841e-07,-2.179571764420705e-05,1.3938325967682501e-05,-2.179571764420705e-05,1.3938325967682501e-05
354,17.7,-1.00974552591504e-05,-7.79864455972567e-06,-2.29881069942473e-06,-2.1497276852564875e-05,1.1399821593414474e-05,-2.1497276852564875e-05,1.1399821593414474e-05
355,17.75,-1.3273045589401455e-05,-9.029086748652645e-06,-4.24395884074881e-06,-2.2671449614965563e-05,9.398404025564107e-06,-2.2671449614965563e-05,9.398404025564107e-06
356,17.8,-2.1678447079787055e-05,-1.0721504060345734e-05,-1.0956943019441321e-05,-2.5173058972413417e-05,3.4946118926263613e-06,-2.5173058972413417e-05,3.4946118926263613e-06
357,17.85,-1.5954700565257163e-05,-1.102435631131562e-05,-4.930344253941543e-06,-2.5412367992177224e-05,9.457667426920061e-06,-2.5412367992177224e-05,9.457667426920061e-06
358,17.900000000000002,-3.33537496954861e-06,-1.106883765306445e-05,7.73346268351584e-06,-2.519310364841302e-05,2.185772867886441e-05,-2.519310364841302e-05,2.185772867886441e-05
359,17.95,-2.133245382229809e-06,-1.1342711344506208e-05,9.2094659622764e-06,-2.4452642772704473e-05,2.2319397390474664e-05,-2.4452642772704473e-05,2.2319397390474664e-05
360,18.0,-9.928510891654696e-06,-1.3055496711454873e-05,3.126985819800177e-06,-2.4763730096451476e-05,1.483521920479678e-05,-2.4763730096451476e-05,1.483521920479678e-05
361,18.05,-1.6873296870056897e-05,-1.2799804399838857e-05,-4.073492470218041e-06,-2.4470013101997793e-05,7.596716231940896e-06,-2.4470013101997793e-05,7.596716231940896e-06
362,18.1,-2.363666715043955e-05,-1.2623052792322101e-05,-1.1013614358117448e-05,-2.424650775191485e-05,6.098406014752988e-07,-2.424650775191485e-05,6.098406014752988e-07
363,18.150000000000002,-2.2813452201564388e-05,-1.233327622943154e-05,-1.0480175972132848e-05,-2.2448544392636963e-05,-3.649078089274249e-07,-2.2448544392636963e-05,-3.649078089274249e-07
364,18.2,-4.756484941359496e-06,-1.2243637064565996e-05,7.487152123206501e-06,-2.233049899969637e-05,1.7574014058336873e-05,-2.233049899969637e-05,1.7574014058336873e-05
365,18.25,-8.184144440703811e-06,-1.3982435704395617e-05,5.798291263691806e-06,-2.4039070773178386e-05,1.5854926332474575e-05,-2.4039070773178386e-05,1.5854926332474575e-05
366,18.3,-9.87665639728963e-06,-1.4071716347566734e-05,4.195059950277105e-06,-2.4046982747588934e-05,1.4170326350299305e-05,-2.4046982747588934e-05,1.4170326350299305e-05
367,18.35,-1.5361903617949757e-05,-1.3921208701147719e-05,-1.440694916802038e-06,-2.3862769453847836e-05,8.500865835898079e-06,-2.3862769453847836e-05,8.500865835898079e-06
368,18.400000000000002,-2.0861926009585474e-05,-1.3749367031222131e-05,-7.112558978363343e-06,-2.36543884039493e-05,2.7924623943638258e-06,-2.36543884039493e-05,2.7924623943638258e-06
369,18.45,-2.6995184300604436e-05,-1.5100528470335436e-05,-1.1894655830269e-05,-2.4696710618006657e-05,-2.2984736825977784e-06,-2.4696710618006657e-05,-2.2984736825977784e-06
370,18.5,-1.1338394552584674e-05,-1.3588728952710754e-05,2.2503344001260797e-06,-2.315194854779503e-05,1.1813553995210356e-05,-2.315194854779503e-05,1.1813553995210356e-05
371,18.55,-4.08102047466663e-06,-1.4320661340189833e-05,1.0239640865523203e-05,-2.3832086933799743e-05,1.9751066459133113e-05,-2.3832086933799743e-05,1.9751066459133113e-05
372,18.6,-1.0213153736615688e-05,-1.4157298385286054e-05,3.944144648670366e-06,-2.3621888051263625e-05,1.3408734314647938e-05,-2.3621888051263625e-05,1.3408734314647938e-05
373,18.650000000000002,-1.6310463124113994e-05,-1.4067704114444748e-05,-2.2427590096692465e-06,-2.348246913991684e-05,7.1720060158028445e-06,-2.348246913991684e-05,7.1720060158028445e-06
374,18.7,-2.041808449115834e-05,-1.2207957153828977e-05,-8.210127337329362e-06,-2.1570078438761957e-05,1.151993947603618e-06,-2.1570078438761957e-05,1.151993947603618e-06
375,18.75,-2.353025742041215e-05,-1.3843620197688e-05,-9.686637222724148e-06,-2.3067551118679835e-05,-4.627063017323139e-07,-2.3067551118679835e-05,-4.627063017323139e-07
376,18.8,-1.8739146613322433e-05,-1.3883394921744963e-05,-4.855751691577469e-06,-2.2283272807415187e-05,3.544126194092755e-06,-2.2283272807415187e-05,3.544126194092755e-06
377,18.85,-5.844559920475945e-07,-1.3767738563597843e-05,1.3183282571550249e-05,-2.212498913749908e-05,2.1540533145451486e-05,-2.212498913749908e-05,2.1540533145451486e-05
378,18.900000000000002,-4.371000580150053e-06,-1.1821533487861032e-05,7.450532907710979e-06,-2.0133873859103753e-05,1.57628732789537e-05,-2.0133873859103753e-05,1.57628732789537e-05
379,18.95,-1.219565814036816e-05,-1.3802704953055873e-05,1.6070468126877137e-06,-2.204088550223761e-05,9.845227361869452e-06,-2.204088550223761e-05,9.845227361869452e-06
380,19.0,-1.8118142974588025e-05,-1.3914211907133111e-05,-4.203931067454914e-06,-2.210016306676015e-05,3.9820200921721245e-06,-2.210016306676015e-05,3.9820200921721245e-06
381,19.05,-2.1693386062504594e-05,-1.1746152757882153e-05,-9.94723330462244e-06,-1.9879306317486154e-05,-1.8140797450184397e-06,-1.9879306317486154e-05,-1.8140797450184397e-06
382,19.1,-2.2024943140630526e-05,-1.164039397527285e-05,-1.0384549165357676e-05,-2.047214544569958e-05,-1.5527976949309477e-06,-2.047214544569958e-05,-1.5527976949309477e-06
383,19.150000000000002,-7.020755033892989e-06,-9.628939240314208e-06,2.608184206421219e-06,-1.7704771262615563e-05,1.0684016228722574e-05,-1.7704771262615563e-05,1.0684016228722574e-05
384,19.200000000000003,-2.862348462917552e-06,-9.392348252648269e-06,6.529999789730717e-06,-1.754980926768651e-05,1.468746080476896e-05,-1.754980926768651e-05,1.468746080476896e-05
385,19.25,2.888040615545151e-07,-8.780416402197552e-06,9.069220463752068e-06,-1.6988091518921897e-05,1.7276895580476412e-05,-1.6988091518921897e-05,1.7276895580476412e-05
386,19.3,-2.733044138114593e-06,-8.600363136177499e-06,5.867318998062906e-06,-1.6844528160637255e-05,1.4111484022522662e-05,-1.6844528160637255e-05,1.4111484022522662e-05
387,19.35,-5.675151754980234e-06,-8.4553345368583e-06,2.780182781878065e-06,-1.672374745492928e-05,1.1048595699949045e-05,-1.672374745492928e-05,1.1048595699949045e-05
388,19.400000000000002,-8.57959151712162e-06,-8.371066438131404e-06,-2.0852507899021658e-07,-1.6544346621046247e-05,7.964755103924626e-06,-1.6544346621046247e-05,7.964755103924626e-06
389,19.450000000000003,-1.3407680580224124e-05,-9.607093431818615e-06,-3.8005871484055086e-06,-1.7794302658185043e-05,4.386622077960919e-06,-1.7794302658185043e-05,4.386622077960919e-06
390,19.5,-1.4014431301112573e-05,-8.122063246292653e-06,-5.89236805481992e-06,-1.6320721725615482e-05,2.306290424502909e-06,-1.6320721725615482e-05,2.306290424502909e-06
391,19.55,-1.4361959776332256e-05,-8.012803322000993e-06,-6.349156454331263e-06,-1.6188079874888867e-05,1.8261200985566108e-06,-1.6188079874888867e-05,1.8261200985566108e-06
392,19.6,-4.322356823460716e-06,-7.883416460346063e-06,3.561059636885347e-06,-1.6066233635469883e-05,1.1743876812009167e-05,-1.6066233635469883e-05,1.1743876812009167e-05
393,19.650000000000002,-6.666950634448554e-06,-7.755022395973992e-06,1.0880717615254384e-06,-1.5943914838868437e-05,9.276964204419883e-06,-1.5943914838868437e-05,9.276964204419883e-06
394,19.700000000000003,-8.921021488861314e-06,-7.628682278464348e-06,-1.2923392103969654e-06,-1.58088487909752e-05,6.887827302113887e-06,-1.58088487909752e-05,6.887827302113887e-06
395,19.75,-7.751903007280347e-07,-7.495415321378621e-06,6.720225020650586e-06,-1.5679522930641674e-05,1.4904332629913639e-05,-1.5679522930641674e-05,1.4904332629913639e-05
396,19.8,-2.626413758477497e-06,-7.343208975134258e-06,4.7167952166567604e-06,-1.5528729339679716e-05,1.2902315581202219e-05,-1.5528729339679716e-05,1.2902315581202219e-05
397,19.85,-6.894509252730607e-06,-8.581063421032714e-06,1.6865541683021069e-06,-1.6767073782454962e-05,9.872564529724355e-06,-1.6767073782454962e-05,9.872564529724355e-06
398,19.900000000000002,-7.139994442573183e-06,-7.097139229762788e-06,-4.285521281039517e-08,-1.528308720740871e-05,8.143092764835526e-06,-1.528308720740871e-05,8.143092764835526e-06
399,19.950000000000003,-6.517054244925546e-06,-5.680272620735768e-06,-8.367816241897782e-07,-1.2940067592313709e-05,6.4230133473881626e-06,-1.2940067592313709e-05,6.4230133473881626e-06
400,20.0,-8.023725076800048e-06,-5.587107442969302e-06,-2.4366176338307458e-06,-1.2853192738515842e-05,4.829467661715794e-06,-1.2853192738515842e-05,4.829467661715794e-06
401,20.05,-9.458964728148445e-06,-5.4965906946567465e-06,-3.962374033491698e-06,-1.276846641185379e-05,3.309501683705346e-06,-1.276846641185379e-05,3.309501683705346e-06
402,20.1,-1.0829707622450613e-05,-5.407756500658349e-06,-5.421951121792264e-06,-1.2684944057622806e-05,1.855236435172193e-06,-1.2684944057622806e-05,1.855236435172193e-06
403,20.150000000000002,-5.762403487930001e-06,-5.320561606161184e-06,-4.4184188176881743e-07,-1.2602600625200153e-05,6.840197137270152e-06,-1.2602600625200153e-05,6.840197137270152e-06
404,20.200000000000003,-4.2633340283648735e-06,-5.2287078729028865e-06,9.65373844538013e-07,-1.2515153911973477e-05,8.251819883608604e-06,-1.2515153911973477e-05,8.251819883608604e-06
405,20.25,-5.477755651517313e-06,-5.148125643724997e-06,-3.296300077923158e-07,-1.2438548468046918e-05,6.9607928165296045e-06,-1.2438548468046918e-05,6.9607928165296045e-06
406,20.3,-8.485470817776175e-06,-6.428288600179391e-06,-2.0571822175967844e-06,-1.3722192997244144e-05,5.236722179467969e-06,-1.3722192997244144e-05,5.236722179467969e-06
407,20.35,-3.6734933872573095e-07,-4.9704614899478126e-06,4.603112151222082e-06,-1.2267452546507522e-05,1.1900103207781791e-05,-1.2267452546507522e-05,1.1900103207781791e-05
408,20.400000000000002,4.9233666810089e-07,-4.884446002611582e-06,5.376782670712472e-06,-1.2182684892215439e-05,1.2675021560316329e-05,-1.2182684892215439e-05,1.2675021560316329e-05
409,20.450000000000003,-1.2689213796379661e-06,-5.5373297163919265e-06,4.26840833675396e-06,-1.2742139739930977e-05,1.1473218360293011e-05,-1.2742139739930977e-05,1.1473218360293011e-05
410,20.5,-2.3399196475981654e-06,-5.914687590300816e-06,3.5747679427026503e-06,-1.2226564927314925e-05,9.88664527971676e-06,-1.2226564927314925e-05,9.88664527971676e-06
411,20.55,-5.811264695343432e-06,-7.405023793384095e-06,1.593759098040663e-06,-1.3083100242585256e-05,7.2718355472418235e-06,-1.3083100242585256e-05,7.2718355472418235e-06
412,20.6,-9.651072760852308e-06,-7.402325320802296e-06,-2.2487474400500125e-06,-1.2578023370462257e-05,2.9269506096099484e-06,-1.2578023370462257e-05,2.9269506096099484e-06
413,20.650000000000002,-1.9883183562163786e-05,-1.1211276159044886e-05,-8.6719074031189e-06,-1.6254972655078405e-05,-3.628210907085382e-06,-1.6254972655078405e-05,-3.628210907085382e-06
414,20.700000000000003,-2.564312535324742e-05,-1.3581154912005764e-05,-1.2061970441241657e-05,-1.90470069391953e-05,-6.596118414052119e-06,-1.90470069391953e-05,-6.596118414052119e-06
415,20.75,-1.3620076663278802e-05,-1.330386807440958e-05,-3.162085888692217e-07,-1.8822805321657857e-05,5.2027286583790555e-06,-1.8822805321657857e-05,5.2027286583790555e-06
416,20.8,-6.114943292168107e-06,-1.4426098886261542e-05,8.311155594093435e-06,-1.9991505882775068e-05,1.3876562590606961e-05,-1.9991505882775068e-05,1.3876562590606961e-05
417,20.85,-8.86555760681862e-06,-1.3535284117682707e-05,4.669726510864088e-06,-1.847449910043012e-05,9.6089414936115e-06,-1.847449910043012e-05,9.6089414936115e-06
418,20.900000000000002,-1.7778107791910358e-05,-1.3828171101620655e-05,-3.949936690289703e-06,-1.870804938483915e-05,9.299415929287906e-07,-1.870804938483915e-05,9.299415929287906e-07
419,20.950000000000003,-1.7745633889454382e-05,-1.3218560667575453e-05,-4.527073221878929e-06,-1.81511552722486e-05,4.0552138279421836e-07,-1.81511552722486e-05,4.0552138279421836e-07
420,21.0,-4.931648055817028e-06,-1.2960158596979052e-05,8.028510541162023e-06,-1.7939320188686615e-05,1.3007672132869587e-05,-1.7939320188686615e-05,1.3007672132869587e-05
421,21.05,-1.076174023173504e-05,-1.2806667774034932e-05,2.044927542299892e-06,-1.781443788511772e-05,7.052697653382682e-06,-1.781443788511772e-05,7.052697653382682e-06
422,21.1,-1.6739621898298473e-05,-1.2608621053917226e-05,-4.131000844381248e-06,-1.76520746048498e-05,9.124527065513273e-07,-1.76520746048498e-05,9.124527065513273e-07
423,21.150000000000002,-1.8397264299419014e-05,-1.1161105340392352e-05,-7.236158959026661e-06,-1.6925722313716707e-05,-1.4715419857023067e-06,-1.6925722313716707e-05,-1.4715419857023067e-06
424,21.200000000000003,-2.3282319525197437e-05,-1.2318744638405937e-05,-1.09635748867915e-05,-1.8111684791281355e-05,-5.170634733916082e-06,-1.8111684791281355e-05,-5.170634733916082e-06
425,21.25,-1.6752274826559166e-05,-1.073813646495802e-05,-6.014138361601146e-06,-1.65770312535909e-05,-1.7524357296826677e-07,-1.65770312535909e-05,-1.7524357296826677e-07
426,21.3,-2.1605150110071136e-06,-1.0531776956674392e-05,8.371261945667278e-06,-1.6412820143942368e-05,1.4252305132935254e-05,-1.6412820143942368e-05,1.4252305132935254e-05
427,21.35,-1.5028165381014702e-06,-1.0381888641039385e-05,8.879072102937915e-06,-1.6250805995948272e-05,1.4747989457846802e-05,-1.6250805995948272e-05,1.4747989457846802e-05
428,21.400000000000002,-4.5896971008208e-06,-1.0167880769690626e-05,5.5781836688698265e-06,-1.6074770491819088e-05,1.1485073390998288e-05,-1.6074770491819088e-05,1.1485073390998288e-05
429,21.450000000000003,-7.357097387084011e-06,-9.883823920558819e-06,2.526726533474808e-06,-1.6066101277789996e-05,8.709003890705985e-06,-1.6066101277789996e-05,8.709003890705985e-06
430,21.5,-1.1616727271346328e-05,-1.1033207494823343e-05,-5.835197765229846e-07,-1.7255135783209532e-05,5.638408511863205e-06,-1.7255135783209532e-05,5.638408511863205e-06
431,21.55,-1.1266966563061587e-05,-8.602058644463965e-06,-2.6649079185976222e-06,-1.4278070647071441e-05,3.0111040840098542e-06,-1.4278070647071441e-05,3.0111040840098542e-06
432,21.6,-1.3822228094428901e-05,-8.554915771198995e-06,-5.267312323229906e-06,-1.4261483723473521e-05,4.3925562904462006e-07,-1.4261483723473521e-05,4.3925562904462006e-07
433,21.650000000000002,-5.1404936219912045e-06,-8.379660672904152e-06,3.2391670509129473e-06,-1.4115701039702884e-05,8.97520741771168e-06,-1.4115701039702884e-05,8.97520741771168e-06
434,21.700000000000003,-4.019143846623052e-06,-8.058070343054096e-06,4.038926496431044e-06,-1.3819231943999784e-05,9.800088097376732e-06,-1.3819231943999784e-05,9.800088097376732e-06
435,21.75,-6.252717762667004e-06,-7.89693481399597e-06,1.6442170513289668e-06,-1.367950798111652e-05,7.426790218449517e-06,-1.367950798111652e-05,7.426790218449517e-06
436,21.8,-9.596709029668915e-06,-9.074657849776264e-06,-5.220511798926513e-07,-1.4877971010348431e-05,5.281261980679516e-06,-1.4877971010348431e-05,5.281261980679516e-06
437,21.85,-1.0564228843490397e-05,-7.91279668792185e-06,-2.6514321555685467e-06,-1.3536018753110229e-05,2.9717899096198314e-06,-1.3536018753110229e-05,2.9717899096198314e-06
438,21.900000000000002,-1.2200073876589279e-05,-7.690273710103064e-06,-4.509800166486215e-06,-1.3336168069709465e-05,1.136094193120186e-06,-1.3336168069709465e-05,1.136094193120186e-06
439,21.950000000000003,-1.4140274509744089e-05,-7.559004855532173e-06,-6.581269654211915e-06,-1.2911095345842521e-05,-1.2291791639015674e-06,-1.2911095345842521e-05,-1.2291791639015674e-06
440,22.0,-1.5909763011690004e-05,-7.413078949601403e-06,-8.496684062088602e-06,-1.2789773129197246e-05,-3.1199898824927573e-06,-1.2789773129197246e-05,-3.1199898824927573e-06
441,22.05,-1.1104785323068356e-05,-7.337218950753485e-06,-3.7675663723148707e-06,-1.2721006110302306e-05,1.6162207872339505e-06,-1.2721006110302306e-05,1.6162207872339505e-06
442,22.1,-2.520768031200049e-06,-8.605212128616572e-06,6.084444097416523e-06,-1.4013989233475743e-05,1.1493221202275694e-05,-1.4013989233475743e-05,1.1493221202275694e-05
443,22.150000000000002,1.7568737712414517e-06,-7.154264777345192e-06,8.911138548586644e-06,-1.2565078216999596e-05,1.4321951988241048e-05,-1.2565078216999596e-05,1.4321951988241048e-05
444,22.200000000000003,6.807027874700111e-08,-7.334452915625295e-06,7.402523194372296e-06,-1.276069923917858e-05,1.2828769517925582e-05,-1.276069923917858e-05,1.2828769517925582e-05
445,22.25,-1.8289156219486458e-06,-7.18346486310092e-06,5.354549241152274e-06,-1.2623111648344171e-05,1.0794196026395525e-05,-1.2623111648344171e-05,1.0794196026395525e-05
446,22.3,-4.711588397654509e-06,-8.232714712455428e-06,3.5211263148009184e-06,-1.2892220123146064e-05,8.180631725491555e-06,-1.2892220123146064e-05,8.180631725491555e-06
447,22.35,-7.864751055408625e-06,-9.339802771628086e-06,1.4750517162194606e-06,-1.4025840051453021e-05,6.161088996044396e-06,-1.4025840051453021e-05,6.161088996044396e-06
448,22.400000000000002,-8.058697830715111e-06,-7.884057934161757e-06,-1.7463989655335463e-07,-1.2595555811057646e-05,4.536857980342534e-06,-1.2595555811057646e-05,4.536857980342534e-06
449,22.450000000000003,-9.612424525573537e-06,-7.756338532091055e-06,-1.856085993482482e-06,-1.2492915632242232e-05,2.8804911066686947e-06,-1.2492915632242232e-05,2.8804911066686947e-06
450,22.5,-1.1034945374133187e-05,-7.606553216272739e-06,-3.4283921578604477e-06,-1.236779813885205e-05,1.3328527647188622e-06,-1.236779813885205e-05,1.3328527647188622e-06
451,22.55,-1.2372815677119675e-05,-7.472037577801109e-06,-4.900778099318566e-06,-1.2205954352287156e-05,-1.6686132483251897e-07,-1.2205954352287156e-05,-1.6686132483251897e-07
452,22.6,-9.560220098236982e-06,-8.59190261164773e-06,-9.683174865892527e-07,-1.3350660804472836e-05,3.790440706235854e-06,-1.3350660804472836e-05,3.790440706235854e-06
453,22.650000000000002,-4.198213443662446e-06,-8.61138005689285e-06,4.413166613230404e-06,-1.2909986526471028e-05,8.711773082808582e-06,-1.2909986526471028e-05,8.711773082808582e-06
454,22.700000000000003,-6.598544960434438e-06,-8.466394737424212e-06,1.8678497769897735e-06,-1.2775437501161525e-05,6.176892540727087e-06,-1.2775437501161525e-05,6.176892540727087e-06
455,22.75,-8.771867965551294e-06,-8.36180658330107e-06,-4.100613822502241e-07,-1.2631153865667831e-05,3.859285900116537e-06,-1.2631153865667831e-05,3.859285900116537e-06
456,22.8,-1.1953289102972775e-05,-8.826177317613366e-06,-3.1271117853594087e-06,-1.3153258104266913e-05,1.1999690012941382e-06,-1.3153258104266913e-05,1.1999690012941382e-06
457,22.85,-1.328901710384578e-05,-8.667855958649298e-06,-4.621161145196481e-06,-1.3006326327966238e-05,-2.826907758795412e-07,-1.3006326327966238e-05,-2.826907758795412e-07
458,22.900000000000002,-1.64794212050845e-05,-9.737820372995505e-06,-6.741600832088994e-06,-1.4078666951330221e-05,-2.4007542537542777e-06,-1.4078666951330221e-05,-2.4007542537542777e-06
459,22.950000000000003,-1.7098487680500263e-05,-8.396249414093186e-06,-8.702238266407076e-06,-1.2748246668737989e-05,-4.350241011762274e-06,-1.2748246668737989e-05,-4.350241011762274e-06
460,23.0,-7.334655187762884e-06,-8.22339566379999e-06,8.887404760371055e-07,-1.2586197446934175e-05,5.251542259171291e-06,-1.2586197446934175e-05,5.251542259171291e-06
461,23.05,-1.40565665129877e-06,-9.160329266742581e-06,7.754672615443811e-06,-1.3530198591451785e-05,1.2124541940153015e-05,-1.3530198591451785e-05,1.2124541940153015e-05
462,23.1,-2.137861566775534e-06,-7.885689272121894e-06,5.74782770534636e-06,-1.226545228015005e-05,1.0127590713374516e-05,-1.226545228015005e-05,1.0127590713374516e-05
463,23.150000000000002,-5.887589557884709e-06,-9.656419992573807e-06,3.768830434689098e-06,-1.3584541985412868e-05,7.696952427528159e-06,-1.3584541985412868e-05,7.696952427528159e-06
464,23.200000000000003,-6.349038301545207e-06,-8.261175529665368e-06,1.9121372281201616e-06,-1.2202048642545786e-05,5.853010341000579e-06,-1.2202048642545786e-05,5.853010341000579e-06
465,23.25,-7.98584415495629e-06,-8.102907934934212e-06,1.1706377997792253e-07,-1.2056553680182799e-05,4.070709525226509e-06,-1.2056553680182799e-05,4.070709525226509e-06
466,23.3,-7.93980582369791e-06,-8.133319923384035e-06,1.9351409968612584e-07,-1.208609880625061e-05,4.146292982552701e-06,-1.208609880625061e-05,4.146292982552701e-06
467,23.35,-1.0320997366641826e-05,-9.01024309167202e-06,-1.3107542749698071e-06,-1.2956722418162921e-05,2.635725051521095e-06,-1.2956722418162921e-05,2.635725051521095e-06
468,23.400000000000002,-1.1317636554597499e-05,-8.020170595749462e-06,-3.2974659588480364e-06,-1.2845004982665039e-05,1.52736842806754e-06,-1.2845004982665039e-05,1.52736842806754e-06
469,23.450000000000003,-9.93247687652854e-06,-9.133895167375152e-06,-7.985817091533874e-07,-1.3965627412002912e-05,4.033150535474372e-06,-1.3965627412002912e-05,4.033150535474372e-06
470,23.5,-3.320467470091515e-06,-7.817861290596084e-06,4.4973938205045694e-06,-1.2650401580295846e-05,9.329934110204331e-06,-1.2650401580295846e-05,9.329934110204331e-06
471,23.55,-4.4375019239151214e-06,-7.684618754886374e-06,3.247116830971253e-06,-1.2518341180673267e-05,8.080839256758145e-06,-1.2518341180673267e-05,8.080839256758145e-06
472,23.6,-5.928612719863224e-06,-7.914456113303594e-06,1.9858433934403698e-06,-1.2749975143909688e-05,6.821362424046464e-06,-1.2749975143909688e-05,6.821362424046464e-06
473,23.650000000000002,-6.7741372469232175e-06,-7.76458083849855e-06,9.904435915753329e-07,-1.2602129139920671e-05,5.827991892997454e-06,-1.2602129139920671e-05,5.827991892997454e-06
474,23.700000000000003,-7.785347557964784e-06,-8.627150219326772e-06,8.418026613619884e-07,-1.3467101992068904e-05,5.681754434104121e-06,-1.3467101992068904e-05,5.681754434104121e-06
475,23.75,-8.588474221582487e-06,-8.614106841123201e-06,2.5632619540713722e-08,-1.3465345006919144e-05,4.876870785336657e-06,-1.3465345006919144e-05,4.876870785336657e-06
476,23.8,-8.20749000796095e-06,-7.339986855590206e-06,-8.675031523707431e-07,-1.2194242137161332e-05,3.9867521292003826e-06,-1.2194242137161332e-05,3.9867521292003826e-06
477,23.85,-8.864563356802968e-06,-7.190724551744648e-06,-1.67383880505832e-06,-1.2048379802576058e-05,3.1838164457730897e-06,-1.2048379802576058e-05,3.1838164457730897e-06
478,23.900000000000002,-9.53200786402153e-06,-7.1231589582975765e-06,-2.4088489057239535e-06,-1.1984639124487772e-05,2.452631260466242e-06,-1.1984639124487772e-05,2.452631260466242e-06
479,23.950000000000003,-9.56591974998755e-06,-6.586412777033903e-06,-2.9795069729536476e-06,-1.1046729597388077e-05,1.4808098474005264e-06,-1.1046729597388077e-05,1.4808098474005264e-06
480,24.0,-1.1153481812575805e-05,-7.583113519937843e-06,-3.570368292637962e-06,-1.204525263180049e-05,8.917708192246846e-07,-1.204525263180049e-05,8.917708192246846e-07
481,24.05,-4.5416939982168e-06,-6.349805443510462e-06,1.8081114452936617e-06,-1.081446924154853e-05,6.272775243331729e-06,-1.081446924154853e-05,6.272775243331729e-06
482,24.1,-5.386470513402131e-06,-7.152258644200882e-06,1.7657881307987513e-06,-1.1615033749835019e-05,6.228563236432888e-06,-1.1615033749835019e-05,6.228563236432888e-06
483,24.150000000000002,-3.5852749522558014e-06,-5.258950486060526e-06,1.6736755338047243e-06,-9.557584548677253e-06,5.9723095964214515e-06,-9.557584548677253e-06,5.9723095964214515e-06
484,24.200000000000003,-3.987999998678049e-06,-5.155824664653123e-06,1.167824665975074e-06,-9.43869792627194e-06,5.45069792759389e-06,-9.43869792627194e-06,5.45069792759389e-06
485,24.25,-5.657486690235913e-06,-5.946252898597556e-06,2.887662083616423e-07,-1.0384336011731726e-05,4.726849321495813e-06,-1.0384336011731726e-05,4.726849321495813e-06
486,24.3,-6.7958845192395145e-06,-6.9480342860829045e-06,1.5214976684338996e-07,-1.1216514689634575e-05,4.42063017039506e-06,-1.1216514689634575e-05,4.42063017039506e-06
487,24.35,-5.00607896636307e-06,-4.875203186742859e-06,-1.308757796202113e-07,-9.137613202016536e-06,4.1315342356534655e-06,-9.137613202016536e-06,4.1315342356534655e-06
488,24.400000000000002,-5.303240947607257e-06,-4.795033860010102e-06,-5.082070875971553e-07,-9.044490428074989e-06,3.7412494804677314e-06,-9.044490428074989e-06,3.7412494804677314e-06
489,24.450000000000003,-9.185111839227211e-06,-7.478064312659282e-06,-1.7070475265679294e-06,-1.1453036568503874e-05,2.267924729276663e-06,-1.1453036568503874e-05,2.267924729276663e-06
490,24.5,-1.4347441251727489e-05,-1.0554063169520819e-05,-3.79337808220667e-06,-1.3403321903042293e-05,-9.441193486851957e-07,-1.3403321903042293e-05,-9.441193486851957e-07
491,24.55,-2.166754547816563e-05,-1.4526873123483837e-05,-7.140672354681792e-06,-1.6027691163968466e-05,-5.639854314197162e-06,-1.6027691163968466e-05,-5.639854314197162e-06
492,24.6,-1.03381095005739e-05,-1.609897683604094e-05,5.76086733546704e-06,-1.7590561436190516e-05,7.2524519356166165e-06,-1.7590561436190516e-05,7.2524519356166165e-06
493,24.650000000000002,-1.1125232056485856e-05,-1.3951291098871503e-05,2.8260590423856467e-06,-1.543031097372094e-05,4.305078917235082e-06,-1.543031097372094e-05,4.305078917235082e-06
494,24.700000000000003,-1.4291826029189103e-05,-1.369854546702985e-05,-5.932805621592535e-07,-1.5161977485008737e-05,8.701514558196335e-07,-1.5161977485008737e-05,8.701514558196335e-07
495,24.75,-1.7037789793450386e-05,-1.3422116593797918e-05,-3.6156731996524685e-06,-1.4869955035472512e-05,-2.1678347579778746e-06,-1.4869955035472512e-05,-2.1678347579778746e-06
496,24.8,-1.8341964923229703e-05,-1.396453958513162e-05,-4.377425338098083e-06,-1.539688084011729e-05,-2.945084083112414e-06,-1.539688084011729e-05,-2.945084083112414e-06
497,24.85,-8.02381654629869e-06,-1.2845371371295378e-05,4.821554824996688e-06,-1.4897160040127274e-05,6.873343493828584e-06,-1.4897160040127274e-05,6.873343493828584e-06
498,24.900000000000002,-1.0142265705281872e-05,-1.2587792906194665e-05,2.4455272009127925e-06,-1.4607697368412668e-05,4.465431663130796e-06,-1.4607697368412668e-05,4.465431663130796e-06
499,24.950000000000003,-1.3882809017595754e-05,-1.4222131491433204e-05,3.393224738374496e-07,-1.62079761667472e-05,2.3251671491514456e-06,-1.62079761667472e-05,2.3251671491514456e-06
500,25.0,-1.3712508341590102e-05,-1.2177398167448804e-05,-1.5351101741412976e-06,-1.4137882619801946e-05,4.2537427821184406e-07,-1.4137882619801946e-05,4.2537427821184406e-07
501,25.05,-1.6011622000600134e-05,-1.2668802162916284e-05,-3.3428198376838498e-06,-1.459984542311321e-05,-1.4117765774869243e-06,-1.459984542311321e-05,-1.4117765774869243e-06
502,25.1,-1.2732840150020408e-05,-1.1257080334124453e-05,-1.475759815895955e-06,-1.3501915689248054e-05,7.690755392276463e-07,-1.3501915689248054e-05,7.690755392276463e-07
503,25.150000000000002,-8.561401267370705e-06,-1.1005773443952938e-05,2.4443721765822324e-06,-1.321007263090172e-05,4.648671363531016e-06,-1.321007263090172e-05,4.648671363531016e-06
504,25.200000000000003,-1.0468343034975014e-05,-1.1500703030835989e-05,1.0323599958609746e-06,-1.3649329342449404e-05,3.1809863074743902e-06,-1.3649329342449404e-05,3.1809863074743902e-06
505,25.25,-1.1292164319720577e-05,-1.1511004600327732e-05,2.1884028060715483e-07,-1.3622700851478579e-05,2.3305365317580018e-06,-1.3622700851478579e-05,2.3305365317580018e-06
506,25.3,-1.1671808866964284e-05,-1.0681964243350072e-05,-9.898446236142116e-07,-1.2666746665274238e-05,9.949377983099544e-07,-1.2666746665274238e-05,9.949377983099544e-07
507,25.35,-1.4836849591137735e-05,-1.243747666538663e-05,-2.399372925751105e-06,-1.3956421450024808e-05,-8.804281411129268e-07,-1.3956421450024808e-05,-8.804281411129268e-07
508,25.400000000000002,-1.4759053484025841e-05,-1.1498895947033632e-05,-3.260157536992209e-06,-1.2997038903826486e-05,-1.7620145801993553e-06,-1.2997038903826486e-05,-1.7620145801993553e-06
509,25.450000000000003,-1.3648257264575747e-05,-1.1937009126133439e-05,-1.7112481384423085e-06,-1.3410290017062967e-05,-2.3796724751277974e-07,-1.3410290017062967e-05,-2.3796724751277974e-07
510,25.5,-1.0554452322564245e-05,-1.1032821930053756e-05,4.783696074895113e-07,-1.2483699166581837e-05,1.9292468440175922e-06,-1.2483699166581837e-05,1.9292468440175922e-06
511,25.55,-1.2028252555640329e-05,-1.1756378799043568e-05,-2.718737565967601e-07,-1.3122230130667754e-05,1.0939775750274258e-06,-1.3122230130667754e-05,1.0939775750274258e-06
512,25.6,-1.4306861244040014e-05,-1.309768477890745e-05,-1.209176465132564e-06,-1.4431969774098157e-05,1.25108530058143e-07,-1.4431969774098157e-05,1.25108530058143e-07
513,25.650000000000002,-1.181406317063427e-05,-1.12459858149257e-05,-5.6807735570857e-07,-1.2553699064198559e-05,7.396358935642884e-07,-1.2553699064198559e-05,7.396358935642884e-07
514,25.700000000000003,-1.055264772031883e-05,-1.1633229292922614e-05,1.0805815726037837e-06,-1.2910479725680789e-05,2.357832005361958e-06,-1.2910479725680789e-05,2.357832005361958e-06
515,25.75,-9.973991389911063e-06,-1.0765013748144803e-05,7.910223582337401e-07,-1.2016791078537793e-05,2.0427996886267297e-06,-1.2016791078537793e-05,2.0427996886267297e-06
516,25.8,-1.1387513205840527e-05,-1.1328112420545038e-05,-5.940078529548872e-08,-1.2386083387604667e-05,9.9857018176414e-07,-1.2386083387604667e-05,9.9857018176414e-07
517,25.85,-1.2806813018406693e-05,-1.1650234345702762e-05,-1.1565786727039308e-06,-1.2678773446337207e-05,-1.2803957206948578e-07,-1.2678773446337207e-05,-1.2803957206948578e-07
518,25.900000000000002,-1.2473755252151442e-05,-1.076053502402257e-05,-1.713220228128872e-06,-1.1764028427963462e-05,-7.097268241879795e-07,-1.1764028427963462e-05,-7.097268241879795e-07
519,25.950000000000003,-1.4255462395862395e-05,-1.1980645895660912e-05,-2.274816500201483e-06,-1.2956020403978052e-05,-1.2994419918843432e-06,-1.2956020403978052e-05,-1.2994419918843432e-06
520,26.0,-1.2285504909947953e-05,-1.0218386066367e-05,-2.0671188435809527e-06,-1.1170105053076867e-05,-1.115399856871086e-06,-1.1170105053076867e-05,-1.115399856871086e-06
521,26.05,-1.2038150368987033e-05,-1.1673266570596058e-05,-3.648837983909747e-07,-1.2310353627218727e-05,2.722032582316943e-07,-1.2310353627218727e-05,2.722032582316943e-07
522,26.1,-1.145704872618225e-05,-1.1571949053187016e-05,1.1490032700476496e-07,-1.2237331259997072e-05,7.802825338148212e-07,-1.2237331259997072e-05,7.802825338148212e-07
523,26.150000000000002,-1.208564666388412e-05,-1.1318579855711613e-05,-7.670668081725073e-07,-1.195276964466255e-05,-1.3287701922157005e-07,-1.195276964466255e-05,-1.3287701922157005e-07
524,26.200000000000003,-1.179292490816053e-05,-1.2590500815544248e-05,7.975759073837184e-07,-1.309414253526015e-05,1.3012176270996213e-06,-1.309414253526015e-05,1.3012176270996213e-06
525,26.25,-1.0225787739237546e-05,-1.1740100489459391e-05,1.5143127502218446e-06,-1.2229264646668059e-05,2.0034769074305127e-06,-1.2229264646668059e-05,2.0034769074305127e-06
526,26.3,-1.3987704630791242e-05,-1.4371327072895457e-05,3.836224421042146e-07,-1.4780982019405537e-05,7.932773886142948e-07,-1.4780982019405537e-05,7.932773886142948e-07
527,26.35,-1.2941424234580445e-05,-1.2677053700472187e-05,-2.64370534108258e-07,-1.305272576719801e-05,1.1130153261756425e-07,-1.305272576719801e-05,1.1130153261756425e-07
528,26.400000000000002,-1.5023767515831565e-05,-1.3927758246882685e-05,-1.0960092689488805e-06,-1.4285218125151687e-05,-7.385493906798782e-07,-1.4285218125151687e-05,-7.385493906798782e-07
529,26.450000000000003,-1.115191218648004e-05,-1.1961891602148338e-05,8.099794156682982e-07,-1.2306090577726133e-05,1.1541783912460935e-06,-1.2306090577726133e-05,1.1541783912460935e-06
530,26.5,-1.2545262111807176e-05,-1.2197833497139097e-05,-3.474286146680787e-07,-1.2510424709423462e-05,-3.483740238371441e-08,-1.2510424709423462e-05,-3.483740238371441e-08
531,26.55,-1.4076706908006109e-05,-1.2475825328885751e-05,-1.6008815791203579e-06,-1.3075246440548928e-05,-1.0014604674571813e-06,-1.3075246440548928e-05,-1.0014604674571813e-06
532,26.6,-1.1683387848848703e-05,-1.1803974652550194e-05,1.2058680370149135e-07,-1.2335367958435407e-05,6.519801095867037e-07,-1.2335367958435407e-05,6.519801095867037e-07
533,26.650000000000002,-1.1648749110637624e-05,-1.2003776076018886e-05,3.550269653812617e-07,-1.252639884279101e-05,8.776497321533861e-07,-1.252639884279101e-05,8.776497321533861e-07
534,26.700000000000003,-1.1681809692798417e-05,-1.1279967813153429e-05,-4.018418796449886e-07,-1.1774590108268148e-05,9.278041546973058e-08,-1.1774590108268148e-05,9.278041546973058e-08
535,26.75,-1.294023691955637e-05,-1.1622470070209887e-05,-1.317766849346482e-06,-1.1874074836334253e-05,-1.0661620832221164e-06,-1.1874074836334253e-05,-1.0661620832221164e-06
536,26.8,-1.239941838349079e-05,-1.1657162930876932e-05,-7.422554526138577e-07,-1.1893098751228938e-05,-5.063196322618524e-07,-1.1893098751228938e-05,-5.063196322618524e-07
537,26.85,-1.0776476544793745e-05,-1.1264475818542335e-05,4.879992737485904e-07,-1.1487603043102667e-05,7.111264983089223e-07,-1.1487603043102667e-05,7.111264983089223e-07
538,26.900000000000002,-1.0857165574695848e-05,-1.0484353568845378e-05,-3.728120058504705e-07,-1.0695159791053387e-05,-1.6200578364246158e-07,-1.0695159791053387e-05,-1.6200578364246158e-07
539,26.950000000000003,-1.189623196828915e-05,-1.054379435305619e-05,-1.3524376152329609e-06,-1.074054738278067e-05,-1.15568458550848e-06,-1.074054738278067e-05,-1.15568458550848e-06
540,27.0,-1.1742011658766316e-05,-9.855260892447087e-06,-1.8867507663192287e-06,-1.0040769986164467e-05,-1.7012416726018485e-06,-1.0040769986164467e-05,-1.7012416726018485e-06
541,27.05,-1.0287723488655587e-05,-1.0702787953730301e-05,4.1506446507471403e-07,-1.0875033041838498e-05,5.873095531829114e-07,-1.0875033041838498e-05,5.873095531829114e-07
542,27.1,-9.308412615038897e-06,-9.572457701381835e-06,2.64045086342938e-07,-9.73419603472366e-06,4.2578341968476293e-07,-9.73419603472366e-06,4.2578341968476293e-07
543,27.150000000000002,-9.209338621585239e-06,-8.909066269359357e-06,-3.002723522258825e-07,-9.060679226297639e-06,-1.4865939528760002e-07,-9.060679226297639e-06,-1.4865939528760002e-07
544,27.200000000000003,-1.0007602910033775e-05,-8.964391639064848e-06,-1.043211270968927e-06,-9.103907674258257e-06,-9.036952357755181e-07,-9.103907674258257e-06,-9.036952357755181e-07
545,27.25,-1.0275388023117671e-05,-8.66604611858608e-06,-1.6093419045315906e-06,-8.788546470279941e-06,-1.4868415528377298e-06,-8.788546470279941e-06,-1.4868415528377298e-06
546,27.3,-7.396077754018293e-06,-8.066061248004844e-06,6.699834939865508e-07,-8.180068223871039e-06,7.839904698527458e-07,-8.180068223871039e-06,7.839904698527458e-07
547,27.35,-7.46948446317397e-06,-8.12240743376213e-06,6.529229705881596e-07,-8.226019314112469e-06,7.565348509384992e-07,-8.226019314112469e-06,7.565348509384992e-07
548,27.400000000000002,-7.547307651845081e-06,-7.854562176285739e-06,3.072545244406581e-07,-7.949936853847637e-06,4.0262920200255636e-07,-7.949936853847637e-06,4.0262920200255636e-07
549,27.450000000000003,-7.398632379529424e-06,-7.306094627239204e-06,-9.253775229021986e-08,-7.393381417947827e-06,-5.250961581596607e-09,-7.393381417947827e-06,-5.250961581596607e-09
550,27.5,-8.680367630464758e-06,-8.468348445890359e-06,-2.1201918457439927e-07,-8.545657761424477e-06,-1.3470986904028136e-07,-8.545657761424477e-06,-1.3470986904028136e-07
551,27.55,-8.377226944911165e-06,-7.471665625541863e-06,-9.055613193693015e-07,-7.541443968995547e-06,-8.357829759156175e-07,-7.541443968995547e-06,-8.357829759156175e-07
552,27.6,-8.762135553674888e-06,-7.672142029289932e-06,-1.0899935243849557e-06,-7.73619234822699e-06,-1.025943205447898e-06,-7.73619234822699e-06,-1.025943205447898e-06
553,27.650000000000002,-7.308848123166456e-06,-8.26538181877746e-06,9.565336956110038e-07,-8.291362720387816e-06,9.8251459722136e-07,-8.291362720387816e-06,9.8251459722136e-07
554,27.700000000000003,-8.368897643773465e-06,-8.982639732453561e-06,6.137420886800962e-07,-9.003533070750888e-06,6.346354269774229e-07,-9.003533070750888e-06,6.346354269774229e-07
555,27.75,-9.247993022820644e-06,-8.426221521066629e-06,-8.217715017540154e-07,-8.441994100210037e-06,-8.059989226106071e-07,-8.441994100210037e-06,-8.059989226106071e-07
556,27.8,-1.003684084710521e-05,-8.926180278413399e-06,-1.110660568691812e-06,-8.926180278413399e-06,-1.110660568691812e-06,-8.926180278413399e-06,-1.110660568691812e-06
557,27.85,-8.534486936162544e-06,-8.58583406183157e-06,5.1347125669026e-08,-8.58583406183157e-06,5.1347125669026e-08,-8.58583406183157e-06,5.1347125669026e-08
558,27.900000000000002,-7.284367948279247e-06,-8.035788703373143e-06,7.514207550938963e-07,-8.035788703373143e-06,7.514207550938963e-07,-8.035788703373143e-06,7.514207550938963e-07
559,27.950000000000003,-8.452195943919882e-06,-9.336043734793448e-06,8.838477908735652e-07,-9.336043734793448e-06,8.838477908735652e-07,-9.336043734793448e-06,8.838477908735652e-07
560,28.0,-8.148140394514947e-06,-8.014836534108272e-06,-1.33303860406675e-07,-8.014836534108272e-06,-1.33303860406675e-07,-8.014836534108272e-06,-1.33303860406675e-07
561,28.05,-9.2279944919893e-06,-7.805683594595386e-06,-1.4223108973939135e-06,-7.805683594595386e-06,-1.4223108973939135e-06,-7.805683594595386e-06,-1.4223108973939135e-06
562,28.1,-9.090968735359084e-06,-7.453014664163481e-06,-1.637954071195603e-06,-7.453014664163481e-06,-1.637954071195603e-06,-7.453014664163481e-06,-1.637954071195603e-06
563,28.150000000000002,-7.16831890512637e-06,-7.194960744562584e-06,2.664183943621406e-08,-7.194960744562584e-06,2.664183943621406e-08,-7.194960744562584e-06,2.664183943621406e-08
564,28.200000000000003,-6.368997605199489e-06,-6.926760230218738e-06,5.577626250192491e-07,-6.926760230218738e-06,5.577626250192491e-07,-6.926760230218738e-06,5.577626250192491e-07
565,28.25,-6.771774651803675e-06,-6.499093913420926e-06,-2.7268073838274894e-07,-6.499093913420926e-06,-2.7268073838274894e-07,-6.499093913420926e-06,-2.7268073838274894e-07
566,28.3,-6.922061875247465e-06,-6.4368685317906845e-06,-4.851933434567804e-07,-6.4368685317906845e-06,-4.851933434567804e-07,-6.4368685317906845e-06,-4.851933434567804e-07
567,28.35,-4.320391478795926e-06,-6.202069768714895e-06,1.8816782899189685e-06,-6.202069768714895e-06,1.8816782899189685e-06,-6.202069768714895e-06,1.8816782899189685e-06
568,28.400000000000002,-4.471716649079305e-06,-6.592802119239042e-06,2.1210854701597376e-06,-6.592802119239042e-06,2.1210854701597376e-06,-6.592802119239042e-06,2.1210854701597376e-06
569,28.450000000000003,-4.672084866874648e-06,-5.540094906542379e-06,8.68010039667731e-07,-5.540094906542379e-06,8.68010039667731e-07,-5.540094906542379e-06,8.68010039667731e-07
570,28.5,-4.827135011598038e-06,-5.489928977008525e-06,6.627939654104864e-07,-5.489928977008525e-06,6.627939654104864e-07,-5.489928977008525e-06,6.627939654104864e-07
571,28.55,-5.112190287426266e-06,-5.315387979778444e-06,2.031976923521782e-07,-5.315387979778444e-06,2.031976923521782e-07,-5.315387979778444e-06,2.031976923521782e-07
572,28.6,-5.472705575715331e-06,-4.982549816685613e-06,-4.901557590297183e-07,-4.982549816685613e-06,-4.901557590297183e-07,-4.982549816685613e-06,-4.901557590297183e-07
573,28.650000000000002,-5.59195940308399e-06,-4.948884740344721e-06,-6.430746627392696e-07,-4.948884740344721e-06,-6.430746627392696e-07,-4.948884740344721e-06,-6.430746627392696e-07
574,28.700000000000003,-5.771660061659745e-06,-4.771959038094513e-06,-9.997010235652318e-07,-4.771959038094513e-06,-9.997010235652318e-07,-4.771959038094513e-06,-9.997010235652318e-07
575,28.75,-5.86749299047451e-06,-4.596188308177792e-06,-1.271304682296718e-06,-4.596188308177792e-06,-1.271304682296718e-06,-4.596188308177792e-06,-1.271304682296718e-06
576,28.8,-4.532589247818741e-06,-4.313195340909674e-06,-2.1939390690906762e-07,-4.313195340909674e-06,-2.1939390690906762e-07,-4.313195340909674e-06,-2.1939390690906762e-07
577,28.85,-4.327001772885808e-06,-4.518409391331819e-06,1.91407618446011e-07,-4.518409391331819e-06,1.91407618446011e-07,-4.518409391331819e-06,1.91407618446011e-07
578,28.900000000000002,-4.763898304283032e-06,-4.998971035804455e-06,2.3507273152142327e-07,-4.998971035804455e-06,2.3507273152142327e-07,-4.998971035804455e-06,2.3507273152142327e-07
579,28.950000000000003,-5.210258701815462e-06,-4.610755923099699e-06,-5.995027787157637e-07,-4.610755923099699e-06,-5.995027787157637e-07,-4.610755923099699e-06,-5.995027787157637e-07
580,29.0,-3.5511518399200526e-06,-4.438513430993237e-06,8.873615910731848e-07,-4.438513430993237e-06,8.873615910731848e-07,-4.438513430993237e-06,8.873615910731848e-07
581,29.05,-2.9488189786652796e-06,-4.187105901428283e-06,1.2382869227630033e-06,-4.187105901428283e-06,1.2382869227630033e-06,-4.187105901428283e-06,1.2382869227630033e-06
582,29.1,-3.017981962449845e-06,-4.100512553380023e-06,1.0825305909301781e-06,-4.100512553380023e-06,1.0825305909301781e-06,-4.100512553380023e-06,1.0825305909301781e-06
583,29.150000000000002,-3.177840302681645e-06,-3.946030091032659e-06,7.681897883510142e-07,-3.946030091032659e-06,7.681897883510142e-07,-3.946030091032659e-06,7.681897883510142e-07
584,29.200000000000003,-3.3626914859308243e-06,-3.8084247567805987e-06,4.457332708497744e-07,-3.8084247567805987e-06,4.457332708497744e-07,-3.8084247567805987e-06,4.457332708497744e-07
585,29.25,-3.5026629036094548e-06,-4.255528718003873e-06,7.528658143944182e-07,-4.255528718003873e-06,7.528658143944182e-07,-4.255528718003873e-06,7.528658143944182e-07
586,29.3,-3.7238412544660093e-06,-4.044370958163294e-06,3.2052970369728473e-07,-4.044370958163294e-06,3.2052970369728473e-07,-4.044370958163294e-06,3.2052970369728473e-07
587,29.35,-3.694205603310685e-06,-3.969866600520184e-06,2.756609972094988e-07,-3.969866600520184e-06,2.756609972094988e-07,-3.969866600520184e-06,2.756609972094988e-07
588,29.400000000000002,-5.066115422280859e-06,-5.2344319562611925e-06,1.6831653398033337e-07,-5.2344319562611925e-06,1.6831653398033337e-07,-5.2344319562611925e-06,1.6831653398033337e-07
589,29.450000000000003,-5.16822517426796e-06,-4.43431233304333e-06,-7.339128412246299e-07,-4.43431233304333e-06,-7.339128412246299e-07,-4.43431233304333e-06,-7.339128412246299e-07
590,29.5,-5.458260220692068e-06,-4.265743073161069e-06,-1.1925171475309995e-06,-4.265743073161069e-06,-1.1925171475309995e-06,-4.265743073161069e-06,-1.1925171475309995e-06
591,29.55,-5.719342559107332e-06,-4.103675923221065e-06,-1.6156666358862673e-06,-4.103675923221065e-06,-1.6156666358862673e-06,-4.103675923221065e-06,-1.6156666358862673e-06
592,29.6,-5.952442257872725e-06,-3.94774604450841e-06,-2.004696213364315e-06,-3.94774604450841e-06,-2.004696213364315e-06,-3.94774604450841e-06,-2.004696213364315e-06
593,29.650000000000002,-3.815110871219218e-06,-3.797624715803577e-06,-1.74861554156413e-08,-3.797624715803577e-06,-1.74861554156413e-08,-3.797624715803577e-06,-1.74861554156413e-08
594,29.700000000000003,-3.968688116029462e-06,-3.652841461210758e-06,-3.15846654818704e-07,-3.652841461210758e-06,-3.15846654818704e-07,-3.652841461210758e-06,-3.15846654818704e-07
595,29.75,-4.190020200023348e-06,-3.51324420543704e-06,-6.767759945863077e-07,-3.51324420543704e-06,-6.767759945863077e-07,-3.51324420543704e-06,-6.767759945863077e-07
596,29.8,-2.4788946624276775e-06,-3.378640444945542e-06,8.997457825178644e-07,-3.378640444945542e-06,8.997457825178644e-07,-3.378640444945542e-06,8.997457825178644e-07
597,29.85,-2.5278641111459166e-06,-3.2456825975602454e-06,7.178184864143288e-07,-3.2456825975602454e-06,7.178184864143288e-07,-3.2456825975602454e-06,7.178184864143288e-07
598,29.900000000000002,-2.577563172234676e-06,-3.1214921406205257e-06,5.439289683858498e-07,-3.1214921406205257e-06,5.439289683858498e-07,-3.1214921406205257e-06,5.439289683858498e-07
599,29.950000000000003,-2.4286049633559514e-06,-3.668796506615686e-06,1.2401915432597345e-06,-3.668796506615686e-06,1.2401915432597345e-06,-3.668796506615686e-06,1.2401915432597345e-06
