frame,time,delta_H,rhs_u_command,slack_u_command,rhs_u_saturated,slack_u_saturated,rhs_u_cvt,slack_u_cvt
0,0.0,-0.008637237012796062,-0.008234588774496707,-0.00040264823829935445,-0.008234588774496709,-0.0004026482382993527,-0.012406062935511879,0.003768825922715817
1,0.05,-0.009198397658753743,-0.00878733306453003,-0.0004110645942237128,-0.00878733306453003,-0.0004110645942237128,-0.013140091712971945,0.003941694054218202
2,0.1,-0.009758771092051699,-0.009336206222699789,-0.0004225648693519102,-0.009336206222699789,-0.0004225648693519102,-0.013872862543381652,0.004114091451329953
3,0.15000000000000002,-0.010315778192159009,-0.009882798809875271,-0.00043297938228373765,-0.009882798809875273,-0.0004329793822837359,-0.01458834606667877,0.004272567874519762
4,0.2,-0.01086851446252557,-0.010427492237698073,-0.00044102222482749615,-0.010427492237698073,-0.00044102222482749615,-0.015269378508369867,0.004400864045844298
5,0.25,-0.011417457199514258,-0.010969976969280147,-0.0004474802302341114,-0.010969976969280147,-0.0004474802302341114,-0.015935885890461413,0.004518428690947155
6,0.30000000000000004,-0.011958757859326319,-0.011506583770714679,-0.0004521740886116402,-0.011506583770714679,-0.0004521740886116402,-0.016605412515614027,0.004646654656287708
7,0.35000000000000003,-0.012487830794331911,-0.012031569068442317,-0.00045626172588959443,-0.012031569068442318,-0.0004562617258895927,-0.01716815655182031,0.0046803257574883975
8,0.4,-0.01300673750103365,-0.012547343944911298,-0.00045939355612235194,-0.0125473439449113,-0.0004593935561223502,-0.01775870876135576,0.004751971260322112
9,0.45,-0.013509988993988586,-0.013047055429258035,-0.00046293356473055096,-0.013047055429258035,-0.00046293356473055096,-0.018300995306313936,0.00479100631232535
10,0.5,-0.013998427912814915,-0.013531649393976171,-0.00046677851883874383,-0.013531649393976171,-0.00046677851883874383,-0.01879918420918505,0.0048007562963701365
11,0.55,-0.014469447967391802,-0.014000391557430745,-0.0004690564099610571,-0.014000391557430745,-0.0004690564099610571,-0.019225347190849902,0.0047558992234581
12,0.6000000000000001,-0.014925174566541521,-0.014452826490046186,-0.0004723480764953353,-0.014452826490046186,-0.0004723480764953353,-0.019634715452967376,0.0047095408864258545
13,0.65,-0.01536252396274973,-0.014889144770941767,-0.0004733791918079631,-0.014889144770941767,-0.0004733791918079631,-0.019978708565473843,0.0046161846027241125
14,0.7000000000000001,-0.015782537448182477,-0.015305361787234847,-0.0004771756609476298,-0.015305361787234847,-0.0004771756609476298,-0.02036357500656629,0.0045810375583838145
15,0.75,-0.016186353489443972,-0.015707040763324562,-0.0004793127261194102,-0.015707040763324562,-0.0004793127261194102,-0.020651505937168763,0.004465152447724791
16,0.8,-0.016573776805935636,-0.016094769344720383,-0.00047900746121525353,-0.016094769344720383,-0.00047900746121525353,-0.020940847099696736,0.0043670702937610995
17,0.8500000000000001,-0.016942063999535906,-0.016463438448171712,-0.00047862555136419377,-0.016463438448171712,-0.00047862555136419377,-0.021186839330635567,0.004244775331099661
18,0.9,-0.017291460400699843,-0.016812323282847007,-0.00047913711785283614,-0.016812323282847007,-0.00047913711785283614,-0.021376978039691796,0.004085517638991953
19,0.9500000000000001,-0.01762010996241592,-0.017146358470238626,-0.0004737514921772934,-0.017146358470238626,-0.0004737514921772934,-0.021540269836343242,0.003920159873927322
20,1.0,-0.017914117793533357,-0.017441873462996242,-0.0004722443305371152,-0.017441873462996242,-0.0004722443305371152,-0.02160578418477574,0.003691666391242382
21,1.05,-0.018106067273361504,-0.017639300646911788,-0.0004667666264497154,-0.017639300646911788,-0.0004667666264497154,-0.02160526439814101,0.003499197124779505
22,1.1,-0.018267073460997207,-0.017803980727057626,-0.000463092733939581,-0.017803980727057633,-0.00046309273393957406,-0.021606401586722862,0.0033393281257256546
23,1.1500000000000001,-0.018438382715291635,-0.017981541981677746,-0.0004568407336138884,-0.017981541981677746,-0.0004568407336138884,-0.021645514425259273,0.0032071317099676387
24,1.2000000000000002,-0.018511538231251845,-0.01806431292615867,-0.00044722530509317543,-0.01806431292615867,-0.00044722530509317543,-0.02157888909069953,0.0030673508594476866
25,1.25,-0.01858682379367682,-0.01814812006873993,-0.0004387037249368904,-0.01814812006873993,-0.0004387037249368904,-0.02135042527144402,0.0027636014777671983
26,1.3,-0.018657011703630877,-0.01822520425105112,-0.0004318074525797577,-0.01822520425105112,-0.0004318074525797577,-0.021123915914499917,0.00246690421086904
27,1.35,-0.018605749668914262,-0.018182711580081713,-0.00042303808883254954,-0.018182711580081713,-0.00042303808883254954,-0.02091465739500348,0.002308907726089219
28,1.4000000000000001,-0.01847198475491807,-0.018070594451159553,-0.00040139030375851634,-0.018070594451159553,-0.00040139030375851634,-0.0206492628661198,0.0021772781112017296
29,1.4500000000000002,-0.018303748737974357,-0.0179167166535032,-0.0003870320844711582,-0.0179167166535032,-0.0003870320844711582,-0.02030365066614915,0.0019999019281747923
30,1.5,-0.018129792553163382,-0.01775990394889085,-0.00036988860427253356,-0.01775990394889085,-0.00036988860427253356,-0.0199082725741487,0.0017784800209853166
31,1.55,-0.017929674110089056,-0.017567392478762857,-0.00036228163132619867,-0.017567392478762857,-0.00036228163132619867,-0.019516177370226057,0.0015865032601370017
32,1.6,-0.017719902824679723,-0.01737695182510763,-0.00034295099957209335,-0.01737695182510763,-0.00034295099957209335,-0.019131843780819693,0.0014119409561399697
33,1.6500000000000001,-0.01749079445401691,-0.017157202665251826,-0.00033359178876508563,-0.017157202665251826,-0.00033359178876508563,-0.018735247493253216,0.0012444530392363047
34,1.7000000000000002,-0.01725045149670379,-0.016926685554238687,-0.00032376594246510265,-0.016926685554238687,-0.00032376594246510265,-0.018258030591132724,0.001007579094428935
35,1.75,-0.01694680236088464,-0.016634407829964587,-0.00031239453092005154,-0.016645201437321,-0.00030160092356363785,-0.017742819650880558,0.0007960172899959192
36,1.8,-0.016355657045191485,-0.016073515744144277,-0.00028214130104720764,-0.01632962336769327,-2.6033677498215474e-05,-0.017145767511199905,0.0007901104660084195
37,1.85,-0.015882079024781004,-0.015619233290953301,-0.00026284573382770286,-0.016040770452565193,0.00015869142778418902,-0.016601470877994826,0.0007193918532138223
38,1.9000000000000001,-0.01548333909550359,-0.015241917009124558,-0.00024142208637903222,-0.01576562396757472,0.0002822848720711313,-0.016064132227979765,0.0005807931324761754
39,1.9500000000000002,-0.015047416916916023,-0.01481886352550836,-0.00022855339140766262,-0.015385733204540815,0.000338316287624792,-0.015473826675704749,0.0004264097587887254
40,2.0,-0.014505957837823602,-0.014268074228722859,-0.0002378836091007433,-0.014869789362675488,0.00036383152485188613,-0.014901445963695229,0.00039548812587162675
41,2.0500000000000003,-0.013971437621150606,-0.01374721492033305,-0.00022422270081755638,-0.014357779680238712,0.0003863420590881055,-0.014357779680238712,0.0003863420590881055
42,2.1,-0.013319863994722625,-0.013082249322442849,-0.00023761467227977583,-0.013679575063905405,0.0003597110691827797,-0.013679575063905405,0.0003597110691827797
43,2.15,-0.012842961994961488,-0.012613593061392602,-0.00022936893356888602,-0.013208216155716709,0.0003652541607552205,-0.013208216155716709,0.0003652541607552205
44,2.2,-0.012301962781587794,-0.01208205940173159,-0.00021990337985620424,-0.01266007123250661,0.0003581084509188155,-0.01266007123250661,0.0003581084509188155
45,2.25,-0.011773631634183213,-0.01159930662710104,-0.00017432500708217287,-0.012160296926735693,0.0003866652925524801,-0.012160296926735693,0.0003866652925524801
46,2.3000000000000003,-0.011380448727002612,-0.011225690327982651,-0.0001547583990199608,-0.011774734114180847,0.0003942853871782351,-0.011774734114180847,0.0003942853871782351
47,2.35,-0.010881595755569462,-0.010755681113745615,-0.00012591464182384708,-0.011277195124193848,0.0003955993686243862,-0.011277195124193848,0.0003955993686243862
48,2.4000000000000004,-0.010415741928782474,-0.010294195615040925,-0.00012154631374154852,-0.010774664132362945,0.0003589222035804713,-0.010774664132362945,0.0003589222035804713
49,2.45,-0.009249995613321405,-0.009176208870161358,-7.378674316004669e-05,-0.010251366650058314,0.0010013710367369096,-0.010251366650058314,0.0010013710367369096
50,2.5,-0.008432246815692546,-0.008313308677037537,-0.00011893813865500834,-0.009780391896177298,0.0013481450804847528,-0.009780391896177298,0.0013481450804847528
51,2.5500000000000003,-0.007902057597964252,-0.007716540621309985,-0.0001855169766542663,-0.009419624860136443,0.0015175672621721911,-0.009419624860136443,0.0015175672621721911
52,2.6,-0.007361594373724634,-0.007274658070519148,-8.693630320548602e-05,-0.00908492314689166,0.0017233287731670266,-0.00908492314689166,0.0017233287731670266
53,2.6500000000000004,-0.006958760905782069,-0.006898775208111284,-5.9985697670785106e-05,-0.008751541956018639,0.0017927810502365703,-0.008751541956018639,0.0017927810502365703
54,2.7,-0.0065795241766143375,-0.006474836964806853,-0.00010468721180748475,-0.008333730992203655,0.0017542068155893178,-0.008333730992203655,0.0017542068155893178
55,2.75,-0.006272956580621325,-0.006212521316161762,-6.043526445956293e-05,-0.008020220069487232,0.0017472634888659067,-0.008020220069487232,0.0017472634888659067
56,2.8000000000000003,-0.006033908084937201,-0.005970255357718049,-6.365272721915206e-05,-0.0077672623161721775,0.0017333542312349768,-0.0077672623161721775,0.0017333542312349768
57,2.85,-0.005827791667183835,-0.005743650625608832,-8.414104157500237e-05,-0.007481952577761552,0.0016541609105777174,-0.007481952577761552,0.0016541609105777174
58,2.9000000000000004,-0.0055569106051120976,-0.005461321522201488,-9.558908291060989e-05,-0.007153762641495636,0.0015968520363835387,-0.007153762641495636,0.0015968520363835387
59,2.95,-0.005145194504266759,-0.005101543776546903,-4.365072771985584e-05,-0.006674344081615012,0.001529149577348253,-0.006674344081615012,0.001529149577348253
60,3.0,-0.00482537866719579,-0.004784497311204063,-4.088135599172697e-05,-0.006383901847863055,0.001558523180667265,-0.006383901847863055,0.001558523180667265
61,3.0500000000000003,-0.0045354179318868315,-0.004473438213130489,-6.197971875634284e-05,-0.006139610878347209,0.001604192946460378,-0.006139610878347209,0.001604192946460378
62,3.1,-0.004225311501036777,-0.004194488060493421,-3.082344054335627e-05,-0.005848802466405068,0.0016234909653682914,-0.005848802466405068,0.0016234909653682914
63,3.1500000000000004,-0.004000322753656471,-0.003926744297830035,-7.357845582643598e-05,-0.005482584828912115,0.0014822620752556435,-0.005482584828912115,0.0014822620752556435
64,3.2,-0.003779111599870655,-0.00371161079279515,-6.75008070755048e-05,-0.005167759663303687,0.0013886480634330324,-0.005167759663303687,0.0013886480634330324
65,3.25,-0.0036140120383353347,-0.003543598506460349,-7.041353187498553e-05,-0.004983595224166754,0.0013695831858314194,-0.004983595224166754,0.0013695831858314194
66,3.3000000000000003,-0.003125364210377346,-0.003130081615421289,4.717405043942833e-06,-0.004755328035938227,0.0016299638255608808,-0.004755328035938227,0.0016299638255608808
67,3.35,-0.002929792185592195,-0.002858237642313195,-7.155454327900006e-05,-0.004655296818001458,0.001725504632409263,-0.004655296818001458,0.001725504632409263
68,3.4000000000000004,-0.002602060406332374,-0.002570467078334554,-3.1593327997819776e-05,-0.004429166652355078,0.0018271062460227042,-0.004429166652355078,0.0018271062460227042
69,3.45,-0.0024330707844191224,-0.002414696153853223,-1.837463056589923e-05,-0.004222889481700401,0.001789818697281279,-0.004222889481700401,0.001789818697281279
70,3.5,-0.002066644147009411,-0.0020099248685769375,-5.671927843247347e-05,-0.004138917294492632,0.0020722731474832213,-0.004138917294492632,0.0020722731474832213
71,3.5500000000000003,-0.0015103516327771294,-0.0015288430219921234,1.849138921499404e-05,-0.004007551170482186,0.002497199537705057,-0.004007551170482186,0.002497199537705057
72,3.6,-0.0012501839352003774,-0.0012380044821123063,-1.2179453088071151e-05,-0.0038823786676256016,0.0026321947324252242,-0.0038823786676256016,0.0026321947324252242
73,3.6500000000000004,-0.001076583422888966,-0.0010715378132186886,-5.045609670277333e-06,-0.0038343106831696568,0.002757727260280691,-0.0038343106831696568,0.002757727260280691
74,3.7,-0.0009500631915920765,-0.0009404758606563946,-9.587330935681882e-06,-0.0037282085757849347,0.002778145384192858,-0.0037282085757849347,0.002778145384192858
75,3.75,-0.0008500595264426813,-0.0008538398250929727,3.7802986502913404e-06,-0.003694741286931294,0.0028446817604886126,-0.003694741286931294,0.0028446817604886126
76,3.8000000000000003,-0.000794650253586715,-0.0007934091468391567,-1.2411067475582996e-06,-0.0036909870143520115,0.0028963367607652965,-0.0036909870143520115,0.0028963367607652965
77,3.85,-0.0007061844920287497,-0.0007043316041348293,-1.8528878939203831e-06,-0.0037000962538925137,0.002993911761863764,-0.0037000962538925137,0.002993911761863764
78,3.9000000000000004,-0.0006189051396333634,-0.0006400067235298629,2.110158389649955e-05,-0.003678853718953781,0.003059948579320418,-0.003678853718953781,0.003059948579320418
79,3.95,-0.0006148095217582972,-0.000607676751441847,-7.132770316450139e-06,-0.003666301923008711,0.003051492401250414,-0.003666301923008711,0.003051492401250414
80,4.0,-0.0006282646594449881,-0.0005777168148359196,-5.054784460906852e-05,-0.00364706173788901,0.003018797078444022,-0.00364706173788901,0.003018797078444022
81,4.05,-0.0004974373780780583,-0.00047204265582462924,-2.5394722253429083e-05,-0.0034837460490698235,0.002986308670991765,-0.0034837460490698235,0.002986308670991765
82,4.1000000000000005,-0.0004435789637791121,-0.0004567810805698884,1.3202116790776296e-05,-0.0034397772835054207,0.0029961983197263086,-0.0034397772835054207,0.0029961983197263086
83,4.15,-0.00043545247028342615,-0.00044868860248264384,1.3236132199217685e-05,-0.003430919585362358,0.002995467115078932,-0.003430919585362358,0.002995467115078932
84,4.2,-0.00045446831665874043,-0.00043257527138786323,-2.1893045270877205e-05,-0.0034064307088986,0.0029519623922398598,-0.0034064307088986,0.0029519623922398598
85,4.25,-0.00039556968102438805,-0.0004276592698115865,3.2089588787198424e-05,-0.003399879903662688,0.0030043102226382998,-0.003399879903662688,0.0030043102226382998
86,4.3,-0.0004514413413754248,-0.0004332135099039772,-1.8227831471447574e-05,-0.003424472861267535,0.0029730315198921104,-0.003424472861267535,0.0029730315198921104
87,4.3500000000000005,-0.0005206707620242224,-0.00042622888871087986,-9.44418733133425e-05,-0.0033621363074028245,0.002841465545378602,-0.0033621363074028245,0.002841465545378602
88,4.4,-0.0003999132858414356,-0.00041588266037492235,1.5969374533486753e-05,-0.0033722638722407904,0.0029723505863993548,-0.0033722638722407904,0.0029723505863993548
89,4.45,-0.00035319834434432984,-0.0004083467015039931,5.514835715966326e-05,-0.0033622931968293004,0.0030090948524849706,-0.0033622931968293004,0.0030090948524849706
90,4.5,-0.00042468914194859764,-0.0004132599777673667,-1.1429164181230923e-05,-0.0033847768638535776,0.00296008772190498,-0.0033847768638535776,0.00296008772190498
91,4.55,-0.0005103545085956007,-0.00040577628280257265,-0.00010457822579302807,-0.0033691890011988807,0.00285883449260328,-0.0033691890011988807,0.00285883449260328
92,4.6000000000000005,-0.00045194881297094813,-0.0004184169999079447,-3.353181306300343e-05,-0.003387857767361495,0.0029359089543905467,-0.003387857767361495,0.0029359089543905467
93,4.65,-0.0004090270224607062,-0.0004232000178701358,1.4172995409429592e-05,-0.00338597160019354,0.002976944577732834,-0.00338597160019354,0.002976944577732834
94,4.7,-0.00046068066640403416,-0.00043028907042579024,-3.0391595978243916e-05,-0.0033850549836035963,0.002924374317199562,-0.0033850549836035963,0.002924374317199562
95,4.75,-0.00045944858199542526,-0.00043640730376062043,-2.3041278234804837e-05,-0.0033812190796629346,0.0029217704976675094,-0.0033812190796629346,0.0029217704976675094
96,4.800000000000001,-0.0005133228883493768,-0.00044435026930605514,-6.897261904332164e-05,-0.0033925004703851476,0.002879177582035771,-0.0033925004703851476,0.002879177582035771
97,4.8500000000000005,-0.0004882545273112715,-0.00046385720573533613,-2.4397321575935372e-05,-0.003420451741109409,0.0029321972137981373,-0.003420451741109409,0.0029321972137981373
98,4.9,-0.0004967349287180456,-0.00046492483616849666,-3.1810092549548925e-05,-0.00342200358244953,0.0029252686537314843,-0.00342200358244953,0.0029252686537314843
99,4.95,-0.00038132076011332394,-0.0004794173863558667,9.809662624254273e-05,-0.0034226780740217156,0.0030413573139083916,-0.0034226780740217156,0.0030413573139083916
100,5.0,-0.0006469440298457751,-0.0005276691504724757,-0.00011927487937329949,-0.00346637274029013,0.002819428710444355,-0.00346637274029013,0.002819428710444355
101,5.050000000000001,-0.0004931435408227491,-0.0005466221790936582,5.347863827090903e-05,-0.003424087229329213,0.0029309436885064637,-0.003424087229329213,0.0029309436885064637
102,5.1000000000000005,-0.00047309492268976516,-0.0004650148141106938,-8.080108579071343e-06,-0.0034291942888412075,0.0029560993661514423,-0.0034291942888412075,0.0029560993661514423
103,5.15,-0.00036835773767218694,-0.0003906823052824876,2.2324567610300665e-05,-0.003426154387231977,0.00305779664955979,-0.003426154387231977,0.00305779664955979
104,5.2,-0.00029538870348622126,-0.0003268321285551519,3.144342506893066e-05,-0.0034036876343520183,0.003108298930865797,-0.0034036876343520183,0.003108298930865797
105,5.25,-0.0002943449931464004,-0.00029560349411110584,1.2585009647054493e-06,-0.003398217252583041,0.0031038722594366407,-0.003398217252583041,0.0031038722594366407
106,5.300000000000001,-0.0002923151910506627,-0.00028056251851497297,-1.1752672535689755e-05,-0.0033938908376037955,0.0031015756465531327,-0.0033938908376037955,0.0031015756465531327
107,5.3500000000000005,-0.0002507042465872411,-0.00026756267784486596,1.6858431257624846e-05,-0.0033716443414939443,0.003120940094906703,-0.0033716443414939443,0.003120940094906703
108,5.4,-0.00024232415086800074,-0.0002588253062305507,1.6501155362549957e-05,-0.003383696786327816,0.0031413726354598153,-0.003383696786327816,0.0031413726354598153
109,5.45,-0.0002445971693756377,-0.0002515080081373183,6.910838761680607e-06,-0.0033847210427535063,0.0031401238733778686,-0.0033847210427535063,0.0031401238733778686
110,5.5,-0.0014502973153109888,-0.0013548711133122234,-9.542620199876539e-05,-0.0033804018627597242,0.0019301045474487354,-0.0033804018627597242,0.0019301045474487354
111,5.550000000000001,-0.0013352151339379725,-0.001294781108803339,-4.043402513463352e-05,-0.0032898235277587632,0.0019546083938207907,-0.0032898235277587632,0.0019546083938207907
112,5.6000000000000005,-0.0012969671063034482,-0.0013025155826194305,5.548476315982284e-06,-0.003268215922747254,0.001971248816443806,-0.003268215922747254,0.001971248816443806
113,5.65,-0.0013464761330121977,-0.0012870568136147643,-5.941931939743342e-05,-0.0032117301639791305,0.0018652540309669328,-0.0032117301639791305,0.0018652540309669328
114,5.7,-0.0013271594810130294,-0.001277159975404264,-4.9999505608765366e-05,-0.0031166452917663957,0.0017894858107533663,-0.0031166452917663957,0.0017894858107533663
115,5.75,-0.0012313161130609318,-0.0012179521747080475,-1.3363938352884287e-05,-0.0029665618574790664,0.0017352457444181346,-0.0029665618574790664,0.0017352457444181346
116,5.800000000000001,-0.0012801812404578117,-0.0012057551113809474,-7.442612907686426e-05,-0.0029008448012194273,0.0016206635607616156,-0.0029008448012194273,0.0016206635607616156
117,5.8500000000000005,-0.0013178723138030923,-0.00123964427879957,-7.822803500352228e-05,-0.0028991218640382244,0.001581249550235132,-0.0028991218640382244,0.001581249550235132
118,5.9,-0.0012384610955457065,-0.0012182889703042563,-2.0172125241450182e-05,-0.0027870526510984754,0.001548591555552769,-0.0027870526510984754,0.001548591555552769
119,5.95,-0.0012546746088436533,-0.0012121349257283864,-4.25396831152669e-05,-0.0027544807393754013,0.001499806130531748,-0.0027544807393754013,0.001499806130531748
120,6.0,-0.0012928678284139794,-0.0012301720965139753,-6.269573190000413e-05,-0.0027411831243836088,0.0014483152959696294,-0.0027411831243836088,0.0014483152959696294
121,6.050000000000001,-0.0012497730137071006,-0.001227474477358254,-2.2298536348846652e-05,-0.0027202171121323547,0.001470444098425254,-0.0027202171121323547,0.001470444098425254
122,6.1000000000000005,-0.0012137115756203354,-0.001197765550377639,-1.594602524269636e-05,-0.0025859455377019074,0.001372233962081572,-0.0025859455377019074,0.001372233962081572
123,6.15,-0.0012490849789116298,-0.0011935548035756183,-5.5530175336011584e-05,-0.0025539680520206046,0.0013048830731089748,-0.0025539680520206046,0.0013048830731089748
124,6.2,-0.0011919982845395305,-0.001146237581282354,-4.576070325717639e-05,-0.0024524498405648853,0.0012604515560253548,-0.0024524498405648853,0.0012604515560253548
125,6.25,-0.0011167982142807897,-0.0011420018024384704,2.5203588157680663e-05,-0.002413798440306548,0.0012970002260257584,-0.002413798440306548,0.0012970002260257584
126,6.300000000000001,-0.0011571320474283997,-0.0011455792914876123,-1.1552755940787357e-05,-0.0023439546847024485,0.0011868226372740488,-0.0023439546847024485,0.0011868226372740488
127,6.3500000000000005,-0.0011454292170948177,-0.001141043769374625,-4.385447720192713e-06,-0.0022979991817196777,0.00115256996462486,-0.0022979991817196777,0.00115256996462486
128,6.4,-0.0011235190065931322,-0.00109326063221685,-3.0258374376282166e-05,-0.0022167966872147097,0.0010932776806215775,-0.0022167966872147097,0.0010932776806215775
129,6.45,-0.0011134720909995455,-0.001087751667602799,-2.5720423396746392e-05,-0.002189105282104465,0.0010756331911049195,-0.002189105282104465,0.0010756331911049195
130,6.5,-0.0011161116465957521,-0.0010830695653780576,-3.3042081217694516e-05,-0.0021202337568750635,0.0010041221102793114,-0.0021202337568750635,0.0010041221102793114
131,6.550000000000001,-0.0010765085034136757,-0.0010819665677755754,5.458064361899776e-06,-0.0020994724534740754,0.0010229639500603997,-0.0020994724534740754,0.0010229639500603997
132,6.6000000000000005,-0.001066423648529491,-0.0010747371946387256,8.313546109234684e-06,-0.002038487800716254,0.0009720641521867631,-0.002038487800716254,0.0009720641521867631
133,6.65,-0.0010723383682282872,-0.001064164064155533,-8.174304072754287e-06,-0.0019685199292895548,0.0008961815610612676,-0.0019685199292895548,0.0008961815610612676
134,6.7,-0.001081074885645461,-0.0010614068570634807,-1.9668028581980345e-05,-0.0019454842178370495,0.0008644093321915885,-0.0019454842178370495,0.0008644093321915885
135,6.75,-0.0010874334452850576,-0.001053333223047439,-3.4100222237618515e-05,-0.0019173343072580859,0.0008299008619730283,-0.0019173343072580859,0.0008299008619730283
136,6.800000000000001,-0.0011487992721923579,-0.0010390225421259061,-0.00010977673006645175,-0.001892185736252328,0.0007433864640599701,-0.001892185736252328,0.0007433864640599701
137,6.8500000000000005,-0.001058914749288875,-0.0010115042807539935,-4.741046853488158e-05,-0.0018073033826750216,0.0007483886333861465,-0.0018073033826750216,0.0007483886333861465
138,6.9,-0.0010058506025997227,-0.0010020483446258105,-3.802257973912213e-06,-0.0017895208577469865,0.0007836702551472638,-0.0017895208577469865,0.0007836702551472638
139,6.95,-0.0010204761475178792,-0.0009933217379330238,-2.7154409584855335e-05,-0.0017634929230196474,0.0007430167755017683,-0.0017634929230196474,0.0007430167755017683
140,7.0,-0.0009398848371048318,-0.0009820172418518057,4.213240474697385e-05,-0.0017338785649647498,0.000793993727859918,-0.0017338785649647498,0.000793993727859918
141,7.050000000000001,-0.0009581694637282867,-0.0009469783169614127,-1.1191146766873958e-05,-0.0016504646834022848,0.0006922952196739981,-0.0016504646834022848,0.0006922952196739981
142,7.1000000000000005,-0.0009851451115762133,-0.0009358464956206073,-4.929861595560599e-05,-0.0016186462531156743,0.000633501141539461,-0.0016186462531156743,0.000633501141539461
143,7.15,-0.0009350325883104027,-0.0009266543536242398,-8.378234686162939e-06,-0.0015946027455872554,0.0006595701572768527,-0.0015946027455872554,0.0006595701572768527
144,7.2,-0.0009681350779624509,-0.0009272918595069825,-4.0843218455468384e-05,-0.0015729613714981186,0.0006048262935356677,-0.0015729613714981186,0.0006048262935356677
145,7.25,-0.0009737510994665133,-0.0009074088315420114,-6.634226792450186e-05,-0.0014990098988733414,0.0005252587994068281,-0.0014990098988733414,0.0005252587994068281
146,7.300000000000001,-0.0008499060909237244,-0.0008705820461011455,2.0675955177421154e-05,-0.001455259595951225,0.0006053535050275006,-0.001455259595951225,0.0006053535050275006
147,7.3500000000000005,-0.0008708808253719003,-0.0008582960172401416,-1.2584808131758615e-05,-0.001424519689801472,0.0005536388644295717,-0.001424519689801472,0.0005536388644295717
148,7.4,-0.0008703021405991329,-0.0008455425423823038,-2.4759598216829112e-05,-0.0013983098084067854,0.0005280076678076525,-0.0013983098084067854,0.0005280076678076525
149,7.45,-0.0008249790677590241,-0.0008348863941598213,9.907326400797204e-06,-0.0013514337745553224,0.0005264547067962983,-0.0013514337745553224,0.0005264547067962983
150,7.5,-0.0007798873804192308,-0.0007969920959683398,1.7104715549108996e-05,-0.0013045068439714988,0.000524619463552268,-0.0013045068439714988,0.000524619463552268
151,7.550000000000001,-0.000801533971729107,-0.000783962196989321,-1.7571774739785968e-05,-0.0012750058552275143,0.0004734718834984073,-0.0012750058552275143,0.0004734718834984073
152,7.6000000000000005,-0.0007972214510845177,-0.0007508171282686309,-4.640432281588676e-05,-0.0012185224724009824,0.00042130102131646466,-0.0012185224724009824,0.00042130102131646466
153,7.65,-0.000798697502651935,-0.0007491245578215416,-4.95729448303934e-05,-0.001183817163033193,0.0003851196603812581,-0.001183817163033193,0.0003851196603812581
154,7.7,-0.0007251686400762125,-0.0007370367385350551,1.186809845884259e-05,-0.0011633204250124111,0.0004381517849361986,-0.0011633204250124111,0.0004381517849361986
155,7.75,-0.00073205784080832,-0.0007251445192692094,-6.913321539110651e-06,-0.0011417316780023203,0.00040967383719400026,-0.0011417316780023203,0.00040967383719400026
156,7.800000000000001,-0.0007202336153282474,-0.0007123361061937442,-7.897509134503202e-06,-0.0011193720331563487,0.0003991384178281014,-0.0011193720331563487,0.0003991384178281014
157,7.8500000000000005,-0.0006803903105130349,-0.0006715310421792651,-8.85926833376976e-06,-0.001040937039196911,0.00036054672868387604,-0.001040937039196911,0.00036054672868387604
158,7.9,-0.0007002959942268294,-0.0006609960833460491,-3.9299910880780326e-05,-0.001019840608643586,0.00031954461441675657,-0.001019840608643586,0.00031954461441675657
159,7.95,-0.0006655659537853076,-0.0006495617018632219,-1.600425192208564e-05,-0.001001555146605041,0.00033598919281973335,-0.001001555146605041,0.00033598919281973335
160,8.0,-0.0006388163365449451,-0.0006368460290065336,-1.970307538411522e-06,-0.0009814775734159418,0.00034266123687099674,-0.0009814775734159418,0.00034266123687099674
161,8.05,-0.0006153592875253189,-0.0006254232088344373,1.0063921309118448e-05,-0.0009634130527664907,0.00034805376524117183,-0.0009634130527664907,0.00034805376524117183
162,8.1,-0.0006023899550591238,-0.0005963368353984468,-6.053119660677096e-06,-0.0009088880642577005,0.0003064981091985766,-0.0009088880642577005,0.0003064981091985766
163,8.15,-0.0005921363788494727,-0.0005933087704760177,1.1723916265450173e-06,-0.0009014971808702174,0.0003093608020207447,-0.0009014971808702174,0.0003093608020207447
164,8.200000000000001,-0.0006003462157606609,-0.00058293203450322,-1.7414181257440907e-05,-0.0008683549290788625,0.0002680087133182015,-0.0008683549290788625,0.0002680087133182015
165,8.25,-0.0005901002324988358,-0.0005746709486067005,-1.542928389213535e-05,-0.0008545758628795466,0.00026447563038071076,-0.0008545758628795466,0.00026447563038071076
166,8.3,-0.0005723881167334355,-0.0005636511801453213,-8.736936588114213e-06,-0.0008378004541786426,0.0002654123374452071,-0.0008378004541786426,0.0002654123374452071
167,8.35,-0.0005456263334220335,-0.0005394608579142251,-6.1654755078084005e-06,-0.0007980990764670051,0.0002524727430449716,-0.0007980990764670051,0.0002524727430449716
168,8.4,-0.0005481252623453781,-0.0005302316154760693,-1.7893646869308714e-05,-0.0007837496756175499,0.00023562441327217183,-0.0007837496756175499,0.00023562441327217183
169,8.450000000000001,-0.0005270414837104109,-0.0005199871215604327,-7.054362149978236e-06,-0.0007685940423923651,0.00024155255868195413,-0.0007685940423923651,0.00024155255868195413
170,8.5,-0.0005206740751573236,-0.000517105593712595,-3.568481444728611e-06,-0.0007413675271284394,0.0002206934519711158,-0.0007413675271284394,0.0002206934519711158
171,8.55,-0.0004958493266655761,-0.000492817715063537,-3.031611602039106e-06,-0.0007005981217276506,0.00020474879506207448,-0.0007005981217276506,0.00020474879506207448
172,8.6,-0.00047880475897765784,-0.0004831889731332985,4.384214155640667e-06,-0.0006868543449437761,0.00020804958596611826,-0.0006868543449437761,0.00020804958596611826
173,8.65,-0.0004788084361448952,-0.0004688474983555331,-9.960937789362109e-06,-0.000668472899297895,0.00018966446315299976,-0.000668472899297895,0.00018966446315299976
174,8.700000000000001,-0.0004709351314033938,-0.00044630701033586905,-2.4628121067524775e-05,-0.000644417720343582,0.00017348258894018815,-0.000644417720343582,0.00017348258894018815
175,8.75,-0.00047351485647806335,-0.00043923225200501626,-3.428260447304709e-05,-0.0006348356513981146,0.00016132079492005129,-0.0006348356513981146,0.00016132079492005129
176,8.8,-0.0004405965338269979,-0.0004222862999092315,-1.8310233917766402e-05,-0.0006036479704157834,0.00016305143658878552,-0.0006036479704157834,0.00016305143658878552
177,8.85,-0.0004128589376877212,-0.0004136100351265867,7.510974388655225e-07,-0.0005924168120350822,0.000179557874347361,-0.0005924168120350822,0.000179557874347361
178,8.9,-0.00039423938223759336,-0.00040386546811190416,9.626085874310801e-06,-0.0005760250229568612,0.00018178564071926785,-0.0005760250229568612,0.00018178564071926785
179,8.950000000000001,-0.00039469329531227615,-0.00039628813790186317,1.5948425895870224e-06,-0.0005675110264401278,0.00017281773112785164,-0.0005675110264401278,0.00017281773112785164
180,9.0,-0.000407041787121587,-0.0003876811135055843,-1.9360673616002717e-05,-0.0005461117949846641,0.0001390700078630771,-0.0005461117949846641,0.0001390700078630771
181,9.05,-0.0003995965913810018,-0.0003801044772904003,-1.9492114090601464e-05,-0.0005357100066238571,0.00013611341524285528,-0.0005357100066238571,0.00013611341524285528
182,9.1,-0.00036935112890756905,-0.0003692602182977124,-9.0910609856624e-08,-0.0005253037548150094,0.00015595262590744035,-0.0005253037548150094,0.00015595262590744035
183,9.15,-0.0003590684788334908,-0.0003609491479370982,1.880669103607375e-06,-0.0005062541090990401,0.00014718563026554926,-0.0005062541090990401,0.00014718563026554926
184,9.200000000000001,-0.0003623415757481041,-0.0003545747306720066,-7.766845076097512e-06,-0.000497547900548743,0.00013520632480063888,-0.000497547900548743,0.00013520632480063888
185,9.25,-0.0003750493160139534,-0.0003484462183956144,-2.660309761833902e-05,-0.0004896598812756174,0.00011461056526166399,-0.0004896598812756174,0.00011461056526166399
186,9.3,-0.00036716627642041644,-0.0003429674993173421,-2.419877710307434e-05,-0.0004819069862843902,0.00011474070986397376,-0.0004819069862843902,0.00011474070986397376
187,9.35,-0.00032419979758047113,-0.0003353834360566221,1.1183638476150969e-05,-0.00047216249258845737,0.00014796269500798624,-0.00047216249258845737,0.00014796269500798624
188,9.4,-0.00030838645837905077,-0.0003303567495038792,2.197029112482841e-05,-0.0004654774514853779,0.00015709099310632713,-0.0004654774514853779,0.00015709099310632713
189,9.450000000000001,-0.00029932986281044904,-0.0003209703966833711,2.164053387292207e-05,-0.00045403785123039527,0.00015470798841994623,-0.00045403785123039527,0.00015470798841994623
190,9.5,-0.0003185603519442193,-0.0003162081022728264,-2.352249671392888e-06,-0.0004472603003506792,0.00012869994840645994,-0.0004472603003506792,0.00012869994840645994
191,9.55,-0.0003355310130312983,-0.00030844702572848526,-2.708398730281303e-05,-0.00043818944397779004,0.00010265843094649175,-0.00043818944397779004,0.00010265843094649175
192,9.600000000000001,-0.00030879315734821944,-0.00028651721210610684,-2.2275945242112595e-05,-0.00041544787383139916,0.00010665471648317972,-0.00041544787383139916,0.00010665471648317972
193,9.65,-0.00028913272584341065,-0.00028054141728930514,-8.59130855410551e-06,-0.00040857518298750075,0.00011944245714409009,-0.00040857518298750075,0.00011944245714409009
194,9.700000000000001,-0.0002750836277563007,-0.00026643822359042463,-8.645404165876056e-06,-0.0003944968126072869,0.0001194131848509862,-0.0003944968126072869,0.0001194131848509862
195,9.75,-0.0002814305056246802,-0.0002580022085830516,-2.342829704162858e-05,-0.00038468994380293426,0.00010325943817825407,-0.00038468994380293426,0.00010325943817825407
196,9.8,-0.00024546259439484075,-0.0002492718031626085,3.809208767767739e-06,-0.00037687411838371307,0.00013141152398887232,-0.00037687411838371307,0.00013141152398887232
197,9.850000000000001,-0.00023642449910177277,-0.0002483842954661931,1.1959796364420343e-05,-0.000376576421453554,0.00014015192235178125,-0.000376576421453554,0.00014015192235178125
198,9.9,-0.00022826701748357436,-0.00023821194178184888,9.944924298274513e-06,-0.000369606477230459,0.00014133945974688464,-0.000369606477230459,0.00014133945974688464
199,9.950000000000001,-0.00022097997790448964,-0.0002316077820121422,1.0627804107652566e-05,-0.00036257488841390625,0.0001415949105094166,-0.00036257488841390625,0.0001415949105094166
200,10.0,-0.00022202071157439995,-0.00021723672401688412,-4.783987557515837e-06,-0.00034423631185748584,0.0001222156002830859,-0.00034423631185748584,0.0001222156002830859
201,10.05,-0.0002218105047071539,-0.0002109012941530794,-1.0909210554074501e-05,-0.0003373403690333435,0.00011552986432618957,-0.0003373403690333435,0.00011552986432618957
202,10.100000000000001,-0.00020634232846816758,-0.000205337932372223,-1.0043960959445696e-06,-0.0003312591606127089,0.0001249168321445413,-0.0003312591606127089,0.0001249168321445413
203,10.15,-0.00020569089411948127,-0.00019866101326052488,-7.02988085895639e-06,-0.0003251472439792125,0.00011945634985973124,-0.0003251472439792125,0.00011945634985973124
204,10.200000000000001,-0.00020351696583187362,-0.00019124618485154526,-1.2270780980328357e-05,-0.0003173636349120394,0.0001138466690801658,-0.0003173636349120394,0.0001138466690801658
205,10.25,-0.00020100611794449108,-0.0001863034134689112,-1.4702704475579877e-05,-0.0003118805728989731,0.00011087445495448203,-0.0003118805728989731,0.00011087445495448203
206,10.3,-0.00021470761660591364,-0.00018195007928384656,-3.275753732206709e-05,-0.0003069250947887085,9.221747818279486e-05,-0.0003069250947887085,9.221747818279486e-05
207,10.350000000000001,-0.00017893407721514265,-0.00016697792935734044,-1.1956147857802206e-05,-0.0002878099825209423,0.00010887590530579965,-0.0002878099825209423,0.00010887590530579965
208,10.4,-0.0001596806813513041,-0.0001614683571819538,1.7876758306497188e-06,-0.00027931705973463527,0.00011963637838333118,-0.00027931705973463527,0.00011963637838333118
209,10.450000000000001,-0.0001619316744609911,-0.00015686556406376942,-5.066110397221687e-06,-0.000274440659347737,0.00011250898488674588,-0.000274440659347737,0.00011250898488674588
210,10.5,-0.00016475006076754894,-0.0001529631239882755,-1.1786936779273441e-05,-0.0002702739355258009,0.00010552387475825194,-0.0002702739355258009,0.00010552387475825194
211,10.55,-0.0001618790161068695,-0.00014337672534105232,-1.850229076581718e-05,-0.0002610660952174214,9.918707911055191e-05,-0.0002610660952174214,9.918707911055191e-05
212,10.600000000000001,-0.00013365500867745794,-0.00013851403577282116,4.859027095363214e-06,-0.00025617444798132057,0.00012251943930386263,-0.00025617444798132057,0.00012251943930386263
213,10.65,-0.00011948806896788788,-0.00013009912331678856,1.0611054348900675e-05,-0.00024368266920984745,0.00012419460024195957,-0.00024368266920984745,0.00012419460024195957
214,10.700000000000001,-0.00012928819455559903,-0.00013136980185707718,2.081607301478145e-06,-0.00023886984079259278,0.00010958164623699375,-0.00023886984079259278,0.00010958164623699375
215,10.75,-0.00013906729831858478,-0.000133740933430791,-5.326364887793777e-06,-0.0002403460572077519,0.00010127875888916711,-0.0002403460572077519,0.00010127875888916711
216,10.8,-0.00013159918584615404,-0.0001272392462761287,-4.359939570025356e-06,-0.0002280838653050117,9.648467945885765e-05,-0.0002280838653050117,9.648467945885765e-05
217,10.850000000000001,-0.0001168147779144757,-0.00012421051680479666,7.395738890320964e-06,-0.0002250181470505717,0.000108203369136096,-0.0002250181470505717,0.000108203369136096
218,10.9,-0.00011267993260322129,-0.00011666320752790226,3.983274924680968e-06,-0.00021352495512597127,0.00010084502252274998,-0.00021352495512597127,0.00010084502252274998
219,10.950000000000001,-0.0001169085796464131,-0.00011685675653703357,-5.182310937952746e-08,-0.00021477880725408966,9.787022760767656e-05,-0.00021477880725408966,9.787022760767656e-05
220,11.0,-0.00011114268613754419,-0.00011295164893227171,1.8089627947275228e-06,-0.00021283582002431728,0.00010169313388677309,-0.00021283582002431728,0.00010169313388677309
221,11.05,-8.58265939154279e-05,-9.854372445418933e-05,1.2717130538761421e-05,-0.00020253630103226591,0.00011670970711683801,-0.00020253630103226591,0.00011670970711683801
222,11.100000000000001,-9.369912982748474e-05,-9.672583720283678e-05,3.026707375352041e-06,-0.00020061569036310475,0.00010691656053562001,-0.00020061569036310475,0.00010691656053562001
223,11.15,-8.212105587501739e-05,-8.963642427507898e-05,7.515368400061594e-06,-0.0001835187724837791,0.0001013977166087617,-0.0001835187724837791,0.0001013977166087617
224,11.200000000000001,-7.638261216569298e-05,-8.724113004799669e-05,1.0858517882303715e-05,-0.00018122874946248507,0.00010484613729679209,-0.00018122874946248507,0.00010484613729679209
225,11.25,-8.371592695843866e-05,-8.526465556317182e-05,1.5487286047331664e-06,-0.0001792997232127314,9.558379625429275e-05,-0.0001792997232127314,9.558379625429275e-05
226,11.3,-6.691270800396332e-05,-8.088072573769848e-05,1.396801773373516e-05,-0.00017620674530431475,0.00010929403730035143,-0.00017620674530431475,0.00010929403730035143
227,11.350000000000001,-6.893971445554037e-05,-8.065554368892327e-05,1.1715829233382907e-05,-0.00017609567794636257,0.0001071559634908222,-0.00017609567794636257,0.0001071559634908222
228,11.4,-7.377928551544066e-05,-7.889300755100936e-05,5.113722035568694e-06,-0.00016817379958670544,9.439451407126478e-05,-0.00016817379958670544,9.439451407126478e-05
229,11.450000000000001,-7.304177927980327e-05,-7.319105087444539e-05,1.4927159464212263e-07,-0.00015702559390584248,8.398381462603922e-05,-0.00015702559390584248,8.398381462603922e-05
230,11.5,-7.942377931779987e-05,-7.145776169119051e-05,-7.966017626609358e-06,-0.00015542903637790978,7.600525706010991e-05,-0.00015542903637790978,7.600525706010991e-05
231,11.55,-7.246278463224343e-05,-7.03657482236125e-05,-2.097036408630929e-06,-0.00014878542517343885,7.632264054119542e-05,-0.00014878542517343885,7.632264054119542e-05
232,11.600000000000001,-6.225459426678626e-05,-6.905893293579658e-05,6.804338669010328e-06,-0.00014759442115903999,8.533982689225373e-05,-0.00014759442115903999,8.533982689225373e-05
233,11.65,-6.963226798140099e-05,-6.9057458961693e-05,-5.748090197079813e-07,-0.0001502334073947995,8.060113941339852e-05,-0.0001502334073947995,8.060113941339852e-05
234,11.700000000000001,-7.248008996563193e-05,-6.587025721382034e-05,-6.60983275181159e-06,-0.00014312501900338347,7.064492903775154e-05,-0.00014312501900338347,7.064492903775154e-05
235,11.75,-8.07705477918752e-05,-6.645233018900292e-05,-1.431821760287228e-05,-0.00014513055434538913,6.436000655351393e-05,-0.00014513055434538913,6.436000655351393e-05
236,11.8,-8.826283313445593e-05,-6.711834011166438e-05,-2.114449302279155e-05,-0.00014670663143780864,5.844379830335271e-05,-0.00014670663143780864,5.844379830335271e-05
237,11.850000000000001,-6.771744825639914e-05,-6.604754347782527e-05,-1.6699047785738674e-06,-0.0001458652238395617,7.814777558316256e-05,-0.0001458652238395617,7.814777558316256e-05
238,11.9,-7.191867273914632e-05,-6.382698777137245e-05,-8.091684967773867e-06,-0.00013996559271362976,6.804691997448344e-05,-0.00013996559271362976,6.804691997448344e-05
239,11.950000000000001,-7.221690090131183e-05,-6.22754607750296e-05,-9.941440126282227e-06,-0.00013862184147386125,6.640494057254942e-05,-0.00013862184147386125,6.640494057254942e-05
240,12.0,-6.248274882914018e-05,-6.092118020865239e-05,-1.5615686204877865e-06,-0.00013749199820699,7.500924937784982e-05,-0.00013749199820699,7.500924937784982e-05
241,12.05,-6.633472843775579e-05,-5.950085142291684e-05,-6.833877014838946e-06,-0.0001362031379909272,6.986840955317141e-05,-0.0001362031379909272,6.986840955317141e-05
242,12.100000000000001,-5.2902731987769513e-05,-5.805745837040399e-05,5.1547263826344736e-06,-0.00013496905694965826,8.206632496188875e-05,-0.00013496905694965826,8.206632496188875e-05
243,12.15,-4.8998031432212485e-05,-5.710735551679152e-05,8.109324084579038e-06,-0.0001345395772264147,8.554154579420222e-05,-0.0001345395772264147,8.554154579420222e-05
244,12.200000000000001,-5.824038841040213e-05,-5.562941034843426e-05,-2.6109780619678724e-06,-0.00013327593011767206,7.503554170726993e-05,-0.00013327593011767206,7.503554170726993e-05
245,12.25,-6.06144173600498e-05,-5.4306253339473035e-05,-6.308164020576765e-06,-0.0001321684506789782,7.155403331892841e-05,-0.0001321684506789782,7.155403331892841e-05
246,12.3,-6.091512793204856e-05,-5.3126781830966246e-05,-7.788346101082317e-06,-0.00013083142417744895,6.991629624540039e-05,-0.00013083142417744895,6.991629624540039e-05
247,12.350000000000001,-5.085813979865961e-05,-5.183095706773795e-05,9.728172690783439e-07,-0.00012972499039691873,7.886685059825912e-05,-0.00012972499039691873,7.886685059825912e-05
248,12.4,-3.718937001839784e-05,-5.015486686170727e-05,1.296549684330943e-05,-0.00012823951893252536,9.105014891412752e-05,-0.00012823951893252536,9.105014891412752e-05
249,12.450000000000001,-4.347908421453717e-05,-4.915442822383019e-05,5.6753440092930255e-06,-0.00012743522234175342,8.395613812721626e-05,-0.00012743522234175342,8.395613812721626e-05
250,12.5,-5.178237224257032e-05,-5.274051823515872e-05,9.581459925884e-07,-0.00013186372280507704,8.008135056250673e-05,-0.00013186372280507704,8.008135056250673e-05
251,12.55,-6.0838914632155294e-05,-5.1419475790296346e-05,-9.419438841858949e-06,-0.00013087385826351749,7.003494363136219e-05,-0.00013087385826351749,7.003494363136219e-05
252,12.600000000000001,-6.942413128308011e-05,-5.014314873956272e-05,-1.9280982543517398e-05,-0.00012980176723832433,6.037763595524422e-05,-0.00012980176723832433,6.037763595524422e-05
253,12.65,-5.2490741477173586e-05,-4.92158892375432e-05,-3.2748522396303846e-06,-0.00012990550567766867,7.741476420049508e-05,-0.00012990550567766867,7.741476420049508e-05
254,12.700000000000001,-3.732523562338663e-05,-4.902771718750296e-05,1.1702481564116326e-05,-0.00012719275556574957,8.986751994236294e-05,-0.00012719275556574957,8.986751994236294e-05
255,12.75,-4.320189822504261e-05,-4.689375175236366e-05,3.691853527321048e-06,-0.00012794007991914782,8.473818169410521e-05,-0.00012794007991914782,8.473818169410521e-05
256,12.8,-5.0038911719063606e-05,-4.5792941055789505e-05,-4.2459706632741e-06,-0.00012704998019085647,7.701106847179286e-05,-0.00012704998019085647,7.701106847179286e-05
257,12.850000000000001,-5.936012877438834e-05,-4.699263751102521e-05,-1.2367491263363131e-05,-0.0001256620607157499,6.630193194136157e-05,-0.0001256620607157499,6.630193194136157e-05
258,12.9,-5.6000262502964304e-05,-4.4651424433117636e-05,-1.1348838069846668e-05,-0.00012625187648089334,7.025161397792903e-05,-0.00012625187648089334,7.025161397792903e-05
259,12.950000000000001,-4.335833005697509e-05,-4.360724742872745e-05,2.489173717523557e-07,-0.00012458443067226186,8.122610061528677e-05,-0.00012458443067226186,8.122610061528677e-05
260,13.0,-3.999474051274987e-05,-4.149958826299871e-05,1.5048477502488364e-06,-0.0001254036238833507,8.540888337060082e-05,-0.0001254036238833507,8.540888337060082e-05
261,13.05,-4.519354676135734e-05,-4.502420968379869e-05,-1.6933707755864612e-07,-0.00012544343082117928,8.024988405982194e-05,-0.00012544343082117928,8.024988405982194e-05
262,13.100000000000001,-4.3081308989112443e-05,-4.3111247828334454e-05,2.993883922201103e-08,-0.00012648070615061682,8.339939716150437e-05,-0.00012648070615061682,8.339939716150437e-05
263,13.15,-4.178348619898742e-05,-4.3265906382339124e-05,1.4824201833517055e-06,-0.00012403511549912577,8.225162930013835e-05,-0.00012403511549912577,8.225162930013835e-05
264,13.200000000000001,-2.6617284081043024e-05,-4.233962845411804e-05,1.5722344373075015e-05,-0.00012325210686767404,9.663482278663102e-05,-0.00012325210686767404,9.663482278663102e-05
265,13.25,-3.3134225285502694e-05,-4.2349467658124754e-05,9.21524237262206e-06,-0.00012458165466567992,9.144742938017723e-05,-0.00012458165466567992,9.144742938017723e-05
266,13.3,-4.191412018861307e-05,-4.632540762764165e-05,4.411287439028582e-06,-0.0001255088148112634,8.359469462265032e-05,-0.0001255088148112634,8.359469462265032e-05
267,13.350000000000001,-4.412715195312167e-05,-4.338331402114817e-05,-7.438379319734984e-07,-0.00012274592868448503,7.861877673136336e-05,-0.00012274592868448503,7.861877673136336e-05
268,13.4,-3.444782560313442e-05,-3.9710793552534486e-05,5.262967949400067e-06,-0.00011929863738870208,8.485081178556766e-05,-0.00011929863738870208,8.485081178556766e-05
269,13.450000000000001,-3.274527747909595e-05,-4.1775726465890955e-05,9.030448986795009e-06,-0.00011864437050255162,8.589909302345568e-05,-0.00011864437050255162,8.589909302345568e-05
270,13.5,-3.5560503140130706e-05,-3.941771313016345e-05,3.857209990032741e-06,-0.00011876176992845894,8.320126678832824e-05,-0.00011876176992845894,8.320126678832824e-05
271,13.55,-3.694868937276219e-05,-3.391963424365904e-05,-3.029055129103147e-06,-0.00011627543433368089,7.93267449609187e-05,-0.00011627543433368089,7.93267449609187e-05
272,13.600000000000001,-3.351390072237059e-05,-3.513369463987132e-05,1.6197939175007235e-06,-0.0001147008718442506,8.118697112188e-05,-0.0001147008718442506,8.118697112188e-05
273,13.65,-3.7630687744982794e-05,-3.3077920876487805e-05,-4.552766868494989e-06,-0.00011281182578142696,7.518113803644417e-05,-0.00011281182578142696,7.518113803644417e-05
274,13.700000000000001,-2.728891973635683e-05,-3.4037682886288674e-05,6.748763149931843e-06,-0.00011391804516040341,8.662912542404658e-05,-0.00011391804516040341,8.662912542404658e-05
275,13.75,-3.1448209228734925e-05,-3.239184804246715e-05,9.436388137322259e-07,-0.0001124508321335463,8.100262290481137e-05,-0.0001124508321335463,8.100262290481137e-05
276,13.8,-3.822799878161476e-05,-3.4359098423902845e-05,-3.868900357711913e-06,-0.00011317543338316398,7.494743460154922e-05,-0.00011317543338316398,7.494743460154922e-05
277,13.850000000000001,-4.52653625695465e-05,-3.432943826510996e-05,-1.0935924304436534e-05,-0.0001133163078407952,6.80509452712487e-05,-0.0001133163078407952,6.80509452712487e-05
278,13.9,-3.9118548055272484e-05,-3.209443798724671e-05,-7.024110068025772e-06,-0.00011422487498395596,7.510632692868347e-05,-0.00011422487498395596,7.510632692868347e-05
279,13.950000000000001,-3.8250549713625404e-05,-3.178030967025403e-05,-6.470240043371374e-06,-0.00011130635883735072,7.305580912372532e-05,-0.00011130635883735072,7.305580912372532e-05
280,14.0,-3.4192478715278085e-05,-3.1870303716828784e-05,-2.3221749984493007e-06,-0.00011326208020871315,7.906960149343507e-05,-0.00011326208020871315,7.906960149343507e-05
281,14.05,-2.193343145573401e-05,-2.88307287125076e-05,6.89729725677359e-06,-0.00011236627722854657,9.043284577281256e-05,-0.00011236627722854657,9.043284577281256e-05
282,14.100000000000001,-2.8382813752836356e-05,-2.888769930122428e-05,5.048855483879255e-07,-0.00011085193375452781,8.246912000169146e-05,-0.00011085193375452781,8.246912000169146e-05
283,14.15,-3.168210654980186e-05,-2.7140046123402814e-05,-4.542060426399044e-06,-0.00011139707739650352,7.971497084670166e-05,-0.00011139707739650352,7.971497084670166e-05
284,14.200000000000001,-3.584744444040666e-05,-2.6443583646202803e-05,-9.403860794203859e-06,-0.00011134602948085449,7.549858504044782e-05,-0.00011134602948085449,7.549858504044782e-05
285,14.25,-3.308468944918097e-05,-2.5787333099767416e-05,-7.297356349413554e-06,-0.00011420230467521163,8.111761522603066e-05,-0.00011420230467521163,8.111761522603066e-05
286,14.3,-2.0171876328856087e-05,-2.338008356222892e-05,3.2082072333728338e-06,-0.00011241846166951188,9.22465853406558e-05,-0.00011241846166951188,9.22465853406558e-05
287,14.350000000000001,-1.9066482801255447e-05,-2.2114685145747735e-05,3.0482023444922887e-06,-0.00010991697659447186,9.085049379321641e-05,-0.00010991697659447186,9.085049379321641e-05
288,14.4,-8.549350533959554e-06,-2.2181172008467464e-05,1.363182147450791e-05,-0.00011026727486868381,0.00010171792433472426,-0.00011026727486868381,0.00010171792433472426
289,14.450000000000001,-1.3790514657774366e-05,-2.238273265509857e-05,8.592217997324204e-06,-0.00011076645971072458,9.697594505295022e-05,-0.00011076645971072458,9.697594505295022e-05
290,14.5,-1.4857771241993944e-05,-2.223184942432227e-05,7.374078182328325e-06,-0.0001153858964445905,0.00010052812520259655,-0.0001153858964445905,0.00010052812520259655
291,14.55,-1.888331275945454e-05,-2.3990786412043178e-05,5.1074736525886374e-06,-0.00011730125310338396,9.841794034392942e-05,-0.00011730125310338396,9.841794034392942e-05
292,14.600000000000001,-2.5336934418973556e-05,-2.460647369121456e-05,-7.304607277589953e-07,-0.0001179283524816096,9.259141806263605e-05,-0.0001179283524816096,9.259141806263605e-05
293,14.65,-2.9224065294819468e-05,-2.4034948692783413e-05,-5.189116602036055e-06,-0.00011749960352267892,8.827553822785945e-05,-0.00011749960352267892,8.827553822785945e-05
294,14.700000000000001,-3.638735204014587e-05,-2.5929990356350884e-05,-1.0457361683794986e-05,-0.00012002784927846855,8.364049723832268e-05,-0.00012002784927846855,8.364049723832268e-05
295,14.75,-2.520441235809301e-05,-2.4535452383242176e-05,-6.689599748508333e-07,-0.00011888450411777523,9.368009175968222e-05,-0.00011888450411777523,9.368009175968222e-05
296,14.8,-2.710838163544338e-05,-2.483300863657186e-05,-2.2753729988715198e-06,-0.00011942209677956573,9.231371514412236e-05,-0.00011942209677956573,9.231371514412236e-05
297,14.850000000000001,-3.123275713634577e-05,-2.319885175081274e-05,-8.033905385533027e-06,-0.00011759228309099117,8.63595259546454e-05,-0.00011759228309099117,8.63595259546454e-05
298,14.9,-3.727858727908817e-05,-2.3881309432082127e-05,-1.3397277847006044e-05,-0.00011850372226247056,8.122513498338239e-05,-0.00011850372226247056,8.122513498338239e-05
299,14.950000000000001,-3.407123503906817e-05,-2.259943045421026e-05,-1.1471804584857912e-05,-0.00011746011889575114,8.338888385668297e-05,-0.00011746011889575114,8.338888385668297e-05
300,15.0,-3.4488462812065634e-05,-2.2933238300812675e-05,-1.155522451125296e-05,-0.00011802913757401936,8.354067476195373e-05,-0.00011802913757401936,8.354067476195373e-05
301,15.05,-2.8831770893633646e-05,-2.1681601046773202e-05,-7.150169846860444e-06,-0.00011866555164530492,8.983378075167127e-05,-0.00011866555164530492,8.983378075167127e-05
302,15.100000000000001,-2.0188430400525093e-05,-2.5641669166422334e-05,5.453238765897241e-06,-0.00012475973275685818,0.00010457130235633308,-0.00012475973275685818,0.00010457130235633308
303,15.15,-1.9114262747921273e-05,-2.399910297158256e-05,4.884840223661286e-06,-0.0001231713887448813,0.00010405712599696003,-0.0001231713887448813,0.00010405712599696003
304,15.200000000000001,-2.445817504659331e-05,-2.4573301676523795e-05,1.1512662993048422e-07,-0.00011992007958341416,9.546190453682085e-05,-0.00011992007958341416,9.546190453682085e-05
305,15.25,-2.820801928415939e-05,-2.3850220349250003e-05,-4.357798934909389e-06,-0.00012332114379816028,9.511312451400088e-05,-0.00012332114379816028,9.511312451400088e-05
306,15.3,-3.0409528880781522e-05,-2.425691997769007e-05,-6.1526089030914524e-06,-0.00012375906275901045,9.334953387822893e-05,-0.00012375906275901045,9.334953387822893e-05
307,15.350000000000001,-2.9791141984203406e-05,-2.278077322083764e-05,-7.010368763365766e-06,-0.00012232339477793018,9.253225279372678e-05,-0.00012232339477793018,9.253225279372678e-05
308,15.4,-3.316189918112222e-05,-2.5261980716318882e-05,-7.899918464803341e-06,-0.00012001851225573013,8.685661307460791e-05,-0.00012001851225573013,8.685661307460791e-05
309,15.450000000000001,-1.4351657715128141e-05,-2.4432209316628594e-05,1.0080551601500453e-05,-0.00012330313944844247,0.00010895148173331433,-0.00012330313944844247,0.00010895148173331433
310,15.5,-1.732808142462794e-05,-2.460501911538064e-05,7.276937690752701e-06,-0.00012336792036310332,0.00010603983893847538,-0.00012336792036310332,0.00010603983893847538
311,15.55,-2.3228835024147187e-05,-2.3413299475889072e-05,1.844644517418844e-07,-0.00011801530098531346,9.478646596116627e-05,-0.00011801530098531346,9.478646596116627e-05
312,15.600000000000001,-2.5948495693706164e-05,-2.422800940809058e-05,-1.7204862856155829e-06,-0.00012292885476358352,9.698035906987736e-05,-0.00012292885476358352,9.698035906987736e-05
313,15.65,-2.9420483840025824e-05,-2.3547809648414122e-05,-5.8726741916117016e-06,-0.00012225160521198175,9.283112137195592e-05,-0.00012225160521198175,9.283112137195592e-05
314,15.700000000000001,-3.012648648126337e-05,-2.3804345178259485e-05,-6.322141303003886e-06,-0.0001225021151639667,9.237562868270332e-05,-0.0001225021151639667,9.237562868270332e-05
315,15.75,-2.082264490588237e-05,-2.0232941647093344e-05,-5.897032587890267e-07,-0.00011727566774302186,9.64530228371395e-05,-0.00011727566774302186,9.64530228371395e-05
316,15.8,-1.4737645751772277e-05,-2.1273493440773896e-05,6.5358476890016185e-06,-0.00012023975897876235,0.00010550211322699007,-0.00012023975897876235,0.00010550211322699007
317,15.850000000000001,-1.7803320849330007e-05,-2.1382336297065305e-05,3.579015447735299e-06,-0.00012264307098212962,0.00010483975013279962,-0.00012264307098212962,0.00010483975013279962
318,15.9,-2.153287028572315e-05,-2.0813927114211993e-05,-7.189431715111565e-07,-0.00012208485942101076,0.00010055198913528761,-0.00012208485942101076,0.00010055198913528761
319,15.950000000000001,-3.238171507291554e-05,-2.0599364151303215e-05,-1.1782350921612325e-05,-0.00011791776854040589,8.553605346749035e-05,-0.00011791776854040589,8.553605346749035e-05
320,16.0,-2.7316244181951888e-05,-2.2091491367051925e-05,-5.224752814899963e-06,-0.00012463366718689107,9.731742300493919e-05,-0.00012463366718689107,9.731742300493919e-05
321,16.05,-3.136591619412599e-05,-2.326457112779789e-05,-8.101345066328097e-06,-0.00012577230147392776,9.440638527980177e-05,-0.00012577230147392776,9.440638527980177e-05
322,16.1,-1.4249130111609887e-05,-2.2865541323582783e-05,8.616411211972896e-06,-0.00012536627345320547,0.00011111714334159558,-0.00012536627345320547,0.00011111714334159558
323,16.150000000000002,-1.5926316517589356e-05,-2.226377046815726e-05,6.337453950567905e-06,-0.00012472630644517964,0.00010879998992759029,-0.00012472630644517964,0.00010879998992759029
324,16.2,-2.82922391403595e-05,-2.3048883803969283e-05,-5.243355336390216e-06,-0.00012151844842491451,9.322620928455501e-05,-0.00012151844842491451,9.322620928455501e-05
325,16.25,-2.9394150372175076e-05,-2.5002760599635062e-05,-4.391389772540015e-06,-0.00012762805145783094,9.823390108565586e-05,-0.00012762805145783094,9.823390108565586e-05
326,16.3,-3.0049313111124576e-05,-2.3532555577669313e-05,-6.5167575334552624e-06,-0.00012606782581698817,9.601851270586359e-05,-0.00012606782581698817,9.601851270586359e-05
327,16.35,-2.5392392368317473e-05,-2.2489967422052407e-05,-2.9024249462650663e-06,-0.00012494372342032126,9.955133105200379e-05,-0.00012494372342032126,9.955133105200379e-05
328,16.400000000000002,-3.376566367219169e-05,-2.4222975758345413e-05,-9.54268791384628e-06,-0.00012267081897823044,8.890515530603874e-05,-0.00012267081897823044,8.890515530603874e-05
329,16.45,-1.718319184096373e-05,-2.4820468624601556e-05,7.637276783637827e-06,-0.00012748040674581318,0.00011029721490484945,-0.00012748040674581318,0.00011029721490484945
330,16.5,-1.0757763104329854e-05,-2.422811534649378e-05,1.3470352242163925e-05,-0.00012680986944389082,0.00011605210633956097,-0.00012680986944389082,0.00011605210633956097
331,16.55,-1.7384128519148945e-05,-2.5478797203158233e-05,8.094668684009288e-06,-0.00012794808564330006,0.00011056395712415111,-0.00012794808564330006,0.00011056395712415111
332,16.6,-1.7119422682343455e-05,-2.3660103408217723e-05,6.540680725874268e-06,-0.00012603523271561293,0.00010891581003326947,-0.00012603523271561293,0.00010891581003326947
333,16.650000000000002,-2.4917166779658828e-05,-2.5860716686144116e-05,9.43549906485288e-07,-0.0001242174417511709,9.930027497151206e-05,-0.0001242174417511709,9.930027497151206e-05
334,16.7,-2.8323186017864543e-05,-2.73225994049043e-05,-1.0005866129602443e-06,-0.00013046767101938057,0.00010214448500151603,-0.00013046767101938057,0.00010214448500151603
335,16.75,-3.028465155896498e-05,-2.6011364148655222e-05,-4.273287410309759e-06,-0.00012907326562990374,9.878861407093875e-05,-0.00012907326562990374,9.878861407093875e-05
336,16.8,-3.395181269327807e-05,-2.7139630983842174e-05,-6.812181709435898e-06,-0.0001301942012504559,9.624238855717782e-05,-0.0001301942012504559,9.624238855717782e-05
337,16.85,-2.608736757281349e-05,-2.615700075581176e-05,6.963318299827028e-08,-0.00012969900313633393,0.00010361163556352044,-0.00012969900313633393,0.00010361163556352044
338,16.900000000000002,-2.5282722363018095e-05,-2.9306917619686545e-05,4.02419525666845e-06,-0.00012759454043470916,0.00010231181807169107,-0.00012759454043470916,0.00010231181807169107
339,16.95,-2.855249254452019e-05,-2.9357253923928244e-05,8.047613794080523e-07,-0.00013183287197642734,0.00010328037943190715,-0.00013183287197642734,0.00010328037943190715
340,17.0,-3.8070541429124916e-05,-3.289799468389798e-05,-5.172546745226937e-06,-0.00013437978934375448,9.630924791462957e-05,-0.00013437978934375448,9.630924791462957e-05
341,17.05,-3.765917129716634e-05,-3.271693717695306e-05,-4.942234120213275e-06,-0.00013423106849522762,9.657189719806128e-05,-0.00013423106849522762,9.657189719806128e-05
342,17.1,-4.6955420999417186e-05,-3.524875643594568e-05,-1.1706664563471506e-05,-0.00013618879874852417,8.923337774910698e-05,-0.00013618879874852417,8.923337774910698e-05
343,17.150000000000002,-5.39942175858954e-05,-3.653951995153544e-05,-1.745469763435996e-05,-0.0001373399848735085,8.334576728761311e-05,-0.0001373399848735085,8.334576728761311e-05
344,17.2,-4.559292643491197e-05,-3.8653812902862195e-05,-6.939113532049778e-06,-0.00013843332289828993,9.284039646337795e-05,-0.00013843332289828993,9.284039646337795e-05
345,17.25,-3.407955589573852e-05,-4.052773921613702e-05,6.448183320398497e-06,-0.00014030504229559324,0.00010622548639985471,-0.00014030504229559324,0.00010622548639985471
346,17.3,-3.7019223968925985e-05,-4.122847826642902e-05,4.209254297503038e-06,-0.00014085139198431837,0.00010383216801539239,-0.00014085139198431837,0.00010383216801539239
347,17.35,-4.5589111613786315e-05,-4.107563106139808e-05,-4.513480552388236e-06,-0.00014297538956980878,9.738627795602246e-05,-0.00014297538956980878,9.738627795602246e-05
348,17.400000000000002,-4.819185195259479e-05,-4.4838552773225474e-05,-3.3532991793693142e-06,-0.00014603801189115595,9.784615993856116e-05,-0.00014603801189115595,9.784615993856116e-05
349,17.45,-5.314505916631518e-05,-4.72109869949031e-05,-5.934072171412077e-06,-0.0001484016376214587,9.525657845514351e-05,-0.0001484016376214587,9.525657845514351e-05
350,17.5,-2.9631353315906495e-05,-4.372541187416752e-05,1.4094058558261028e-05,-0.00014494677467021138,0.00011531542135430488,-0.00014494677467021138,0.00011531542135430488
351,17.55,-3.94944992521129e-05,-4.59624106477084e-05,6.467911395595499e-06,-0.0001471845546131704,0.0001076900553610575,-0.0001471845546131704,0.0001076900553610575
352,17.6,-4.9876659325764905e-05,-4.72616203641003e-05,-2.6150389616646046e-06,-0.00014838656300563847,9.850990367987357e-05,-0.00014838656300563847,9.850990367987357e-05
353,17.650000000000002,-4.8706341270632336e-05,-4.915656811252594e-05,4.502268418936009e-07,-0.00015016822206893673,0.00010146188079830439,-0.00015016822206893673,0.00010146188079830439
354,17.7,-5.713213854408039e-05,-5.132666741535935e-05,-5.80547112872104e-06,-0.0001523671568112636,9.523501826718322e-05,-0.0001523671568112636,9.523501826718322e-05
355,17.75,-5.560570628482253e-05,-5.290724121169529e-05,-2.69846507312724e-06,-0.00015389431660079464,9.828861031597211e-05,-0.00015389431660079464,9.828861031597211e-05
356,17.8,-4.187379676467984e-05,-5.7518917118405776e-05,1.5645120353725938e-05,-0.00015730449718349238,0.00011543070041881255,-0.00015730449718349238,0.00011543070041881255
357,17.85,-5.2409276799947335e-05,-5.818292069367803e-05,5.773643893730693e-06,-0.00015720206439759948,0.00010479278759765214,-0.00015720206439759948,0.00010479278759765214
358,17.900000000000002,-4.737757752315552e-05,-5.8240610845519774e-05,1.086303332236425e-05,-0.00015720416360433706,0.00010982658608118154,-0.00015720416360433706,0.00010982658608118154
359,17.95,-6.0279109423966304e-05,-6.116332519908097e-05,8.84215775114668e-07,-0.00016002427699508495,9.974516757111864e-05,-0.00016002427699508495,9.974516757111864e-05
360,18.0,-5.59108240432149e-05,-6.053246493965055e-05,4.621640896435649e-06,-0.00015934906891577116,0.00010343824487255625,-0.00015934906891577116,0.00010343824487255625
361,18.05,-6.266235176544122e-05,-6.488911970614107e-05,2.2267679406998565e-06,-0.0001634191056519239,0.0001007567538864827,-0.0001634191056519239,0.0001007567538864827
362,18.1,-7.047041158281253e-05,-6.155975806920204e-05,-8.91065351361049e-06,-0.00016004058160240187,8.957017001958933e-05,-0.00016004058160240187,8.957017001958933e-05
363,18.150000000000002,-7.253815594543411e-05,-6.199330053717394e-05,-1.0544855408260175e-05,-0.00016045694473174413,8.791878878631001e-05,-0.00016045694473174413,8.791878878631001e-05
364,18.2,-8.075337342572375e-05,-6.753460524522546e-05,-1.3218768180498291e-05,-0.00016567135366171612,8.491798023599237e-05,-0.00016567135366171612,8.491798023599237e-05
365,18.25,-7.281591278185395e-05,-6.828883502317205e-05,-4.527077758681905e-06,-0.00016635518864791424,9.353927586606029e-05,-0.00016635518864791424,9.353927586606029e-05
366,18.3,-6.29392821402952e-05,-6.981953753507644e-05,6.8802553947812394e-06,-0.00016779201065223858,0.00010485272851194338,-0.00016779201065223858,0.00010485272851194338
367,18.35,-7.012497756164748e-05,-7.078447324503576e-05,6.594956833882781e-07,-0.00016857547557532407,9.845049801367658e-05,-0.00016857547557532407,9.845049801367658e-05
368,18.400000000000002,-7.145616110237896e-05,-7.10293729126085e-05,-4.2678818977046214e-07,-0.00016871122230437458,9.725506120199562e-05,-0.00016871122230437458,9.725506120199562e-05
369,18.45,-8.168440314881842e-05,-7.269074216243156e-05,-8.993660986386854e-06,-0.00017028785901656893,8.860345586775051e-05,-0.00017028785901656893,8.860345586775051e-05
370,18.5,-7.463273496877143e-05,-7.293251709463446e-05,-1.7002178741369725e-06,-0.0001704592927741044,9.582655780533296e-05,-0.0001704592927741044,9.582655780533296e-05
371,18.55,-7.877947186463174e-05,-7.408120345487296e-05,-4.6982684097587895e-06,-0.00017154015482619974,9.2760682961568e-05,-0.00017154015482619974,9.2760682961568e-05
372,18.6,-9.416314083399158e-05,-7.633788216172453e-05,-1.782525867226705e-05,-0.00017257628933598925,7.841314850199767e-05,-0.00017257628933598925,7.841314850199767e-05
373,18.650000000000002,-8.922790828314042e-05,-7.625480270283048e-05,-1.2973105580309943e-05,-0.00017245289343299438,8.322498514985396e-05,-0.00017245289343299438,8.322498514985396e-05
374,18.7,-9.302635490504585e-05,-8.031630165485025e-05,-1.27100532501956e-05,-0.00017873805246378184,8.571169755873599e-05,-0.00017873805246378184,8.571169755873599e-05
375,18.75,-8.469094537666422e-05,-7.943221126877048e-05,-5.258734107893733e-06,-0.00017782125684979023,9.313031147312602e-05,-0.00017782125684979023,9.313031147312602e-05
376,18.8,-9.078333222345414e-05,-8.413360152654254e-05,-6.649730696911598e-06,-0.0001817243209782352,9.094098875478106e-05,-0.0001817243209782352,9.094098875478106e-05
377,18.85,-9.985030553250063e-05,-8.557905820029577e-05,-1.427124733220486e-05,-0.00018310865723577063,8.325835170327e-05,-0.00018310865723577063,8.325835170327e-05
378,18.900000000000002,-0.00010541803186647769,-8.020308912763743e-05,-2.521494273884026e-05,-0.00017768008295305712,7.226205108657943e-05,-0.00017768008295305712,7.226205108657943e-05
379,18.95,-9.455766148414035e-05,-8.044682652521258e-05,-1.4110834958927775e-05,-0.00017786083490074382,8.330317341660346e-05,-0.00017786083490074382,8.330317341660346e-05
380,19.0,-7.487896360802715e-05,-8.129442416642298e-05,6.4154605583958355e-06,-0.00017890142359756656,0.00010402245998953941,-0.00017890142359756656,0.00010402245998953941
381,19.05,-6.3192474350382e-05,-7.954811573843048e-05,1.6355641388048482e-05,-0.00017753079827320537,0.00011433832392282337,-0.00017753079827320537,0.00011433832392282337
382,19.1,-6.401107016840157e-05,-8.293122782656611e-05,1.8920157658164534e-05,-0.00017748769527131675,0.00011347662510291517,-0.00017748769527131675,0.00011347662510291517
383,19.150000000000002,-7.424885219609045e-05,-8.104791856124913e-05,6.799066365158676e-06,-0.00017897178779247952,0.00010472293559638906,-0.00017897178779247952,0.00010472293559638906
384,19.200000000000003,-8.766303178253665e-05,-8.077808404945074e-05,-6.884947733085909e-06,-0.00017883886091647947,9.117582913394283e-05,-0.00017883886091647947,9.117582913394283e-05
385,19.25,-8.08729717789447e-05,-8.095347432939627e-05,8.050255045156983e-08,-0.00017773068162481808,9.685770984587338e-05,-0.00017773068162481808,9.685770984587338e-05
386,19.3,-7.551696846763711e-05,-8.056275946899012e-05,5.045791001353003e-06,-0.00017750987246897983,0.00010199290400134272,-0.00017750987246897983,0.00010199290400134272
387,19.35,-7.287765767083343e-05,-8.099444254919066e-05,8.116784878357228e-06,-0.00018034129815320453,0.0001074636404823711,-0.00018034129815320453,0.0001074636404823711
388,19.400000000000002,-7.99395196253716e-05,-8.2697441496946e-05,2.757921871574399e-06,-0.00017790356437094536,9.796404474557375e-05,-0.00017790356437094536,9.796404474557375e-05
389,19.450000000000003,-8.553991471949018e-05,-8.214757713720296e-05,-3.392337582287222e-06,-0.00017732432073524378,9.17844060157536e-05,-0.00017732432073524378,9.17844060157536e-05
390,19.5,-8.809970287981805e-05,-7.577659905335065e-05,-1.23231038264674e-05,-0.00017235862378849417,8.425892090867612e-05,-0.00017235862378849417,8.425892090867612e-05
391,19.55,-7.976442049484334e-05,-7.583396400073264e-05,-3.9304564941106986e-06,-0.0001694911621308086,8.972674163596527e-05,-0.0001694911621308086,8.972674163596527e-05
392,19.6,-7.12006570291468e-05,-7.348305774575624e-05,2.282400716609447e-06,-0.00016836310105489946,9.716244402575266e-05,-0.00016836310105489946,9.716244402575266e-05
393,19.650000000000002,-6.957455208711494e-05,-7.037947305092906e-05,8.049209638141228e-07,-0.0001654007926195695,9.582624053245455e-05,-0.0001654007926195695,9.582624053245455e-05
394,19.700000000000003,-7.953358570667035e-05,-6.934577912049633e-05,-1.018780658617402e-05,-0.0001645082334148368,8.497464770816646e-05,-0.0001645082334148368,8.497464770816646e-05
395,19.75,-8.202709627269655e-05,-6.820695483263714e-05,-1.3820141440059412e-05,-0.0001635465780390245,8.151948176632795e-05,-0.0001635465780390245,8.151948176632795e-05
396,19.8,-6.85349254505585e-05,-6.00124963098479e-05,-8.522429140710602e-06,-0.0001561024040971061,8.756747864654759e-05,-0.0001561024040971061,8.756747864654759e-05
397,19.85,-6.87027012267194e-05,-5.984790644410815e-05,-8.854794782611245e-06,-0.00015611857537311443,8.741587414639503e-05,-0.00015611857537311443,8.741587414639503e-05
398,19.900000000000002,-6.2259629621364e-05,-5.921484375100653e-05,-3.0447858703574706e-06,-0.00015222782965873443,8.996820003737043e-05,-0.00015222782965873443,8.996820003737043e-05
399,19.950000000000003,-5.2818610651428344e-05,-5.956914596332877e-05,6.750535311900426e-06,-0.0001561017101318984,0.00010328309948047005,-0.0001561017101318984,0.00010328309948047005
400,20.0,-5.112890439784579e-05,-5.873266688228621e-05,7.603762484440422e-06,-0.00015545359823621014,0.00010432469383836435,-0.00015545359823621014,0.00010432469383836435
401,20.05,-5.237994921714062e-05,-5.82679378780307e-05,5.88798866089008e-06,-0.00015523069581430644,0.00010285074659716582,-0.00015523069581430644,0.00010285074659716582
402,20.1,-5.498004125525924e-05,-5.7334702704430875e-05,2.3546614491716376e-06,-0.00015449451701153978,9.951447575628055e-05,-0.00015449451701153978,9.951447575628055e-05
403,20.150000000000002,-6.0501836293136435e-05,-5.629686009900865e-05,-4.204976194127787e-06,-0.0001536591071692674,9.315727087613098e-05,-0.0001536591071692674,9.315727087613098e-05
404,20.200000000000003,-6.608666995377988e-05,-5.57470647901008e-05,-1.0339605163679073e-05,-0.000150115423697139,8.402875374335911e-05,-0.000150115423697139,8.402875374335911e-05
405,20.25,-6.538096357466827e-05,-5.409641729349984e-05,-1.1284546281168429e-05,-0.00015188882495363227,8.6507861378964e-05,-0.00015188882495363227,8.6507861378964e-05
406,20.3,-6.0499223951460124e-05,-5.2899194022803753e-05,-7.60002992865637e-06,-0.0001507440353705793,9.024481141911916e-05,-0.0001507440353705793,9.024481141911916e-05
407,20.35,-5.018071752282971e-05,-5.1777073843722575e-05,1.5963563208928655e-06,-0.00014992483603895823,9.974411851612852e-05,-0.00014992483603895823,9.974411851612852e-05
408,20.400000000000002,-4.048339772122489e-05,-5.084171006413547e-05,1.035831234291058e-05,-0.00014995224776256507,0.00010946885004134018,-0.00014995224776256507,0.00010946885004134018
409,20.450000000000003,-3.988726722869984e-05,-4.857983720904519e-05,8.69256998034535e-06,-0.000148033974578272,0.00010814670734957216,-0.000148033974578272,0.00010814670734957216
410,20.5,-4.649843724102709e-05,-4.7768679317498325e-05,1.270242076471234e-06,-0.00014739572223539956,0.00010089728499437247,-0.00014739572223539956,0.00010089728499437247
411,20.55,-4.908038449236152e-05,-4.6611084835025755e-05,-2.4692996573357623e-06,-0.0001464108838117105,9.733049931934899e-05,-0.0001464108838117105,9.733049931934899e-05
412,20.6,-4.740863663621475e-05,-4.6094803284363e-05,-1.3138333518517513e-06,-0.00014603650442332708,9.862786778711233e-05,-0.00014603650442332708,9.862786778711233e-05
413,20.650000000000002,-3.549293057991676e-05,-4.497677678111835e-05,9.483846201201589e-06,-0.00014506976338586413,0.00010957683280594737,-0.00014506976338586413,0.00010957683280594737
414,20.700000000000003,-3.884827973443805e-05,-4.3880475362538497e-05,5.032195628100445e-06,-0.00014405923072072197,0.00010521095098628392,-0.00014405923072072197,0.00010521095098628392
415,20.75,-4.4974734378921966e-05,-4.282394683972907e-05,-2.1507875391928944e-06,-0.0001431562096186574,9.818147523973542e-05,-0.0001431562096186574,9.818147523973542e-05
416,20.8,-5.309406333875444e-05,-4.2407989248750816e-05,-1.0686074090003622e-05,-0.00013850121598927488,8.540715265052044e-05,-0.00013850121598927488,8.540715265052044e-05
417,20.85,-5.685313388403834e-05,-4.081310938851647e-05,-1.604002449552187e-05,-0.0001402545215979097,8.340138771387135e-05,-0.0001402545215979097,8.340138771387135e-05
418,20.900000000000002,-4.549964586497701e-05,-4.056508460415191e-05,-4.934561260825099e-06,-0.00014163529927975835,9.613565341478133e-05,-0.00014163529927975835,9.613565341478133e-05
419,20.950000000000003,-2.8677726913173274e-05,-3.960712217941213e-05,1.0929395266238858e-05,-0.00014078884173709965,0.00011211111482392638,-0.00014078884173709965,0.00011211111482392638
420,21.0,-2.5962537086865467e-05,-3.746582792640647e-05,1.1503290839541003e-05,-0.0001362787279149582,0.00011031619082809273,-0.0001362787279149582,0.00011031619082809273
421,21.05,-3.132539003525281e-05,-3.654062207539368e-05,5.215232040140869e-06,-0.00013543423530722445,0.00010410884527197164,-0.00013543423530722445,0.00010410884527197164
422,21.1,-3.6504866304909456e-05,-3.560190221671244e-05,-9.029640881970172e-07,-0.0001346089263632465,9.810406005833706e-05,-0.0001346089263632465,9.810406005833706e-05
423,21.150000000000002,-4.034224890459015e-05,-3.4699460042855916e-05,-5.642788861734234e-06,-0.00013363394410504262,9.329169520045247e-05,-0.00013363394410504262,9.329169520045247e-05
424,21.200000000000003,-4.1804060571637436e-05,-3.37701185934557e-05,-8.033941978181738e-06,-0.00013282110472365142,9.101704415201398e-05,-0.00013282110472365142,9.101704415201398e-05
425,21.25,-1.7867952332384363e-05,-3.211559063190543e-05,1.4247638299521068e-05,-0.0001341370125113066,0.00011626906017892224,-0.0001341370125113066,0.00011626906017892224
426,21.3,-2.8886892611490467e-05,-3.0200484496282773e-05,1.3135918847923064e-06,-0.00013040439783348272,0.00010151750522199225,-0.00013040439783348272,0.00010151750522199225
427,21.35,-2.0551696515713758e-05,-2.8176735490301504e-05,7.625038974587747e-06,-0.00013047941074617584,0.00010992771423046208,-0.00013047941074617584,0.00010992771423046208
428,21.400000000000002,-3.4223527382692964e-05,-2.975689167806521e-05,-4.4666357046277535e-06,-0.0001289368924496702,9.471336506697723e-05,-0.0001289368924496702,9.471336506697723e-05
429,21.450000000000003,-2.3257330446391222e-05,-2.7105406603415673e-05,3.848076157024451e-06,-0.0001296281709868849,0.00010637084054049368,-0.0001296281709868849,0.00010637084054049368
430,21.5,-3.970806604414179e-05,-2.8853722551550082e-05,-1.0854343492591705e-05,-0.00012824638089572733,8.853831485158554e-05,-0.00012824638089572733,8.853831485158554e-05
431,21.55,-2.5659834052005337e-05,-2.7355807479098717e-05,1.69597342709338e-06,-0.0001225417972566222,9.688196320461687e-05,-0.0001225417972566222,9.688196320461687e-05
432,21.6,-3.649668328198352e-05,-2.772757806451936e-05,-8.769105217464163e-06,-0.00011979079759976183,8.329411431777831e-05,-0.00011979079759976183,8.329411431777831e-05
433,21.650000000000002,-1.325408742847145e-05,-2.4679079807810356e-05,1.1424992379338906e-05,-0.00012018778077559776,0.00010693369334712631,-0.00012018778077559776,0.00010693369334712631
434,21.700000000000003,-3.357842707130132e-05,-2.616995881571333e-05,-7.408468255587992e-06,-0.00011866024642084291,8.508181934954159e-05,-0.00011866024642084291,8.508181934954159e-05
435,21.75,-1.2379534975792694e-05,-2.3455885384654703e-05,1.1076350408862009e-05,-0.00011906817095328544,0.00010668863597749275,-0.00011906817095328544,0.00010668863597749275
436,21.8,-3.573909917253815e-05,-2.5041662052883097e-05,-1.069743711965505e-05,-0.00011756431927927183,8.182522010673369e-05,-0.00011756431927927183,8.182522010673369e-05
437,21.85,-1.529508070063912e-05,-2.2376425803819142e-05,7.081345103180023e-06,-0.00011810602438619812,0.000102810943685559,-0.00011810602438619812,0.000102810943685559
438,21.900000000000002,-1.8562518286913132e-05,-2.140231859684377e-05,2.839800309930639e-06,-0.0001191827102357706,0.00010062019194885747,-0.0001191827102357706,0.00010062019194885747
439,21.950000000000003,-2.3756951012643412e-05,-2.3862855465577726e-05,1.0590445293431352e-07,-0.00011878215068915327,9.502519967650986e-05,-0.00011878215068915327,9.502519967650986e-05
440,22.0,-1.3012489983310616e-05,-2.118883743860311e-05,8.176347455292495e-06,-0.00012077390430511063,0.00010776141432180001,-0.00012077390430511063,0.00010776141432180001
441,22.05,-2.225327346305761e-05,-2.3317880056219783e-05,1.0646065931621734e-06,-0.0001192851130919862,9.703183962892859e-05,-0.0001192851130919862,9.703183962892859e-05
442,22.1,-1.460005226627814e-05,-2.0301527747999657e-05,5.701475481721516e-06,-0.00011988260504374505,0.0001052825527774669,-0.00011988260504374505,0.0001052825527774669
443,22.150000000000002,-1.4287860075290482e-05,-1.9431428690081874e-05,5.143568614791392e-06,-0.00011914150882599181,0.00010485364875070133,-0.00011914150882599181,0.00010485364875070133
444,22.200000000000003,-2.205867910243242e-05,-2.2213496782793913e-05,1.5481768036149202e-07,-0.00011832894951938052,9.62702704169481e-05,-0.00011832894951938052,9.62702704169481e-05
445,22.25,-1.1195368709193687e-05,-1.846547869096634e-05,7.270109981772651e-06,-0.0001180827919908854,0.00010688742328169172,-0.0001180827919908854,0.00010688742328169172
446,22.3,-2.3142327935099516e-05,-2.1194772700859342e-05,-1.9475552342401735e-06,-0.000117311715543661,9.416938760856148e-05,-0.000117311715543661,9.416938760856148e-05
447,22.35,-6.9982895125608735e-06,-1.7517865335713782e-05,1.0519575823152908e-05,-0.00011725087869748358,0.00011025258918492271,-0.00011725087869748358,0.00011025258918492271
448,22.400000000000002,-2.0386932371163624e-05,-2.0247283850516948e-05,-1.3964852064667592e-07,-0.00011648144543622557,9.609451306506194e-05,-0.00011648144543622557,9.609451306506194e-05
449,22.450000000000003,-9.501719195448288e-06,-1.6586359391091682e-05,7.084640195643394e-06,-0.00011643192616425206,0.00010693020696880377,-0.00011643192616425206,0.00010693020696880377
450,22.5,-1.2606316885488411e-05,-1.5777020724931813e-05,3.1707038394434015e-06,-0.0001157159157721446,0.00010310959888665619,-0.0001157159157721446,0.00010310959888665619
451,22.55,-2.5563872666722887e-05,-1.9156112264713335e-05,-6.407760402009552e-06,-0.00011553969215605833,8.997581948933545e-05,-0.00011553969215605833,8.997581948933545e-05
452,22.6,-1.424983186559814e-05,-1.4997713479529518e-05,7.47881613931379e-07,-0.00011498539094970327,0.00010073555908410513,-0.00011498539094970327,0.00010073555908410513
453,22.650000000000002,-2.9552178252956196e-05,-1.8283398038126406e-05,-1.126878021482979e-05,-0.00011478948731098365,8.523730905802746e-05,-0.00011478948731098365,8.523730905802746e-05
454,22.700000000000003,-1.600866995588035e-05,-1.4216656310472744e-05,-1.792013645407606e-06,-0.00011407297858651364,9.806430863063329e-05,-0.00011407297858651364,9.806430863063329e-05
455,22.75,-2.1496635056683644e-05,-1.7353403459403827e-05,-4.143231597279817e-06,-0.00011373067463337131,9.223403957668767e-05,-0.00011373067463337131,9.223403957668767e-05
456,22.8,-8.554270326532887e-06,-1.332440396084231e-05,4.770133634309424e-06,-0.0001133292250904065,0.00010477495476387362,-0.0001133292250904065,0.00010477495476387362
457,22.85,-9.435582286165811e-06,-1.2577229932423148e-05,3.141647646257337e-06,-0.00011268110914058279,0.00010324552685441698,-0.00011268110914058279,0.00010324552685441698
458,22.900000000000002,-2.0101816222251045e-05,-1.6458181762934992e-05,-3.6436344593160533e-06,-0.00011304585079125484,9.29440345690038e-05,-0.00011304585079125484,9.29440345690038e-05
459,22.950000000000003,-1.0792964274752848e-05,-1.1932821587787043e-05,1.139857313034195e-06,-0.00011215548004965552,0.00010136251577490267,-0.00011215548004965552,0.00010136251577490267
460,23.0,-2.5889175577997747e-05,-1.6867171069378606e-05,-9.022004508619141e-06,-0.00011406458762298877,8.817541204499102e-05,-0.00011406458762298877,8.817541204499102e-05
461,23.05,-1.4888977516447355e-05,-1.239614827629652e-05,-2.492829240150834e-06,-0.0001132824728945263,9.839349537807895e-05,-0.0001132824728945263,9.839349537807895e-05
462,23.1,-2.434176567134294e-05,-1.6086074142860476e-05,-8.255691528482465e-06,-0.0001135354829306718,8.919371725932886e-05,-0.0001135354829306718,8.919371725932886e-05
463,23.150000000000002,-1.2574256790687244e-05,-1.2844457789632914e-05,2.702009989456699e-07,-0.00011536672475633225,0.00010279246796564501,-0.00011536672475633225,0.00010279246796564501
464,23.200000000000003,-1.3357808733793775e-05,-1.2575440597439984e-05,-7.823681363537904e-07,-0.00011649030206911464,0.00010313249333532087,-0.00011649030206911464,0.00010313249333532087
465,23.25,-2.2160057650655318e-05,-1.6862312308053536e-05,-5.297745342601783e-06,-0.00011727555883270405,9.511550118204873e-05,-0.00011727555883270405,9.511550118204873e-05
466,23.3,-8.339544901092566e-06,-1.0967932109168533e-05,2.6283872080759673e-06,-0.00011367098124234852,0.00010533143634125596,-0.00011367098124234852,0.00010533143634125596
467,23.35,-1.9743477883915617e-05,-1.615200046770607e-05,-3.5914774162095454e-06,-0.00011675639144901946,9.701291356510384e-05,-0.00011675639144901946,9.701291356510384e-05
468,23.400000000000002,-1.0145501147196256e-05,-1.1465436017731356e-05,1.3199348705350999e-06,-0.00011574300689815388,0.00010559750575095762,-0.00011574300689815388,0.00010559750575095762
469,23.450000000000003,-8.966453863390456e-06,-1.0276256876891045e-05,1.3098030135005892e-06,-0.00011602353851593793,0.00010705708465254748,-0.00011602353851593793,0.00010705708465254748
470,23.5,-1.751966743168687e-05,-1.495079707889826e-05,-2.568870352788609e-06,-0.00011718729452091005,9.966762708922318e-05,-0.00011718729452091005,9.966762708922318e-05
471,23.55,-1.3084117039596777e-05,-9.887081652680284e-06,-3.1970353869164925e-06,-0.00011577905404082675,0.00010269493700122997,-0.00011577905404082675,0.00010269493700122997
472,23.6,-1.477343110956042e-05,-1.3294253923607228e-05,-1.4791771859531915e-06,-0.00011431176446486523,9.953833335530481e-05,-0.00011431176446486523,9.953833335530481e-05
473,23.650000000000002,-1.3667033227804382e-05,-9.407320287266366e-06,-4.259712940538016e-06,-0.00011535210645198106,0.00010168507322417668,-0.00011535210645198106,0.00010168507322417668
474,23.700000000000003,-1.8340113385306722e-05,-1.3552989497757716e-05,-4.787123887549006e-06,-0.00011856495553909148,0.00010022484215378476,-0.00011856495553909148,0.00010022484215378476
475,23.75,-8.22220992202638e-06,-8.511591430725995e-06,2.893815086996149e-07,-0.00011264085415812659,0.0001044186442361002,-0.00011264085415812659,0.0001044186442361002
476,23.8,-8.353626826052007e-06,-8.234536603976446e-06,-1.1909022207556185e-07,-0.00011312279232351132,0.00010476916549745931,-0.00011312279232351132,0.00010476916549745931
477,23.85,-1.4038137660099537e-05,-1.3062929840778103e-05,-9.752078193214338e-07,-0.0001111178660862119,9.707972842611237e-05,-0.0001111178660862119,9.707972842611237e-05
478,23.900000000000002,-1.5863004778626788e-06,-6.997588000022519e-06,5.41128752215984e-06,-0.00011058855869444117,0.00010900225821657849,-0.00011058855869444117,0.00010900225821657849
479,23.950000000000003,-1.7488199896664725e-05,-1.2305448030967884e-05,-5.18275186569684e-06,-0.0001141532437641741,9.666504386750938e-05,-0.0001141532437641741,9.666504386750938e-05
480,24.0,-1.3238215208488668e-06,-6.985257820504662e-06,5.661436299655795e-06,-0.00011344422349855379,0.00011212040197770492,-0.00011344422349855379,0.00011212040197770492
481,24.05,-3.1169675560605015e-06,-6.389370544009119e-06,3.2724029879486178e-06,-0.00011284421686544274,0.00010972724930938224,-0.00011284421686544274,0.00010972724930938224
482,24.1,-1.3018232710937383e-05,-1.2157471924975537e-05,-8.607607859618455e-07,-0.00011031729899187274,9.729906628093536e-05,-0.00011031729899187274,9.729906628093536e-05
483,24.150000000000002,-1.0938284722428193e-08,-6.607705389601137e-06,6.596767104878709e-06,-0.00011318616598528853,0.0001131752277005661,-0.00011318616598528853,0.0001131752277005661
484,24.200000000000003,7.072234304850156e-07,-6.004584533000639e-06,6.711807963485655e-06,-0.00011262181847546638,0.00011332904190595139,-0.00011262181847546638,0.00011332904190595139
485,24.25,-1.3569907709731766e-05,-1.106937967234021e-05,-2.5005280373915554e-06,-0.00011444461948493558,0.00010087471177520381,-0.00011444461948493558,0.00010087471177520381
486,24.3,-7.995085589129758e-07,-5.75561802138776e-06,4.9561094624747845e-06,-0.00011196103103202708,0.0001111615224731141,-0.00011196103103202708,0.0001111615224731141
487,24.35,-1.0491396777112527e-05,-1.0481278201705996e-05,-1.0118575406531193e-08,-0.00010971166190004822,9.922026512293569e-05,-0.00010971166190004822,9.922026512293569e-05
488,24.400000000000002,-2.4171113863769023e-06,-5.8052548619161066e-06,3.3881434755392043e-06,-0.00011216874455815896,0.00010975163317178205,-0.00011216874455815896,0.00010975163317178205
489,24.450000000000003,3.237906653907885e-07,-5.2467008302302404e-06,5.570491495621029e-06,-0.00011188471567950551,0.0001122085063448963,-0.00011188471567950551,0.0001122085063448963
490,24.5,-8.98236401880581e-06,-9.873399128325171e-06,8.910351095193606e-07,-0.00011387103467938844,0.00010488867066058263,-0.00011387103467938844,0.00010488867066058263
491,24.55,-7.324624617943698e-08,-5.013579275285904e-06,4.940333029106467e-06,-0.00010840886988281455,0.00010833562363663512,-0.00010840886988281455,0.00010833562363663512
492,24.6,-9.466633039689754e-06,-9.531436479681988e-06,6.480343999223481e-08,-0.00011368535494192334,0.00010421872190223359,-0.00011368535494192334,0.00010421872190223359
493,24.650000000000002,-3.711192432920285e-06,-5.056631240282177e-06,1.345438807361892e-06,-0.0001139948353310514,0.00011028364289813112,-0.0001139948353310514,0.00011028364289813112
494,24.700000000000003,-5.754077029518356e-06,-9.274386389203425e-06,3.520309359685069e-06,-0.0001112000775169401,0.00010544600048742174,-0.0001112000775169401,0.00010544600048742174
495,24.75,-3.751496010728772e-06,-4.933258325586325e-06,1.1817623148575528e-06,-0.00011408258907259804,0.00011033109306186927,-0.00011408258907259804,0.00011033109306186927
496,24.8,-4.28050452616624e-06,-4.025442280604094e-06,-2.5506224556214575e-07,-0.00011324058076280068,0.00010896007623663444,-0.00011324058076280068,0.00010896007623663444
497,24.85,-6.3975738446853114e-06,-8.973056768692774e-06,2.575482924007463e-06,-0.00011510219423829192,0.00010870462039360661,-0.00011510219423829192,0.00010870462039360661
498,24.900000000000002,-4.038383814020108e-06,-3.930963432097944e-06,-1.0742038192216408e-07,-0.00010942785356442726,0.00010538946975040716,-0.00010942785356442726,0.00010538946975040716
499,24.950000000000003,-8.153093632223829e-06,-8.610847197467531e-06,4.577535652437025e-07,-0.00011497316872155146,0.00010682007508932763,-0.00011497316872155146,0.00010682007508932763
500,25.0,-4.8015731108908e-06,-3.700431480116677e-06,-1.1011416307741228e-06,-0.00011578127722993987,0.00011097970411904907,-0.00011578127722993987,0.00011097970411904907
501,25.05,-5.858322528196069e-06,-3.618996636926671e-06,-2.2393258912693983e-06,-0.00010939105099595579,0.00010353272846775972,-0.00010939105099595579,0.00010353272846775972
502,25.1,-8.511365262586779e-06,-8.255416508976688e-06,-2.559487536100904e-07,-0.00011731814551271783,0.00010880678025013105,-0.00011731814551271783,0.00010880678025013105
503,25.150000000000002,-7.1633542639837344e-06,-3.6989371856534355e-06,-3.464417078330299e-06,-0.00011359889803791346,0.00010643554377392973,-0.00011359889803791346,0.00010643554377392973
504,25.200000000000003,-6.620524829248353e-06,-3.1008479398003195e-06,-3.5196768894480337e-06,-0.00011151365641883491,0.00010489313158958656,-0.00011151365641883491,0.00010489313158958656
505,25.25,-8.554054473863815e-06,-8.10806346648857e-06,-4.459910073752455e-07,-0.00011739638920883924,0.00010884233473497543,-0.00011739638920883924,0.00010884233473497543
506,25.3,-5.241357303509275e-06,-3.4327783313321884e-06,-1.808578972177087e-06,-0.00011359601337006242,0.00010835465606655315,-0.00011359601337006242,0.00010835465606655315
507,25.35,-7.193370341829208e-06,-7.76588842855233e-06,5.72518086723122e-07,-0.00011722631722875302,0.00011003294688692382,-0.00011722631722875302,0.00011003294688692382
508,25.400000000000002,-5.049585400040968e-06,-3.463052217840354e-06,-1.586533182200614e-06,-0.00010977709317745966,0.00010472750777741869,-0.00010977709317745966,0.00010472750777741869
509,25.450000000000003,-3.2847739677155374e-06,-3.0367807013158582e-06,-2.479932663996792e-07,-0.00011586845171726416,0.00011258367774954862,-0.00011586845171726416,0.00011258367774954862
510,25.5,-8.183499984992793e-06,-6.873056344622278e-06,-1.3104436403705143e-06,-0.00011653824002198577,0.00010835474003699298,-0.00011653824002198577,0.00010835474003699298
511,25.55,-2.7156464028621485e-06,-1.9576931610772943e-06,-7.579532417848543e-07,-0.00010844645543571481,0.00010573080903285267,-0.00010844645543571481,0.00010573080903285267
512,25.6,-9.240328747495141e-06,-6.498285346919137e-06,-2.7420434005760045e-06,-0.00011228876063387417,0.00010304843188637903,-0.00011228876063387417,0.00010304843188637903
513,25.650000000000002,-3.3244704469304054e-06,-2.395716662064651e-06,-9.287537848657545e-07,-0.00010901724388804321,0.00010569277344111281,-0.00010901724388804321,0.00010569277344111281
514,25.700000000000003,-3.756739375360141e-06,-1.8650821941237982e-06,-1.8916571812363426e-06,-0.00011095854833847981,0.00010720180896311967,-0.00011095854833847981,0.00010720180896311967
515,25.75,-9.914810428668375e-06,-6.492215261701085e-06,-3.4225951669672893e-06,-0.00011240536278502293,0.00010249055235635456,-0.00011240536278502293,0.00010249055235635456
516,25.8,-4.7599359358496685e-06,-2.264233618302573e-06,-2.4957023175470955e-06,-0.00010899006209824369,0.00010423012616239402,-0.00010899006209824369,0.00010423012616239402
517,25.85,-5.111848739192126e-06,-1.7235978712275788e-06,-3.3882508679645477e-06,-0.0001109286287508513,0.00010581678001165918,-0.0001109286287508513,0.00010581678001165918
518,25.900000000000002,-9.822564343009432e-06,-6.850764283024116e-06,-2.9718000599853166e-06,-0.00011043800010580355,0.00010061543576279412,-0.00011043800010580355,0.00010061543576279412
519,25.950000000000003,-4.350825877352804e-06,-1.7770636735520736e-06,-2.5737622038007308e-06,-0.00011107687550757805,0.00010672604963022524,-0.00011107687550757805,0.00010672604963022524
520,26.0,-3.530993592182341e-06,-6.26016567483479e-06,2.7291720826524494e-06,-0.00011238664107903895,0.00010885564748685661,-0.00011238664107903895,0.00010885564748685661
521,26.05,-5.91003605276974e-06,-2.1690786956934816e-06,-3.740957357076259e-06,-0.00010907429258954278,0.00010316425653677304,-0.00010907429258954278,0.00010316425653677304
522,26.1,-3.025573302339879e-06,-1.6197976698213243e-06,-1.4057756325185547e-06,-0.00011101711718907313,0.00010799154388673325,-0.00011101711718907313,0.00010799154388673325
523,26.150000000000002,-6.67294241329941e-06,-6.605124620800345e-06,-6.781779249906479e-08,-0.00011037604704045592,0.00010370310462715651,-0.00011037604704045592,0.00010370310462715651
524,26.200000000000003,-1.3834433501003218e-06,-1.6740131221708736e-06,2.9056977207055176e-07,-0.00011116274043927394,0.00010977929708917362,-0.00011116274043927394,0.00010977929708917362
525,26.25,-2.024412404599829e-06,-1.471692623798818e-06,-5.527197808010111e-07,-0.00011096517172612412,0.00010894075932152429,-0.00011096517172612412,0.00010894075932152429
526,26.3,-5.942645153300674e-06,-6.6141758643223535e-06,6.715307110216793e-07,-0.0001104796734078155,0.00010453702825451482,-0.0001104796734078155,0.00010453702825451482
527,26.35,-1.3048489413414188e-06,-1.5299343526801063e-06,2.250854113386875e-07,-0.00011111329828410087,0.00010980844934275946,-0.00011111329828410087,0.00010980844934275946
528,26.400000000000002,-6.492384927225814e-06,-5.990323655052972e-06,-5.020612721728421e-07,-0.00011239649273618035,0.00010590410780895453,-0.00011239649273618035,0.00010590410780895453
529,26.450000000000003,-2.1383798036733737e-06,-1.963788289718919e-06,-1.7459151395445453e-07,-0.0001091086518901225,0.00010697027208644913,-0.0001091086518901225,0.00010697027208644913
530,26.5,-2.050081967519546e-06,-1.3937843304167781e-06,-6.562976371027677e-07,-0.00011105139490297283,0.00010900131293545329,-0.00011105139490297283,0.00010900131293545329
531,26.55,-5.78058199218745e-06,-6.359719785637009e-06,5.791377934495588e-07,-0.0001103812548365701,0.00010460067284438265,-0.0001103812548365701,0.00010460067284438265
532,26.6,-2.2271793231887216e-07,-2.15794151647564e-06,1.9352235841567677e-06,-0.0001133748691223253,0.00011315215119000643,-0.0001133748691223253,0.00011315215119000643
533,26.650000000000002,-6.9064780860994546e-06,-6.114109349727216e-06,-7.923687363722383e-07,-0.00011024729352310288,0.00010334081543700343,-0.00011024729352310288,0.00010334081543700343
534,26.700000000000003,-5.459517724570873e-07,-2.1976652702268076e-06,1.6517134977697204e-06,-0.00011354243611659381,0.00011299648434413672,-0.00011354243611659381,0.00011299648434413672
535,26.75,-2.1028890764274166e-06,-1.6774669190306558e-06,-4.254221573967608e-07,-0.00010907584315570915,0.00010697295407928173,-0.00010907584315570915,0.00010697295407928173
536,26.8,-6.2313321367302166e-06,-6.402507049630826e-06,1.7117491290060926e-07,-0.00011466957664844786,0.00010843824451171764,-0.00011466957664844786,0.00010843824451171764
537,26.85,-2.2923685978337716e-06,-3.4599664434854497e-06,1.167597845651678e-06,-0.0001121879808754902,0.00010989561227765642,-0.0001121879808754902,0.00010989561227765642
538,26.900000000000002,-2.0593048979389295e-06,-2.119149638530265e-06,5.984474059133564e-08,-0.00011193430406272184,0.0001098749991647829,-0.00011193430406272184,0.0001098749991647829
539,26.950000000000003,-6.9317844253458105e-06,-6.330559570643028e-06,-6.012248547027824e-07,-0.00011450872391516312,0.00010757693948981731,-0.00011450872391516312,0.00010757693948981731
540,27.0,-2.5385221125162616e-06,-1.5394845924274809e-06,-9.990375200887807e-07,-0.00010889532813103925,0.00010635680601852299,-0.00010889532813103925,0.00010635680601852299
541,27.05,-8.171718102856218e-06,-7.123202237981805e-06,-1.0485158648744134e-06,-0.00011542451278022678,0.00010725279467737056,-0.00011542451278022678,0.00010725279467737056
542,27.1,-2.569934351326353e-06,-1.5755474479304346e-06,-9.943869033959182e-07,-0.00010902000762398639,0.00010645007327266003,-0.00010902000762398639,0.00010645007327266003
543,27.150000000000002,-1.4639173482322576e-06,-1.5961046516073538e-06,1.3218730337509624e-07,-0.00011309266261108856,0.0001116287452628563,-0.00011309266261108856,0.0001116287452628563
544,27.200000000000003,-6.668028338818743e-06,-6.863957680328653e-06,1.959293415099093e-07,-0.00011126229076813906,0.00010459426242932032,-0.00011126229076813906,0.00010459426242932032
545,27.25,-3.088654624727738e-06,-1.6323103016512574e-06,-1.4563443230764806e-06,-0.00011321112065850666,0.00011012246603377892,-0.00011321112065850666,0.00011012246603377892
546,27.3,-3.698548157515802e-06,-2.2312182918634348e-06,-1.4673298656523671e-06,-0.00010980251493387172,0.00010610396677635592,-0.00010980251493387172,0.00010610396677635592
547,27.35,-5.688906343781497e-07,-5.996465138630598e-06,5.427574504252448e-06,-0.00011453020394289602,0.00011396131330851787,-0.00011453020394289602,0.00011396131330851787
548,27.400000000000002,-1.8566300741262864e-06,-1.9063587435802189e-06,4.972866945393242e-08,-0.00010992197690380247,0.00010806534682967619,-0.00010992197690380247,0.00010806534682967619
549,27.450000000000003,-1.2689843948976431e-06,-5.5890643836838974e-06,4.320079988786254e-06,-0.00011303327020172325,0.0001117642858068256,-0.00011303327020172325,0.0001117642858068256
550,27.5,-1.7854830409724798e-06,-1.5326791420930217e-06,-2.528038988794581e-07,-0.00011109969826425259,0.0001093142152232801,-0.00011109969826425259,0.0001093142152232801
551,27.55,-1.9499401142653028e-06,-1.3248006614117914e-06,-6.251394528535114e-07,-0.000112110988286484,0.0001101610481722187,-0.000112110988286484,0.0001101610481722187
552,27.6,-1.8535798056440456e-06,-6.090978389580054e-06,4.237398583936009e-06,-0.00011116726720682305,0.000109313687401179,-0.00011116726720682305,0.000109313687401179
553,27.650000000000002,-1.8996591395481488e-06,-1.3559055515741305e-06,-5.437535879740183e-07,-0.00011220369684638937,0.00011030403770684122,-0.00011220369684638937,0.00011030403770684122
554,27.700000000000003,-1.7483791150407768e-06,-5.238498114670478e-06,3.490118999629701e-06,-0.0001145053735090602,0.00011275699439401943,-0.0001145053735090602,0.00011275699439401943
555,27.75,-2.5982598175211535e-06,-1.7686118156157174e-06,-8.296480019054361e-07,-0.00011007389070193793,0.00010747563088441678,-0.00011007389070193793,0.00010747563088441678
556,27.8,-2.2992813235589438e-06,-5.044955033784624e-06,2.7456737102256804e-06,-0.00011437774343422082,0.00011207846211066188,-0.00011437774343422082,0.00011207846211066188
557,27.85,-2.867696434982747e-06,-1.342923571738395e-06,-1.5247728632443522e-06,-0.00011120552344482998,0.00010833782700984723,-0.00011120552344482998,0.00010833782700984723
558,27.900000000000002,-2.658268184241308e-06,-1.162896664942323e-06,-1.495371519298985e-06,-0.00011215070546359135,0.00010949243727935005,-0.00011215070546359135,0.00010949243727935005
559,27.950000000000003,-2.7610628958729677e-06,-5.563222046040066e-06,2.802159150167098e-06,-0.00011239739216197314,0.00010963632926610018,-0.00011239739216197314,0.00010963632926610018
560,28.0,-2.621662390955848e-06,-1.1853984905576678e-06,-1.43626390039818e-06,-0.00011223086287028652,0.00010960920047933067,-0.00011223086287028652,0.00010960920047933067
561,28.05,-3.508629762505322e-06,-5.516724720934327e-06,2.0080949584290053e-06,-0.00011064534131197427,0.00010713671154946895,-0.00011064534131197427,0.00010713671154946895
562,28.1,-2.597008555760283e-06,-1.2182828137241724e-06,-1.3787257420361105e-06,-0.00011230565766044137,0.00010970864910468108,-0.00011230565766044137,0.00010970864910468108
563,28.150000000000002,-3.847059090178462e-06,-5.193429891003449e-06,1.3463708008249875e-06,-0.0001121290817201321,0.00010828202262995363,-0.0001121290817201321,0.00010828202262995363
564,28.200000000000003,-2.5508165735210753e-06,-1.2431923468463534e-06,-1.3076242266747219e-06,-0.00011238743896514888,0.0001098366223916278,-0.00011238743896514888,0.0001098366223916278
565,28.25,-6.124029371168405e-06,-1.1134612346809753e-06,-5.01056813648743e-06,-0.00011197813942541774,0.00010585411005424933,-0.00011197813942541774,0.00010585411005424933
566,28.3,-3.610069771564639e-06,-5.268701188827945e-06,1.6586314172633057e-06,-0.00011222098281791302,0.00010861091304634839,-0.00011222098281791302,0.00010861091304634839
567,28.35,-3.188258512087927e-06,-1.0372025947445484e-06,-2.1510559173433784e-06,-0.00011218633866714558,0.00010899808015505766,-0.00011218633866714558,0.00010899808015505766
568,28.400000000000002,-6.463129833766956e-06,-5.582726528511721e-06,-8.804033052552353e-07,-0.00011259255361409612,0.00010612942378032916,-0.00011259255361409612,0.00010612942378032916
569,28.450000000000003,-3.4782248388154358e-06,-1.6422265538723903e-07,-3.3140021834281967e-06,-0.0001095519231856077,0.00010607369834679226,-0.0001095519231856077,0.00010607369834679226
570,28.5,-3.88116628879942e-06,-7.244665565648961e-07,-3.156699732234524e-06,-0.00011075910094850875,0.00010687793465970933,-0.00011075910094850875,0.00010687793465970933
571,28.55,-2.46720886698526e-06,-6.323192311860143e-06,3.855983444874883e-06,-0.00011602233744384414,0.00011355512857685888,-0.00011602233744384414,0.00011355512857685888
572,28.6,-2.2379935737948387e-06,-3.6567447299770316e-07,-1.8723191007971356e-06,-0.00010713935736105244,0.0001049013637872576,-0.00010713935736105244,0.0001049013637872576
573,28.650000000000002,-1.391470459077837e-06,-4.5208127662000945e-06,3.1293423071222574e-06,-0.00011420802913996445,0.00011281655868088661,-0.00011420802913996445,0.00011281655868088661
574,28.700000000000003,-4.021364446993303e-06,-2.3805376993768094e-06,-1.6408267476164936e-06,-0.00011249208935599846,0.00010847072490900516,-0.00011249208935599846,0.00010847072490900516
575,28.75,-1.4805081007818188e-06,-4.950237359994314e-06,3.4697292592124955e-06,-0.00011313648804994393,0.00011165597994916211,-0.00011313648804994393,0.00011165597994916211
576,28.8,-3.6290305924779886e-06,-1.197421782854562e-06,-2.4316088096234266e-06,-0.00011289394935057376,0.00010926491875809577,-0.00011289394935057376,0.00010926491875809577
577,28.85,-3.637174805115606e-06,-5.690857568113269e-07,-3.068089048304279e-06,-0.00010916902239655156,0.00010553184759143595,-0.00010916902239655156,0.00010553184759143595
578,28.900000000000002,-2.4049930853475843e-06,-4.408060278118641e-06,2.0030671927710566e-06,-0.00011415461026022972,0.00011174961717488214,-0.00011415461026022972,0.00011174961717488214
579,28.950000000000003,-8.210455262336325e-07,-7.200224189420818e-07,-1.0102310729155068e-07,-0.00010909729781027274,0.00010827625228403911,-0.00010909729781027274,0.00010827625228403911
580,29.0,-6.040181534050504e-06,-5.417445804205992e-06,-6.227357298445116e-07,-0.00011370818748161444,0.00010766800594756393,-0.00011370818748161444,0.00010766800594756393
581,29.05,-2.426813309863718e-06,-1.1156468318641347e-06,-1.3111664779995832e-06,-0.00011103640986210812,0.0001086095965522444,-0.00011103640986210812,0.0001086095965522444
582,29.1,-5.861886905655922e-06,-5.8611058553140996e-06,-7.81050341822404e-10,-0.00011624119067231594,0.00011037930376666001,-0.00011624119067231594,0.00011037930376666001
583,29.150000000000002,-5.529346927657386e-06,-2.351959011605533e-06,-3.177387916051853e-06,-0.00010906133986546795,0.00010353199293781057,-0.00010906133986546795,0.00010353199293781057
584,29.200000000000003,-3.461238128110722e-06,-3.81072209922662e-07,-3.08016591818806e-06,-0.00011290798432322777,0.00010944674619511704,-0.00011290798432322777,0.00010944674619511704
585,29.25,-5.4478545590264105e-06,-4.95450417636304e-06,-4.933503826633708e-07,-0.00011033829890427733,0.00010489044434525092,-0.00011033829890427733,0.00010489044434525092
586,29.3,-3.448851423115684e-06,-6.091823527532426e-07,-2.8396690703624415e-06,-0.00011135845427793761,0.00010790960285482193,-0.00011135845427793761,0.00010790960285482193
587,29.35,-1.138983129878035e-05,-5.510363378313231e-06,-5.87946792046712e-06,-0.00011582399198450179,0.00010443416068572144,-0.00011582399198450179,0.00010443416068572144
588,29.400000000000002,-3.180619385201311e-06,-9.364771767005243e-07,-2.2441422085007867e-06,-0.00011075899123099167,0.00010757837184579036,-0.00011075899123099167,0.00010757837184579036
589,29.450000000000003,-4.31882894469382e-06,-1.4751360319504299e-06,-2.84369291274339e-06,-0.00011220690994489072,0.0001078880810001969,-0.00011220690994489072,0.0001078880810001969
590,29.5,-3.186666460930354e-06,-4.8465672463166305e-06,1.6599007853862764e-06,-0.00011016733454807166,0.00010698066808714131,-0.00011016733454807166,0.00010698066808714131
591,29.55,-5.346475680845231e-06,-7.113955995945637e-07,-4.6350800812506675e-06,-0.0001131445333068966,0.00010779805762605136,-0.0001131445333068966,0.00010779805762605136
592,29.6,-5.773096161565405e-06,-5.6481230482496705e-06,-1.2497311331573476e-07,-0.00011321114052451676,0.00010743804436295135,-0.00011321114052451676,0.00010743804436295135
593,29.650000000000002,-2.9884461354434677e-06,-4.856960222574745e-07,-2.502750113185993e-06,-0.00011118189921963717,0.0001081934530841937,-0.00011118189921963717,0.0001081934530841937
594,29.700000000000003,-3.046010588425574e-06,-5.543846198593497e-07,-2.4916259685662243e-06,-0.00011028654261360221,0.00010724053202517664,-0.00011028654261360221,0.00010724053202517664
595,29.75,-2.425879733758407e-06,-6.178409094705216e-06,3.752529360946809e-06,-0.00011573363761010637,0.00011330775787634796,-0.00011573363761010637,0.00011330775787634796
596,29.8,-4.470272069623249e-06,-7.336944355305948e-07,-3.7365776340926543e-06,-0.00010864813163767066,0.00010417785956804741,-0.00010864813163767066,0.00010417785956804741
597,29.85,-9.070675988098742e-08,-5.2190604593467105e-06,5.128353699465723e-06,-0.0001221482282486029,0.0001220575214887219,-0.0001221482282486029,0.0001220575214887219
598,29.900000000000002,-6.229524948109244e-06,-1.4402226503514776e-06,-4.789302297757767e-06,-0.00011007330512360413,0.00010384378017549489,-0.00011007330512360413,0.00010384378017549489
599,29.950000000000003,-5.312117147937556e-06,-7.816591551816073e-07,-4.530457992755949e-06,-0.00011314078470055068,0.00010782866755261312,-0.00011314078470055068,0.00010782866755261312
