time,kind,id,x,y
0.0000,agent,agent_00,0.200000,0.444444
0.0000,agent,agent_01,0.200000,1.333333
0.0000,agent,agent_02,0.200000,2.222222
0.0000,agent,agent_03,0.200000,3.111111
0.0000,agent,agent_04,0.200000,4.000000
0.0000,agent,agent_05,0.200000,4.888889
0.0000,agent,agent_06,0.200000,5.777778
0.0000,agent,agent_07,0.200000,6.666667
0.0000,agent,agent_08,0.200000,7.555556
0.0000,agent,agent_09,7.800000,0.444444
0.0000,agent,agent_10,7.800000,1.333333
0.0000,agent,agent_11,7.800000,2.222222
0.0000,agent,agent_12,7.800000,3.111111
0.0000,agent,agent_13,7.800000,4.000000
0.0000,agent,agent_14,7.800000,4.888889
0.0000,agent,agent_15,7.800000,5.777778
0.0000,agent,agent_16,7.800000,6.666667
0.0000,agent,agent_17,7.800000,7.555556
0.0000,cargo,cargo_0,4.000000,4.000000
0.0500,agent,agent_00,0.215000,0.444444
0.0500,agent,agent_01,0.215000,1.333333
0.0500,agent,agent_02,0.215000,2.222222
0.0500,agent,agent_03,0.215000,3.111111
0.0500,agent,agent_04,0.215000,4.000000
0.0500,agent,agent_05,0.215000,4.888889
0.0500,agent,agent_06,0.215000,5.777778
0.0500,agent,agent_07,0.215000,6.666667
0.0500,agent,agent_08,0.215000,7.555556
0.0500,agent,agent_09,7.785000,0.444444
0.0500,agent,agent_10,7.785000,1.333333
0.0500,agent,agent_11,7.785000,2.222222
0.0500,agent,agent_12,7.785000,3.111111
0.0500,agent,agent_13,7.785000,4.000000
0.0500,agent,agent_14,7.785000,4.888889
0.0500,agent,agent_15,7.785000,5.777778
0.0500,agent,agent_16,7.785000,6.666667
0.0500,agent,agent_17,7.785000,7.555556
0.0500,cargo,cargo_0,4.000000,4.000000
0.1000,agent,agent_00,0.230000,0.444444
0.1000,agent,agent_01,0.230000,1.333333
0.1000,agent,agent_02,0.230000,2.222222
0.1000,agent,agent_03,0.230000,3.111111
0.1000,agent,agent_04,0.230000,4.000000
0.1000,agent,agent_05,0.230000,4.888889
0.1000,agent,agent_06,0.230000,5.777778
0.1000,agent,agent_07,0.230000,6.666667
0.1000,agent,agent_08,0.230000,7.555556
0.1000,agent,agent_09,7.770000,0.444444
0.1000,agent,agent_10,7.770000,1.333333
0.1000,agent,agent_11,7.770000,2.222222
0.1000,agent,agent_12,7.770000,3.111111
0.1000,agent,agent_13,7.770000,4.000000
0.1000,agent,agent_14,7.770000,4.888889
0.1000,agent,agent_15,7.770000,5.777778
0.1000,agent,agent_16,7.770000,6.666667
0.1000,agent,agent_17,7.770000,7.555556
0.1000,cargo,cargo_0,4.000000,4.000000
0.1500,agent,agent_00,0.245000,0.444444
0.1500,agent,agent_01,0.245000,1.333333
0.1500,agent,agent_02,0.245000,2.222222
0.1500,agent,agent_03,0.245000,3.111111
0.1500,agent,agent_04,0.245000,4.000000
0.1500,agent,agent_05,0.245000,4.888889
0.1500,agent,agent_06,0.245000,5.777778
0.1500,agent,agent_07,0.245000,6.666667
0.1500,agent,agent_08,0.245000,7.555556
0.1500,agent,agent_09,7.755000,0.444444
0.1500,agent,agent_10,7.755000,1.333333
0.1500,agent,agent_11,7.755000,2.222222
0.1500,agent,agent_12,7.755000,3.111111
0.1500,agent,agent_13,7.755000,4.000000
0.1500,agent,agent_14,7.755000,4.888889
0.1500,agent,agent_15,7.755000,5.777778
0.1500,agent,agent_16,7.755000,6.666667
0.1500,agent,agent_17,7.755000,7.555556
0.1500,cargo,cargo_0,4.000000,4.000000
0.2000,agent,agent_00,0.260000,0.444444
0.2000,agent,agent_01,0.260000,1.333333
0.2000,agent,agent_02,0.260000,2.222222
0.2000,agent,agent_03,0.260000,3.111111
0.2000,agent,agent_04,0.260000,4.000000
0.2000,agent,agent_05,0.260000,4.888889
0.2000,agent,agent_06,0.260000,5.777778
0.2000,agent,agent_07,0.260000,6.666667
0.2000,agent,agent_08,0.260000,7.555556
0.2000,agent,agent_09,7.740000,0.444444
0.2000,agent,agent_10,7.740000,1.333333
0.2000,agent,agent_11,7.740000,2.222222
0.2000,agent,agent_12,7.740000,3.111111
0.2000,agent,agent_13,7.740000,4.000000
0.2000,agent,agent_14,7.740000,4.888889
0.2000,agent,agent_15,7.740000,5.777778
0.2000,agent,agent_16,7.740000,6.666667
0.2000,agent,agent_17,7.740000,7.555556
0.2000,cargo,cargo_0,4.000000,4.000000
0.2500,agent,agent_00,0.275000,0.444444
0.2500,agent,agent_01,0.275000,1.333333
0.2500,agent,agent_02,0.275000,2.222222
0.2500,agent,agent_03,0.275000,3.111111
0.2500,agent,agent_04,0.275000,4.000000
0.2500,agent,agent_05,0.275000,4.888889
0.2500,agent,agent_06,0.275000,5.777778
0.2500,agent,agent_07,0.275000,6.666667
0.2500,agent,agent_08,0.275000,7.555556
0.2500,agent,agent_09,7.725000,0.444444
0.2500,agent,agent_10,7.725000,1.333333
0.2500,agent,agent_11,7.725000,2.222222
0.2500,agent,agent_12,7.725000,3.111111
0.2500,agent,agent_13,7.725000,4.000000
0.2500,agent,agent_14,7.725000,4.888889
0.2500,agent,agent_15,7.725000,5.777778
0.2500,agent,agent_16,7.725000,6.666667
0.2500,agent,agent_17,7.725000,7.555556
0.2500,cargo,cargo_0,4.000000,4.000000
0.3000,agent,agent_00,0.290000,0.444444
0.3000,agent,agent_01,0.290000,1.333333
0.3000,agent,agent_02,0.290000,2.222222
0.3000,agent,agent_03,0.290000,3.111111
0.3000,agent,agent_04,0.290000,4.000000
0.3000,agent,agent_05,0.290000,4.888889
0.3000,agent,agent_06,0.290000,5.777778
0.3000,agent,agent_07,0.290000,6.666667
0.3000,agent,agent_08,0.290000,7.555556
0.3000,agent,agent_09,7.710000,0.444444
0.3000,agent,agent_10,7.710000,1.333333
0.3000,agent,agent_11,7.710000,2.222222
0.3000,agent,agent_12,7.710000,3.111111
0.3000,agent,agent_13,7.710000,4.000000
0.3000,agent,agent_14,7.710000,4.888889
0.3000,agent,agent_15,7.710000,5.777778
0.3000,agent,agent_16,7.710000,6.666667
0.3000,agent,agent_17,7.710000,7.555556
0.3000,cargo,cargo_0,4.000000,4.000000
0.3500,agent,agent_00,0.305000,0.444444
0.3500,agent,agent_01,0.305000,1.333333
0.3500,agent,agent_02,0.305000,2.222222
0.3500,agent,agent_03,0.305000,3.111111
0.3500,agent,agent_04,0.305000,4.000000
0.3500,agent,agent_05,0.305000,4.888889
0.3500,agent,agent_06,0.305000,5.777778
0.3500,agent,agent_07,0.305000,6.666667
0.3500,agent,agent_08,0.305000,7.555556
0.3500,agent,agent_09,7.695000,0.444444
0.3500,agent,agent_10,7.695000,1.333333
0.3500,agent,agent_11,7.695000,2.222222
0.3500,agent,agent_12,7.695000,3.111111
0.3500,agent,agent_13,7.695000,4.000000
0.3500,agent,agent_14,7.695000,4.888889
0.3500,agent,agent_15,7.695000,5.777778
0.3500,agent,agent_16,7.695000,6.666667
0.3500,agent,agent_17,7.695000,7.555556
0.3500,cargo,cargo_0,4.000000,4.000000
0.4000,agent,agent_00,0.320000,0.444444
0.4000,agent,agent_01,0.320000,1.333333
0.4000,agent,agent_02,0.320000,2.222222
0.4000,agent,agent_03,0.320000,3.111111
0.4000,agent,agent_04,0.320000,4.000000
0.4000,agent,agent_05,0.320000,4.888889
0.4000,agent,agent_06,0.320000,5.777778
0.4000,agent,agent_07,0.320000,6.666667
0.4000,agent,agent_08,0.320000,7.555556
0.4000,agent,agent_09,7.680000,0.444444
0.4000,agent,agent_10,7.680000,1.333333
0.4000,agent,agent_11,7.680000,2.222222
0.4000,agent,agent_12,7.680000,3.111111
0.4000,agent,agent_13,7.680000,4.000000
0.4000,agent,agent_14,7.680000,4.888889
0.4000,agent,agent_15,7.680000,5.777778
0.4000,agent,agent_16,7.680000,6.666667
0.4000,agent,agent_17,7.680000,7.555556
0.4000,cargo,cargo_0,4.000000,4.000000
0.4500,agent,agent_00,0.335000,0.444444
0.4500,agent,agent_01,0.335000,1.333333
0.4500,agent,agent_02,0.335000,2.222222
0.4500,agent,agent_03,0.335000,3.111111
0.4500,agent,agent_04,0.335000,4.000000
0.4500,agent,agent_05,0.335000,4.888889
0.4500,agent,agent_06,0.335000,5.777778
0.4500,agent,agent_07,0.335000,6.666667
0.4500,agent,agent_08,0.335000,7.555556
0.4500,agent,agent_09,7.665000,0.444444
0.4500,agent,agent_10,7.665000,1.333333
0.4500,agent,agent_11,7.665000,2.222222
0.4500,agent,agent_12,7.665000,3.111111
0.4500,agent,agent_13,7.665000,4.000000
0.4500,agent,agent_14,7.665000,4.888889
0.4500,agent,agent_15,7.665000,5.777778
0.4500,agent,agent_16,7.665000,6.666667
0.4500,agent,agent_17,7.665000,7.555556
0.4500,cargo,cargo_0,4.000000,4.000000
0.5000,agent,agent_00,0.350000,0.444444
0.5000,agent,agent_01,0.350000,1.333333
0.5000,agent,agent_02,0.350000,2.222222
0.5000,agent,agent_03,0.350000,3.111111
0.5000,agent,agent_04,0.350000,4.000000
0.5000,agent,agent_05,0.350000,4.888889
0.5000,agent,agent_06,0.350000,5.777778
0.5000,agent,agent_07,0.350000,6.666667
0.5000,agent,agent_08,0.350000,7.555556
0.5000,agent,agent_09,7.650000,0.444444
0.5000,agent,agent_10,7.650000,1.333333
0.5000,agent,agent_11,7.650000,2.222222
0.5000,agent,agent_12,7.650000,3.111111
0.5000,agent,agent_13,7.650000,4.000000
0.5000,agent,agent_14,7.650000,4.888889
0.5000,agent,agent_15,7.650000,5.777778
0.5000,agent,agent_16,7.650000,6.666667
0.5000,agent,agent_17,7.650000,7.555556
0.5000,cargo,cargo_0,4.000000,4.000000
0.5500,agent,agent_00,0.365000,0.444444
0.5500,agent,agent_01,0.365000,1.333333
0.5500,agent,agent_02,0.365000,2.222222
0.5500,agent,agent_03,0.365000,3.111111
0.5500,agent,agent_04,0.365000,4.000000
0.5500,agent,agent_05,0.365000,4.888889
0.5500,agent,agent_06,0.365000,5.777778
0.5500,agent,agent_07,0.365000,6.666667
0.5500,agent,agent_08,0.365000,7.555556
0.5500,agent,agent_09,7.635000,0.444444
0.5500,agent,agent_10,7.635000,1.333333
0.5500,agent,agent_11,7.635000,2.222222
0.5500,agent,agent_12,7.635000,3.111111
0.5500,agent,agent_13,7.635000,4.000000
0.5500,agent,agent_14,7.635000,4.888889
0.5500,agent,agent_15,7.635000,5.777778
0.5500,agent,agent_16,7.635000,6.666667
0.5500,agent,agent_17,7.635000,7.555556
0.5500,cargo,cargo_0,4.000000,4.000000
0.6000,agent,agent_00,0.380000,0.444444
0.6000,agent,agent_01,0.380000,1.333333
0.6000,agent,agent_02,0.380000,2.222222
0.6000,agent,agent_03,0.380000,3.111111
0.6000,agent,agent_04,0.380000,4.000000
0.6000,agent,agent_05,0.380000,4.888889
0.6000,agent,agent_06,0.380000,5.777778
0.6000,agent,agent_07,0.380000,6.666667
0.6000,agent,agent_08,0.380000,7.555556
0.6000,agent,agent_09,7.620000,0.444444
0.6000,agent,agent_10,7.620000,1.333333
0.6000,agent,agent_11,7.620000,2.222222
0.6000,agent,agent_12,7.620000,3.111111
0.6000,agent,agent_13,7.620000,4.000000
0.6000,agent,agent_14,7.620000,4.888889
0.6000,agent,agent_15,7.620000,5.777778
0.6000,agent,agent_16,7.620000,6.666667
0.6000,agent,agent_17,7.620000,7.555556
0.6000,cargo,cargo_0,4.000000,4.000000
0.6500,agent,agent_00,0.395000,0.444444
0.6500,agent,agent_01,0.395000,1.333333
0.6500,agent,agent_02,0.395000,2.222222
0.6500,agent,agent_03,0.395000,3.111111
0.6500,agent,agent_04,0.395000,4.000000
0.6500,agent,agent_05,0.395000,4.888889
0.6500,agent,agent_06,0.395000,5.777778
0.6500,agent,agent_07,0.395000,6.666667
0.6500,agent,agent_08,0.395000,7.555556
0.6500,agent,agent_09,7.605000,0.444444
0.6500,agent,agent_10,7.605000,1.333333
0.6500,agent,agent_11,7.605000,2.222222
0.6500,agent,agent_12,7.605000,3.111111
0.6500,agent,agent_13,7.605000,4.000000
0.6500,agent,agent_14,7.605000,4.888889
0.6500,agent,agent_15,7.605000,5.777778
0.6500,agent,agent_16,7.605000,6.666667
0.6500,agent,agent_17,7.605000,7.555556
0.6500,cargo,cargo_0,4.000000,4.000000
0.7000,agent,agent_00,0.410000,0.444444
0.7000,agent,agent_01,0.410000,1.333333
0.7000,agent,agent_02,0.410000,2.222222
0.7000,agent,agent_03,0.410000,3.111111
0.7000,agent,agent_04,0.410000,4.000000
0.7000,agent,agent_05,0.410000,4.888889
0.7000,agent,agent_06,0.410000,5.777778
0.7000,agent,agent_07,0.410000,6.666667
0.7000,agent,agent_08,0.410000,7.555556
0.7000,agent,agent_09,7.590000,0.444444
0.7000,agent,agent_10,7.590000,1.333333
0.7000,agent,agent_11,7.590000,2.222222
0.7000,agent,agent_12,7.590000,3.111111
0.7000,agent,agent_13,7.590000,4.000000
0.7000,agent,agent_14,7.590000,4.888889
0.7000,agent,agent_15,7.590000,5.777778
0.7000,agent,agent_16,7.590000,6.666667
0.7000,agent,agent_17,7.590000,7.555556
0.7000,cargo,cargo_0,4.000000,4.000000
0.7500,agent,agent_00,0.425000,0.444444
0.7500,agent,agent_01,0.425000,1.333333
0.7500,agent,agent_02,0.425000,2.222222
0.7500,agent,agent_03,0.425000,3.111111
0.7500,agent,agent_04,0.425000,4.000000
0.7500,agent,agent_05,0.425000,4.888889
0.7500,agent,agent_06,0.425000,5.777778
0.7500,agent,agent_07,0.425000,6.666667
0.7500,agent,agent_08,0.425000,7.555556
0.7500,agent,agent_09,7.575000,0.444444
0.7500,agent,agent_10,7.575000,1.333333
0.7500,agent,agent_11,7.575000,2.222222
0.7500,agent,agent_12,7.575000,3.111111
0.7500,agent,agent_13,7.575000,4.000000
0.7500,agent,agent_14,7.575000,4.888889
0.7500,agent,agent_15,7.575000,5.777778
0.7500,agent,agent_16,7.575000,6.666667
0.7500,agent,agent_17,7.575000,7.555556
0.7500,cargo,cargo_0,4.000000,4.000000
0.8000,agent,agent_00,0.440000,0.444444
0.8000,agent,agent_01,0.440000,1.333333
0.8000,agent,agent_02,0.440000,2.222222
0.8000,agent,agent_03,0.440000,3.111111
0.8000,agent,agent_04,0.440000,4.000000
0.8000,agent,agent_05,0.440000,4.888889
0.8000,agent,agent_06,0.440000,5.777778
0.8000,agent,agent_07,0.440000,6.666667
0.8000,agent,agent_08,0.440000,7.555556
0.8000,agent,agent_09,7.560000,0.444444
0.8000,agent,agent_10,7.560000,1.333333
0.8000,agent,agent_11,7.560000,2.222222
0.8000,agent,agent_12,7.560000,3.111111
0.8000,agent,agent_13,7.560000,4.000000
0.8000,agent,agent_14,7.560000,4.888889
0.8000,agent,agent_15,7.560000,5.777778
0.8000,agent,agent_16,7.560000,6.666667
0.8000,agent,agent_17,7.560000,7.555556
0.8000,cargo,cargo_0,4.000000,4.000000
0.8500,agent,agent_00,0.455000,0.444444
0.8500,agent,agent_01,0.455000,1.333333
0.8500,agent,agent_02,0.455000,2.222222
0.8500,agent,agent_03,0.455000,3.111111
0.8500,agent,agent_04,0.455000,4.000000
0.8500,agent,agent_05,0.455000,4.888889
0.8500,agent,agent_06,0.455000,5.777778
0.8500,agent,agent_07,0.455000,6.666667
0.8500,agent,agent_08,0.455000,7.555556
0.8500,agent,agent_09,7.545000,0.444444
0.8500,agent,agent_10,7.545000,1.333333
0.8500,agent,agent_11,7.545000,2.222222
0.8500,agent,agent_12,7.545000,3.111111
0.8500,agent,agent_13,7.545000,4.000000
0.8500,agent,agent_14,7.545000,4.888889
0.8500,agent,agent_15,7.545000,5.777778
0.8500,agent,agent_16,7.545000,6.666667
0.8500,agent,agent_17,7.545000,7.555556
0.8500,cargo,cargo_0,4.000000,4.000000
0.9000,agent,agent_00,0.470000,0.444444
0.9000,agent,agent_01,0.470000,1.333333
0.9000,agent,agent_02,0.470000,2.222222
0.9000,agent,agent_03,0.470000,3.111111
0.9000,agent,agent_04,0.470000,4.000000
0.9000,agent,agent_05,0.470000,4.888889
0.9000,agent,agent_06,0.470000,5.777778
0.9000,agent,agent_07,0.470000,6.666667
0.9000,agent,agent_08,0.470000,7.555556
0.9000,agent,agent_09,7.530000,0.444444
0.9000,agent,agent_10,7.530000,1.333333
0.9000,agent,agent_11,7.530000,2.222222
0.9000,agent,agent_12,7.530000,3.111111
0.9000,agent,agent_13,7.530000,4.000000
0.9000,agent,agent_14,7.530000,4.888889
0.9000,agent,agent_15,7.530000,5.777778
0.9000,agent,agent_16,7.530000,6.666667
0.9000,agent,agent_17,7.530000,7.555556
0.9000,cargo,cargo_0,4.000000,4.000000
0.9500,agent,agent_00,0.485000,0.444444
0.9500,agent,agent_01,0.485000,1.333333
0.9500,agent,agent_02,0.485000,2.222222
0.9500,agent,agent_03,0.485000,3.111111
0.9500,agent,agent_04,0.485000,4.000000
0.9500,agent,agent_05,0.485000,4.888889
0.9500,agent,agent_06,0.485000,5.777778
0.9500,agent,agent_07,0.485000,6.666667
0.9500,agent,agent_08,0.485000,7.555556
0.9500,agent,agent_09,7.515000,0.444444
0.9500,agent,agent_10,7.515000,1.333333
0.9500,agent,agent_11,7.515000,2.222222
0.9500,agent,agent_12,7.515000,3.111111
0.9500,agent,agent_13,7.515000,4.000000
0.9500,agent,agent_14,7.515000,4.888889
0.9500,agent,agent_15,7.515000,5.777778
0.9500,agent,agent_16,7.515000,6.666667
0.9500,agent,agent_17,7.515000,7.555556
0.9500,cargo,cargo_0,4.000000,4.000000
1.0000,agent,agent_00,0.500000,0.444444
1.0000,agent,agent_01,0.500000,1.333333
1.0000,agent,agent_02,0.500000,2.222222
1.0000,agent,agent_03,0.500000,3.111111
1.0000,agent,agent_04,0.500000,4.000000
1.0000,agent,agent_05,0.500000,4.888889
1.0000,agent,agent_06,0.500000,5.777778
1.0000,agent,agent_07,0.500000,6.666667
1.0000,agent,agent_08,0.500000,7.555556
1.0000,agent,agent_09,7.500000,0.444444
1.0000,agent,agent_10,7.500000,1.333333
1.0000,agent,agent_11,7.500000,2.222222
1.0000,agent,agent_12,7.500000,3.111111
1.0000,agent,agent_13,7.500000,4.000000
1.0000,agent,agent_14,7.500000,4.888889
1.0000,agent,agent_15,7.500000,5.777778
1.0000,agent,agent_16,7.500000,6.666667
1.0000,agent,agent_17,7.500000,7.555556
1.0000,cargo,cargo_0,4.000000,4.000000
1.0500,agent,agent_00,0.515000,0.444444
1.0500,agent,agent_01,0.515000,1.333333
1.0500,agent,agent_02,0.515000,2.222222
1.0500,agent,agent_03,0.515000,3.111111
1.0500,agent,agent_04,0.515000,4.000000
1.0500,agent,agent_05,0.515000,4.888889
1.0500,agent,agent_06,0.515000,5.777778
1.0500,agent,agent_07,0.515000,6.666667
1.0500,agent,agent_08,0.515000,7.555556
1.0500,agent,agent_09,7.485000,0.444444
1.0500,agent,agent_10,7.485000,1.333333
1.0500,agent,agent_11,7.485000,2.222222
1.0500,agent,agent_12,7.485000,3.111111
1.0500,agent,agent_13,7.485000,4.000000
1.0500,agent,agent_14,7.485000,4.888889
1.0500,agent,agent_15,7.485000,5.777778
1.0500,agent,agent_16,7.485000,6.666667
1.0500,agent,agent_17,7.485000,7.555556
1.0500,cargo,cargo_0,4.000000,4.000000
1.1000,agent,agent_00,0.530000,0.444444
1.1000,agent,agent_01,0.530000,1.333333
1.1000,agent,agent_02,0.530000,2.222222
1.1000,agent,agent_03,0.530000,3.111111
1.1000,agent,agent_04,0.530000,4.000000
1.1000,agent,agent_05,0.530000,4.888889
1.1000,agent,agent_06,0.530000,5.777778
1.1000,agent,agent_07,0.530000,6.666667
1.1000,agent,agent_08,0.530000,7.555556
1.1000,agent,agent_09,7.470000,0.444444
1.1000,agent,agent_10,7.470000,1.333333
1.1000,agent,agent_11,7.470000,2.222222
1.1000,agent,agent_12,7.470000,3.111111
1.1000,agent,agent_13,7.470000,4.000000
1.1000,agent,agent_14,7.470000,4.888889
1.1000,agent,agent_15,7.470000,5.777778
1.1000,agent,agent_16,7.470000,6.666667
1.1000,agent,agent_17,7.470000,7.555556
1.1000,cargo,cargo_0,4.000000,4.000000
1.1500,agent,agent_00,0.545000,0.444444
1.1500,agent,agent_01,0.545000,1.333333
1.1500,agent,agent_02,0.545000,2.222222
1.1500,agent,agent_03,0.545000,3.111111
1.1500,agent,agent_04,0.545000,4.000000
1.1500,agent,agent_05,0.545000,4.888889
1.1500,agent,agent_06,0.545000,5.777778
1.1500,agent,agent_07,0.545000,6.666667
1.1500,agent,agent_08,0.545000,7.555556
1.1500,agent,agent_09,7.455000,0.444444
1.1500,agent,agent_10,7.455000,1.333333
1.1500,agent,agent_11,7.455000,2.222222
1.1500,agent,agent_12,7.455000,3.111111
1.1500,agent,agent_13,7.455000,4.000000
1.1500,agent,agent_14,7.455000,4.888889
1.1500,agent,agent_15,7.455000,5.777778
1.1500,agent,agent_16,7.455000,6.666667
1.1500,agent,agent_17,7.455000,7.555556
1.1500,cargo,cargo_0,4.000000,4.000000
1.2000,agent,agent_00,0.560000,0.444444
1.2000,agent,agent_01,0.560000,1.333333
1.2000,agent,agent_02,0.560000,2.222222
1.2000,agent,agent_03,0.560000,3.111111
1.2000,agent,agent_04,0.560000,4.000000
1.2000,agent,agent_05,0.560000,4.888889
1.2000,agent,agent_06,0.560000,5.777778
1.2000,agent,agent_07,0.560000,6.666667
1.2000,agent,agent_08,0.560000,7.555556
1.2000,agent,agent_09,7.440000,0.444444
1.2000,agent,agent_10,7.440000,1.333333
1.2000,agent,agent_11,7.440000,2.222222
1.2000,agent,agent_12,7.440000,3.111111
1.2000,agent,agent_13,7.440000,4.000000
1.2000,agent,agent_14,7.440000,4.888889
1.2000,agent,agent_15,7.440000,5.777778
1.2000,agent,agent_16,7.440000,6.666667
1.2000,agent,agent_17,7.440000,7.555556
1.2000,cargo,cargo_0,4.000000,4.000000
1.2500,agent,agent_00,0.575000,0.444444
1.2500,agent,agent_01,0.575000,1.333333
1.2500,agent,agent_02,0.575000,2.222222
1.2500,agent,agent_03,0.575000,3.111111
1.2500,agent,agent_04,0.575000,4.000000
1.2500,agent,agent_05,0.575000,4.888889
1.2500,agent,agent_06,0.575000,5.777778
1.2500,agent,agent_07,0.575000,6.666667
1.2500,agent,agent_08,0.575000,7.555556
1.2500,agent,agent_09,7.425000,0.444444
1.2500,agent,agent_10,7.425000,1.333333
1.2500,agent,agent_11,7.425000,2.222222
1.2500,agent,agent_12,7.425000,3.111111
1.2500,agent,agent_13,7.425000,4.000000
1.2500,agent,agent_14,7.425000,4.888889
1.2500,agent,agent_15,7.425000,5.777778
1.2500,agent,agent_16,7.425000,6.666667
1.2500,agent,agent_17,7.425000,7.555556
1.2500,cargo,cargo_0,4.000000,4.000000
1.3000,agent,agent_00,0.590000,0.444444
1.3000,agent,agent_01,0.590000,1.333333
1.3000,agent,agent_02,0.590000,2.222222
1.3000,agent,agent_03,0.590000,3.111111
1.3000,agent,agent_04,0.590000,4.000000
1.3000,agent,agent_05,0.590000,4.888889
1.3000,agent,agent_06,0.590000,5.777778
1.3000,agent,agent_07,0.590000,6.666667
1.3000,agent,agent_08,0.590000,7.555556
1.3000,agent,agent_09,7.410000,0.444444
1.3000,agent,agent_10,7.410000,1.333333
1.3000,agent,agent_11,7.410000,2.222222
1.3000,agent,agent_12,7.410000,3.111111
1.3000,agent,agent_13,7.410000,4.000000
1.3000,agent,agent_14,7.410000,4.888889
1.3000,agent,agent_15,7.410000,5.777778
1.3000,agent,agent_16,7.410000,6.666667
1.3000,agent,agent_17,7.410000,7.555556
1.3000,cargo,cargo_0,4.000000,4.000000
1.3500,agent,agent_00,0.605000,0.444444
1.3500,agent,agent_01,0.605000,1.333333
1.3500,agent,agent_02,0.605000,2.222222
1.3500,agent,agent_03,0.605000,3.111111
1.3500,agent,agent_04,0.605000,4.000000
1.3500,agent,agent_05,0.605000,4.888889
1.3500,agent,agent_06,0.605000,5.777778
1.3500,agent,agent_07,0.605000,6.666667
1.3500,agent,agent_08,0.605000,7.555556
1.3500,agent,agent_09,7.395000,0.444444
1.3500,agent,agent_10,7.395000,1.333333
1.3500,agent,agent_11,7.395000,2.222222
1.3500,agent,agent_12,7.395000,3.111111
1.3500,agent,agent_13,7.395000,4.000000
1.3500,agent,agent_14,7.395000,4.888889
1.3500,agent,agent_15,7.395000,5.777778
1.3500,agent,agent_16,7.395000,6.666667
1.3500,agent,agent_17,7.395000,7.555556
1.3500,cargo,cargo_0,4.000000,4.000000
1.4000,agent,agent_00,0.620000,0.444444
1.4000,agent,agent_01,0.620000,1.333333
1.4000,agent,agent_02,0.620000,2.222222
1.4000,agent,agent_03,0.620000,3.111111
1.4000,agent,agent_04,0.620000,4.000000
1.4000,agent,agent_05,0.620000,4.888889
1.4000,agent,agent_06,0.620000,5.777778
1.4000,agent,agent_07,0.620000,6.666667
1.4000,agent,agent_08,0.620000,7.555556
1.4000,agent,agent_09,7.380000,0.444444
1.4000,agent,agent_10,7.380000,1.333333
1.4000,agent,agent_11,7.380000,2.222222
1.4000,agent,agent_12,7.380000,3.111111
1.4000,agent,agent_13,7.380000,4.000000
1.4000,agent,agent_14,7.380000,4.888889
1.4000,agent,agent_15,7.380000,5.777778
1.4000,agent,agent_16,7.380000,6.666667
1.4000,agent,agent_17,7.380000,7.555556
1.4000,cargo,cargo_0,4.000000,4.000000
1.4500,agent,agent_00,0.635000,0.444444
1.4500,agent,agent_01,0.635000,1.333333
1.4500,agent,agent_02,0.635000,2.222222
1.4500,agent,agent_03,0.635000,3.111111
1.4500,agent,agent_04,0.635000,4.000000
1.4500,agent,agent_05,0.635000,4.888889
1.4500,agent,agent_06,0.635000,5.777778
1.4500,agent,agent_07,0.635000,6.666667
1.4500,agent,agent_08,0.635000,7.555556
1.4500,agent,agent_09,7.365000,0.444444
1.4500,agent,agent_10,7.365000,1.333333
1.4500,agent,agent_11,7.365000,2.222222
1.4500,agent,agent_12,7.365000,3.111111
1.4500,agent,agent_13,7.365000,4.000000
1.4500,agent,agent_14,7.365000,4.888889
1.4500,agent,agent_15,7.365000,5.777778
1.4500,agent,agent_16,7.365000,6.666667
1.4500,agent,agent_17,7.365000,7.555556
1.4500,cargo,cargo_0,4.000000,4.000000
1.5000,agent,agent_00,0.650000,0.444444
1.5000,agent,agent_01,0.650000,1.333333
1.5000,agent,agent_02,0.650000,2.222222
1.5000,agent,agent_03,0.650000,3.111111
1.5000,agent,agent_04,0.650000,4.000000
1.5000,agent,agent_05,0.650000,4.888889
1.5000,agent,agent_06,0.650000,5.777778
1.5000,agent,agent_07,0.650000,6.666667
1.5000,agent,agent_08,0.650000,7.555556
1.5000,agent,agent_09,7.350000,0.444444
1.5000,agent,agent_10,7.350000,1.333333
1.5000,agent,agent_11,7.350000,2.222222
1.5000,agent,agent_12,7.350000,3.111111
1.5000,agent,agent_13,7.350000,4.000000
1.5000,agent,agent_14,7.350000,4.888889
1.5000,agent,agent_15,7.350000,5.777778
1.5000,agent,agent_16,7.350000,6.666667
1.5000,agent,agent_17,7.350000,7.555556
1.5000,cargo,cargo_0,4.000000,4.000000
1.5500,agent,agent_00,0.665000,0.444444
1.5500,agent,agent_01,0.665000,1.333333
1.5500,agent,agent_02,0.665000,2.222222
1.5500,agent,agent_03,0.665000,3.111111
1.5500,agent,agent_04,0.665000,4.000000
1.5500,agent,agent_05,0.665000,4.888889
1.5500,agent,agent_06,0.665000,5.777778
1.5500,agent,agent_07,0.665000,6.666667
1.5500,agent,agent_08,0.665000,7.555556
1.5500,agent,agent_09,7.335000,0.444444
1.5500,agent,agent_10,7.335000,1.333333
1.5500,agent,agent_11,7.335000,2.222222
1.5500,agent,agent_12,7.335000,3.111111
1.5500,agent,agent_13,7.335000,4.000000
1.5500,agent,agent_14,7.335000,4.888889
1.5500,agent,agent_15,7.335000,5.777778
1.5500,agent,agent_16,7.335000,6.666667
1.5500,agent,agent_17,7.335000,7.555556
1.5500,cargo,cargo_0,4.000000,4.000000
1.6000,agent,agent_00,0.680000,0.444444
1.6000,agent,agent_01,0.680000,1.333333
1.6000,agent,agent_02,0.680000,2.222222
1.6000,agent,agent_03,0.680000,3.111111
1.6000,agent,agent_04,0.680000,4.000000
1.6000,agent,agent_05,0.680000,4.888889
1.6000,agent,agent_06,0.680000,5.777778
1.6000,agent,agent_07,0.680000,6.666667
1.6000,agent,agent_08,0.680000,7.555556
1.6000,agent,agent_09,7.320000,0.444444
1.6000,agent,agent_10,7.320000,1.333333
1.6000,agent,agent_11,7.320000,2.222222
1.6000,agent,agent_12,7.320000,3.111111
1.6000,agent,agent_13,7.320000,4.000000
1.6000,agent,agent_14,7.320000,4.888889
1.6000,agent,agent_15,7.320000,5.777778
1.6000,agent,agent_16,7.320000,6.666667
1.6000,agent,agent_17,7.320000,7.555556
1.6000,cargo,cargo_0,4.000000,4.000000
1.6500,agent,agent_00,0.695000,0.444444
1.6500,agent,agent_01,0.695000,1.333333
1.6500,agent,agent_02,0.695000,2.222222
1.6500,agent,agent_03,0.695000,3.111111
1.6500,agent,agent_04,0.695000,4.000000
1.6500,agent,agent_05,0.695000,4.888889
1.6500,agent,agent_06,0.695000,5.777778
1.6500,agent,agent_07,0.695000,6.666667
1.6500,agent,agent_08,0.695000,7.555556
1.6500,agent,agent_09,7.305000,0.444444
1.6500,agent,agent_10,7.305000,1.333333
1.6500,agent,agent_11,7.305000,2.222222
1.6500,agent,agent_12,7.305000,3.111111
1.6500,agent,agent_13,7.305000,4.000000
1.6500,agent,agent_14,7.305000,4.888889
1.6500,agent,agent_15,7.305000,5.777778
1.6500,agent,agent_16,7.305000,6.666667
1.6500,agent,agent_17,7.305000,7.555556
1.6500,cargo,cargo_0,4.000000,4.000000
1.7000,agent,agent_00,0.710000,0.444444
1.7000,agent,agent_01,0.710000,1.333333
1.7000,agent,agent_02,0.710000,2.222222
1.7000,agent,agent_03,0.710000,3.111111
1.7000,agent,agent_04,0.710000,4.000000
1.7000,agent,agent_05,0.710000,4.888889
1.7000,agent,agent_06,0.710000,5.777778
1.7000,agent,agent_07,0.710000,6.666667
1.7000,agent,agent_08,0.710000,7.555556
1.7000,agent,agent_09,7.290000,0.444444
1.7000,agent,agent_10,7.290000,1.333333
1.7000,agent,agent_11,7.290000,2.222222
1.7000,agent,agent_12,7.290000,3.111111
1.7000,agent,agent_13,7.290000,4.000000
1.7000,agent,agent_14,7.290000,4.888889
1.7000,agent,agent_15,7.290000,5.777778
1.7000,agent,agent_16,7.290000,6.666667
1.7000,agent,agent_17,7.290000,7.555556
1.7000,cargo,cargo_0,4.000000,4.000000
1.7500,agent,agent_00,0.725000,0.444444
1.7500,agent,agent_01,0.725000,1.333333
1.7500,agent,agent_02,0.725000,2.222222
1.7500,agent,agent_03,0.725000,3.111111
1.7500,agent,agent_04,0.725000,4.000000
1.7500,agent,agent_05,0.725000,4.888889
1.7500,agent,agent_06,0.725000,5.777778
1.7500,agent,agent_07,0.725000,6.666667
1.7500,agent,agent_08,0.725000,7.555556
1.7500,agent,agent_09,7.275000,0.444444
1.7500,agent,agent_10,7.275000,1.333333
1.7500,agent,agent_11,7.275000,2.222222
1.7500,agent,agent_12,7.275000,3.111111
1.7500,agent,agent_13,7.275000,4.000000
1.7500,agent,agent_14,7.275000,4.888889
1.7500,agent,agent_15,7.275000,5.777778
1.7500,agent,agent_16,7.275000,6.666667
1.7500,agent,agent_17,7.275000,7.555556
1.7500,cargo,cargo_0,4.000000,4.000000
1.8000,agent,agent_00,0.740000,0.444444
1.8000,agent,agent_01,0.740000,1.333333
1.8000,agent,agent_02,0.740000,2.222222
1.8000,agent,agent_03,0.740000,3.111111
1.8000,agent,agent_04,0.740000,4.000000
1.8000,agent,agent_05,0.740000,4.888889
1.8000,agent,agent_06,0.740000,5.777778
1.8000,agent,agent_07,0.740000,6.666667
1.8000,agent,agent_08,0.740000,7.555556
1.8000,agent,agent_09,7.260000,0.444444
1.8000,agent,agent_10,7.260000,1.333333
1.8000,agent,agent_11,7.260000,2.222222
1.8000,agent,agent_12,7.260000,3.111111
1.8000,agent,agent_13,7.260000,4.000000
1.8000,agent,agent_14,7.260000,4.888889
1.8000,agent,agent_15,7.260000,5.777778
1.8000,agent,agent_16,7.260000,6.666667
1.8000,agent,agent_17,7.260000,7.555556
1.8000,cargo,cargo_0,4.000000,4.000000
1.8500,agent,agent_00,0.755000,0.444444
1.8500,agent,agent_01,0.755000,1.333333
1.8500,agent,agent_02,0.755000,2.222222
1.8500,agent,agent_03,0.755000,3.111111
1.8500,agent,agent_04,0.755000,4.000000
1.8500,agent,agent_05,0.755000,4.888889
1.8500,agent,agent_06,0.755000,5.777778
1.8500,agent,agent_07,0.755000,6.666667
1.8500,agent,agent_08,0.755000,7.555556
1.8500,agent,agent_09,7.245000,0.444444
1.8500,agent,agent_10,7.245000,1.333333
1.8500,agent,agent_11,7.245000,2.222222
1.8500,agent,agent_12,7.245000,3.111111
1.8500,agent,agent_13,7.245000,4.000000
1.8500,agent,agent_14,7.245000,4.888889
1.8500,agent,agent_15,7.245000,5.777778
1.8500,agent,agent_16,7.245000,6.666667
1.8500,agent,agent_17,7.245000,7.555556
1.8500,cargo,cargo_0,4.000000,4.000000
1.9000,agent,agent_00,0.770000,0.444444
1.9000,agent,agent_01,0.770000,1.333333
1.9000,agent,agent_02,0.770000,2.222222
1.9000,agent,agent_03,0.770000,3.111111
1.9000,agent,agent_04,0.770000,4.000000
1.9000,agent,agent_05,0.770000,4.888889
1.9000,agent,agent_06,0.770000,5.777778
1.9000,agent,agent_07,0.770000,6.666667
1.9000,agent,agent_08,0.770000,7.555556
1.9000,agent,agent_09,7.230000,0.444444
1.9000,agent,agent_10,7.230000,1.333333
1.9000,agent,agent_11,7.230000,2.222222
1.9000,agent,agent_12,7.230000,3.111111
1.9000,agent,agent_13,7.230000,4.000000
1.9000,agent,agent_14,7.230000,4.888889
1.9000,agent,agent_15,7.230000,5.777778
1.9000,agent,agent_16,7.230000,6.666667
1.9000,agent,agent_17,7.230000,7.555556
1.9000,cargo,cargo_0,4.000000,4.000000
1.9500,agent,agent_00,0.785000,0.444444
1.9500,agent,agent_01,0.785000,1.333333
1.9500,agent,agent_02,0.785000,2.222222
1.9500,agent,agent_03,0.785000,3.111111
1.9500,agent,agent_04,0.785000,4.000000
1.9500,agent,agent_05,0.785000,4.888889
1.9500,agent,agent_06,0.785000,5.777778
1.9500,agent,agent_07,0.785000,6.666667
1.9500,agent,agent_08,0.785000,7.555556
1.9500,agent,agent_09,7.215000,0.444444
1.9500,agent,agent_10,7.215000,1.333333
1.9500,agent,agent_11,7.215000,2.222222
1.9500,agent,agent_12,7.215000,3.111111
1.9500,agent,agent_13,7.215000,4.000000
1.9500,agent,agent_14,7.215000,4.888889
1.9500,agent,agent_15,7.215000,5.777778
1.9500,agent,agent_16,7.215000,6.666667
1.9500,agent,agent_17,7.215000,7.555556
1.9500,cargo,cargo_0,4.000000,4.000000
2.0000,agent,agent_00,0.800000,0.444444
2.0000,agent,agent_01,0.800000,1.333333
2.0000,agent,agent_02,0.800000,2.222222
2.0000,agent,agent_03,0.800000,3.111111
2.0000,agent,agent_04,0.800000,4.000000
2.0000,agent,agent_05,0.800000,4.888889
2.0000,agent,agent_06,0.800000,5.777778
2.0000,agent,agent_07,0.800000,6.666667
2.0000,agent,agent_08,0.800000,7.555556
2.0000,agent,agent_09,7.200000,0.444444
2.0000,agent,agent_10,7.200000,1.333333
2.0000,agent,agent_11,7.200000,2.222222
2.0000,agent,agent_12,7.200000,3.111111
2.0000,agent,agent_13,7.200000,4.000000
2.0000,agent,agent_14,7.200000,4.888889
2.0000,agent,agent_15,7.200000,5.777778
2.0000,agent,agent_16,7.200000,6.666667
2.0000,agent,agent_17,7.200000,7.555556
2.0000,cargo,cargo_0,4.000000,4.000000
2.0500,agent,agent_00,0.815000,0.444444
2.0500,agent,agent_01,0.815000,1.333333
2.0500,agent,agent_02,0.815000,2.222222
2.0500,agent,agent_03,0.815000,3.111111
2.0500,agent,agent_04,0.815000,4.000000
2.0500,agent,agent_05,0.815000,4.888889
2.0500,agent,agent_06,0.815000,5.777778
2.0500,agent,agent_07,0.815000,6.666667
2.0500,agent,agent_08,0.815000,7.555556
2.0500,agent,agent_09,7.185000,0.444444
2.0500,agent,agent_10,7.185000,1.333333
2.0500,agent,agent_11,7.185000,2.222222
2.0500,agent,agent_12,7.185000,3.111111
2.0500,agent,agent_13,7.185000,4.000000
2.0500,agent,agent_14,7.185000,4.888889
2.0500,agent,agent_15,7.185000,5.777778
2.0500,agent,agent_16,7.185000,6.666667
2.0500,agent,agent_17,7.185000,7.555556
2.0500,cargo,cargo_0,4.000000,4.000000
2.1000,agent,agent_00,0.830000,0.444444
2.1000,agent,agent_01,0.830000,1.333333
2.1000,agent,agent_02,0.830000,2.222222
2.1000,agent,agent_03,0.830000,3.111111
2.1000,agent,agent_04,0.830000,4.000000
2.1000,agent,agent_05,0.830000,4.888889
2.1000,agent,agent_06,0.830000,5.777778
2.1000,agent,agent_07,0.830000,6.666667
2.1000,agent,agent_08,0.830000,7.555556
2.1000,agent,agent_09,7.170000,0.444444
2.1000,agent,agent_10,7.170000,1.333333
2.1000,agent,agent_11,7.170000,2.222222
2.1000,agent,agent_12,7.170000,3.111111
2.1000,agent,agent_13,7.170000,4.000000
2.1000,agent,agent_14,7.170000,4.888889
2.1000,agent,agent_15,7.170000,5.777778
2.1000,agent,agent_16,7.170000,6.666667
2.1000,agent,agent_17,7.170000,7.555556
2.1000,cargo,cargo_0,4.000000,4.000000
2.1500,agent,agent_00,0.845000,0.444444
2.1500,agent,agent_01,0.845000,1.333333
2.1500,agent,agent_02,0.845000,2.222222
2.1500,agent,agent_03,0.845000,3.111111
2.1500,agent,agent_04,0.845000,4.000000
2.1500,agent,agent_05,0.845000,4.888889
2.1500,agent,agent_06,0.845000,5.777778
2.1500,agent,agent_07,0.845000,6.666667
2.1500,agent,agent_08,0.845000,7.555556
2.1500,agent,agent_09,7.155000,0.444444
2.1500,agent,agent_10,7.155000,1.333333
2.1500,agent,agent_11,7.155000,2.222222
2.1500,agent,agent_12,7.155000,3.111111
2.1500,agent,agent_13,7.155000,4.000000
2.1500,agent,agent_14,7.155000,4.888889
2.1500,agent,agent_15,7.155000,5.777778
2.1500,agent,agent_16,7.155000,6.666667
2.1500,agent,agent_17,7.155000,7.555556
2.1500,cargo,cargo_0,4.000000,4.000000
2.2000,agent,agent_00,0.860000,0.444444
2.2000,agent,agent_01,0.860000,1.333333
2.2000,agent,agent_02,0.860000,2.222222
2.2000,agent,agent_03,0.860000,3.111111
2.2000,agent,agent_04,0.860000,4.000000
2.2000,agent,agent_05,0.860000,4.888889
2.2000,agent,agent_06,0.860000,5.777778
2.2000,agent,agent_07,0.860000,6.666667
2.2000,agent,agent_08,0.860000,7.555556
2.2000,agent,agent_09,7.140000,0.444444
2.2000,agent,agent_10,7.140000,1.333333
2.2000,agent,agent_11,7.140000,2.222222
2.2000,agent,agent_12,7.140000,3.111111
2.2000,agent,agent_13,7.140000,4.000000
2.2000,agent,agent_14,7.140000,4.888889
2.2000,agent,agent_15,7.140000,5.777778
2.2000,agent,agent_16,7.140000,6.666667
2.2000,agent,agent_17,7.140000,7.555556
2.2000,cargo,cargo_0,4.000000,4.000000
2.2500,agent,agent_00,0.875000,0.444444
2.2500,agent,agent_01,0.875000,1.333333
2.2500,agent,agent_02,0.875000,2.222222
2.2500,agent,agent_03,0.875000,3.111111
2.2500,agent,agent_04,0.875000,4.000000
2.2500,agent,agent_05,0.875000,4.888889
2.2500,agent,agent_06,0.875000,5.777778
2.2500,agent,agent_07,0.875000,6.666667
2.2500,agent,agent_08,0.875000,7.555556
2.2500,agent,agent_09,7.125000,0.444444
2.2500,agent,agent_10,7.125000,1.333333
2.2500,agent,agent_11,7.125000,2.222222
2.2500,agent,agent_12,7.125000,3.111111
2.2500,agent,agent_13,7.125000,4.000000
2.2500,agent,agent_14,7.125000,4.888889
2.2500,agent,agent_15,7.125000,5.777778
2.2500,agent,agent_16,7.125000,6.666667
2.2500,agent,agent_17,7.125000,7.555556
2.2500,cargo,cargo_0,4.000000,4.000000
2.3000,agent,agent_00,0.890000,0.444444
2.3000,agent,agent_01,0.890000,1.333333
2.3000,agent,agent_02,0.890000,2.222222
2.3000,agent,agent_03,0.890000,3.111111
2.3000,agent,agent_04,0.890000,4.000000
2.3000,agent,agent_05,0.890000,4.888889
2.3000,agent,agent_06,0.890000,5.777778
2.3000,agent,agent_07,0.890000,6.666667
2.3000,agent,agent_08,0.890000,7.555556
2.3000,agent,agent_09,7.110000,0.444444
2.3000,agent,agent_10,7.110000,1.333333
2.3000,agent,agent_11,7.110000,2.222222
2.3000,agent,agent_12,7.110000,3.111111
2.3000,agent,agent_13,7.110000,4.000000
2.3000,agent,agent_14,7.110000,4.888889
2.3000,agent,agent_15,7.110000,5.777778
2.3000,agent,agent_16,7.110000,6.666667
2.3000,agent,agent_17,7.110000,7.555556
2.3000,cargo,cargo_0,4.000000,4.000000
2.3500,agent,agent_00,0.905000,0.444444
2.3500,agent,agent_01,0.905000,1.333333
2.3500,agent,agent_02,0.905000,2.222222
2.3500,agent,agent_03,0.905000,3.111111
2.3500,agent,agent_04,0.905000,4.000000
2.3500,agent,agent_05,0.905000,4.888889
2.3500,agent,agent_06,0.905000,5.777778
2.3500,agent,agent_07,0.905000,6.666667
2.3500,agent,agent_08,0.905000,7.555556
2.3500,agent,agent_09,7.095000,0.444444
2.3500,agent,agent_10,7.095000,1.333333
2.3500,agent,agent_11,7.095000,2.222222
2.3500,agent,agent_12,7.095000,3.111111
2.3500,agent,agent_13,7.095000,4.000000
2.3500,agent,agent_14,7.095000,4.888889
2.3500,agent,agent_15,7.095000,5.777778
2.3500,agent,agent_16,7.095000,6.666667
2.3500,agent,agent_17,7.095000,7.555556
2.3500,cargo,cargo_0,4.000000,4.000000
2.4000,agent,agent_00,0.920000,0.444444
2.4000,agent,agent_01,0.920000,1.333333
2.4000,agent,agent_02,0.920000,2.222222
2.4000,agent,agent_03,0.920000,3.111111
2.4000,agent,agent_04,0.920000,4.000000
2.4000,agent,agent_05,0.920000,4.888889
2.4000,agent,agent_06,0.920000,5.777778
2.4000,agent,agent_07,0.920000,6.666667
2.4000,agent,agent_08,0.920000,7.555556
2.4000,agent,agent_09,7.080000,0.444444
2.4000,agent,agent_10,7.080000,1.333333
2.4000,agent,agent_11,7.080000,2.222222
2.4000,agent,agent_12,7.080000,3.111111
2.4000,agent,agent_13,7.080000,4.000000
2.4000,agent,agent_14,7.080000,4.888889
2.4000,agent,agent_15,7.080000,5.777778
2.4000,agent,agent_16,7.080000,6.666667
2.4000,agent,agent_17,7.080000,7.555556
2.4000,cargo,cargo_0,4.000000,4.000000
2.4500,agent,agent_00,0.935000,0.444444
2.4500,agent,agent_01,0.935000,1.333333
2.4500,agent,agent_02,0.935000,2.222222
2.4500,agent,agent_03,0.935000,3.111111
2.4500,agent,agent_04,0.935000,4.000000
2.4500,agent,agent_05,0.935000,4.888889
2.4500,agent,agent_06,0.935000,5.777778
2.4500,agent,agent_07,0.935000,6.666667
2.4500,agent,agent_08,0.935000,7.555556
2.4500,agent,agent_09,7.065000,0.444444
2.4500,agent,agent_10,7.065000,1.333333
2.4500,agent,agent_11,7.065000,2.222222
2.4500,agent,agent_12,7.065000,3.111111
2.4500,agent,agent_13,7.065000,4.000000
2.4500,agent,agent_14,7.065000,4.888889
2.4500,agent,agent_15,7.065000,5.777778
2.4500,agent,agent_16,7.065000,6.666667
2.4500,agent,agent_17,7.065000,7.555556
2.4500,cargo,cargo_0,4.000000,4.000000
2.5000,agent,agent_00,0.950000,0.444444
2.5000,agent,agent_01,0.950000,1.333333
2.5000,agent,agent_02,0.950000,2.222222
2.5000,agent,agent_03,0.950000,3.111111
2.5000,agent,agent_04,0.950000,4.000000
2.5000,agent,agent_05,0.950000,4.888889
2.5000,agent,agent_06,0.950000,5.777778
2.5000,agent,agent_07,0.950000,6.666667
2.5000,agent,agent_08,0.950000,7.555556
2.5000,agent,agent_09,7.050000,0.444444
2.5000,agent,agent_10,7.050000,1.333333
2.5000,agent,agent_11,7.050000,2.222222
2.5000,agent,agent_12,7.050000,3.111111
2.5000,agent,agent_13,7.050000,4.000000
2.5000,agent,agent_14,7.050000,4.888889
2.5000,agent,agent_15,7.050000,5.777778
2.5000,agent,agent_16,7.050000,6.666667
2.5000,agent,agent_17,7.050000,7.555556
2.5000,cargo,cargo_0,4.000000,4.000000
2.5500,agent,agent_00,0.965000,0.444444
2.5500,agent,agent_01,0.965000,1.333333
2.5500,agent,agent_02,0.965000,2.222222
2.5500,agent,agent_03,0.965000,3.111111
2.5500,agent,agent_04,0.965000,4.000000
2.5500,agent,agent_05,0.965000,4.888889
2.5500,agent,agent_06,0.965000,5.777778
2.5500,agent,agent_07,0.965000,6.666667
2.5500,agent,agent_08,0.965000,7.555556
2.5500,agent,agent_09,7.035000,0.444444
2.5500,agent,agent_10,7.035000,1.333333
2.5500,agent,agent_11,7.035000,2.222222
2.5500,agent,agent_12,7.035000,3.111111
2.5500,agent,agent_13,7.035000,4.000000
2.5500,agent,agent_14,7.035000,4.888889
2.5500,agent,agent_15,7.035000,5.777778
2.5500,agent,agent_16,7.035000,6.666667
2.5500,agent,agent_17,7.035000,7.555556
2.5500,cargo,cargo_0,4.000000,4.000000
2.6000,agent,agent_00,0.980000,0.444444
2.6000,agent,agent_01,0.980000,1.333333
2.6000,agent,agent_02,0.980000,2.222222
2.6000,agent,agent_03,0.980000,3.111111
2.6000,agent,agent_04,0.980000,4.000000
2.6000,agent,agent_05,0.980000,4.888889
2.6000,agent,agent_06,0.980000,5.777778
2.6000,agent,agent_07,0.980000,6.666667
2.6000,agent,agent_08,0.980000,7.555556
2.6000,agent,agent_09,7.020000,0.444444
2.6000,agent,agent_10,7.020000,1.333333
2.6000,agent,agent_11,7.020000,2.222222
2.6000,agent,agent_12,7.020000,3.111111
2.6000,agent,agent_13,7.020000,4.000000
2.6000,agent,agent_14,7.020000,4.888889
2.6000,agent,agent_15,7.020000,5.777778
2.6000,agent,agent_16,7.020000,6.666667
2.6000,agent,agent_17,7.020000,7.555556
2.6000,cargo,cargo_0,4.000000,4.000000
2.6500,agent,agent_00,0.995000,0.444444
2.6500,agent,agent_01,0.995000,1.333333
2.6500,agent,agent_02,0.995000,2.222222
2.6500,agent,agent_03,0.995000,3.111111
2.6500,agent,agent_04,0.995000,4.000000
2.6500,agent,agent_05,0.995000,4.888889
2.6500,agent,agent_06,0.995000,5.777778
2.6500,agent,agent_07,0.995000,6.666667
2.6500,agent,agent_08,0.995000,7.555556
2.6500,agent,agent_09,7.005000,0.444444
2.6500,agent,agent_10,7.005000,1.333333
2.6500,agent,agent_11,7.005000,2.222222
2.6500,agent,agent_12,7.005000,3.111111
2.6500,agent,agent_13,7.005000,4.000000
2.6500,agent,agent_14,7.005000,4.888889
2.6500,agent,agent_15,7.005000,5.777778
2.6500,agent,agent_16,7.005000,6.666667
2.6500,agent,agent_17,7.005000,7.555556
2.6500,cargo,cargo_0,4.000000,4.000000
2.7000,agent,agent_00,1.010000,0.444444
2.7000,agent,agent_01,1.010000,1.333333
2.7000,agent,agent_02,1.010000,2.222222
2.7000,agent,agent_03,1.010000,3.111111
2.7000,agent,agent_04,1.010000,4.000000
2.7000,agent,agent_05,1.010000,4.888889
2.7000,agent,agent_06,1.010000,5.777778
2.7000,agent,agent_07,1.010000,6.666667
2.7000,agent,agent_08,1.010000,7.555556
2.7000,agent,agent_09,6.990000,0.444444
2.7000,agent,agent_10,6.990000,1.333333
2.7000,agent,agent_11,6.990000,2.222222
2.7000,agent,agent_12,6.990000,3.111111
2.7000,agent,agent_13,6.990000,4.000000
2.7000,agent,agent_14,6.990000,4.888889
2.7000,agent,agent_15,6.990000,5.777778
2.7000,agent,agent_16,6.990000,6.666667
2.7000,agent,agent_17,6.990000,7.555556
2.7000,cargo,cargo_0,4.000000,4.000000
2.7500,agent,agent_00,1.025000,0.444444
2.7500,agent,agent_01,1.025000,1.333333
2.7500,agent,agent_02,1.025000,2.222222
2.7500,agent,agent_03,1.025000,3.111111
2.7500,agent,agent_04,1.025000,4.000000
2.7500,agent,agent_05,1.025000,4.888889
2.7500,agent,agent_06,1.025000,5.777778
2.7500,agent,agent_07,1.025000,6.666667
2.7500,agent,agent_08,1.025000,7.555556
2.7500,agent,agent_09,6.975000,0.444444
2.7500,agent,agent_10,6.975000,1.333333
2.7500,agent,agent_11,6.975000,2.222222
2.7500,agent,agent_12,6.975000,3.111111
2.7500,agent,agent_13,6.975000,4.000000
2.7500,agent,agent_14,6.975000,4.888889
2.7500,agent,agent_15,6.975000,5.777778
2.7500,agent,agent_16,6.975000,6.666667
2.7500,agent,agent_17,6.975000,7.555556
2.7500,cargo,cargo_0,4.000000,4.000000
2.8000,agent,agent_00,1.040000,0.444444
2.8000,agent,agent_01,1.040000,1.333333
2.8000,agent,agent_02,1.040000,2.222222
2.8000,agent,agent_03,1.040000,3.111111
2.8000,agent,agent_04,1.040000,4.000000
2.8000,agent,agent_05,1.040000,4.888889
2.8000,agent,agent_06,1.040000,5.777778
2.8000,agent,agent_07,1.040000,6.666667
2.8000,agent,agent_08,1.040000,7.555556
2.8000,agent,agent_09,6.960000,0.444444
2.8000,agent,agent_10,6.960000,1.333333
2.8000,agent,agent_11,6.960000,2.222222
2.8000,agent,agent_12,6.960000,3.111111
2.8000,agent,agent_13,6.960000,4.000000
2.8000,agent,agent_14,6.960000,4.888889
2.8000,agent,agent_15,6.960000,5.777778
2.8000,agent,agent_16,6.960000,6.666667
2.8000,agent,agent_17,6.960000,7.555556
2.8000,cargo,cargo_0,4.000000,4.000000
2.8500,agent,agent_00,1.055000,0.444444
2.8500,agent,agent_01,1.055000,1.333333
2.8500,agent,agent_02,1.055000,2.222222
2.8500,agent,agent_03,1.055000,3.111111
2.8500,agent,agent_04,1.055000,4.000000
2.8500,agent,agent_05,1.055000,4.888889
2.8500,agent,agent_06,1.055000,5.777778
2.8500,agent,agent_07,1.055000,6.666667
2.8500,agent,agent_08,1.055000,7.555556
2.8500,agent,agent_09,6.945000,0.444444
2.8500,agent,agent_10,6.945000,1.333333
2.8500,agent,agent_11,6.945000,2.222222
2.8500,agent,agent_12,6.945000,3.111111
2.8500,agent,agent_13,6.945000,4.000000
2.8500,agent,agent_14,6.945000,4.888889
2.8500,agent,agent_15,6.945000,5.777778
2.8500,agent,agent_16,6.945000,6.666667
2.8500,agent,agent_17,6.945000,7.555556
2.8500,cargo,cargo_0,4.000000,4.000000
2.9000,agent,agent_00,1.070000,0.444444
2.9000,agent,agent_01,1.070000,1.333333
2.9000,agent,agent_02,1.070000,2.222222
2.9000,agent,agent_03,1.070000,3.111111
2.9000,agent,agent_04,1.070000,4.000000
2.9000,agent,agent_05,1.070000,4.888889
2.9000,agent,agent_06,1.070000,5.777778
2.9000,agent,agent_07,1.070000,6.666667
2.9000,agent,agent_08,1.070000,7.555556
2.9000,agent,agent_09,6.930000,0.444444
2.9000,agent,agent_10,6.930000,1.333333
2.9000,agent,agent_11,6.930000,2.222222
2.9000,agent,agent_12,6.930000,3.111111
2.9000,agent,agent_13,6.930000,4.000000
2.9000,agent,agent_14,6.930000,4.888889
2.9000,agent,agent_15,6.930000,5.777778
2.9000,agent,agent_16,6.930000,6.666667
2.9000,agent,agent_17,6.930000,7.555556
2.9000,cargo,cargo_0,4.000000,4.000000
2.9500,agent,agent_00,1.085000,0.444444
2.9500,agent,agent_01,1.085000,1.333333
2.9500,agent,agent_02,1.085000,2.222222
2.9500,agent,agent_03,1.085000,3.111111
2.9500,agent,agent_04,1.085000,4.000000
2.9500,agent,agent_05,1.085000,4.888889
2.9500,agent,agent_06,1.085000,5.777778
2.9500,agent,agent_07,1.085000,6.666667
2.9500,agent,agent_08,1.085000,7.555556
2.9500,agent,agent_09,6.915000,0.444444
2.9500,agent,agent_10,6.915000,1.333333
2.9500,agent,agent_11,6.915000,2.222222
2.9500,agent,agent_12,6.915000,3.111111
2.9500,agent,agent_13,6.915000,4.000000
2.9500,agent,agent_14,6.915000,4.888889
2.9500,agent,agent_15,6.915000,5.777778
2.9500,agent,agent_16,6.915000,6.666667
2.9500,agent,agent_17,6.915000,7.555556
2.9500,cargo,cargo_0,4.000000,4.000000
3.0000,agent,agent_00,1.100000,0.444444
3.0000,agent,agent_01,1.100000,1.333333
3.0000,agent,agent_02,1.100000,2.222222
3.0000,agent,agent_03,1.100000,3.111111
3.0000,agent,agent_04,1.100000,4.000000
3.0000,agent,agent_05,1.100000,4.888889
3.0000,agent,agent_06,1.100000,5.777778
3.0000,agent,agent_07,1.100000,6.666667
3.0000,agent,agent_08,1.100000,7.555556
3.0000,agent,agent_09,6.900000,0.444444
3.0000,agent,agent_10,6.900000,1.333333
3.0000,agent,agent_11,6.900000,2.222222
3.0000,agent,agent_12,6.900000,3.111111
3.0000,agent,agent_13,6.900000,4.000000
3.0000,agent,agent_14,6.900000,4.888889
3.0000,agent,agent_15,6.900000,5.777778
3.0000,agent,agent_16,6.900000,6.666667
3.0000,agent,agent_17,6.900000,7.555556
3.0000,cargo,cargo_0,4.000000,4.000000
3.0500,agent,agent_00,1.115000,0.444444
3.0500,agent,agent_01,1.115000,1.333333
3.0500,agent,agent_02,1.115000,2.222222
3.0500,agent,agent_03,1.115000,3.111111
3.0500,agent,agent_04,1.115000,4.000000
3.0500,agent,agent_05,1.115000,4.888889
3.0500,agent,agent_06,1.115000,5.777778
3.0500,agent,agent_07,1.115000,6.666667
3.0500,agent,agent_08,1.115000,7.555556
3.0500,agent,agent_09,6.885000,0.444444
3.0500,agent,agent_10,6.885000,1.333333
3.0500,agent,agent_11,6.885000,2.222222
3.0500,agent,agent_12,6.885000,3.111111
3.0500,agent,agent_13,6.885000,4.000000
3.0500,agent,agent_14,6.885000,4.888889
3.0500,agent,agent_15,6.885000,5.777778
3.0500,agent,agent_16,6.885000,6.666667
3.0500,agent,agent_17,6.885000,7.555556
3.0500,cargo,cargo_0,4.000000,4.000000
3.1000,agent,agent_00,1.130000,0.444444
3.1000,agent,agent_01,1.130000,1.333333
3.1000,agent,agent_02,1.130000,2.222222
3.1000,agent,agent_03,1.130000,3.111111
3.1000,agent,agent_04,1.130000,4.000000
3.1000,agent,agent_05,1.130000,4.888889
3.1000,agent,agent_06,1.130000,5.777778
3.1000,agent,agent_07,1.130000,6.666667
3.1000,agent,agent_08,1.130000,7.555556
3.1000,agent,agent_09,6.870000,0.444444
3.1000,agent,agent_10,6.870000,1.333333
3.1000,agent,agent_11,6.870000,2.222222
3.1000,agent,agent_12,6.870000,3.111111
3.1000,agent,agent_13,6.870000,4.000000
3.1000,agent,agent_14,6.870000,4.888889
3.1000,agent,agent_15,6.870000,5.777778
3.1000,agent,agent_16,6.870000,6.666667
3.1000,agent,agent_17,6.870000,7.555556
3.1000,cargo,cargo_0,4.000000,4.000000
3.1500,agent,agent_00,1.145000,0.444444
3.1500,agent,agent_01,1.145000,1.333333
3.1500,agent,agent_02,1.145000,2.222222
3.1500,agent,agent_03,1.145000,3.111111
3.1500,agent,agent_04,1.145000,4.000000
3.1500,agent,agent_05,1.145000,4.888889
3.1500,agent,agent_06,1.145000,5.777778
3.1500,agent,agent_07,1.145000,6.666667
3.1500,agent,agent_08,1.145000,7.555556
3.1500,agent,agent_09,6.855000,0.444444
3.1500,agent,agent_10,6.855000,1.333333
3.1500,agent,agent_11,6.855000,2.222222
3.1500,agent,agent_12,6.855000,3.111111
3.1500,agent,agent_13,6.855000,4.000000
3.1500,agent,agent_14,6.855000,4.888889
3.1500,agent,agent_15,6.855000,5.777778
3.1500,agent,agent_16,6.855000,6.666667
3.1500,agent,agent_17,6.855000,7.555556
3.1500,cargo,cargo_0,4.000000,4.000000
3.2000,agent,agent_00,1.160000,0.444444
3.2000,agent,agent_01,1.160000,1.333333
3.2000,agent,agent_02,1.160000,2.222222
3.2000,agent,agent_03,1.160000,3.111111
3.2000,agent,agent_04,1.160000,4.000000
3.2000,agent,agent_05,1.160000,4.888889
3.2000,agent,agent_06,1.160000,5.777778
3.2000,agent,agent_07,1.160000,6.666667
3.2000,agent,agent_08,1.160000,7.555556
3.2000,agent,agent_09,6.840000,0.444444
3.2000,agent,agent_10,6.840000,1.333333
3.2000,agent,agent_11,6.840000,2.222222
3.2000,agent,agent_12,6.840000,3.111111
3.2000,agent,agent_13,6.840000,4.000000
3.2000,agent,agent_14,6.840000,4.888889
3.2000,agent,agent_15,6.840000,5.777778
3.2000,agent,agent_16,6.840000,6.666667
3.2000,agent,agent_17,6.840000,7.555556
3.2000,cargo,cargo_0,4.000000,4.000000
3.2500,agent,agent_00,1.175000,0.444444
3.2500,agent,agent_01,1.175000,1.333333
3.2500,agent,agent_02,1.175000,2.222222
3.2500,agent,agent_03,1.175000,3.111111
3.2500,agent,agent_04,1.175000,4.000000
3.2500,agent,agent_05,1.175000,4.888889
3.2500,agent,agent_06,1.175000,5.777778
3.2500,agent,agent_07,1.175000,6.666667
3.2500,agent,agent_08,1.175000,7.555556
3.2500,agent,agent_09,6.825000,0.444444
3.2500,agent,agent_10,6.825000,1.333333
3.2500,agent,agent_11,6.825000,2.222222
3.2500,agent,agent_12,6.825000,3.111111
3.2500,agent,agent_13,6.825000,4.000000
3.2500,agent,agent_14,6.825000,4.888889
3.2500,agent,agent_15,6.825000,5.777778
3.2500,agent,agent_16,6.825000,6.666667
3.2500,agent,agent_17,6.825000,7.555556
3.2500,cargo,cargo_0,4.000000,4.000000
3.3000,agent,agent_00,1.190000,0.444444
3.3000,agent,agent_01,1.190000,1.333333
3.3000,agent,agent_02,1.190000,2.222222
3.3000,agent,agent_03,1.190000,3.111111
3.3000,agent,agent_04,1.190000,4.000000
3.3000,agent,agent_05,1.190000,4.888889
3.3000,agent,agent_06,1.190000,5.777778
3.3000,agent,agent_07,1.190000,6.666667
3.3000,agent,agent_08,1.190000,7.555556
3.3000,agent,agent_09,6.810000,0.444444
3.3000,agent,agent_10,6.810000,1.333333
3.3000,agent,agent_11,6.810000,2.222222
3.3000,agent,agent_12,6.810000,3.111111
3.3000,agent,agent_13,6.810000,4.000000
3.3000,agent,agent_14,6.810000,4.888889
3.3000,agent,agent_15,6.810000,5.777778
3.3000,agent,agent_16,6.810000,6.666667
3.3000,agent,agent_17,6.810000,7.555556
3.3000,cargo,cargo_0,4.000000,4.000000
3.3500,agent,agent_00,1.205000,0.444444
3.3500,agent,agent_01,1.205000,1.333333
3.3500,agent,agent_02,1.205000,2.222222
3.3500,agent,agent_03,1.205000,3.111111
3.3500,agent,agent_04,1.205000,4.000000
3.3500,agent,agent_05,1.205000,4.888889
3.3500,agent,agent_06,1.205000,5.777778
3.3500,agent,agent_07,1.205000,6.666667
3.3500,agent,agent_08,1.205000,7.555556
3.3500,agent,agent_09,6.795000,0.444444
3.3500,agent,agent_10,6.795000,1.333333
3.3500,agent,agent_11,6.795000,2.222222
3.3500,agent,agent_12,6.795000,3.111111
3.3500,agent,agent_13,6.795000,4.000000
3.3500,agent,agent_14,6.795000,4.888889
3.3500,agent,agent_15,6.795000,5.777778
3.3500,agent,agent_16,6.795000,6.666667
3.3500,agent,agent_17,6.795000,7.555556
3.3500,cargo,cargo_0,4.000000,4.000000
3.4000,agent,agent_00,1.220000,0.444444
3.4000,agent,agent_01,1.220000,1.333333
3.4000,agent,agent_02,1.220000,2.222222
3.4000,agent,agent_03,1.220000,3.111111
3.4000,agent,agent_04,1.220000,4.000000
3.4000,agent,agent_05,1.220000,4.888889
3.4000,agent,agent_06,1.220000,5.777778
3.4000,agent,agent_07,1.220000,6.666667
3.4000,agent,agent_08,1.220000,7.555556
3.4000,agent,agent_09,6.780000,0.444444
3.4000,agent,agent_10,6.780000,1.333333
3.4000,agent,agent_11,6.780000,2.222222
3.4000,agent,agent_12,6.780000,3.111111
3.4000,agent,agent_13,6.780000,4.000000
3.4000,agent,agent_14,6.780000,4.888889
3.4000,agent,agent_15,6.780000,5.777778
3.4000,agent,agent_16,6.780000,6.666667
3.4000,agent,agent_17,6.780000,7.555556
3.4000,cargo,cargo_0,4.000000,4.000000
3.4500,agent,agent_00,1.235000,0.444444
3.4500,agent,agent_01,1.235000,1.333333
3.4500,agent,agent_02,1.235000,2.222222
3.4500,agent,agent_03,1.235000,3.111111
3.4500,agent,agent_04,1.235000,4.000000
3.4500,agent,agent_05,1.235000,4.888889
3.4500,agent,agent_06,1.235000,5.777778
3.4500,agent,agent_07,1.235000,6.666667
3.4500,agent,agent_08,1.235000,7.555556
3.4500,agent,agent_09,6.765000,0.444444
3.4500,agent,agent_10,6.765000,1.333333
3.4500,agent,agent_11,6.765000,2.222222
3.4500,agent,agent_12,6.765000,3.111111
3.4500,agent,agent_13,6.765000,4.000000
3.4500,agent,agent_14,6.765000,4.888889
3.4500,agent,agent_15,6.765000,5.777778
3.4500,agent,agent_16,6.765000,6.666667
3.4500,agent,agent_17,6.765000,7.555556
3.4500,cargo,cargo_0,4.000000,4.000000
3.5000,agent,agent_00,1.250000,0.444444
3.5000,agent,agent_01,1.250000,1.333333
3.5000,agent,agent_02,1.250000,2.222222
3.5000,agent,agent_03,1.250000,3.111111
3.5000,agent,agent_04,1.250000,4.000000
3.5000,agent,agent_05,1.250000,4.888889
3.5000,agent,agent_06,1.250000,5.777778
3.5000,agent,agent_07,1.250000,6.666667
3.5000,agent,agent_08,1.250000,7.555556
3.5000,agent,agent_09,6.750000,0.444444
3.5000,agent,agent_10,6.750000,1.333333
3.5000,agent,agent_11,6.750000,2.222222
3.5000,agent,agent_12,6.750000,3.111111
3.5000,agent,agent_13,6.750000,4.000000
3.5000,agent,agent_14,6.750000,4.888889
3.5000,agent,agent_15,6.750000,5.777778
3.5000,agent,agent_16,6.750000,6.666667
3.5000,agent,agent_17,6.750000,7.555556
3.5000,cargo,cargo_0,4.000000,4.000000
3.5500,agent,agent_00,1.265000,0.444444
3.5500,agent,agent_01,1.265000,1.333333
3.5500,agent,agent_02,1.265000,2.222222
3.5500,agent,agent_03,1.265000,3.111111
3.5500,agent,agent_04,1.265000,4.000000
3.5500,agent,agent_05,1.265000,4.888889
3.5500,agent,agent_06,1.265000,5.777778
3.5500,agent,agent_07,1.265000,6.666667
3.5500,agent,agent_08,1.265000,7.555556
3.5500,agent,agent_09,6.735000,0.444444
3.5500,agent,agent_10,6.735000,1.333333
3.5500,agent,agent_11,6.735000,2.222222
3.5500,agent,agent_12,6.735000,3.111111
3.5500,agent,agent_13,6.735000,4.000000
3.5500,agent,agent_14,6.735000,4.888889
3.5500,agent,agent_15,6.735000,5.777778
3.5500,agent,agent_16,6.735000,6.666667
3.5500,agent,agent_17,6.735000,7.555556
3.5500,cargo,cargo_0,4.000000,4.000000
3.6000,agent,agent_00,1.280000,0.444444
3.6000,agent,agent_01,1.280000,1.333333
3.6000,agent,agent_02,1.280000,2.222222
3.6000,agent,agent_03,1.280000,3.111111
3.6000,agent,agent_04,1.280000,4.000000
3.6000,agent,agent_05,1.280000,4.888889
3.6000,agent,agent_06,1.280000,5.777778
3.6000,agent,agent_07,1.280000,6.666667
3.6000,agent,agent_08,1.280000,7.555556
3.6000,agent,agent_09,6.720000,0.444444
3.6000,agent,agent_10,6.720000,1.333333
3.6000,agent,agent_11,6.720000,2.222222
3.6000,agent,agent_12,6.720000,3.111111
3.6000,agent,agent_13,6.720000,4.000000
3.6000,agent,agent_14,6.720000,4.888889
3.6000,agent,agent_15,6.720000,5.777778
3.6000,agent,agent_16,6.720000,6.666667
3.6000,agent,agent_17,6.720000,7.555556
3.6000,cargo,cargo_0,4.000000,4.000000
3.6500,agent,agent_00,1.295000,0.444444
3.6500,agent,agent_01,1.295000,1.333333
3.6500,agent,agent_02,1.295000,2.222222
3.6500,agent,agent_03,1.295000,3.111111
3.6500,agent,agent_04,1.295000,4.000000
3.6500,agent,agent_05,1.295000,4.888889
3.6500,agent,agent_06,1.295000,5.777778
3.6500,agent,agent_07,1.295000,6.666667
3.6500,agent,agent_08,1.295000,7.555556
3.6500,agent,agent_09,6.705000,0.444444
3.6500,agent,agent_10,6.705000,1.333333
3.6500,agent,agent_11,6.705000,2.222222
3.6500,agent,agent_12,6.705000,3.111111
3.6500,agent,agent_13,6.705000,4.000000
3.6500,agent,agent_14,6.705000,4.888889
3.6500,agent,agent_15,6.705000,5.777778
3.6500,agent,agent_16,6.705000,6.666667
3.6500,agent,agent_17,6.705000,7.555556
3.6500,cargo,cargo_0,4.000000,4.000000
3.7000,agent,agent_00,1.310000,0.444444
3.7000,agent,agent_01,1.310000,1.333333
3.7000,agent,agent_02,1.310000,2.222222
3.7000,agent,agent_03,1.310000,3.111111
3.7000,agent,agent_04,1.310000,4.000000
3.7000,agent,agent_05,1.310000,4.888889
3.7000,agent,agent_06,1.310000,5.777778
3.7000,agent,agent_07,1.310000,6.666667
3.7000,agent,agent_08,1.310000,7.555556
3.7000,agent,agent_09,6.690000,0.444444
3.7000,agent,agent_10,6.690000,1.333333
3.7000,agent,agent_11,6.690000,2.222222
3.7000,agent,agent_12,6.690000,3.111111
3.7000,agent,agent_13,6.690000,4.000000
3.7000,agent,agent_14,6.690000,4.888889
3.7000,agent,agent_15,6.690000,5.777778
3.7000,agent,agent_16,6.690000,6.666667
3.7000,agent,agent_17,6.690000,7.555556
3.7000,cargo,cargo_0,4.000000,4.000000
3.7500,agent,agent_00,1.325000,0.444444
3.7500,agent,agent_01,1.325000,1.333333
3.7500,agent,agent_02,1.325000,2.222222
3.7500,agent,agent_03,1.325000,3.111111
3.7500,agent,agent_04,1.325000,4.000000
3.7500,agent,agent_05,1.325000,4.888889
3.7500,agent,agent_06,1.325000,5.777778
3.7500,agent,agent_07,1.325000,6.666667
3.7500,agent,agent_08,1.325000,7.555556
3.7500,agent,agent_09,6.675000,0.444444
3.7500,agent,agent_10,6.675000,1.333333
3.7500,agent,agent_11,6.675000,2.222222
3.7500,agent,agent_12,6.675000,3.111111
3.7500,agent,agent_13,6.675000,4.000000
3.7500,agent,agent_14,6.675000,4.888889
3.7500,agent,agent_15,6.675000,5.777778
3.7500,agent,agent_16,6.675000,6.666667
3.7500,agent,agent_17,6.675000,7.555556
3.7500,cargo,cargo_0,4.000000,4.000000
3.8000,agent,agent_00,1.340000,0.444444
3.8000,agent,agent_01,1.340000,1.333333
3.8000,agent,agent_02,1.340000,2.222222
3.8000,agent,agent_03,1.340000,3.111111
3.8000,agent,agent_04,1.340000,4.000000
3.8000,agent,agent_05,1.340000,4.888889
3.8000,agent,agent_06,1.340000,5.777778
3.8000,agent,agent_07,1.340000,6.666667
3.8000,agent,agent_08,1.340000,7.555556
3.8000,agent,agent_09,6.660000,0.444444
3.8000,agent,agent_10,6.660000,1.333333
3.8000,agent,agent_11,6.660000,2.222222
3.8000,agent,agent_12,6.660000,3.111111
3.8000,agent,agent_13,6.660000,4.000000
3.8000,agent,agent_14,6.660000,4.888889
3.8000,agent,agent_15,6.660000,5.777778
3.8000,agent,agent_16,6.660000,6.666667
3.8000,agent,agent_17,6.660000,7.555556
3.8000,cargo,cargo_0,4.000000,4.000000
3.8500,agent,agent_00,1.355000,0.444444
3.8500,agent,agent_01,1.355000,1.333333
3.8500,agent,agent_02,1.355000,2.222222
3.8500,agent,agent_03,1.355000,3.111111
3.8500,agent,agent_04,1.355000,4.000000
3.8500,agent,agent_05,1.355000,4.888889
3.8500,agent,agent_06,1.355000,5.777778
3.8500,agent,agent_07,1.355000,6.666667
3.8500,agent,agent_08,1.355000,7.555556
3.8500,agent,agent_09,6.645000,0.444444
3.8500,agent,agent_10,6.645000,1.333333
3.8500,agent,agent_11,6.645000,2.222222
3.8500,agent,agent_12,6.645000,3.111111
3.8500,agent,agent_13,6.645000,4.000000
3.8500,agent,agent_14,6.645000,4.888889
3.8500,agent,agent_15,6.645000,5.777778
3.8500,agent,agent_16,6.645000,6.666667
3.8500,agent,agent_17,6.645000,7.555556
3.8500,cargo,cargo_0,4.000000,4.000000
3.9000,agent,agent_00,1.370000,0.444444
3.9000,agent,agent_01,1.370000,1.333333
3.9000,agent,agent_02,1.370000,2.222222
3.9000,agent,agent_03,1.370000,3.111111
3.9000,agent,agent_04,1.370000,4.000000
3.9000,agent,agent_05,1.370000,4.888889
3.9000,agent,agent_06,1.370000,5.777778
3.9000,agent,agent_07,1.370000,6.666667
3.9000,agent,agent_08,1.370000,7.555556
3.9000,agent,agent_09,6.630000,0.444444
3.9000,agent,agent_10,6.630000,1.333333
3.9000,agent,agent_11,6.630000,2.222222
3.9000,agent,agent_12,6.630000,3.111111
3.9000,agent,agent_13,6.630000,4.000000
3.9000,agent,agent_14,6.630000,4.888889
3.9000,agent,agent_15,6.630000,5.777778
3.9000,agent,agent_16,6.630000,6.666667
3.9000,agent,agent_17,6.630000,7.555556
3.9000,cargo,cargo_0,4.000000,4.000000
3.9500,agent,agent_00,1.385000,0.444444
3.9500,agent,agent_01,1.385000,1.333333
3.9500,agent,agent_02,1.385000,2.222222
3.9500,agent,agent_03,1.385000,3.111111
3.9500,agent,agent_04,1.385000,4.000000
3.9500,agent,agent_05,1.385000,4.888889
3.9500,agent,agent_06,1.385000,5.777778
3.9500,agent,agent_07,1.385000,6.666667
3.9500,agent,agent_08,1.385000,7.555556
3.9500,agent,agent_09,6.615000,0.444444
3.9500,agent,agent_10,6.615000,1.333333
3.9500,agent,agent_11,6.615000,2.222222
3.9500,agent,agent_12,6.615000,3.111111
3.9500,agent,agent_13,6.615000,4.000000
3.9500,agent,agent_14,6.615000,4.888889
3.9500,agent,agent_15,6.615000,5.777778
3.9500,agent,agent_16,6.615000,6.666667
3.9500,agent,agent_17,6.615000,7.555556
3.9500,cargo,cargo_0,4.000000,4.000000
4.0000,agent,agent_00,1.400000,0.444444
4.0000,agent,agent_01,1.400000,1.333333
4.0000,agent,agent_02,1.400000,2.222222
4.0000,agent,agent_03,1.400000,3.111111
4.0000,agent,agent_04,1.400000,4.000000
4.0000,agent,agent_05,1.400000,4.888889
4.0000,agent,agent_06,1.400000,5.777778
4.0000,agent,agent_07,1.400000,6.666667
4.0000,agent,agent_08,1.400000,7.555556
4.0000,agent,agent_09,6.600000,0.444444
4.0000,agent,agent_10,6.600000,1.333333
4.0000,agent,agent_11,6.600000,2.222222
4.0000,agent,agent_12,6.600000,3.111111
4.0000,agent,agent_13,6.600000,4.000000
4.0000,agent,agent_14,6.600000,4.888889
4.0000,agent,agent_15,6.600000,5.777778
4.0000,agent,agent_16,6.600000,6.666667
4.0000,agent,agent_17,6.600000,7.555556
4.0000,cargo,cargo_0,4.000000,4.000000
4.0500,agent,agent_00,1.415000,0.444444
4.0500,agent,agent_01,1.415000,1.333333
4.0500,agent,agent_02,1.415000,2.222222
4.0500,agent,agent_03,1.415000,3.111111
4.0500,agent,agent_04,1.415000,4.000000
4.0500,agent,agent_05,1.415000,4.888889
4.0500,agent,agent_06,1.415000,5.777778
4.0500,agent,agent_07,1.415000,6.666667
4.0500,agent,agent_08,1.415000,7.555556
4.0500,agent,agent_09,6.585000,0.444444
4.0500,agent,agent_10,6.585000,1.333333
4.0500,agent,agent_11,6.585000,2.222222
4.0500,agent,agent_12,6.585000,3.111111
4.0500,agent,agent_13,6.585000,4.000000
4.0500,agent,agent_14,6.585000,4.888889
4.0500,agent,agent_15,6.585000,5.777778
4.0500,agent,agent_16,6.585000,6.666667
4.0500,agent,agent_17,6.585000,7.555556
4.0500,cargo,cargo_0,4.000000,4.000000
4.1000,agent,agent_00,1.430000,0.444444
4.1000,agent,agent_01,1.430000,1.333333
4.1000,agent,agent_02,1.430000,2.222222
4.1000,agent,agent_03,1.430000,3.111111
4.1000,agent,agent_04,1.430000,4.000000
4.1000,agent,agent_05,1.430000,4.888889
4.1000,agent,agent_06,1.430000,5.777778
4.1000,agent,agent_07,1.430000,6.666667
4.1000,agent,agent_08,1.430000,7.555556
4.1000,agent,agent_09,6.570000,0.444444
4.1000,agent,agent_10,6.570000,1.333333
4.1000,agent,agent_11,6.570000,2.222222
4.1000,agent,agent_12,6.570000,3.111111
4.1000,agent,agent_13,6.570000,4.000000
4.1000,agent,agent_14,6.570000,4.888889
4.1000,agent,agent_15,6.570000,5.777778
4.1000,agent,agent_16,6.570000,6.666667
4.1000,agent,agent_17,6.570000,7.555556
4.1000,cargo,cargo_0,4.000000,4.000000
4.1500,agent,agent_00,1.445000,0.444444
4.1500,agent,agent_01,1.445000,1.333333
4.1500,agent,agent_02,1.445000,2.222222
4.1500,agent,agent_03,1.445000,3.111111
4.1500,agent,agent_04,1.445000,4.000000
4.1500,agent,agent_05,1.445000,4.888889
4.1500,agent,agent_06,1.445000,5.777778
4.1500,agent,agent_07,1.445000,6.666667
4.1500,agent,agent_08,1.445000,7.555556
4.1500,agent,agent_09,6.555000,0.444444
4.1500,agent,agent_10,6.555000,1.333333
4.1500,agent,agent_11,6.555000,2.222222
4.1500,agent,agent_12,6.555000,3.111111
4.1500,agent,agent_13,6.555000,4.000000
4.1500,agent,agent_14,6.555000,4.888889
4.1500,agent,agent_15,6.555000,5.777778
4.1500,agent,agent_16,6.555000,6.666667
4.1500,agent,agent_17,6.555000,7.555556
4.1500,cargo,cargo_0,4.000000,4.000000
4.2000,agent,agent_00,1.460000,0.444444
4.2000,agent,agent_01,1.460000,1.333333
4.2000,agent,agent_02,1.460000,2.222222
4.2000,agent,agent_03,1.460000,3.111111
4.2000,agent,agent_04,1.460000,4.000000
4.2000,agent,agent_05,1.460000,4.888889
4.2000,agent,agent_06,1.460000,5.777778
4.2000,agent,agent_07,1.460000,6.666667
4.2000,agent,agent_08,1.460000,7.555556
4.2000,agent,agent_09,6.540000,0.444444
4.2000,agent,agent_10,6.540000,1.333333
4.2000,agent,agent_11,6.540000,2.222222
4.2000,agent,agent_12,6.540000,3.111111
4.2000,agent,agent_13,6.540000,4.000000
4.2000,agent,agent_14,6.540000,4.888889
4.2000,agent,agent_15,6.540000,5.777778
4.2000,agent,agent_16,6.540000,6.666667
4.2000,agent,agent_17,6.540000,7.555556
4.2000,cargo,cargo_0,4.000000,4.000000
4.2500,agent,agent_00,1.475000,0.444444
4.2500,agent,agent_01,1.475000,1.333333
4.2500,agent,agent_02,1.475000,2.222222
4.2500,agent,agent_03,1.475000,3.111111
4.2500,agent,agent_04,1.475000,4.000000
4.2500,agent,agent_05,1.475000,4.888889
4.2500,agent,agent_06,1.475000,5.777778
4.2500,agent,agent_07,1.475000,6.666667
4.2500,agent,agent_08,1.475000,7.555556
4.2500,agent,agent_09,6.525000,0.444444
4.2500,agent,agent_10,6.525000,1.333333
4.2500,agent,agent_11,6.525000,2.222222
4.2500,agent,agent_12,6.525000,3.111111
4.2500,agent,agent_13,6.525000,4.000000
4.2500,agent,agent_14,6.525000,4.888889
4.2500,agent,agent_15,6.525000,5.777778
4.2500,agent,agent_16,6.525000,6.666667
4.2500,agent,agent_17,6.525000,7.555556
4.2500,cargo,cargo_0,4.000000,4.000000
4.3000,agent,agent_00,1.490000,0.444444
4.3000,agent,agent_01,1.490000,1.333333
4.3000,agent,agent_02,1.490000,2.222222
4.3000,agent,agent_03,1.490000,3.111111
4.3000,agent,agent_04,1.490000,4.000000
4.3000,agent,agent_05,1.490000,4.888889
4.3000,agent,agent_06,1.490000,5.777778
4.3000,agent,agent_07,1.490000,6.666667
4.3000,agent,agent_08,1.490000,7.555556
4.3000,agent,agent_09,6.510000,0.444444
4.3000,agent,agent_10,6.510000,1.333333
4.3000,agent,agent_11,6.510000,2.222222
4.3000,agent,agent_12,6.510000,3.111111
4.3000,agent,agent_13,6.510000,4.000000
4.3000,agent,agent_14,6.510000,4.888889
4.3000,agent,agent_15,6.510000,5.777778
4.3000,agent,agent_16,6.510000,6.666667
4.3000,agent,agent_17,6.510000,7.555556
4.3000,cargo,cargo_0,4.000000,4.000000
4.3500,agent,agent_00,1.505000,0.444444
4.3500,agent,agent_01,1.505000,1.333333
4.3500,agent,agent_02,1.505000,2.222222
4.3500,agent,agent_03,1.505000,3.111111
4.3500,agent,agent_04,1.505000,4.000000
4.3500,agent,agent_05,1.505000,4.888889
4.3500,agent,agent_06,1.505000,5.777778
4.3500,agent,agent_07,1.505000,6.666667
4.3500,agent,agent_08,1.505000,7.555556
4.3500,agent,agent_09,6.495000,0.444444
4.3500,agent,agent_10,6.495000,1.333333
4.3500,agent,agent_11,6.495000,2.222222
4.3500,agent,agent_12,6.495000,3.111111
4.3500,agent,agent_13,6.495000,4.000000
4.3500,agent,agent_14,6.495000,4.888889
4.3500,agent,agent_15,6.495000,5.777778
4.3500,agent,agent_16,6.495000,6.666667
4.3500,agent,agent_17,6.495000,7.555556
4.3500,cargo,cargo_0,4.000000,4.000000
4.4000,agent,agent_00,1.520000,0.444444
4.4000,agent,agent_01,1.520000,1.333333
4.4000,agent,agent_02,1.520000,2.222222
4.4000,agent,agent_03,1.520000,3.111111
4.4000,agent,agent_04,1.520000,4.000000
4.4000,agent,agent_05,1.520000,4.888889
4.4000,agent,agent_06,1.520000,5.777778
4.4000,agent,agent_07,1.520000,6.666667
4.4000,agent,agent_08,1.520000,7.555556
4.4000,agent,agent_09,6.480000,0.444444
4.4000,agent,agent_10,6.480000,1.333333
4.4000,agent,agent_11,6.480000,2.222222
4.4000,agent,agent_12,6.480000,3.111111
4.4000,agent,agent_13,6.480000,4.000000
4.4000,agent,agent_14,6.480000,4.888889
4.4000,agent,agent_15,6.480000,5.777778
4.4000,agent,agent_16,6.480000,6.666667
4.4000,agent,agent_17,6.480000,7.555556
4.4000,cargo,cargo_0,4.000000,4.000000
4.4500,agent,agent_00,1.535000,0.444444
4.4500,agent,agent_01,1.535000,1.333333
4.4500,agent,agent_02,1.535000,2.222222
4.4500,agent,agent_03,1.535000,3.111111
4.4500,agent,agent_04,1.535000,4.000000
4.4500,agent,agent_05,1.535000,4.888889
4.4500,agent,agent_06,1.535000,5.777778
4.4500,agent,agent_07,1.535000,6.666667
4.4500,agent,agent_08,1.535000,7.555556
4.4500,agent,agent_09,6.465000,0.444444
4.4500,agent,agent_10,6.465000,1.333333
4.4500,agent,agent_11,6.465000,2.222222
4.4500,agent,agent_12,6.465000,3.111111
4.4500,agent,agent_13,6.465000,4.000000
4.4500,agent,agent_14,6.465000,4.888889
4.4500,agent,agent_15,6.465000,5.777778
4.4500,agent,agent_16,6.465000,6.666667
4.4500,agent,agent_17,6.465000,7.555556
4.4500,cargo,cargo_0,4.000000,4.000000
4.5000,agent,agent_00,1.550000,0.444444
4.5000,agent,agent_01,1.550000,1.333333
4.5000,agent,agent_02,1.550000,2.222222
4.5000,agent,agent_03,1.550000,3.111111
4.5000,agent,agent_04,1.550000,4.000000
4.5000,agent,agent_05,1.550000,4.888889
4.5000,agent,agent_06,1.550000,5.777778
4.5000,agent,agent_07,1.550000,6.666667
4.5000,agent,agent_08,1.550000,7.555556
4.5000,agent,agent_09,6.450000,0.444444
4.5000,agent,agent_10,6.450000,1.333333
4.5000,agent,agent_11,6.450000,2.222222
4.5000,agent,agent_12,6.450000,3.111111
4.5000,agent,agent_13,6.450000,4.000000
4.5000,agent,agent_14,6.450000,4.888889
4.5000,agent,agent_15,6.450000,5.777778
4.5000,agent,agent_16,6.450000,6.666667
4.5000,agent,agent_17,6.450000,7.555556
4.5000,cargo,cargo_0,4.000000,4.000000
4.5500,agent,agent_00,1.565000,0.444444
4.5500,agent,agent_01,1.565000,1.333333
4.5500,agent,agent_02,1.565000,2.222222
4.5500,agent,agent_03,1.565000,3.111111
4.5500,agent,agent_04,1.565000,4.000000
4.5500,agent,agent_05,1.565000,4.888889
4.5500,agent,agent_06,1.565000,5.777778
4.5500,agent,agent_07,1.565000,6.666667
4.5500,agent,agent_08,1.565000,7.555556
4.5500,agent,agent_09,6.435000,0.444444
4.5500,agent,agent_10,6.435000,1.333333
4.5500,agent,agent_11,6.435000,2.222222
4.5500,agent,agent_12,6.435000,3.111111
4.5500,agent,agent_13,6.435000,4.000000
4.5500,agent,agent_14,6.435000,4.888889
4.5500,agent,agent_15,6.435000,5.777778
4.5500,agent,agent_16,6.435000,6.666667
4.5500,agent,agent_17,6.435000,7.555556
4.5500,cargo,cargo_0,4.000000,4.000000
4.6000,agent,agent_00,1.580000,0.444444
4.6000,agent,agent_01,1.580000,1.333333
4.6000,agent,agent_02,1.580000,2.222222
4.6000,agent,agent_03,1.580000,3.111111
4.6000,agent,agent_04,1.580000,4.000000
4.6000,agent,agent_05,1.580000,4.888889
4.6000,agent,agent_06,1.580000,5.777778
4.6000,agent,agent_07,1.580000,6.666667
4.6000,agent,agent_08,1.580000,7.555556
4.6000,agent,agent_09,6.420000,0.444444
4.6000,agent,agent_10,6.420000,1.333333
4.6000,agent,agent_11,6.420000,2.222222
4.6000,agent,agent_12,6.420000,3.111111
4.6000,agent,agent_13,6.420000,4.000000
4.6000,agent,agent_14,6.420000,4.888889
4.6000,agent,agent_15,6.420000,5.777778
4.6000,agent,agent_16,6.420000,6.666667
4.6000,agent,agent_17,6.420000,7.555556
4.6000,cargo,cargo_0,4.000000,4.000000
4.6500,agent,agent_00,1.595000,0.444444
4.6500,agent,agent_01,1.595000,1.333333
4.6500,agent,agent_02,1.595000,2.222222
4.6500,agent,agent_03,1.595000,3.111111
4.6500,agent,agent_04,1.595000,4.000000
4.6500,agent,agent_05,1.595000,4.888889
4.6500,agent,agent_06,1.595000,5.777778
4.6500,agent,agent_07,1.595000,6.666667
4.6500,agent,agent_08,1.595000,7.555556
4.6500,agent,agent_09,6.405000,0.444444
4.6500,agent,agent_10,6.405000,1.333333
4.6500,agent,agent_11,6.405000,2.222222
4.6500,agent,agent_12,6.405000,3.111111
4.6500,agent,agent_13,6.405000,4.000000
4.6500,agent,agent_14,6.405000,4.888889
4.6500,agent,agent_15,6.405000,5.777778
4.6500,agent,agent_16,6.405000,6.666667
4.6500,agent,agent_17,6.405000,7.555556
4.6500,cargo,cargo_0,4.000000,4.000000
4.7000,agent,agent_00,1.610000,0.444444
4.7000,agent,agent_01,1.610000,1.333333
4.7000,agent,agent_02,1.610000,2.222222
4.7000,agent,agent_03,1.610000,3.111111
4.7000,agent,agent_04,1.610000,4.000000
4.7000,agent,agent_05,1.610000,4.888889
4.7000,agent,agent_06,1.610000,5.777778
4.7000,agent,agent_07,1.610000,6.666667
4.7000,agent,agent_08,1.610000,7.555556
4.7000,agent,agent_09,6.390000,0.444444
4.7000,agent,agent_10,6.390000,1.333333
4.7000,agent,agent_11,6.390000,2.222222
4.7000,agent,agent_12,6.390000,3.111111
4.7000,agent,agent_13,6.390000,4.000000
4.7000,agent,agent_14,6.390000,4.888889
4.7000,agent,agent_15,6.390000,5.777778
4.7000,agent,agent_16,6.390000,6.666667
4.7000,agent,agent_17,6.390000,7.555556
4.7000,cargo,cargo_0,4.000000,4.000000
4.7500,agent,agent_00,1.625000,0.444444
4.7500,agent,agent_01,1.625000,1.333333
4.7500,agent,agent_02,1.625000,2.222222
4.7500,agent,agent_03,1.625000,3.111111
4.7500,agent,agent_04,1.625000,4.000000
4.7500,agent,agent_05,1.625000,4.888889
4.7500,agent,agent_06,1.625000,5.777778
4.7500,agent,agent_07,1.625000,6.666667
4.7500,agent,agent_08,1.625000,7.555556
4.7500,agent,agent_09,6.375000,0.444444
4.7500,agent,agent_10,6.375000,1.333333
4.7500,agent,agent_11,6.375000,2.222222
4.7500,agent,agent_12,6.375000,3.111111
4.7500,agent,agent_13,6.375000,4.000000
4.7500,agent,agent_14,6.375000,4.888889
4.7500,agent,agent_15,6.375000,5.777778
4.7500,agent,agent_16,6.375000,6.666667
4.7500,agent,agent_17,6.375000,7.555556
4.7500,cargo,cargo_0,4.000000,4.000000
4.8000,agent,agent_00,1.640000,0.444444
4.8000,agent,agent_01,1.640000,1.333333
4.8000,agent,agent_02,1.640000,2.222222
4.8000,agent,agent_03,1.640000,3.111111
4.8000,agent,agent_04,1.640000,4.000000
4.8000,agent,agent_05,1.640000,4.888889
4.8000,agent,agent_06,1.640000,5.777778
4.8000,agent,agent_07,1.640000,6.666667
4.8000,agent,agent_08,1.640000,7.555556
4.8000,agent,agent_09,6.360000,0.444444
4.8000,agent,agent_10,6.360000,1.333333
4.8000,agent,agent_11,6.360000,2.222222
4.8000,agent,agent_12,6.360000,3.111111
4.8000,agent,agent_13,6.360000,4.000000
4.8000,agent,agent_14,6.360000,4.888889
4.8000,agent,agent_15,6.360000,5.777778
4.8000,agent,agent_16,6.360000,6.666667
4.8000,agent,agent_17,6.360000,7.555556
4.8000,cargo,cargo_0,4.000000,4.000000
4.8500,agent,agent_00,1.655000,0.444444
4.8500,agent,agent_01,1.655000,1.333333
4.8500,agent,agent_02,1.655000,2.222222
4.8500,agent,agent_03,1.655000,3.111111
4.8500,agent,agent_04,1.655000,4.000000
4.8500,agent,agent_05,1.655000,4.888889
4.8500,agent,agent_06,1.655000,5.777778
4.8500,agent,agent_07,1.655000,6.666667
4.8500,agent,agent_08,1.655000,7.555556
4.8500,agent,agent_09,6.345000,0.444444
4.8500,agent,agent_10,6.345000,1.333333
4.8500,agent,agent_11,6.345000,2.222222
4.8500,agent,agent_12,6.345000,3.111111
4.8500,agent,agent_13,6.345000,4.000000
4.8500,agent,agent_14,6.345000,4.888889
4.8500,agent,agent_15,6.345000,5.777778
4.8500,agent,agent_16,6.345000,6.666667
4.8500,agent,agent_17,6.345000,7.555556
4.8500,cargo,cargo_0,4.000000,4.000000
4.9000,agent,agent_00,1.670000,0.444444
4.9000,agent,agent_01,1.670000,1.333333
4.9000,agent,agent_02,1.670000,2.222222
4.9000,agent,agent_03,1.670000,3.111111
4.9000,agent,agent_04,1.670000,4.000000
4.9000,agent,agent_05,1.670000,4.888889
4.9000,agent,agent_06,1.670000,5.777778
4.9000,agent,agent_07,1.670000,6.666667
4.9000,agent,agent_08,1.670000,7.555556
4.9000,agent,agent_09,6.330000,0.444444
4.9000,agent,agent_10,6.330000,1.333333
4.9000,agent,agent_11,6.330000,2.222222
4.9000,agent,agent_12,6.330000,3.111111
4.9000,agent,agent_13,6.330000,4.000000
4.9000,agent,agent_14,6.330000,4.888889
4.9000,agent,agent_15,6.330000,5.777778
4.9000,agent,agent_16,6.330000,6.666667
4.9000,agent,agent_17,6.330000,7.555556
4.9000,cargo,cargo_0,4.000000,4.000000
4.9500,agent,agent_00,1.685000,0.444444
4.9500,agent,agent_01,1.685000,1.333333
4.9500,agent,agent_02,1.685000,2.222222
4.9500,agent,agent_03,1.685000,3.111111
4.9500,agent,agent_04,1.685000,4.000000
4.9500,agent,agent_05,1.685000,4.888889
4.9500,agent,agent_06,1.685000,5.777778
4.9500,agent,agent_07,1.685000,6.666667
4.9500,agent,agent_08,1.685000,7.555556
4.9500,agent,agent_09,6.315000,0.444444
4.9500,agent,agent_10,6.315000,1.333333
4.9500,agent,agent_11,6.315000,2.222222
4.9500,agent,agent_12,6.315000,3.111111
4.9500,agent,agent_13,6.315000,4.000000
4.9500,agent,agent_14,6.315000,4.888889
4.9500,agent,agent_15,6.315000,5.777778
4.9500,agent,agent_16,6.315000,6.666667
4.9500,agent,agent_17,6.315000,7.555556
4.9500,cargo,cargo_0,4.000000,4.000000
5.0000,agent,agent_00,1.700000,0.444444
5.0000,agent,agent_01,1.700000,1.333333
5.0000,agent,agent_02,1.700000,2.222222
5.0000,agent,agent_03,1.700000,3.111111
5.0000,agent,agent_04,1.700000,4.000000
5.0000,agent,agent_05,1.700000,4.888889
5.0000,agent,agent_06,1.700000,5.777778
5.0000,agent,agent_07,1.700000,6.666667
5.0000,agent,agent_08,1.700000,7.555556
5.0000,agent,agent_09,6.300000,0.444444
5.0000,agent,agent_10,6.300000,1.333333
5.0000,agent,agent_11,6.300000,2.222222
5.0000,agent,agent_12,6.300000,3.111111
5.0000,agent,agent_13,6.300000,4.000000
5.0000,agent,agent_14,6.300000,4.888889
5.0000,agent,agent_15,6.300000,5.777778
5.0000,agent,agent_16,6.300000,6.666667
5.0000,agent,agent_17,6.300000,7.555556
5.0000,cargo,cargo_0,4.000000,4.000000
5.0500,agent,agent_00,1.715000,0.444444
5.0500,agent,agent_01,1.715000,1.333333
5.0500,agent,agent_02,1.715000,2.222222
5.0500,agent,agent_03,1.715000,3.111111
5.0500,agent,agent_04,1.715000,4.000000
5.0500,agent,agent_05,1.715000,4.888889
5.0500,agent,agent_06,1.715000,5.777778
5.0500,agent,agent_07,1.715000,6.666667
5.0500,agent,agent_08,1.715000,7.555556
5.0500,agent,agent_09,6.285000,0.444444
5.0500,agent,agent_10,6.285000,1.333333
5.0500,agent,agent_11,6.285000,2.222222
5.0500,agent,agent_12,6.285000,3.111111
5.0500,agent,agent_13,6.285000,4.000000
5.0500,agent,agent_14,6.285000,4.888889
5.0500,agent,agent_15,6.285000,5.777778
5.0500,agent,agent_16,6.285000,6.666667
5.0500,agent,agent_17,6.285000,7.555556
5.0500,cargo,cargo_0,4.000000,4.000000
5.1000,agent,agent_00,1.730000,0.444444
5.1000,agent,agent_01,1.730000,1.333333
5.1000,agent,agent_02,1.730000,2.222222
5.1000,agent,agent_03,1.730000,3.111111
5.1000,agent,agent_04,1.730000,4.000000
5.1000,agent,agent_05,1.730000,4.888889
5.1000,agent,agent_06,1.730000,5.777778
5.1000,agent,agent_07,1.730000,6.666667
5.1000,agent,agent_08,1.730000,7.555556
5.1000,agent,agent_09,6.270000,0.444444
5.1000,agent,agent_10,6.270000,1.333333
5.1000,agent,agent_11,6.270000,2.222222
5.1000,agent,agent_12,6.270000,3.111111
5.1000,agent,agent_13,6.270000,4.000000
5.1000,agent,agent_14,6.270000,4.888889
5.1000,agent,agent_15,6.270000,5.777778
5.1000,agent,agent_16,6.270000,6.666667
5.1000,agent,agent_17,6.270000,7.555556
5.1000,cargo,cargo_0,4.000000,4.000000
5.1500,agent,agent_00,1.745000,0.444444
5.1500,agent,agent_01,1.745000,1.333333
5.1500,agent,agent_02,1.745000,2.222222
5.1500,agent,agent_03,1.745000,3.111111
5.1500,agent,agent_04,1.745000,4.000000
5.1500,agent,agent_05,1.745000,4.888889
5.1500,agent,agent_06,1.745000,5.777778
5.1500,agent,agent_07,1.745000,6.666667
5.1500,agent,agent_08,1.745000,7.555556
5.1500,agent,agent_09,6.255000,0.444444
5.1500,agent,agent_10,6.255000,1.333333
5.1500,agent,agent_11,6.255000,2.222222
5.1500,agent,agent_12,6.255000,3.111111
5.1500,agent,agent_13,6.255000,4.000000
5.1500,agent,agent_14,6.255000,4.888889
5.1500,agent,agent_15,6.255000,5.777778
5.1500,agent,agent_16,6.255000,6.666667
5.1500,agent,agent_17,6.255000,7.555556
5.1500,cargo,cargo_0,4.000000,4.000000
5.2000,agent,agent_00,1.760000,0.444444
5.2000,agent,agent_01,1.760000,1.333333
5.2000,agent,agent_02,1.760000,2.222222
5.2000,agent,agent_03,1.760000,3.111111
5.2000,agent,agent_04,1.760000,4.000000
5.2000,agent,agent_05,1.760000,4.888889
5.2000,agent,agent_06,1.760000,5.777778
5.2000,agent,agent_07,1.760000,6.666667
5.2000,agent,agent_08,1.760000,7.555556
5.2000,agent,agent_09,6.240000,0.444444
5.2000,agent,agent_10,6.240000,1.333333
5.2000,agent,agent_11,6.240000,2.222222
5.2000,agent,agent_12,6.240000,3.111111
5.2000,agent,agent_13,6.240000,4.000000
5.2000,agent,agent_14,6.240000,4.888889
5.2000,agent,agent_15,6.240000,5.777778
5.2000,agent,agent_16,6.240000,6.666667
5.2000,agent,agent_17,6.240000,7.555556
5.2000,cargo,cargo_0,4.000000,4.000000
5.2500,agent,agent_00,1.775000,0.444444
5.2500,agent,agent_01,1.775000,1.333333
5.2500,agent,agent_02,1.775000,2.222222
5.2500,agent,agent_03,1.775000,3.111111
5.2500,agent,agent_04,1.775000,4.000000
5.2500,agent,agent_05,1.775000,4.888889
5.2500,agent,agent_06,1.775000,5.777778
5.2500,agent,agent_07,1.775000,6.666667
5.2500,agent,agent_08,1.775000,7.555556
5.2500,agent,agent_09,6.225000,0.444444
5.2500,agent,agent_10,6.225000,1.333333
5.2500,agent,agent_11,6.225000,2.222222
5.2500,agent,agent_12,6.225000,3.111111
5.2500,agent,agent_13,6.225000,4.000000
5.2500,agent,agent_14,6.225000,4.888889
5.2500,agent,agent_15,6.225000,5.777778
5.2500,agent,agent_16,6.225000,6.666667
5.2500,agent,agent_17,6.225000,7.555556
5.2500,cargo,cargo_0,4.000000,4.000000
5.3000,agent,agent_00,1.790000,0.444444
5.3000,agent,agent_01,1.790000,1.333333
5.3000,agent,agent_02,1.790000,2.222222
5.3000,agent,agent_03,1.790000,3.111111
5.3000,agent,agent_04,1.790000,4.000000
5.3000,agent,agent_05,1.790000,4.888889
5.3000,agent,agent_06,1.790000,5.777778
5.3000,agent,agent_07,1.790000,6.666667
5.3000,agent,agent_08,1.790000,7.555556
5.3000,agent,agent_09,6.210000,0.444444
5.3000,agent,agent_10,6.210000,1.333333
5.3000,agent,agent_11,6.210000,2.222222
5.3000,agent,agent_12,6.210000,3.111111
5.3000,agent,agent_13,6.210000,4.000000
5.3000,agent,agent_14,6.210000,4.888889
5.3000,agent,agent_15,6.210000,5.777778
5.3000,agent,agent_16,6.210000,6.666667
5.3000,agent,agent_17,6.210000,7.555556
5.3000,cargo,cargo_0,4.000000,4.000000
5.3500,agent,agent_00,1.805000,0.444444
5.3500,agent,agent_01,1.805000,1.333333
5.3500,agent,agent_02,1.805000,2.222222
5.3500,agent,agent_03,1.805000,3.111111
5.3500,agent,agent_04,1.805000,4.000000
5.3500,agent,agent_05,1.805000,4.888889
5.3500,agent,agent_06,1.805000,5.777778
5.3500,agent,agent_07,1.805000,6.666667
5.3500,agent,agent_08,1.805000,7.555556
5.3500,agent,agent_09,6.195000,0.444444
5.3500,agent,agent_10,6.195000,1.333333
5.3500,agent,agent_11,6.195000,2.222222
5.3500,agent,agent_12,6.195000,3.111111
5.3500,agent,agent_13,6.195000,4.000000
5.3500,agent,agent_14,6.195000,4.888889
5.3500,agent,agent_15,6.195000,5.777778
5.3500,agent,agent_16,6.195000,6.666667
5.3500,agent,agent_17,6.195000,7.555556
5.3500,cargo,cargo_0,4.000000,4.000000
5.4000,agent,agent_00,1.820000,0.444444
5.4000,agent,agent_01,1.820000,1.333333
5.4000,agent,agent_02,1.820000,2.222222
5.4000,agent,agent_03,1.820000,3.111111
5.4000,agent,agent_04,1.820000,4.000000
5.4000,agent,agent_05,1.820000,4.888889
5.4000,agent,agent_06,1.820000,5.777778
5.4000,agent,agent_07,1.820000,6.666667
5.4000,agent,agent_08,1.820000,7.555556
5.4000,agent,agent_09,6.180000,0.444444
5.4000,agent,agent_10,6.180000,1.333333
5.4000,agent,agent_11,6.180000,2.222222
5.4000,agent,agent_12,6.180000,3.111111
5.4000,agent,agent_13,6.180000,4.000000
5.4000,agent,agent_14,6.180000,4.888889
5.4000,agent,agent_15,6.180000,5.777778
5.4000,agent,agent_16,6.180000,6.666667
5.4000,agent,agent_17,6.180000,7.555556
5.4000,cargo,cargo_0,4.000000,4.000000
5.4500,agent,agent_00,1.835000,0.444444
5.4500,agent,agent_01,1.835000,1.333333
5.4500,agent,agent_02,1.835000,2.222222
5.4500,agent,agent_03,1.835000,3.111111
5.4500,agent,agent_04,1.835000,4.000000
5.4500,agent,agent_05,1.835000,4.888889
5.4500,agent,agent_06,1.835000,5.777778
5.4500,agent,agent_07,1.835000,6.666667
5.4500,agent,agent_08,1.835000,7.555556
5.4500,agent,agent_09,6.165000,0.444444
5.4500,agent,agent_10,6.165000,1.333333
5.4500,agent,agent_11,6.165000,2.222222
5.4500,agent,agent_12,6.165000,3.111111
5.4500,agent,agent_13,6.165000,4.000000
5.4500,agent,agent_14,6.165000,4.888889
5.4500,agent,agent_15,6.165000,5.777778
5.4500,agent,agent_16,6.165000,6.666667
5.4500,agent,agent_17,6.165000,7.555556
5.4500,cargo,cargo_0,4.000000,4.000000
5.5000,agent,agent_00,1.850000,0.444444
5.5000,agent,agent_01,1.850000,1.333333
5.5000,agent,agent_02,1.850000,2.222222
5.5000,agent,agent_03,1.850000,3.111111
5.5000,agent,agent_04,1.850000,4.000000
5.5000,agent,agent_05,1.850000,4.888889
5.5000,agent,agent_06,1.850000,5.777778
5.5000,agent,agent_07,1.850000,6.666667
5.5000,agent,agent_08,1.850000,7.555556
5.5000,agent,agent_09,6.150000,0.444444
5.5000,agent,agent_10,6.150000,1.333333
5.5000,agent,agent_11,6.150000,2.222222
5.5000,agent,agent_12,6.150000,3.111111
5.5000,agent,agent_13,6.150000,4.000000
5.5000,agent,agent_14,6.150000,4.888889
5.5000,agent,agent_15,6.150000,5.777778
5.5000,agent,agent_16,6.150000,6.666667
5.5000,agent,agent_17,6.150000,7.555556
5.5000,cargo,cargo_0,4.000000,4.000000
5.5500,agent,agent_00,1.865000,0.444444
5.5500,agent,agent_01,1.865000,1.333333
5.5500,agent,agent_02,1.865000,2.222222
5.5500,agent,agent_03,1.865000,3.111111
5.5500,agent,agent_04,1.865000,4.000000
5.5500,agent,agent_05,1.865000,4.888889
5.5500,agent,agent_06,1.865000,5.777778
5.5500,agent,agent_07,1.865000,6.666667
5.5500,agent,agent_08,1.865000,7.555556
5.5500,agent,agent_09,6.135000,0.444444
5.5500,agent,agent_10,6.135000,1.333333
5.5500,agent,agent_11,6.135000,2.222222
5.5500,agent,agent_12,6.135000,3.111111
5.5500,agent,agent_13,6.135000,4.000000
5.5500,agent,agent_14,6.135000,4.888889
5.5500,agent,agent_15,6.135000,5.777778
5.5500,agent,agent_16,6.135000,6.666667
5.5500,agent,agent_17,6.135000,7.555556
5.5500,cargo,cargo_0,4.000000,4.000000
5.6000,agent,agent_00,1.880000,0.444444
5.6000,agent,agent_01,1.880000,1.333333
5.6000,agent,agent_02,1.880000,2.222222
5.6000,agent,agent_03,1.880000,3.111111
5.6000,agent,agent_04,1.880000,4.000000
5.6000,agent,agent_05,1.880000,4.888889
5.6000,agent,agent_06,1.880000,5.777778
5.6000,agent,agent_07,1.880000,6.666667
5.6000,agent,agent_08,1.880000,7.555556
5.6000,agent,agent_09,6.120000,0.444444
5.6000,agent,agent_10,6.120000,1.333333
5.6000,agent,agent_11,6.120000,2.222222
5.6000,agent,agent_12,6.120000,3.111111
5.6000,agent,agent_13,6.120000,4.000000
5.6000,agent,agent_14,6.120000,4.888889
5.6000,agent,agent_15,6.120000,5.777778
5.6000,agent,agent_16,6.120000,6.666667
5.6000,agent,agent_17,6.120000,7.555556
5.6000,cargo,cargo_0,4.000000,4.000000
5.6500,agent,agent_00,1.895000,0.444444
5.6500,agent,agent_01,1.895000,1.333333
5.6500,agent,agent_02,1.895000,2.222222
5.6500,agent,agent_03,1.895000,3.111111
5.6500,agent,agent_04,1.895000,4.000000
5.6500,agent,agent_05,1.895000,4.888889
5.6500,agent,agent_06,1.895000,5.777778
5.6500,agent,agent_07,1.895000,6.666667
5.6500,agent,agent_08,1.895000,7.555556
5.6500,agent,agent_09,6.105000,0.444444
5.6500,agent,agent_10,6.105000,1.333333
5.6500,agent,agent_11,6.105000,2.222222
5.6500,agent,agent_12,6.105000,3.111111
5.6500,agent,agent_13,6.105000,4.000000
5.6500,agent,agent_14,6.105000,4.888889
5.6500,agent,agent_15,6.105000,5.777778
5.6500,agent,agent_16,6.105000,6.666667
5.6500,agent,agent_17,6.105000,7.555556
5.6500,cargo,cargo_0,4.000000,4.000000
5.7000,agent,agent_00,1.910000,0.444444
5.7000,agent,agent_01,1.910000,1.333333
5.7000,agent,agent_02,1.910000,2.222222
5.7000,agent,agent_03,1.910000,3.111111
5.7000,agent,agent_04,1.910000,4.000000
5.7000,agent,agent_05,1.910000,4.888889
5.7000,agent,agent_06,1.910000,5.777778
5.7000,agent,agent_07,1.910000,6.666667
5.7000,agent,agent_08,1.910000,7.555556
5.7000,agent,agent_09,6.090000,0.444444
5.7000,agent,agent_10,6.090000,1.333333
5.7000,agent,agent_11,6.090000,2.222222
5.7000,agent,agent_12,6.090000,3.111111
5.7000,agent,agent_13,6.090000,4.000000
5.7000,agent,agent_14,6.090000,4.888889
5.7000,agent,agent_15,6.090000,5.777778
5.7000,agent,agent_16,6.090000,6.666667
5.7000,agent,agent_17,6.090000,7.555556
5.7000,cargo,cargo_0,4.000000,4.000000
5.7500,agent,agent_00,1.925000,0.444444
5.7500,agent,agent_01,1.925000,1.333333
5.7500,agent,agent_02,1.925000,2.222222
5.7500,agent,agent_03,1.925000,3.111111
5.7500,agent,agent_04,1.925000,4.000000
5.7500,agent,agent_05,1.925000,4.888889
5.7500,agent,agent_06,1.925000,5.777778
5.7500,agent,agent_07,1.925000,6.666667
5.7500,agent,agent_08,1.925000,7.555556
5.7500,agent,agent_09,6.075000,0.444444
5.7500,agent,agent_10,6.075000,1.333333
5.7500,agent,agent_11,6.075000,2.222222
5.7500,agent,agent_12,6.075000,3.111111
5.7500,agent,agent_13,6.075000,4.000000
5.7500,agent,agent_14,6.075000,4.888889
5.7500,agent,agent_15,6.075000,5.777778
5.7500,agent,agent_16,6.075000,6.666667
5.7500,agent,agent_17,6.075000,7.555556
5.7500,cargo,cargo_0,4.000000,4.000000
5.8000,agent,agent_00,1.940000,0.444444
5.8000,agent,agent_01,1.940000,1.333333
5.8000,agent,agent_02,1.940000,2.222222
5.8000,agent,agent_03,1.940000,3.111111
5.8000,agent,agent_04,1.940000,4.000000
5.8000,agent,agent_05,1.940000,4.888889
5.8000,agent,agent_06,1.940000,5.777778
5.8000,agent,agent_07,1.940000,6.666667
5.8000,agent,agent_08,1.940000,7.555556
5.8000,agent,agent_09,6.060000,0.444444
5.8000,agent,agent_10,6.060000,1.333333
5.8000,agent,agent_11,6.060000,2.222222
5.8000,agent,agent_12,6.060000,3.111111
5.8000,agent,agent_13,6.060000,4.000000
5.8000,agent,agent_14,6.060000,4.888889
5.8000,agent,agent_15,6.060000,5.777778
5.8000,agent,agent_16,6.060000,6.666667
5.8000,agent,agent_17,6.060000,7.555556
5.8000,cargo,cargo_0,4.000000,4.000000
5.8500,agent,agent_00,1.955000,0.444444
5.8500,agent,agent_01,1.955000,1.333333
5.8500,agent,agent_02,1.955000,2.222222
5.8500,agent,agent_03,1.955000,3.111111
5.8500,agent,agent_04,1.955000,4.000000
5.8500,agent,agent_05,1.955000,4.888889
5.8500,agent,agent_06,1.955000,5.777778
5.8500,agent,agent_07,1.955000,6.666667
5.8500,agent,agent_08,1.955000,7.555556
5.8500,agent,agent_09,6.045000,0.444444
5.8500,agent,agent_10,6.045000,1.333333
5.8500,agent,agent_11,6.045000,2.222222
5.8500,agent,agent_12,6.045000,3.111111
5.8500,agent,agent_13,6.045000,4.000000
5.8500,agent,agent_14,6.045000,4.888889
5.8500,agent,agent_15,6.045000,5.777778
5.8500,agent,agent_16,6.045000,6.666667
5.8500,agent,agent_17,6.045000,7.555556
5.8500,cargo,cargo_0,4.000000,4.000000
5.9000,agent,agent_00,1.970000,0.444444
5.9000,agent,agent_01,1.970000,1.333333
5.9000,agent,agent_02,1.970000,2.222222
5.9000,agent,agent_03,1.970000,3.111111
5.9000,agent,agent_04,1.970000,4.000000
5.9000,agent,agent_05,1.970000,4.888889
5.9000,agent,agent_06,1.970000,5.777778
5.9000,agent,agent_07,1.970000,6.666667
5.9000,agent,agent_08,1.970000,7.555556
5.9000,agent,agent_09,6.030000,0.444444
5.9000,agent,agent_10,6.030000,1.333333
5.9000,agent,agent_11,6.030000,2.222222
5.9000,agent,agent_12,6.030000,3.111111
5.9000,agent,agent_13,6.030000,4.000000
5.9000,agent,agent_14,6.030000,4.888889
5.9000,agent,agent_15,6.030000,5.777778
5.9000,agent,agent_16,6.030000,6.666667
5.9000,agent,agent_17,6.030000,7.555556
5.9000,cargo,cargo_0,4.000000,4.000000
5.9500,agent,agent_00,1.985000,0.444444
5.9500,agent,agent_01,1.985000,1.333333
5.9500,agent,agent_02,1.985000,2.222222
5.9500,agent,agent_03,1.985000,3.111111
5.9500,agent,agent_04,1.985000,4.000000
5.9500,agent,agent_05,1.985000,4.888889
5.9500,agent,agent_06,1.985000,5.777778
5.9500,agent,agent_07,1.985000,6.666667
5.9500,agent,agent_08,1.985000,7.555556
5.9500,agent,agent_09,6.015000,0.444444
5.9500,agent,agent_10,6.015000,1.333333
5.9500,agent,agent_11,6.015000,2.222222
5.9500,agent,agent_12,6.015000,3.111111
5.9500,agent,agent_13,6.015000,4.000000
5.9500,agent,agent_14,6.015000,4.888889
5.9500,agent,agent_15,6.015000,5.777778
5.9500,agent,agent_16,6.015000,6.666667
5.9500,agent,agent_17,6.015000,7.555556
5.9500,cargo,cargo_0,4.000000,4.000000
6.0000,agent,agent_00,2.000000,0.444444
6.0000,agent,agent_01,2.000000,1.333333
6.0000,agent,agent_02,2.000000,2.222222
6.0000,agent,agent_03,2.000000,3.111111
6.0000,agent,agent_04,2.000000,4.000000
6.0000,agent,agent_05,2.000000,4.888889
6.0000,agent,agent_06,2.000000,5.777778
6.0000,agent,agent_07,2.000000,6.666667
6.0000,agent,agent_08,2.000000,7.555556
6.0000,agent,agent_09,6.000000,0.444444
6.0000,agent,agent_10,6.000000,1.333333
6.0000,agent,agent_11,6.000000,2.222222
6.0000,agent,agent_12,6.000000,3.111111
6.0000,agent,agent_13,6.000000,4.000000
6.0000,agent,agent_14,6.000000,4.888889
6.0000,agent,agent_15,6.000000,5.777778
6.0000,agent,agent_16,6.000000,6.666667
6.0000,agent,agent_17,6.000000,7.555556
6.0000,cargo,cargo_0,4.000000,4.000000
6.0500,agent,agent_00,2.015000,0.444444
6.0500,agent,agent_01,2.015000,1.333333
6.0500,agent,agent_02,2.015000,2.222222
6.0500,agent,agent_03,2.015000,3.111111
6.0500,agent,agent_04,2.015000,4.000000
6.0500,agent,agent_05,2.015000,4.888889
6.0500,agent,agent_06,2.015000,5.777778
6.0500,agent,agent_07,2.015000,6.666667
6.0500,agent,agent_08,2.015000,7.555556
6.0500,agent,agent_09,5.985000,0.444444
6.0500,agent,agent_10,5.985000,1.333333
6.0500,agent,agent_11,5.985000,2.222222
6.0500,agent,agent_12,5.985000,3.111111
6.0500,agent,agent_13,5.985000,4.000000
6.0500,agent,agent_14,5.985000,4.888889
6.0500,agent,agent_15,5.985000,5.777778
6.0500,agent,agent_16,5.985000,6.666667
6.0500,agent,agent_17,5.985000,7.555556
6.0500,cargo,cargo_0,4.000000,4.000000
6.1000,agent,agent_00,2.030000,0.444444
6.1000,agent,agent_01,2.030000,1.333333
6.1000,agent,agent_02,2.030000,2.222222
6.1000,agent,agent_03,2.030000,3.111111
6.1000,agent,agent_04,2.030000,4.000000
6.1000,agent,agent_05,2.030000,4.888889
6.1000,agent,agent_06,2.030000,5.777778
6.1000,agent,agent_07,2.030000,6.666667
6.1000,agent,agent_08,2.030000,7.555556
6.1000,agent,agent_09,5.970000,0.444444
6.1000,agent,agent_10,5.970000,1.333333
6.1000,agent,agent_11,5.970000,2.222222
6.1000,agent,agent_12,5.970000,3.111111
6.1000,agent,agent_13,5.970000,4.000000
6.1000,agent,agent_14,5.970000,4.888889
6.1000,agent,agent_15,5.970000,5.777778
6.1000,agent,agent_16,5.970000,6.666667
6.1000,agent,agent_17,5.970000,7.555556
6.1000,cargo,cargo_0,4.000000,4.000000
6.1500,agent,agent_00,2.045000,0.444444
6.1500,agent,agent_01,2.045000,1.333333
6.1500,agent,agent_02,2.045000,2.222222
6.1500,agent,agent_03,2.045000,3.111111
6.1500,agent,agent_04,2.045000,4.000000
6.1500,agent,agent_05,2.045000,4.888889
6.1500,agent,agent_06,2.045000,5.777778
6.1500,agent,agent_07,2.045000,6.666667
6.1500,agent,agent_08,2.045000,7.555556
6.1500,agent,agent_09,5.955000,0.444444
6.1500,agent,agent_10,5.955000,1.333333
6.1500,agent,agent_11,5.955000,2.222222
6.1500,agent,agent_12,5.955000,3.111111
6.1500,agent,agent_13,5.955000,4.000000
6.1500,agent,agent_14,5.955000,4.888889
6.1500,agent,agent_15,5.955000,5.777778
6.1500,agent,agent_16,5.955000,6.666667
6.1500,agent,agent_17,5.955000,7.555556
6.1500,cargo,cargo_0,4.000000,4.000000
6.2000,agent,agent_00,2.060000,0.444444
6.2000,agent,agent_01,2.060000,1.333333
6.2000,agent,agent_02,2.060000,2.222222
6.2000,agent,agent_03,2.060000,3.111111
6.2000,agent,agent_04,2.060000,4.000000
6.2000,agent,agent_05,2.060000,4.888889
6.2000,agent,agent_06,2.060000,5.777778
6.2000,agent,agent_07,2.060000,6.666667
6.2000,agent,agent_08,2.060000,7.555556
6.2000,agent,agent_09,5.940000,0.444444
6.2000,agent,agent_10,5.940000,1.333333
6.2000,agent,agent_11,5.940000,2.222222
6.2000,agent,agent_12,5.940000,3.111111
6.2000,agent,agent_13,5.940000,4.000000
6.2000,agent,agent_14,5.940000,4.888889
6.2000,agent,agent_15,5.940000,5.777778
6.2000,agent,agent_16,5.940000,6.666667
6.2000,agent,agent_17,5.940000,7.555556
6.2000,cargo,cargo_0,4.000000,4.000000
6.2500,agent,agent_00,2.075000,0.444444
6.2500,agent,agent_01,2.075000,1.333333
6.2500,agent,agent_02,2.075000,2.222222
6.2500,agent,agent_03,2.075000,3.111111
6.2500,agent,agent_04,2.075000,4.000000
6.2500,agent,agent_05,2.075000,4.888889
6.2500,agent,agent_06,2.075000,5.777778
6.2500,agent,agent_07,2.075000,6.666667
6.2500,agent,agent_08,2.075000,7.555556
6.2500,agent,agent_09,5.925000,0.444444
6.2500,agent,agent_10,5.925000,1.333333
6.2500,agent,agent_11,5.925000,2.222222
6.2500,agent,agent_12,5.925000,3.111111
6.2500,agent,agent_13,5.925000,4.000000
6.2500,agent,agent_14,5.925000,4.888889
6.2500,agent,agent_15,5.925000,5.777778
6.2500,agent,agent_16,5.925000,6.666667
6.2500,agent,agent_17,5.925000,7.555556
6.2500,cargo,cargo_0,4.000000,4.000000
6.3000,agent,agent_00,2.090000,0.444444
6.3000,agent,agent_01,2.090000,1.333333
6.3000,agent,agent_02,2.090000,2.222222
6.3000,agent,agent_03,2.090000,3.111111
6.3000,agent,agent_04,2.090000,4.000000
6.3000,agent,agent_05,2.090000,4.888889
6.3000,agent,agent_06,2.090000,5.777778
6.3000,agent,agent_07,2.090000,6.666667
6.3000,agent,agent_08,2.090000,7.555556
6.3000,agent,agent_09,5.910000,0.444444
6.3000,agent,agent_10,5.910000,1.333333
6.3000,agent,agent_11,5.910000,2.222222
6.3000,agent,agent_12,5.910000,3.111111
6.3000,agent,agent_13,5.910000,4.000000
6.3000,agent,agent_14,5.910000,4.888889
6.3000,agent,agent_15,5.910000,5.777778
6.3000,agent,agent_16,5.910000,6.666667
6.3000,agent,agent_17,5.910000,7.555556
6.3000,cargo,cargo_0,4.000000,4.000000
6.3500,agent,agent_00,2.105000,0.444444
6.3500,agent,agent_01,2.105000,1.333333
6.3500,agent,agent_02,2.105000,2.222222
6.3500,agent,agent_03,2.105000,3.111111
6.3500,agent,agent_04,2.105000,4.000000
6.3500,agent,agent_05,2.105000,4.888889
6.3500,agent,agent_06,2.105000,5.777778
6.3500,agent,agent_07,2.105000,6.666667
6.3500,agent,agent_08,2.105000,7.555556
6.3500,agent,agent_09,5.895000,0.444444
6.3500,agent,agent_10,5.895000,1.333333
6.3500,agent,agent_11,5.895000,2.222222
6.3500,agent,agent_12,5.895000,3.111111
6.3500,agent,agent_13,5.895000,4.000000
6.3500,agent,agent_14,5.895000,4.888889
6.3500,agent,agent_15,5.895000,5.777778
6.3500,agent,agent_16,5.895000,6.666667
6.3500,agent,agent_17,5.895000,7.555556
6.3500,cargo,cargo_0,4.000000,4.000000
6.4000,agent,agent_00,2.120000,0.444444
6.4000,agent,agent_01,2.120000,1.333333
6.4000,agent,agent_02,2.120000,2.222222
6.4000,agent,agent_03,2.120000,3.111111
6.4000,agent,agent_04,2.120000,4.000000
6.4000,agent,agent_05,2.120000,4.888889
6.4000,agent,agent_06,2.120000,5.777778
6.4000,agent,agent_07,2.120000,6.666667
6.4000,agent,agent_08,2.120000,7.555556
6.4000,agent,agent_09,5.880000,0.444444
6.4000,agent,agent_10,5.880000,1.333333
6.4000,agent,agent_11,5.880000,2.222222
6.4000,agent,agent_12,5.880000,3.111111
6.4000,agent,agent_13,5.880000,4.000000
6.4000,agent,agent_14,5.880000,4.888889
6.4000,agent,agent_15,5.880000,5.777778
6.4000,agent,agent_16,5.880000,6.666667
6.4000,agent,agent_17,5.880000,7.555556
6.4000,cargo,cargo_0,4.000000,4.000000
6.4500,agent,agent_00,2.135000,0.444444
6.4500,agent,agent_01,2.135000,1.333333
6.4500,agent,agent_02,2.135000,2.222222
6.4500,agent,agent_03,2.135000,3.111111
6.4500,agent,agent_04,2.135000,4.000000
6.4500,agent,agent_05,2.135000,4.888889
6.4500,agent,agent_06,2.135000,5.777778
6.4500,agent,agent_07,2.135000,6.666667
6.4500,agent,agent_08,2.135000,7.555556
6.4500,agent,agent_09,5.865000,0.444444
6.4500,agent,agent_10,5.865000,1.333333
6.4500,agent,agent_11,5.865000,2.222222
6.4500,agent,agent_12,5.865000,3.111111
6.4500,agent,agent_13,5.865000,4.000000
6.4500,agent,agent_14,5.865000,4.888889
6.4500,agent,agent_15,5.865000,5.777778
6.4500,agent,agent_16,5.865000,6.666667
6.4500,agent,agent_17,5.865000,7.555556
6.4500,cargo,cargo_0,4.000000,4.000000
6.5000,agent,agent_00,2.150000,0.444444
6.5000,agent,agent_01,2.150000,1.333333
6.5000,agent,agent_02,2.150000,2.222222
6.5000,agent,agent_03,2.150000,3.111111
6.5000,agent,agent_04,2.150000,4.000000
6.5000,agent,agent_05,2.150000,4.888889
6.5000,agent,agent_06,2.150000,5.777778
6.5000,agent,agent_07,2.150000,6.666667
6.5000,agent,agent_08,2.150000,7.555556
6.5000,agent,agent_09,5.850000,0.444444
6.5000,agent,agent_10,5.850000,1.333333
6.5000,agent,agent_11,5.850000,2.222222
6.5000,agent,agent_12,5.850000,3.111111
6.5000,agent,agent_13,5.850000,4.000000
6.5000,agent,agent_14,5.850000,4.888889
6.5000,agent,agent_15,5.850000,5.777778
6.5000,agent,agent_16,5.850000,6.666667
6.5000,agent,agent_17,5.850000,7.555556
6.5000,cargo,cargo_0,4.000000,4.000000
6.5500,agent,agent_00,2.165000,0.444444
6.5500,agent,agent_01,2.165000,1.333333
6.5500,agent,agent_02,2.165000,2.222222
6.5500,agent,agent_03,2.165000,3.111111
6.5500,agent,agent_04,2.165000,4.000000
6.5500,agent,agent_05,2.165000,4.888889
6.5500,agent,agent_06,2.165000,5.777778
6.5500,agent,agent_07,2.165000,6.666667
6.5500,agent,agent_08,2.165000,7.555556
6.5500,agent,agent_09,5.835000,0.444444
6.5500,agent,agent_10,5.835000,1.333333
6.5500,agent,agent_11,5.835000,2.222222
6.5500,agent,agent_12,5.835000,3.111111
6.5500,agent,agent_13,5.835000,4.000000
6.5500,agent,agent_14,5.835000,4.888889
6.5500,agent,agent_15,5.835000,5.777778
6.5500,agent,agent_16,5.835000,6.666667
6.5500,agent,agent_17,5.835000,7.555556
6.5500,cargo,cargo_0,4.000000,4.000000
6.6000,agent,agent_00,2.180000,0.444444
6.6000,agent,agent_01,2.180000,1.333333
6.6000,agent,agent_02,2.180000,2.222222
6.6000,agent,agent_03,2.180000,3.111111
6.6000,agent,agent_04,2.180000,4.000000
6.6000,agent,agent_05,2.180000,4.888889
6.6000,agent,agent_06,2.180000,5.777778
6.6000,agent,agent_07,2.180000,6.666667
6.6000,agent,agent_08,2.180000,7.555556
6.6000,agent,agent_09,5.820000,0.444444
6.6000,agent,agent_10,5.820000,1.333333
6.6000,agent,agent_11,5.820000,2.222222
6.6000,agent,agent_12,5.820000,3.111111
6.6000,agent,agent_13,5.820000,4.000000
6.6000,agent,agent_14,5.820000,4.888889
6.6000,agent,agent_15,5.820000,5.777778
6.6000,agent,agent_16,5.820000,6.666667
6.6000,agent,agent_17,5.820000,7.555556
6.6000,cargo,cargo_0,4.000000,4.000000
6.6500,agent,agent_00,2.195000,0.444444
6.6500,agent,agent_01,2.195000,1.333333
6.6500,agent,agent_02,2.195000,2.222222
6.6500,agent,agent_03,2.195000,3.111111
6.6500,agent,agent_04,2.195000,4.000000
6.6500,agent,agent_05,2.195000,4.888889
6.6500,agent,agent_06,2.195000,5.777778
6.6500,agent,agent_07,2.195000,6.666667
6.6500,agent,agent_08,2.195000,7.555556
6.6500,agent,agent_09,5.805000,0.444444
6.6500,agent,agent_10,5.805000,1.333333
6.6500,agent,agent_11,5.805000,2.222222
6.6500,agent,agent_12,5.805000,3.111111
6.6500,agent,agent_13,5.805000,4.000000
6.6500,agent,agent_14,5.805000,4.888889
6.6500,agent,agent_15,5.805000,5.777778
6.6500,agent,agent_16,5.805000,6.666667
6.6500,agent,agent_17,5.805000,7.555556
6.6500,cargo,cargo_0,4.000000,4.000000
6.7000,agent,agent_00,2.210000,0.444444
6.7000,agent,agent_01,2.210000,1.333333
6.7000,agent,agent_02,2.210000,2.222222
6.7000,agent,agent_03,2.210000,3.111111
6.7000,agent,agent_04,2.210000,4.000000
6.7000,agent,agent_05,2.210000,4.888889
6.7000,agent,agent_06,2.210000,5.777778
6.7000,agent,agent_07,2.210000,6.666667
6.7000,agent,agent_08,2.210000,7.555556
6.7000,agent,agent_09,5.790000,0.444444
6.7000,agent,agent_10,5.790000,1.333333
6.7000,agent,agent_11,5.790000,2.222222
6.7000,agent,agent_12,5.790000,3.111111
6.7000,agent,agent_13,5.790000,4.000000
6.7000,agent,agent_14,5.790000,4.888889
6.7000,agent,agent_15,5.790000,5.777778
6.7000,agent,agent_16,5.790000,6.666667
6.7000,agent,agent_17,5.790000,7.555556
6.7000,cargo,cargo_0,4.000000,4.000000
6.7500,agent,agent_00,2.225000,0.444444
6.7500,agent,agent_01,2.225000,1.333333
6.7500,agent,agent_02,2.225000,2.222222
6.7500,agent,agent_03,2.225000,3.111111
6.7500,agent,agent_04,2.225000,4.000000
6.7500,agent,agent_05,2.225000,4.888889
6.7500,agent,agent_06,2.225000,5.777778
6.7500,agent,agent_07,2.225000,6.666667
6.7500,agent,agent_08,2.225000,7.555556
6.7500,agent,agent_09,5.775000,0.444444
6.7500,agent,agent_10,5.775000,1.333333
6.7500,agent,agent_11,5.775000,2.222222
6.7500,agent,agent_12,5.775000,3.111111
6.7500,agent,agent_13,5.775000,4.000000
6.7500,agent,agent_14,5.775000,4.888889
6.7500,agent,agent_15,5.775000,5.777778
6.7500,agent,agent_16,5.775000,6.666667
6.7500,agent,agent_17,5.775000,7.555556
6.7500,cargo,cargo_0,4.000000,4.000000
6.8000,agent,agent_00,2.240000,0.444444
6.8000,agent,agent_01,2.240000,1.333333
6.8000,agent,agent_02,2.240000,2.222222
6.8000,agent,agent_03,2.240000,3.111111
6.8000,agent,agent_04,2.240000,4.000000
6.8000,agent,agent_05,2.240000,4.888889
6.8000,agent,agent_06,2.240000,5.777778
6.8000,agent,agent_07,2.240000,6.666667
6.8000,agent,agent_08,2.240000,7.555556
6.8000,agent,agent_09,5.760000,0.444444
6.8000,agent,agent_10,5.760000,1.333333
6.8000,agent,agent_11,5.760000,2.222222
6.8000,agent,agent_12,5.760000,3.111111
6.8000,agent,agent_13,5.760000,4.000000
6.8000,agent,agent_14,5.760000,4.888889
6.8000,agent,agent_15,5.760000,5.777778
6.8000,agent,agent_16,5.760000,6.666667
6.8000,agent,agent_17,5.760000,7.555556
6.8000,cargo,cargo_0,4.000000,4.000000
6.8500,agent,agent_00,2.255000,0.444444
6.8500,agent,agent_01,2.255000,1.333333
6.8500,agent,agent_02,2.255000,2.222222
6.8500,agent,agent_03,2.255000,3.111111
6.8500,agent,agent_04,2.255000,4.000000
6.8500,agent,agent_05,2.255000,4.888889
6.8500,agent,agent_06,2.255000,5.777778
6.8500,agent,agent_07,2.255000,6.666667
6.8500,agent,agent_08,2.255000,7.555556
6.8500,agent,agent_09,5.745000,0.444444
6.8500,agent,agent_10,5.745000,1.333333
6.8500,agent,agent_11,5.745000,2.222222
6.8500,agent,agent_12,5.745000,3.111111
6.8500,agent,agent_13,5.745000,4.000000
6.8500,agent,agent_14,5.745000,4.888889
6.8500,agent,agent_15,5.745000,5.777778
6.8500,agent,agent_16,5.745000,6.666667
6.8500,agent,agent_17,5.745000,7.555556
6.8500,cargo,cargo_0,4.000000,4.000000
6.9000,agent,agent_00,2.270000,0.444444
6.9000,agent,agent_01,2.270000,1.333333
6.9000,agent,agent_02,2.270000,2.222222
6.9000,agent,agent_03,2.270000,3.111111
6.9000,agent,agent_04,2.270000,4.000000
6.9000,agent,agent_05,2.270000,4.888889
6.9000,agent,agent_06,2.270000,5.777778
6.9000,agent,agent_07,2.270000,6.666667
6.9000,agent,agent_08,2.270000,7.555556
6.9000,agent,agent_09,5.730000,0.444444
6.9000,agent,agent_10,5.730000,1.333333
6.9000,agent,agent_11,5.730000,2.222222
6.9000,agent,agent_12,5.730000,3.111111
6.9000,agent,agent_13,5.730000,4.000000
6.9000,agent,agent_14,5.730000,4.888889
6.9000,agent,agent_15,5.730000,5.777778
6.9000,agent,agent_16,5.730000,6.666667
6.9000,agent,agent_17,5.730000,7.555556
6.9000,cargo,cargo_0,4.000000,4.000000
6.9500,agent,agent_00,2.285000,0.444444
6.9500,agent,agent_01,2.285000,1.333333
6.9500,agent,agent_02,2.285000,2.222222
6.9500,agent,agent_03,2.285000,3.111111
6.9500,agent,agent_04,2.285000,4.000000
6.9500,agent,agent_05,2.285000,4.888889
6.9500,agent,agent_06,2.285000,5.777778
6.9500,agent,agent_07,2.285000,6.666667
6.9500,agent,agent_08,2.285000,7.555556
6.9500,agent,agent_09,5.715000,0.444444
6.9500,agent,agent_10,5.715000,1.333333
6.9500,agent,agent_11,5.715000,2.222222
6.9500,agent,agent_12,5.715000,3.111111
6.9500,agent,agent_13,5.715000,4.000000
6.9500,agent,agent_14,5.715000,4.888889
6.9500,agent,agent_15,5.715000,5.777778
6.9500,agent,agent_16,5.715000,6.666667
6.9500,agent,agent_17,5.715000,7.555556
6.9500,cargo,cargo_0,4.000000,4.000000
7.0000,agent,agent_00,2.300000,0.444444
7.0000,agent,agent_01,2.300000,1.333333
7.0000,agent,agent_02,2.300000,2.222222
7.0000,agent,agent_03,2.300000,3.111111
7.0000,agent,agent_04,2.300000,4.000000
7.0000,agent,agent_05,2.300000,4.888889
7.0000,agent,agent_06,2.300000,5.777778
7.0000,agent,agent_07,2.300000,6.666667
7.0000,agent,agent_08,2.300000,7.555556
7.0000,agent,agent_09,5.700000,0.444444
7.0000,agent,agent_10,5.700000,1.333333
7.0000,agent,agent_11,5.700000,2.222222
7.0000,agent,agent_12,5.700000,3.111111
7.0000,agent,agent_13,5.700000,4.000000
7.0000,agent,agent_14,5.700000,4.888889
7.0000,agent,agent_15,5.700000,5.777778
7.0000,agent,agent_16,5.700000,6.666667
7.0000,agent,agent_17,5.700000,7.555556
7.0000,cargo,cargo_0,4.000000,4.000000
7.0500,agent,agent_00,2.315000,0.444444
7.0500,agent,agent_01,2.315000,1.333333
7.0500,agent,agent_02,2.315000,2.222222
7.0500,agent,agent_03,2.315000,3.111111
7.0500,agent,agent_04,2.315000,4.000000
7.0500,agent,agent_05,2.315000,4.888889
7.0500,agent,agent_06,2.315000,5.777778
7.0500,agent,agent_07,2.315000,6.666667
7.0500,agent,agent_08,2.315000,7.555556
7.0500,agent,agent_09,5.685000,0.444444
7.0500,agent,agent_10,5.685000,1.333333
7.0500,agent,agent_11,5.685000,2.222222
7.0500,agent,agent_12,5.685000,3.111111
7.0500,agent,agent_13,5.685000,4.000000
7.0500,agent,agent_14,5.685000,4.888889
7.0500,agent,agent_15,5.685000,5.777778
7.0500,agent,agent_16,5.685000,6.666667
7.0500,agent,agent_17,5.685000,7.555556
7.0500,cargo,cargo_0,4.000000,4.000000
7.1000,agent,agent_00,2.330000,0.444444
7.1000,agent,agent_01,2.330000,1.333333
7.1000,agent,agent_02,2.330000,2.222222
7.1000,agent,agent_03,2.330000,3.111111
7.1000,agent,agent_04,2.330000,4.000000
7.1000,agent,agent_05,2.330000,4.888889
7.1000,agent,agent_06,2.330000,5.777778
7.1000,agent,agent_07,2.330000,6.666667
7.1000,agent,agent_08,2.330000,7.555556
7.1000,agent,agent_09,5.670000,0.444444
7.1000,agent,agent_10,5.670000,1.333333
7.1000,agent,agent_11,5.670000,2.222222
7.1000,agent,agent_12,5.670000,3.111111
7.1000,agent,agent_13,5.670000,4.000000
7.1000,agent,agent_14,5.670000,4.888889
7.1000,agent,agent_15,5.670000,5.777778
7.1000,agent,agent_16,5.670000,6.666667
7.1000,agent,agent_17,5.670000,7.555556
7.1000,cargo,cargo_0,4.000000,4.000000
7.1500,agent,agent_00,2.345000,0.444444
7.1500,agent,agent_01,2.345000,1.333333
7.1500,agent,agent_02,2.345000,2.222222
7.1500,agent,agent_03,2.345000,3.111111
7.1500,agent,agent_04,2.345000,4.000000
7.1500,agent,agent_05,2.345000,4.888889
7.1500,agent,agent_06,2.345000,5.777778
7.1500,agent,agent_07,2.345000,6.666667
7.1500,agent,agent_08,2.345000,7.555556
7.1500,agent,agent_09,5.655000,0.444444
7.1500,agent,agent_10,5.655000,1.333333
7.1500,agent,agent_11,5.655000,2.222222
7.1500,agent,agent_12,5.655000,3.111111
7.1500,agent,agent_13,5.655000,4.000000
7.1500,agent,agent_14,5.655000,4.888889
7.1500,agent,agent_15,5.655000,5.777778
7.1500,agent,agent_16,5.655000,6.666667
7.1500,agent,agent_17,5.655000,7.555556
7.1500,cargo,cargo_0,4.000000,4.000000
7.2000,agent,agent_00,2.360000,0.444444
7.2000,agent,agent_01,2.360000,1.333333
7.2000,agent,agent_02,2.360000,2.222222
7.2000,agent,agent_03,2.360000,3.111111
7.2000,agent,agent_04,2.360000,4.000000
7.2000,agent,agent_05,2.360000,4.888889
7.2000,agent,agent_06,2.360000,5.777778
7.2000,agent,agent_07,2.360000,6.666667
7.2000,agent,agent_08,2.360000,7.555556
7.2000,agent,agent_09,5.640000,0.444444
7.2000,agent,agent_10,5.640000,1.333333
7.2000,agent,agent_11,5.640000,2.222222
7.2000,agent,agent_12,5.640000,3.111111
7.2000,agent,agent_13,5.640000,4.000000
7.2000,agent,agent_14,5.640000,4.888889
7.2000,agent,agent_15,5.640000,5.777778
7.2000,agent,agent_16,5.640000,6.666667
7.2000,agent,agent_17,5.640000,7.555556
7.2000,cargo,cargo_0,4.000000,4.000000
7.2500,agent,agent_00,2.375000,0.444444
7.2500,agent,agent_01,2.375000,1.333333
7.2500,agent,agent_02,2.375000,2.222222
7.2500,agent,agent_03,2.375000,3.111111
7.2500,agent,agent_04,2.375000,4.000000
7.2500,agent,agent_05,2.375000,4.888889
7.2500,agent,agent_06,2.375000,5.777778
7.2500,agent,agent_07,2.375000,6.666667
7.2500,agent,agent_08,2.375000,7.555556
7.2500,agent,agent_09,5.625000,0.444444
7.2500,agent,agent_10,5.625000,1.333333
7.2500,agent,agent_11,5.625000,2.222222
7.2500,agent,agent_12,5.625000,3.111111
7.2500,agent,agent_13,5.625000,4.000000
7.2500,agent,agent_14,5.625000,4.888889
7.2500,agent,agent_15,5.625000,5.777778
7.2500,agent,agent_16,5.625000,6.666667
7.2500,agent,agent_17,5.625000,7.555556
7.2500,cargo,cargo_0,4.000000,4.000000
7.3000,agent,agent_00,2.390000,0.444444
7.3000,agent,agent_01,2.390000,1.333333
7.3000,agent,agent_02,2.390000,2.222222
7.3000,agent,agent_03,2.390000,3.111111
7.3000,agent,agent_04,2.390000,4.000000
7.3000,agent,agent_05,2.390000,4.888889
7.3000,agent,agent_06,2.390000,5.777778
7.3000,agent,agent_07,2.390000,6.666667
7.3000,agent,agent_08,2.390000,7.555556
7.3000,agent,agent_09,5.610000,0.444444
7.3000,agent,agent_10,5.610000,1.333333
7.3000,agent,agent_11,5.610000,2.222222
7.3000,agent,agent_12,5.610000,3.111111
7.3000,agent,agent_13,5.610000,4.000000
7.3000,agent,agent_14,5.610000,4.888889
7.3000,agent,agent_15,5.610000,5.777778
7.3000,agent,agent_16,5.610000,6.666667
7.3000,agent,agent_17,5.610000,7.555556
7.3000,cargo,cargo_0,4.000000,4.000000
7.3500,agent,agent_00,2.405000,0.444444
7.3500,agent,agent_01,2.405000,1.333333
7.3500,agent,agent_02,2.405000,2.222222
7.3500,agent,agent_03,2.405000,3.111111
7.3500,agent,agent_04,2.405000,4.000000
7.3500,agent,agent_05,2.405000,4.888889
7.3500,agent,agent_06,2.405000,5.777778
7.3500,agent,agent_07,2.405000,6.666667
7.3500,agent,agent_08,2.405000,7.555556
7.3500,agent,agent_09,5.595000,0.444444
7.3500,agent,agent_10,5.595000,1.333333
7.3500,agent,agent_11,5.595000,2.222222
7.3500,agent,agent_12,5.595000,3.111111
7.3500,agent,agent_13,5.595000,4.000000
7.3500,agent,agent_14,5.595000,4.888889
7.3500,agent,agent_15,5.595000,5.777778
7.3500,agent,agent_16,5.595000,6.666667
7.3500,agent,agent_17,5.595000,7.555556
7.3500,cargo,cargo_0,4.000000,4.000000
7.4000,agent,agent_00,2.420000,0.444444
7.4000,agent,agent_01,2.420000,1.333333
7.4000,agent,agent_02,2.420000,2.222222
7.4000,agent,agent_03,2.420000,3.111111
7.4000,agent,agent_04,2.420000,4.000000
7.4000,agent,agent_05,2.420000,4.888889
7.4000,agent,agent_06,2.420000,5.777778
7.4000,agent,agent_07,2.420000,6.666667
7.4000,agent,agent_08,2.420000,7.555556
7.4000,agent,agent_09,5.580000,0.444444
7.4000,agent,agent_10,5.580000,1.333333
7.4000,agent,agent_11,5.580000,2.222222
7.4000,agent,agent_12,5.580000,3.111111
7.4000,agent,agent_13,5.580000,4.000000
7.4000,agent,agent_14,5.580000,4.888889
7.4000,agent,agent_15,5.580000,5.777778
7.4000,agent,agent_16,5.580000,6.666667
7.4000,agent,agent_17,5.580000,7.555556
7.4000,cargo,cargo_0,4.000000,4.000000
7.4500,agent,agent_00,2.435000,0.444444
7.4500,agent,agent_01,2.435000,1.333333
7.4500,agent,agent_02,2.435000,2.222222
7.4500,agent,agent_03,2.435000,3.111111
7.4500,agent,agent_04,2.435000,4.000000
7.4500,agent,agent_05,2.435000,4.888889
7.4500,agent,agent_06,2.435000,5.777778
7.4500,agent,agent_07,2.435000,6.666667
7.4500,agent,agent_08,2.435000,7.555556
7.4500,agent,agent_09,5.565000,0.444444
7.4500,agent,agent_10,5.565000,1.333333
7.4500,agent,agent_11,5.565000,2.222222
7.4500,agent,agent_12,5.565000,3.111111
7.4500,agent,agent_13,5.565000,4.000000
7.4500,agent,agent_14,5.565000,4.888889
7.4500,agent,agent_15,5.565000,5.777778
7.4500,agent,agent_16,5.565000,6.666667
7.4500,agent,agent_17,5.565000,7.555556
7.4500,cargo,cargo_0,4.000000,4.000000
7.5000,agent,agent_00,2.450000,0.444444
7.5000,agent,agent_01,2.450000,1.333333
7.5000,agent,agent_02,2.450000,2.222222
7.5000,agent,agent_03,2.450000,3.111111
7.5000,agent,agent_04,2.450000,4.000000
7.5000,agent,agent_05,2.450000,4.888889
7.5000,agent,agent_06,2.450000,5.777778
7.5000,agent,agent_07,2.450000,6.666667
7.5000,agent,agent_08,2.450000,7.555556
7.5000,agent,agent_09,5.550000,0.444444
7.5000,agent,agent_10,5.550000,1.333333
7.5000,agent,agent_11,5.550000,2.222222
7.5000,agent,agent_12,5.550000,3.111111
7.5000,agent,agent_13,5.550000,4.000000
7.5000,agent,agent_14,5.550000,4.888889
7.5000,agent,agent_15,5.550000,5.777778
7.5000,agent,agent_16,5.550000,6.666667
7.5000,agent,agent_17,5.550000,7.555556
7.5000,cargo,cargo_0,4.000000,4.000000
7.5500,agent,agent_00,2.465000,0.444444
7.5500,agent,agent_01,2.465000,1.333333
7.5500,agent,agent_02,2.465000,2.222222
7.5500,agent,agent_03,2.465000,3.111111
7.5500,agent,agent_04,2.465000,4.000000
7.5500,agent,agent_05,2.465000,4.888889
7.5500,agent,agent_06,2.465000,5.777778
7.5500,agent,agent_07,2.465000,6.666667
7.5500,agent,agent_08,2.465000,7.555556
7.5500,agent,agent_09,5.535000,0.444444
7.5500,agent,agent_10,5.535000,1.333333
7.5500,agent,agent_11,5.535000,2.222222
7.5500,agent,agent_12,5.535000,3.111111
7.5500,agent,agent_13,5.535000,4.000000
7.5500,agent,agent_14,5.535000,4.888889
7.5500,agent,agent_15,5.535000,5.777778
7.5500,agent,agent_16,5.535000,6.666667
7.5500,agent,agent_17,5.535000,7.555556
7.5500,cargo,cargo_0,4.000000,4.000000
7.6000,agent,agent_00,2.480000,0.444444
7.6000,agent,agent_01,2.480000,1.333333
7.6000,agent,agent_02,2.480000,2.222222
7.6000,agent,agent_03,2.480000,3.111111
7.6000,agent,agent_04,2.480000,4.000000
7.6000,agent,agent_05,2.480000,4.888889
7.6000,agent,agent_06,2.480000,5.777778
7.6000,agent,agent_07,2.480000,6.666667
7.6000,agent,agent_08,2.480000,7.555556
7.6000,agent,agent_09,5.520000,0.444444
7.6000,agent,agent_10,5.520000,1.333333
7.6000,agent,agent_11,5.520000,2.222222
7.6000,agent,agent_12,5.520000,3.111111
7.6000,agent,agent_13,5.520000,4.000000
7.6000,agent,agent_14,5.520000,4.888889
7.6000,agent,agent_15,5.520000,5.777778
7.6000,agent,agent_16,5.520000,6.666667
7.6000,agent,agent_17,5.520000,7.555556
7.6000,cargo,cargo_0,4.000000,4.000000
7.6500,agent,agent_00,2.495000,0.444444
7.6500,agent,agent_01,2.495000,1.333333
7.6500,agent,agent_02,2.495000,2.222222
7.6500,agent,agent_03,2.495000,3.111111
7.6500,agent,agent_04,2.495000,4.000000
7.6500,agent,agent_05,2.495000,4.888889
7.6500,agent,agent_06,2.495000,5.777778
7.6500,agent,agent_07,2.495000,6.666667
7.6500,agent,agent_08,2.495000,7.555556
7.6500,agent,agent_09,5.505000,0.444444
7.6500,agent,agent_10,5.505000,1.333333
7.6500,agent,agent_11,5.505000,2.222222
7.6500,agent,agent_12,5.505000,3.111111
7.6500,agent,agent_13,5.505000,4.000000
7.6500,agent,agent_14,5.505000,4.888889
7.6500,agent,agent_15,5.505000,5.777778
7.6500,agent,agent_16,5.505000,6.666667
7.6500,agent,agent_17,5.505000,7.555556
7.6500,cargo,cargo_0,4.000000,4.000000
7.7000,agent,agent_00,2.510000,0.444444
7.7000,agent,agent_01,2.510000,1.333333
7.7000,agent,agent_02,2.510000,2.222222
7.7000,agent,agent_03,2.510000,3.111111
7.7000,agent,agent_04,2.510000,4.000000
7.7000,agent,agent_05,2.510000,4.888889
7.7000,agent,agent_06,2.510000,5.777778
7.7000,agent,agent_07,2.510000,6.666667
7.7000,agent,agent_08,2.510000,7.555556
7.7000,agent,agent_09,5.490000,0.444444
7.7000,agent,agent_10,5.490000,1.333333
7.7000,agent,agent_11,5.490000,2.222222
7.7000,agent,agent_12,5.490000,3.111111
7.7000,agent,agent_13,5.490000,4.000000
7.7000,agent,agent_14,5.490000,4.888889
7.7000,agent,agent_15,5.490000,5.777778
7.7000,agent,agent_16,5.490000,6.666667
7.7000,agent,agent_17,5.490000,7.555556
7.7000,cargo,cargo_0,4.000000,4.000000
7.7500,agent,agent_00,2.525000,0.444444
7.7500,agent,agent_01,2.525000,1.333333
7.7500,agent,agent_02,2.525000,2.222222
7.7500,agent,agent_03,2.525000,3.111111
7.7500,agent,agent_04,2.525000,4.000000
7.7500,agent,agent_05,2.525000,4.888889
7.7500,agent,agent_06,2.525000,5.777778
7.7500,agent,agent_07,2.525000,6.666667
7.7500,agent,agent_08,2.525000,7.555556
7.7500,agent,agent_09,5.475000,0.444444
7.7500,agent,agent_10,5.475000,1.333333
7.7500,agent,agent_11,5.475000,2.222222
7.7500,agent,agent_12,5.475000,3.111111
7.7500,agent,agent_13,5.475000,4.000000
7.7500,agent,agent_14,5.475000,4.888889
7.7500,agent,agent_15,5.475000,5.777778
7.7500,agent,agent_16,5.475000,6.666667
7.7500,agent,agent_17,5.475000,7.555556
7.7500,cargo,cargo_0,4.000000,4.000000
7.8000,agent,agent_00,2.540000,0.444444
7.8000,agent,agent_01,2.540000,1.333333
7.8000,agent,agent_02,2.540000,2.222222
7.8000,agent,agent_03,2.540000,3.111111
7.8000,agent,agent_04,2.540000,4.000000
7.8000,agent,agent_05,2.540000,4.888889
7.8000,agent,agent_06,2.540000,5.777778
7.8000,agent,agent_07,2.540000,6.666667
7.8000,agent,agent_08,2.540000,7.555556
7.8000,agent,agent_09,5.460000,0.444444
7.8000,agent,agent_10,5.460000,1.333333
7.8000,agent,agent_11,5.460000,2.222222
7.8000,agent,agent_12,5.460000,3.111111
7.8000,agent,agent_13,5.460000,4.000000
7.8000,agent,agent_14,5.460000,4.888889
7.8000,agent,agent_15,5.460000,5.777778
7.8000,agent,agent_16,5.460000,6.666667
7.8000,agent,agent_17,5.460000,7.555556
7.8000,cargo,cargo_0,4.000000,4.000000
7.8500,agent,agent_00,2.555000,0.444444
7.8500,agent,agent_01,2.555000,1.333333
7.8500,agent,agent_02,2.555000,2.222222
7.8500,agent,agent_03,2.555000,3.111111
7.8500,agent,agent_04,2.555000,4.000000
7.8500,agent,agent_05,2.555000,4.888889
7.8500,agent,agent_06,2.555000,5.777778
7.8500,agent,agent_07,2.555000,6.666667
7.8500,agent,agent_08,2.555000,7.555556
7.8500,agent,agent_09,5.445000,0.444444
7.8500,agent,agent_10,5.445000,1.333333
7.8500,agent,agent_11,5.445000,2.222222
7.8500,agent,agent_12,5.445000,3.111111
7.8500,agent,agent_13,5.445000,4.000000
7.8500,agent,agent_14,5.445000,4.888889
7.8500,agent,agent_15,5.445000,5.777778
7.8500,agent,agent_16,5.445000,6.666667
7.8500,agent,agent_17,5.445000,7.555556
7.8500,cargo,cargo_0,4.000000,4.000000
7.9000,agent,agent_00,2.570000,0.444444
7.9000,agent,agent_01,2.570000,1.333333
7.9000,agent,agent_02,2.570000,2.222222
7.9000,agent,agent_03,2.570000,3.111111
7.9000,agent,agent_04,2.570000,4.000000
7.9000,agent,agent_05,2.570000,4.888889
7.9000,agent,agent_06,2.570000,5.777778
7.9000,agent,agent_07,2.570000,6.666667
7.9000,agent,agent_08,2.570000,7.555556
7.9000,agent,agent_09,5.430000,0.444444
7.9000,agent,agent_10,5.430000,1.333333
7.9000,agent,agent_11,5.430000,2.222222
7.9000,agent,agent_12,5.430000,3.111111
7.9000,agent,agent_13,5.430000,4.000000
7.9000,agent,agent_14,5.430000,4.888889
7.9000,agent,agent_15,5.430000,5.777778
7.9000,agent,agent_16,5.430000,6.666667
7.9000,agent,agent_17,5.430000,7.555556
7.9000,cargo,cargo_0,4.000000,4.000000
7.9500,agent,agent_00,2.585000,0.444444
7.9500,agent,agent_01,2.585000,1.333333
7.9500,agent,agent_02,2.585000,2.222222
7.9500,agent,agent_03,2.585000,3.111111
7.9500,agent,agent_04,2.585000,4.000000
7.9500,agent,agent_05,2.585000,4.888889
7.9500,agent,agent_06,2.585000,5.777778
7.9500,agent,agent_07,2.585000,6.666667
7.9500,agent,agent_08,2.585000,7.555556
7.9500,agent,agent_09,5.415000,0.444444
7.9500,agent,agent_10,5.415000,1.333333
7.9500,agent,agent_11,5.415000,2.222222
7.9500,agent,agent_12,5.415000,3.111111
7.9500,agent,agent_13,5.415000,4.000000
7.9500,agent,agent_14,5.415000,4.888889
7.9500,agent,agent_15,5.415000,5.777778
7.9500,agent,agent_16,5.415000,6.666667
7.9500,agent,agent_17,5.415000,7.555556
7.9500,cargo,cargo_0,4.000000,4.000000
8.0000,agent,agent_00,2.600000,0.444444
8.0000,agent,agent_01,2.600000,1.333333
8.0000,agent,agent_02,2.600000,2.222222
8.0000,agent,agent_03,2.607226,3.114609
8.0000,agent,agent_04,2.600000,4.000000
8.0000,agent,agent_05,2.607494,4.889395
8.0000,agent,agent_06,2.600000,5.777778
8.0000,agent,agent_07,2.600000,6.666667
8.0000,agent,agent_08,2.600000,7.555556
8.0000,agent,agent_09,5.400000,0.444444
8.0000,agent,agent_10,5.400000,1.333333
8.0000,agent,agent_11,5.400000,2.222222
8.0000,agent,agent_12,5.394909,3.121241
8.0000,agent,agent_13,5.400000,4.000000
8.0000,agent,agent_14,5.403048,4.869826
8.0000,agent,agent_15,5.400000,5.777778
8.0000,agent,agent_16,5.400000,6.666667
8.0000,agent,agent_17,5.400000,7.555556
8.0000,cargo,cargo_0,4.000000,4.000000
8.0500,agent,agent_00,2.615000,0.444444
8.0500,agent,agent_01,2.615000,1.333333
8.0500,agent,agent_02,2.615000,2.222222
8.0500,agent,agent_03,2.629453,3.118107
8.0500,agent,agent_04,2.615000,4.000000
8.0500,agent,agent_05,2.629989,4.889902
8.0500,agent,agent_06,2.615000,5.777778
8.0500,agent,agent_07,2.615000,6.666667
8.0500,agent,agent_08,2.615000,7.555556
8.0500,agent,agent_09,5.385000,0.444444
8.0500,agent,agent_10,5.385000,1.333333
8.0500,agent,agent_11,5.385000,2.222222
8.0500,agent,agent_12,5.374818,3.131371
8.0500,agent,agent_13,5.385000,4.000000
8.0500,agent,agent_14,5.391095,4.850763
8.0500,agent,agent_15,5.385000,5.777778
8.0500,agent,agent_16,5.385000,6.666667
8.0500,agent,agent_17,5.385000,7.555556
8.0500,cargo,cargo_0,4.000000,4.000000
8.1000,agent,agent_00,2.630000,0.444444
8.1000,agent,agent_01,2.630000,1.333333
8.1000,agent,agent_02,2.630000,2.222222
8.1000,agent,agent_03,2.651679,3.121606
8.1000,agent,agent_04,2.630000,4.000000
8.1000,agent,agent_05,2.652483,4.890409
8.1000,agent,agent_06,2.630000,5.777778
8.1000,agent,agent_07,2.630000,6.666667
8.1000,agent,agent_08,2.630000,7.555556
8.1000,agent,agent_09,5.370000,0.444444
8.1000,agent,agent_10,5.370000,1.333333
8.1000,agent,agent_11,5.370000,2.222222
8.1000,agent,agent_12,5.354728,3.141500
8.1000,agent,agent_13,5.370000,4.000000
8.1000,agent,agent_14,5.379143,4.831700
8.1000,agent,agent_15,5.370000,5.777778
8.1000,agent,agent_16,5.370000,6.666667
8.1000,agent,agent_17,5.370000,7.555556
8.1000,cargo,cargo_0,4.000000,4.000000
8.1500,agent,agent_00,2.645000,0.444444
8.1500,agent,agent_01,2.645000,1.333333
8.1500,agent,agent_02,2.645000,2.222222
8.1500,agent,agent_03,2.673674,3.126345
8.1500,agent,agent_04,2.645000,4.000000
8.1500,agent,agent_05,2.674977,4.890933
8.1500,agent,agent_06,2.645000,5.777778
8.1500,agent,agent_07,2.645000,6.666667
8.1500,agent,agent_08,2.645000,7.555556
8.1500,agent,agent_09,5.355000,0.444444
8.1500,agent,agent_10,5.355000,1.333333
8.1500,agent,agent_11,5.355000,2.222222
8.1500,agent,agent_12,5.334509,3.151371
8.1500,agent,agent_13,5.355000,4.000000
8.1500,agent,agent_14,5.367724,4.812314
8.1500,agent,agent_15,5.355000,5.777778
8.1500,agent,agent_16,5.355000,6.666667
8.1500,agent,agent_17,5.355000,7.555556
8.1500,cargo,cargo_0,4.000000,4.000000
8.2000,agent,agent_00,2.660000,0.444444
8.2000,agent,agent_01,2.660000,1.333333
8.2000,agent,agent_02,2.660000,2.222222
8.2000,agent,agent_03,2.695669,3.131085
8.2000,agent,agent_04,2.660000,4.000000
8.2000,agent,agent_05,2.697471,4.891458
8.2000,agent,agent_06,2.660000,5.777778
8.2000,agent,agent_07,2.660000,6.666667
8.2000,agent,agent_08,2.660000,7.555556
8.2000,agent,agent_09,5.340000,0.444444
8.2000,agent,agent_10,5.340000,1.333333
8.2000,agent,agent_11,5.340000,2.222222
8.2000,agent,agent_12,5.314289,3.161242
8.2000,agent,agent_13,5.340000,4.000000
8.2000,agent,agent_14,5.356304,4.792927
8.2000,agent,agent_15,5.340000,5.777778
8.2000,agent,agent_16,5.340000,6.666667
8.2000,agent,agent_17,5.340000,7.555556
8.2000,cargo,cargo_0,4.000000,4.000000
8.2500,agent,agent_00,2.675000,0.444444
8.2500,agent,agent_01,2.675000,1.333333
8.2500,agent,agent_02,2.675000,2.222222
8.2500,agent,agent_03,2.717665,3.135824
8.2500,agent,agent_04,2.675000,4.000000
8.2500,agent,agent_05,2.719965,4.891982
8.2500,agent,agent_06,2.675000,5.777778
8.2500,agent,agent_07,2.675000,6.666667
8.2500,agent,agent_08,2.675000,7.555556
8.2500,agent,agent_09,5.325000,0.444444
8.2500,agent,agent_10,5.325000,1.333333
8.2500,agent,agent_11,5.325000,2.222222
8.2500,agent,agent_12,5.294070,3.171113
8.2500,agent,agent_13,5.325000,4.000000
8.2500,agent,agent_14,5.344885,4.773540
8.2500,agent,agent_15,5.325000,5.777778
8.2500,agent,agent_16,5.325000,6.666667
8.2500,agent,agent_17,5.325000,7.555556
8.2500,cargo,cargo_0,4.000000,4.000000
8.3000,agent,agent_00,2.690000,0.444444
8.3000,agent,agent_01,2.690000,1.333333
8.3000,agent,agent_02,2.679470,2.244274
8.3000,agent,agent_03,2.739629,3.140706
8.3000,agent,agent_04,2.690000,4.000000
8.3000,agent,agent_05,2.742434,4.893157
8.3000,agent,agent_06,2.682776,5.756664
8.3000,agent,agent_07,2.690000,6.666667
8.3000,agent,agent_08,2.690000,7.555556
8.3000,agent,agent_09,5.310000,0.444444
8.3000,agent,agent_10,5.310000,1.333333
8.3000,agent,agent_11,5.320461,2.244260
8.3000,agent,agent_12,5.273501,3.180232
8.3000,agent,agent_13,5.310000,4.000000
8.3000,agent,agent_14,5.333810,4.753954
8.3000,agent,agent_15,5.305197,5.767096
8.3000,agent,agent_16,5.310000,6.666667
8.3000,agent,agent_17,5.310000,7.555556
8.3000,cargo,cargo_0,4.000000,4.000000
8.3500,agent,agent_00,2.705000,0.444444
8.3500,agent,agent_01,2.705000,1.333333
8.3500,agent,agent_02,2.683940,2.266325
8.3500,agent,agent_03,2.761593,3.145588
8.3500,agent,agent_04,2.705000,4.000000
8.3500,agent,agent_05,2.764903,4.894332
8.3500,agent,agent_06,2.690551,5.735550
8.3500,agent,agent_07,2.705000,6.666667
8.3500,agent,agent_08,2.705000,7.555556
8.3500,agent,agent_09,5.295000,0.444444
8.3500,agent,agent_10,5.295000,1.333333
8.3500,agent,agent_11,5.315923,2.266297
8.3500,agent,agent_12,5.252931,3.189350
8.3500,agent,agent_13,5.295000,4.000000
8.3500,agent,agent_14,5.322736,4.734368
8.3500,agent,agent_15,5.285395,5.756414
8.3500,agent,agent_16,5.295000,6.666667
8.3500,agent,agent_17,5.295000,7.555556
8.3500,cargo,cargo_0,4.000000,4.000000
8.4000,agent,agent_00,2.720000,0.444444
8.4000,agent,agent_01,2.720000,1.333333
8.4000,agent,agent_02,2.688410,2.288377
8.4000,agent,agent_03,2.783557,3.150470
8.4000,agent,agent_04,2.720000,4.000000
8.4000,agent,agent_05,2.787372,4.895507
8.4000,agent,agent_06,2.698327,5.714437
8.4000,agent,agent_07,2.720000,6.666667
8.4000,agent,agent_08,2.720000,7.555556
8.4000,agent,agent_09,5.280000,0.444444
8.4000,agent,agent_10,5.280000,1.333333
8.4000,agent,agent_11,5.311384,2.288335
8.4000,agent,agent_12,5.232362,3.198469
8.4000,agent,agent_13,5.280000,4.000000
8.4000,agent,agent_14,5.311661,4.714782
8.4000,agent,agent_15,5.265592,5.745732
8.4000,agent,agent_16,5.280000,6.666667
8.4000,agent,agent_17,5.280000,7.555556
8.4000,cargo,cargo_0,4.000000,4.000000
8.4500,agent,agent_00,2.735000,0.444444
8.4500,agent,agent_01,2.735000,1.333333
8.4500,agent,agent_02,2.692641,2.310475
8.4500,agent,agent_03,2.805408,3.155835
8.4500,agent,agent_04,2.735000,4.000000
8.4500,agent,agent_05,2.809750,4.897848
8.4500,agent,agent_06,2.706508,5.693477
8.4500,agent,agent_07,2.735000,6.666667
8.4500,agent,agent_08,2.735000,7.555556
8.4500,agent,agent_09,5.265000,0.444444
8.4500,agent,agent_10,5.265000,1.333333
8.4500,agent,agent_11,5.307185,2.310439
8.4500,agent,agent_12,5.211271,3.206306
8.4500,agent,agent_13,5.265000,4.000000
8.4500,agent,agent_14,5.301264,4.694829
8.4500,agent,agent_15,5.245652,5.735308
8.4500,agent,agent_16,5.265000,6.666667
8.4500,agent,agent_17,5.265000,7.555556
8.4500,cargo,cargo_0,4.000000,4.000000
8.5000,agent,agent_00,2.750000,0.444444
8.5000,agent,agent_01,2.750000,1.333333
8.5000,agent,agent_02,2.696872,2.332574
8.5000,agent,agent_03,2.827259,3.161200
8.5000,agent,agent_04,2.750000,4.000000
8.5000,agent,agent_05,2.832128,4.900189
8.5000,agent,agent_06,2.714690,5.672517
8.5000,agent,agent_07,2.750000,6.666667
8.5000,agent,agent_08,2.750000,7.555556
8.5000,agent,agent_09,5.250000,0.444444
8.5000,agent,agent_10,5.250000,1.333333
8.5000,agent,agent_11,5.302987,2.332544
8.5000,agent,agent_12,5.190180,3.214143
8.5000,agent,agent_13,5.250000,4.000000
8.5000,agent,agent_14,5.290866,4.674876
8.5000,agent,agent_15,5.225713,5.724884
8.5000,agent,agent_16,5.250000,6.666667
8.5000,agent,agent_17,5.250000,7.555556
8.5000,cargo,cargo_0,4.000000,4.000000
8.5500,agent,agent_00,2.765000,0.444444
8.5500,agent,agent_01,2.765000,1.333333
8.5500,agent,agent_02,2.701103,2.354673
8.5500,agent,agent_03,2.849110,3.166565
8.5500,agent,agent_04,2.765000,4.000000
8.5500,agent,agent_05,2.854506,4.902530
8.5500,agent,agent_06,2.722872,5.651557
8.5500,agent,agent_07,2.765000,6.666667
8.5500,agent,agent_08,2.765000,7.555556
8.5500,agent,agent_09,5.235000,0.444444
8.5500,agent,agent_10,5.235000,1.333333
8.5500,agent,agent_11,5.298788,2.354649
8.5500,agent,agent_12,5.169089,3.221980
8.5500,agent,agent_13,5.235000,4.000000
8.5500,agent,agent_14,5.280468,4.654923
8.5500,agent,agent_15,5.205773,5.714460
8.5500,agent,agent_16,5.235000,6.666667
8.5500,agent,agent_17,5.235000,7.555556
8.5500,cargo,cargo_0,4.000000,4.000000
8.6000,agent,agent_00,2.780000,0.444444
8.6000,agent,agent_01,2.768652,1.355535
8.6000,agent,agent_02,2.704757,2.376874
8.6000,agent,agent_03,2.870696,3.172913
8.6000,agent,agent_04,2.780000,4.000000
8.6000,agent,agent_05,2.876934,4.904328
8.6000,agent,agent_06,2.731484,5.630771
8.6000,agent,agent_07,2.765068,6.644167
8.6000,agent,agent_08,2.780000,7.555556
8.6000,agent,agent_09,5.220000,0.444444
8.6000,agent,agent_10,5.230848,1.355447
8.6000,agent,agent_11,5.295612,2.376924
8.6000,agent,agent_12,5.147853,3.229417
8.6000,agent,agent_13,5.220000,4.000000
8.6000,agent,agent_14,5.270591,4.634706
8.6000,agent,agent_15,5.186529,5.702802
8.6000,agent,agent_16,5.236488,6.644216
8.6000,agent,agent_17,5.220000,7.555556
8.6000,cargo,cargo_0,4.000000,4.000000
8.6500,agent,agent_00,2.795000,0.444444
8.6500,agent,agent_01,2.772304,1.377737
8.6500,agent,agent_02,2.708410,2.399075
8.6500,agent,agent_03,2.892281,3.179262
8.6500,agent,agent_04,2.795000,4.000000
8.6500,agent,agent_05,2.899362,4.906126
8.6500,agent,agent_06,2.740096,5.609984
8.6500,agent,agent_07,2.765136,6.621667
8.6500,agent,agent_08,2.795000,7.555556
8.6500,agent,agent_09,5.205000,0.444444
8.6500,agent,agent_10,5.226697,1.377561
8.6500,agent,agent_11,5.292436,2.399198
8.6500,agent,agent_12,5.126618,3.236853
8.6500,agent,agent_13,5.205000,4.000000
8.6500,agent,agent_14,5.260715,4.614489
8.6500,agent,agent_15,5.167285,5.691144
8.6500,agent,agent_16,5.237975,6.621765
8.6500,agent,agent_17,5.205000,7.555556
8.6500,cargo,cargo_0,4.000000,4.000000
8.7000,agent,agent_00,2.810000,0.444444
8.7000,agent,agent_01,2.775956,1.399938
8.7000,agent,agent_02,2.712063,2.421277
8.7000,agent,agent_03,2.913867,3.185610
8.7000,agent,agent_04,2.810000,4.000000
8.7000,agent,agent_05,2.921790,4.907924
8.7000,agent,agent_06,2.748708,5.589197
8.7000,agent,agent_07,2.765205,6.599167
8.7000,agent,agent_08,2.810000,7.555556
8.7000,agent,agent_09,5.190000,0.444444
8.7000,agent,agent_10,5.222545,1.399674
8.7000,agent,agent_11,5.289261,2.421473
8.7000,agent,agent_12,5.105383,3.244290
8.7000,agent,agent_13,5.190000,4.000000
8.7000,agent,agent_14,5.250839,4.594273
8.7000,agent,agent_15,5.148040,5.679486
8.7000,agent,agent_16,5.239463,6.599314
8.7000,agent,agent_17,5.190000,7.555556
8.7000,cargo,cargo_0,4.000000,4.000000
8.7500,agent,agent_00,2.825000,0.444444
8.7500,agent,agent_01,2.780466,1.421982
8.7500,agent,agent_02,2.715198,2.443557
8.7500,agent,agent_03,2.935307,3.192436
8.7500,agent,agent_04,2.825000,4.000000
8.7500,agent,agent_05,2.943838,4.912412
8.7500,agent,agent_06,2.757965,5.568690
8.7500,agent,agent_07,2.764732,6.576672
8.7500,agent,agent_08,2.825000,7.555556
8.7500,agent,agent_09,5.175000,0.444444
8.7500,agent,agent_10,5.218016,1.421714
8.7500,agent,agent_11,5.287509,2.443905
8.7500,agent,agent_12,5.083912,3.251017
8.7500,agent,agent_13,5.175000,4.000000
8.7500,agent,agent_14,5.241586,4.573763
8.7500,agent,agent_15,5.128723,5.667949
8.7500,agent,agent_16,5.241155,6.576878
8.7500,agent,agent_17,5.175000,7.555556
8.7500,cargo,cargo_0,4.000000,4.000000
8.8000,agent,agent_00,2.840000,0.444444
8.8000,agent,agent_01,2.784976,1.444025
8.8000,agent,agent_02,2.718333,2.465838
8.8000,agent,agent_03,2.956746,3.199262
8.8000,agent,agent_04,2.840000,4.000000
8.8000,agent,agent_05,2.965886,4.916899
8.8000,agent,agent_06,2.767223,5.548183
8.8000,agent,agent_07,2.764260,6.554177
8.8000,agent,agent_08,2.840000,7.555556
8.8000,agent,agent_09,5.160000,0.444444
8.8000,agent,agent_10,5.213488,1.443753
8.8000,agent,agent_11,5.285757,2.466337
8.8000,agent,agent_12,5.062441,3.257745
8.8000,agent,agent_13,5.160000,4.000000
8.8000,agent,agent_14,5.232334,4.553254
8.8000,agent,agent_15,5.109406,5.656413
8.8000,agent,agent_16,5.242846,6.554442
8.8000,agent,agent_17,5.160000,7.555556
8.8000,cargo,cargo_0,4.000000,4.000000
8.8500,agent,agent_00,2.855000,0.444444
8.8500,agent,agent_01,2.789487,1.466068
8.8500,agent,agent_02,2.721467,2.488118
8.8500,agent,agent_03,2.978186,3.206088
8.8500,agent,agent_04,2.855000,4.000000
8.8500,agent,agent_05,2.987934,4.921386
8.8500,agent,agent_06,2.776480,5.527676
8.8500,agent,agent_07,2.763788,6.531682
8.8500,agent,agent_08,2.855000,7.555556
8.8500,agent,agent_09,5.145000,0.444444
8.8500,agent,agent_10,5.208959,1.465793
8.8500,agent,agent_11,5.284005,2.488768
8.8500,agent,agent_12,5.040970,3.264472
8.8500,agent,agent_13,5.145000,4.000000
8.8500,agent,agent_14,5.223081,4.532744
8.8500,agent,agent_15,5.090088,5.644877
8.8500,agent,agent_16,5.244538,6.532005
8.8500,agent,agent_17,5.145000,7.555556
8.8500,cargo,cargo_0,4.000000,4.000000
8.9000,agent,agent_00,2.870000,0.444444
8.9000,agent,agent_01,2.794918,1.487903
8.9000,agent,agent_02,2.724251,2.510446
8.9000,agent,agent_03,2.999472,3.213378
8.9000,agent,agent_04,2.870000,4.000000
8.9000,agent,agent_05,3.009857,4.926448
8.9000,agent,agent_06,2.786368,5.507465
8.9000,agent,agent_07,2.762821,6.509203
8.9000,agent,agent_08,2.870000,7.555556
8.9000,agent,agent_09,5.130000,0.444444
8.9000,agent,agent_10,5.204045,1.487750
8.9000,agent,agent_11,5.283520,2.511263
8.9000,agent,agent_12,5.019282,3.270460
8.9000,agent,agent_13,5.130000,4.000000
8.9000,agent,agent_14,5.214477,4.511954
8.9000,agent,agent_15,5.070766,5.633349
8.9000,agent,agent_16,5.246419,6.509584
8.9000,agent,agent_17,5.130000,7.555556
8.9000,cargo,cargo_0,4.000000,4.000000
8.9500,agent,agent_00,2.885000,0.444444
8.9500,agent,agent_01,2.800350,1.509737
8.9500,agent,agent_02,2.727034,2.532773
8.9500,agent,agent_03,3.020759,3.220667
8.9500,agent,agent_04,2.885000,4.000000
8.9500,agent,agent_05,3.031781,4.931510
8.9500,agent,agent_06,2.796256,5.487254
8.9500,agent,agent_07,2.761855,6.486723
8.9500,agent,agent_08,2.885000,7.555556
8.9500,agent,agent_09,5.115000,0.444444
8.9500,agent,agent_10,5.199131,1.509707
8.9500,agent,agent_11,5.283035,2.533758
8.9500,agent,agent_12,4.997593,3.276449
8.9500,agent,agent_13,5.115000,4.000000
8.9500,agent,agent_14,5.205874,4.491164
8.9500,agent,agent_15,5.051443,5.621821
8.9500,agent,agent_16,5.248299,6.487163
8.9500,agent,agent_17,5.115000,7.555556
8.9500,cargo,cargo_0,4.000000,4.000000
9.0000,agent,agent_00,2.900000,0.444444
9.0000,agent,agent_01,2.805782,1.531572
9.0000,agent,agent_02,2.729818,2.555100
9.0000,agent,agent_03,3.042045,3.227957
9.0000,agent,agent_04,2.900000,4.000000
9.0000,agent,agent_05,3.053704,4.936572
9.0000,agent,agent_06,2.806144,5.467043
9.0000,agent,agent_07,2.760889,6.464244
9.0000,agent,agent_08,2.900000,7.555556
9.0000,agent,agent_09,5.100000,0.444444
9.0000,agent,agent_10,5.194218,1.531664
9.0000,agent,agent_11,5.282550,2.556253
9.0000,agent,agent_12,4.975905,3.282438
9.0000,agent,agent_13,5.100000,4.000000
9.0000,agent,agent_14,5.197270,4.470374
9.0000,agent,agent_15,5.032121,5.610293
9.0000,agent,agent_16,5.250180,6.464742
9.0000,agent,agent_17,5.100000,7.555556
9.0000,cargo,cargo_0,4.000000,4.000000
9.0500,agent,agent_00,2.909020,0.465057
9.0500,agent,agent_01,2.812125,1.553159
9.0500,agent,agent_02,2.732599,2.577427
9.0500,agent,agent_03,3.062980,3.236201
9.0500,agent,agent_04,2.915000,4.000000
9.0500,agent,agent_05,3.075852,4.940535
9.0500,agent,agent_06,2.816279,5.446955
9.0500,agent,agent_07,2.760147,6.441756
9.0500,agent,agent_08,2.909858,7.535330
9.0500,agent,agent_09,5.089359,0.464269
9.0500,agent,agent_10,5.188801,1.553502
9.0500,agent,agent_11,5.282851,2.578751
9.0500,agent,agent_12,4.953957,3.287390
9.0500,agent,agent_13,5.085000,4.000000
9.0500,agent,agent_14,5.189852,4.451469
9.0500,agent,agent_15,5.013489,5.597679
9.0500,agent,agent_16,5.252083,6.442322
9.0500,agent,agent_17,5.091080,7.534899
9.0500,cargo,cargo_0,4.000000,4.000000
9.1000,agent,agent_00,2.918041,0.485670
9.1000,agent,agent_01,2.818468,1.574746
9.1000,agent,agent_02,2.735379,2.599755
9.1000,agent,agent_03,3.083915,3.244446
9.1000,agent,agent_04,2.930000,4.000000
9.1000,agent,agent_05,3.098000,4.944499
9.1000,agent,agent_06,2.826415,5.426867
9.1000,agent,agent_07,2.759405,6.419269
9.1000,agent,agent_08,2.919716,7.515105
9.1000,agent,agent_09,5.078718,0.484094
9.1000,agent,agent_10,5.183385,1.575340
9.1000,agent,agent_11,5.283153,2.601249
9.1000,agent,agent_12,4.932009,3.292343
9.1000,agent,agent_13,5.070000,4.000000
9.1000,agent,agent_14,5.182922,4.434425
9.1000,agent,agent_15,4.994858,5.585065
9.1000,agent,agent_16,5.253987,6.419903
9.1000,agent,agent_17,5.082161,7.514242
9.1000,cargo,cargo_0,4.000000,4.000000
9.1500,agent,agent_00,2.927061,0.506282
9.1500,agent,agent_01,2.824812,1.596334
9.1500,agent,agent_02,2.738160,2.622083
9.1500,agent,agent_03,3.104851,3.252690
9.1500,agent,agent_04,2.945000,4.000000
9.1500,agent,agent_05,3.120148,4.948462
9.1500,agent,agent_06,2.836551,5.406780
9.1500,agent,agent_07,2.758663,6.396781
9.1500,agent,agent_08,2.929574,7.494879
9.1500,agent,agent_09,5.068077,0.503919
9.1500,agent,agent_10,5.177969,1.597179
9.1500,agent,agent_11,5.283455,2.623747
9.1500,agent,agent_12,4.910060,3.297295
9.1500,agent,agent_13,5.055000,4.000000
9.1500,agent,agent_14,5.176525,4.419005
9.1500,agent,agent_15,4.976226,5.572451
9.1500,agent,agent_16,5.255890,6.397484
9.1500,agent,agent_17,5.073241,7.493586
9.1500,cargo,cargo_0,4.000000,4.000000
9.2000,agent,agent_00,2.935860,0.526991
9.2000,agent,agent_01,2.832140,1.617607
9.2000,agent,agent_02,2.740603,2.644449
9.2000,agent,agent_03,3.125593,3.261407
9.2000,agent,agent_04,2.960000,4.000000
9.2000,agent,agent_05,3.142054,4.953599
9.2000,agent,agent_06,2.847193,5.386956
9.2000,agent,agent_07,2.757907,6.374294
9.2000,agent,agent_08,2.939582,7.474728
9.2000,agent,agent_09,5.057542,0.523800
9.2000,agent,agent_10,5.172157,1.618915
9.2000,agent,agent_11,5.285012,2.646193
9.2000,agent,agent_12,4.887910,3.301247
9.2000,agent,agent_13,5.040000,4.000000
9.2000,agent,agent_14,5.171315,4.404799
9.2000,agent,agent_15,4.957550,5.559903
9.2000,agent,agent_16,5.257936,6.375077
9.2000,agent,agent_17,5.064551,7.472832
9.2000,cargo,cargo_0,4.000000,4.000000
9.2500,agent,agent_00,2.944659,0.547699
9.2500,agent,agent_01,2.839468,1.638880
9.2500,agent,agent_02,2.743046,2.666816
9.2500,agent,agent_03,3.146336,3.270124
9.2500,agent,agent_04,2.975000,4.000000
9.2500,agent,agent_05,3.163960,4.958736
9.2500,agent,agent_06,2.857835,5.367131
9.2500,agent,agent_07,2.757151,6.351806
9.2500,agent,agent_08,2.949590,7.454576
9.2500,agent,agent_09,5.047007,0.543681
9.2500,agent,agent_10,5.166344,1.640651
9.2500,agent,agent_11,5.286569,2.668639
9.2500,agent,agent_12,4.865760,3.305198
9.2500,agent,agent_13,5.025000,4.000000
9.2500,agent,agent_14,5.166718,4.391732
9.2500,agent,agent_15,4.938874,5.547355
9.2500,agent,agent_16,5.259982,6.352670
9.2500,agent,agent_17,5.055860,7.452078
9.2500,cargo,cargo_0,4.000000,4.000000
9.3000,agent,agent_00,2.953457,0.568407
9.3000,agent,agent_01,2.846797,1.660153
9.3000,agent,agent_02,2.745489,2.689183
9.3000,agent,agent_03,3.167079,3.278841
9.3000,agent,agent_04,2.990000,4.000000
9.3000,agent,agent_05,3.185866,4.963873
9.3000,agent,agent_06,2.868477,5.347307
9.3000,agent,agent_07,2.756395,6.329319
9.3000,agent,agent_08,2.959598,7.434424
9.3000,agent,agent_09,5.036471,0.563562
9.3000,agent,agent_10,5.160532,1.662388
9.3000,agent,agent_11,5.288126,2.691085
9.3000,agent,agent_12,4.843609,3.309149
9.3000,agent,agent_13,5.010000,4.000000
9.3000,agent,agent_14,5.162755,4.379570
9.3000,agent,agent_15,4.920197,5.534807
9.3000,agent,agent_16,5.262028,6.330263
9.3000,agent,agent_17,5.047170,7.431324
9.3000,cargo,cargo_0,4.000000,4.000000
9.3500,agent,agent_00,2.962021,0.589214
9.3500,agent,agent_01,2.855134,1.681051
9.3500,agent,agent_02,2.747585,2.711586
9.3500,agent,agent_03,3.187739,3.287753
9.3500,agent,agent_04,3.005000,4.000000
9.3500,agent,agent_05,3.207437,4.970272
9.3500,agent,agent_06,2.879524,5.328045
9.3500,agent,agent_07,2.755155,6.306853
9.3500,agent,agent_08,2.969745,7.414342
9.3500,agent,agent_09,5.026075,0.583516
9.3500,agent,agent_10,5.154316,1.684012
9.3500,agent,agent_11,5.290639,2.713444
9.3500,agent,agent_12,4.821276,3.311883
9.3500,agent,agent_13,4.995000,4.000000
9.3500,agent,agent_14,5.160189,4.367783
9.3500,agent,agent_15,4.901573,5.522183
9.3500,agent,agent_16,5.264192,6.307868
9.3500,agent,agent_17,5.038722,7.410471
9.3500,cargo,cargo_0,4.000000,4.000000
9.4000,agent,agent_00,2.970584,0.610021
9.4000,agent,agent_01,2.863472,1.701949
9.4000,agent,agent_02,2.749681,2.733988
9.4000,agent,agent_03,3.208399,3.296664
9.4000,agent,agent_04,3.020000,4.000000
9.4000,agent,agent_05,3.229007,4.976671
9.4000,agent,agent_06,2.889810,5.309591
9.4000,agent,agent_07,2.753914,6.284387
9.4000,agent,agent_08,2.979891,7.394259
9.4000,agent,agent_09,5.015679,0.603470
9.4000,agent,agent_10,5.148099,1.705636
9.4000,agent,agent_11,5.293152,2.735803
9.4000,agent,agent_12,4.798943,3.314616
9.4000,agent,agent_13,4.980000,4.000000
9.4000,agent,agent_14,5.158264,4.356407
9.4000,agent,agent_15,4.882948,5.509559
9.4000,agent,agent_16,5.266357,6.285472
9.4000,agent,agent_17,5.030273,7.389617
9.4000,cargo,cargo_0,4.000000,4.000000
9.4500,agent,agent_00,2.979147,0.630827
9.4500,agent,agent_01,2.871810,1.722848
9.4500,agent,agent_02,2.751776,2.756390
9.4500,agent,agent_03,3.229059,3.305576
9.4500,agent,agent_04,3.035000,4.000000
9.4500,agent,agent_05,3.250578,4.983070
9.4500,agent,agent_06,2.899473,5.291645
9.4500,agent,agent_07,2.752674,6.261922
9.4500,agent,agent_08,2.990037,7.374177
9.4500,agent,agent_09,5.005283,0.623425
9.4500,agent,agent_10,5.141883,1.727260
9.4500,agent,agent_11,5.295665,2.758162
9.4500,agent,agent_12,4.776609,3.317350
9.4500,agent,agent_13,4.965000,4.000000
9.4500,agent,agent_14,5.156952,4.345221
9.4500,agent,agent_15,4.864323,5.496935
9.4500,agent,agent_16,5.268522,6.263076
9.4500,agent,agent_17,5.021825,7.368763
9.4500,cargo,cargo_0,4.000000,4.000000
9.5000,agent,agent_00,2.987413,0.651754
9.5000,agent,agent_01,2.882088,1.742863
9.5000,agent,agent_02,2.753429,2.778829
9.5000,agent,agent_03,3.250061,3.313649
9.5000,agent,agent_04,3.050000,4.000000
9.5000,agent,agent_05,3.272760,4.986840
9.5000,agent,agent_06,2.909087,5.274399
9.5000,agent,agent_07,2.751441,6.239455
9.5000,agent,agent_08,3.000659,7.354342
9.5000,agent,agent_09,4.995009,0.643442
9.5000,agent,agent_10,5.135148,1.748729
9.5000,agent,agent_11,5.297317,2.780602
9.5000,agent,agent_12,4.754189,3.319236
9.5000,agent,agent_13,4.950000,4.000000
9.5000,agent,agent_14,5.156471,4.333867
9.5000,agent,agent_15,4.845912,5.484000
9.5000,agent,agent_16,5.270540,6.240667
9.5000,agent,agent_17,5.013729,7.347770
9.5000,cargo,cargo_0,4.000000,4.000000
9.5500,agent,agent_00,2.995679,0.672681
9.5500,agent,agent_01,2.892366,1.762878
9.5500,agent,agent_02,2.755081,2.801268
9.5500,agent,agent_03,3.271062,3.321723
9.5500,agent,agent_04,3.065000,4.000000
9.5500,agent,agent_05,3.294942,4.990610
9.5500,agent,agent_06,2.918567,5.257066
9.5500,agent,agent_07,2.750208,6.216989
9.5500,agent,agent_08,3.011281,7.334507
9.5500,agent,agent_09,4.984735,0.663459
9.5500,agent,agent_10,5.128413,1.770197
9.5500,agent,agent_11,5.298969,2.803041
9.5500,agent,agent_12,4.731768,3.321122
9.5500,agent,agent_13,4.935000,4.000000
9.5500,agent,agent_14,5.156483,4.322275
9.5500,agent,agent_15,4.827502,5.471066
9.5500,agent,agent_16,5.272558,6.218258
9.5500,agent,agent_17,5.005632,7.326778
9.5500,cargo,cargo_0,4.000000,4.000000
9.6000,agent,agent_00,3.003944,0.693608
9.6000,agent,agent_01,2.902644,1.782894
9.6000,agent,agent_02,2.756734,2.823708
9.6000,agent,agent_03,3.292064,3.329797
9.6000,agent,agent_04,3.080000,4.000000
9.6000,agent,agent_05,3.317124,4.994380
9.6000,agent,agent_06,2.928086,5.239514
9.6000,agent,agent_07,2.748975,6.194523
9.6000,agent,agent_08,3.021903,7.314672
9.6000,agent,agent_09,4.974461,0.683477
9.6000,agent,agent_10,5.121679,1.791665
9.6000,agent,agent_11,5.300621,2.825480
9.6000,agent,agent_12,4.709347,3.323007
9.6000,agent,agent_13,4.920000,4.000000
9.6000,agent,agent_14,5.156899,4.310263
9.6000,agent,agent_15,4.809091,5.458132
9.6000,agent,agent_16,5.274576,6.195848
9.6000,agent,agent_17,4.997536,7.305785
9.6000,cargo,cargo_0,4.000000,4.000000
9.6500,agent,agent_00,3.011951,0.714635
9.6500,agent,agent_01,2.913914,1.802368
9.6500,agent,agent_02,2.757904,2.846177
9.6500,agent,agent_03,3.312724,3.338708
9.6500,agent,agent_04,3.095000,4.000000
9.6500,agent,agent_05,3.337430,5.003827
9.6500,agent,agent_06,2.938185,5.222220
9.6500,agent,agent_07,2.747560,6.172068
9.6500,agent,agent_08,3.032639,7.294899
9.6500,agent,agent_09,4.964399,0.703601
9.6500,agent,agent_10,5.114443,1.812970
9.6500,agent,agent_11,5.303010,2.847853
9.6500,agent,agent_12,4.686878,3.324192
9.6500,agent,agent_13,4.905000,4.000000
9.6500,agent,agent_14,5.157837,4.297494
9.6500,agent,agent_15,4.789056,5.447892
9.6500,agent,agent_16,5.276544,6.173435
9.6500,agent,agent_17,4.989702,7.284693
9.6500,cargo,cargo_0,4.000000,4.000000
9.7000,agent,agent_00,3.019959,0.735662
9.7000,agent,agent_01,2.925183,1.821842
9.7000,agent,agent_02,2.759074,2.868647
9.7000,agent,agent_03,3.333384,3.347619
9.7000,agent,agent_04,3.110000,4.000000
9.7000,agent,agent_05,3.357735,5.013274
9.7000,agent,agent_06,2.948267,5.204741
9.7000,agent,agent_07,2.746146,6.149612
9.7000,agent,agent_08,3.043374,7.275125
9.7000,agent,agent_09,4.954337,0.723726
9.7000,agent,agent_10,5.107207,1.834275
9.7000,agent,agent_11,5.305398,2.870226
9.7000,agent,agent_12,4.664409,3.325377
9.7000,agent,agent_13,4.890000,4.000000
9.7000,agent,agent_14,5.158923,4.283991
9.7000,agent,agent_15,4.769021,5.437653
9.7000,agent,agent_16,5.278511,6.151021
9.7000,agent,agent_17,4.981868,7.263601
9.7000,cargo,cargo_0,4.000000,4.000000
9.7500,agent,agent_00,3.027966,0.756689
9.7500,agent,agent_01,2.936453,1.841316
9.7500,agent,agent_02,2.760244,2.891116
9.7500,agent,agent_03,3.354044,3.356530
9.7500,agent,agent_04,3.125000,4.000000
9.7500,agent,agent_05,3.378041,5.022721
9.7500,agent,agent_06,2.958598,5.186960
9.7500,agent,agent_07,2.744731,6.127157
9.7500,agent,agent_08,3.054110,7.255352
9.7500,agent,agent_09,4.944275,0.743851
9.7500,agent,agent_10,5.099972,1.855580
9.7500,agent,agent_11,5.307787,2.892599
9.7500,agent,agent_12,4.641941,3.326562
9.7500,agent,agent_13,4.875000,4.000000
9.7500,agent,agent_14,5.160007,4.269643
9.7500,agent,agent_15,4.748986,5.427413
9.7500,agent,agent_16,5.280479,6.128607
9.7500,agent,agent_17,4.974033,7.242508
9.7500,cargo,cargo_0,4.000000,4.000000
9.8000,agent,agent_00,3.035702,0.777817
9.8000,agent,agent_01,2.948790,1.860132
9.8000,agent,agent_02,2.760914,2.913606
9.8000,agent,agent_03,3.374410,3.366095
9.8000,agent,agent_04,3.140000,4.000000
9.8000,agent,agent_05,3.393445,5.030902
9.8000,agent,agent_06,2.969658,5.169368
9.8000,agent,agent_07,2.743449,6.104693
9.8000,agent,agent_08,3.064944,7.235631
9.8000,agent,agent_09,4.934468,0.764101
9.8000,agent,agent_10,5.092275,1.876723
9.8000,agent,agent_11,5.310710,2.914908
9.8000,agent,agent_12,4.619442,3.326805
9.8000,agent,agent_13,4.860000,4.000000
9.8000,agent,agent_14,5.161165,4.254120
9.8000,agent,agent_15,4.728990,5.417097
9.8000,agent,agent_16,5.282260,6.106178
9.8000,agent,agent_17,4.966474,7.221316
9.8000,cargo,cargo_0,4.000000,4.000000
9.8500,agent,agent_00,3.043438,0.798945
9.8500,agent,agent_01,2.961128,1.878948
9.8500,agent,agent_02,2.761585,2.936096
9.8500,agent,agent_03,3.394776,3.375660
9.8500,agent,agent_04,3.155000,4.000000
9.8500,agent,agent_05,3.408848,5.039083
9.8500,agent,agent_06,2.980883,5.151595
9.8500,agent,agent_07,2.742166,6.082230
9.8500,agent,agent_08,3.075777,7.215911
9.8500,agent,agent_09,4.924661,0.784352
9.8500,agent,agent_10,5.084579,1.897866
9.8500,agent,agent_11,5.313634,2.937217
9.8500,agent,agent_12,4.596943,3.327048
9.8500,agent,agent_13,4.845000,4.000000
9.8500,agent,agent_14,5.161960,4.237610
9.8500,agent,agent_15,4.708994,5.406782
9.8500,agent,agent_16,5.284041,6.083748
9.8500,agent,agent_17,4.958915,7.200124
9.8500,cargo,cargo_0,4.000000,4.000000
9.9000,agent,agent_00,3.051174,0.820074
9.9000,agent,agent_01,2.973465,1.897764
9.9000,agent,agent_02,2.762255,2.958586
9.9000,agent,agent_03,3.415141,3.385224
9.9000,agent,agent_04,3.170000,4.000000
9.9000,agent,agent_05,3.424252,5.047264
9.9000,agent,agent_06,2.992502,5.133605
9.9000,agent,agent_07,2.740883,6.059766
9.9000,agent,agent_08,3.086611,7.196191
9.9000,agent,agent_09,4.914855,0.804602
9.9000,agent,agent_10,5.076883,1.919008
9.9000,agent,agent_11,5.316557,2.959527
9.9000,agent,agent_12,4.574445,3.327291
9.9000,agent,agent_13,4.830000,4.000000
9.9000,agent,agent_14,5.162214,4.220101
9.9000,agent,agent_15,4.688998,5.396466
9.9000,agent,agent_16,5.285823,6.061319
9.9000,agent,agent_17,4.951356,7.178932
9.9000,cargo,cargo_0,4.000000,4.000000
9.9500,agent,agent_00,3.059029,0.841158
9.9500,agent,agent_01,2.989705,1.913337
9.9500,agent,agent_02,2.766762,2.980630
9.9500,agent,agent_03,3.435096,3.395619
9.9500,agent,agent_04,3.185000,4.000000
9.9500,agent,agent_05,3.446316,5.048396
9.9500,agent,agent_06,3.004937,5.116452
9.9500,agent,agent_07,2.740427,6.037271
9.9500,agent,agent_08,3.097632,7.176575
9.9500,agent,agent_09,4.905136,0.824895
9.9500,agent,agent_10,5.066800,1.939123
9.9500,agent,agent_11,5.309528,2.980901
9.9500,agent,agent_12,4.551947,3.327592
9.9500,agent,agent_13,4.815000,4.000000
9.9500,agent,agent_14,5.159504,4.205014
9.9500,agent,agent_15,4.669547,5.385157
9.9500,agent,agent_16,5.284921,6.038837
9.9500,agent,agent_17,4.943798,7.157739
9.9500,cargo,cargo_0,4.000000,4.000000
10.0000,agent,agent_00,3.066884,0.862242
10.0000,agent,agent_01,3.005945,1.928910
10.0000,agent,agent_02,2.771269,3.002674
10.0000,agent,agent_03,3.455051,3.406014
10.0000,agent,agent_04,3.200000,4.000000
10.0000,agent,agent_05,3.468379,5.049529
10.0000,agent,agent_06,3.018717,5.099012
10.0000,agent,agent_07,2.739970,6.014776
10.0000,agent,agent_08,3.108653,7.156959
10.0000,agent,agent_09,4.895418,0.845188
10.0000,agent,agent_10,5.056717,1.959237
10.0000,agent,agent_11,5.302499,3.002275
10.0000,agent,agent_12,4.529449,3.327893
10.0000,agent,agent_13,4.800000,4.000000
10.0000,agent,agent_14,5.156294,4.189123
10.0000,agent,agent_15,4.650096,5.373847
10.0000,agent,agent_16,5.284019,6.016355
10.0000,agent,agent_17,4.936239,7.136547
10.0000,cargo,cargo_0,4.000000,4.000000
10.0500,agent,agent_00,3.074740,0.883326
10.0500,agent,agent_01,3.022184,1.944483
10.0500,agent,agent_02,2.775777,3.024718
10.0500,agent,agent_03,3.475006,3.416409
10.0500,agent,agent_04,3.215000,4.000000
10.0500,agent,agent_05,3.490443,5.050661
10.0500,agent,agent_06,3.032864,5.081516
10.0500,agent,agent_07,2.739513,5.992280
10.0500,agent,agent_08,3.119674,7.137343
10.0500,agent,agent_09,4.885699,0.865481
10.0500,agent,agent_10,5.046634,1.979351
10.0500,agent,agent_11,5.295471,3.023649
10.0500,agent,agent_12,4.506951,3.328194
10.0500,agent,agent_13,4.785000,4.000000
10.0500,agent,agent_14,5.152471,4.172457
10.0500,agent,agent_15,4.630645,5.362537
10.0500,agent,agent_16,5.283117,5.993873
10.0500,agent,agent_17,4.928681,7.115354
10.0500,cargo,cargo_0,4.000000,4.000000
10.1000,agent,agent_00,3.082299,0.904518
10.1000,agent,agent_01,3.038905,1.959538
10.1000,agent,agent_02,2.779823,3.046851
10.1000,agent,agent_03,3.494638,3.427402
10.1000,agent,agent_04,3.230000,4.000000
10.1000,agent,agent_05,3.505128,5.050771
10.1000,agent,agent_06,3.047522,5.064446
10.1000,agent,agent_07,2.738998,5.969786
10.1000,agent,agent_08,3.130756,7.117762
10.1000,agent,agent_09,4.876331,0.885938
10.1000,agent,agent_10,5.036154,1.999261
10.1000,agent,agent_11,5.289380,3.045309
10.1000,agent,agent_12,4.484468,3.327307
10.1000,agent,agent_13,4.770000,4.000000
10.1000,agent,agent_14,5.148035,4.154838
10.1000,agent,agent_15,4.611443,5.350810
10.1000,agent,agent_16,5.281898,5.971406
10.1000,agent,agent_17,4.921422,7.094057
10.1000,cargo,cargo_0,4.000000,4.000000
10.1500,agent,agent_00,3.089858,0.925711
10.1500,agent,agent_01,3.055626,1.974594
10.1500,agent,agent_02,2.783869,3.068985
10.1500,agent,agent_03,3.514269,3.438395
10.1500,agent,agent_04,3.245000,4.000000
10.1500,agent,agent_05,3.519812,5.050882
10.1500,agent,agent_06,3.062180,5.047376
10.1500,agent,agent_07,2.738483,5.947292
10.1500,agent,agent_08,3.141839,7.098180
10.1500,agent,agent_09,4.866962,0.906394
10.1500,agent,agent_10,5.025673,2.019171
10.1500,agent,agent_11,5.283290,3.066969
10.1500,agent,agent_12,4.461986,3.326419
10.1500,agent,agent_13,4.755000,4.000000
10.1500,agent,agent_14,5.142759,4.136546
10.1500,agent,agent_15,4.592241,5.339082
10.1500,agent,agent_16,5.280679,5.948939
10.1500,agent,agent_17,4.914163,7.072761
10.1500,cargo,cargo_0,4.000000,4.000000
10.2000,agent,agent_00,3.097417,0.946903
10.2000,agent,agent_01,3.072347,1.989649
10.2000,agent,agent_02,2.787915,3.091118
10.2000,agent,agent_03,3.528018,3.442899
10.2000,agent,agent_04,3.260000,4.000000
10.2000,agent,agent_05,3.534497,5.050992
10.2000,agent,agent_06,3.076838,5.030306
10.2000,agent,agent_07,2.737968,5.924798
10.2000,agent,agent_08,3.152921,7.078599
10.2000,agent,agent_09,4.857594,0.926851
10.2000,agent,agent_10,5.015193,2.039081
10.2000,agent,agent_11,5.277199,3.088629
10.2000,agent,agent_12,4.439503,3.325531
10.2000,agent,agent_13,4.740000,4.000000
10.2000,agent,agent_14,5.136552,4.117661
10.2000,agent,agent_15,4.573039,5.327355
10.2000,agent,agent_16,5.279460,5.926472
10.2000,agent,agent_17,4.906904,7.051464
10.2000,cargo,cargo_0,4.002589,4.002426
10.2500,agent,agent_00,3.104668,0.968202
10.2500,agent,agent_01,3.089556,2.004144
10.2500,agent,agent_02,2.791622,3.113310
10.2500,agent,agent_03,3.535431,3.441497
10.2500,agent,agent_04,3.272348,4.000000
10.2500,agent,agent_05,3.543792,5.051846
10.2500,agent,agent_06,3.092288,5.013949
10.2500,agent,agent_07,2.737342,5.902307
10.2500,agent,agent_08,3.164043,7.059040
10.2500,agent,agent_09,4.848634,0.947490
10.2500,agent,agent_10,5.004318,2.058779
10.2500,agent,agent_11,5.272074,3.110537
10.2500,agent,agent_12,4.417077,3.323714
10.2500,agent,agent_13,4.732992,3.999967
10.2500,agent,agent_14,5.129425,4.097973
10.2500,agent,agent_15,4.554046,5.315292
10.2500,agent,agent_16,5.278054,5.904016
10.2500,agent,agent_17,4.899956,7.030064
10.2500,cargo,cargo_0,4.006896,4.003470
10.3000,agent,agent_00,3.111920,0.989502
10.3000,agent,agent_01,3.106764,2.018640
10.3000,agent,agent_02,2.795330,3.135503
10.3000,agent,agent_03,3.540424,3.437390
10.3000,agent,agent_04,3.272532,3.999980
10.3000,agent,agent_05,3.553087,5.052700
10.3000,agent,agent_06,3.107738,4.997592
10.3000,agent,agent_07,2.736716,5.879815
10.3000,agent,agent_08,3.175165,7.039481
10.3000,agent,agent_09,4.839674,0.968129
10.3000,agent,agent_10,4.993443,2.078476
10.3000,agent,agent_11,5.266948,3.132445
10.3000,agent,agent_12,4.394650,3.321896
10.3000,agent,agent_13,4.733175,3.999903
10.3000,agent,agent_14,5.122176,4.078138
10.3000,agent,agent_15,4.535053,5.303230
10.3000,agent,agent_16,5.276649,5.881560
10.3000,agent,agent_17,4.893007,7.008663
10.3000,cargo,cargo_0,4.006795,4.003723
10.3500,agent,agent_00,3.119171,1.010801
10.3500,agent,agent_01,3.123973,2.033135
10.3500,agent,agent_02,2.799037,3.157695
10.3500,agent,agent_03,3.546043,3.433078
10.3500,agent,agent_04,3.272716,3.999938
10.3500,agent,agent_05,3.562382,5.053554
10.3500,agent,agent_06,3.123188,4.981235
10.3500,agent,agent_07,2.736090,5.857324
10.3500,agent,agent_08,3.186287,7.019923
10.3500,agent,agent_09,4.830714,0.988768
10.3500,agent,agent_10,4.982568,2.098173
10.3500,agent,agent_11,5.261823,3.154354
10.3500,agent,agent_12,4.372224,3.320079
10.3500,agent,agent_13,4.733357,3.999840
10.3500,agent,agent_14,5.115572,4.058328
10.3500,agent,agent_15,4.516059,5.291167
10.3500,agent,agent_16,5.275243,5.859104
10.3500,agent,agent_17,4.886058,6.987263
10.3500,cargo,cargo_0,4.006688,4.004006
10.4000,agent,agent_00,3.127678,1.031631
10.4000,agent,agent_01,3.141258,2.047539
10.4000,agent,agent_02,2.803371,3.179774
10.4000,agent,agent_03,3.553747,3.431935
10.4000,agent,agent_04,3.276791,3.999942
10.4000,agent,agent_05,3.570149,5.049832
10.4000,agent,agent_06,3.139828,4.966091
10.4000,agent,agent_07,2.738248,5.834928
10.4000,agent,agent_08,3.198049,7.000741
10.4000,agent,agent_09,4.819436,1.008238
10.4000,agent,agent_10,4.971516,2.117772
10.4000,agent,agent_11,5.257138,3.176361
10.4000,agent,agent_12,4.349844,3.317755
10.4000,agent,agent_13,4.737379,3.999014
10.4000,agent,agent_14,5.109449,4.038099
10.4000,agent,agent_15,4.497707,5.278150
10.4000,agent,agent_16,5.271938,5.836848
10.4000,agent,agent_17,4.878222,6.966172
10.4000,cargo,cargo_0,4.011723,4.005058
10.4500,agent,agent_00,3.136186,1.052461
10.4500,agent,agent_01,3.158543,2.061943
10.4500,agent,agent_02,2.807705,3.201852
10.4500,agent,agent_03,3.559386,3.428191
10.4500,agent,agent_04,3.277319,3.999911
10.4500,agent,agent_05,3.577917,5.046110
10.4500,agent,agent_06,3.156469,4.950946
10.4500,agent,agent_07,2.740406,5.812531
10.4500,agent,agent_08,3.209810,6.981560
10.4500,agent,agent_09,4.808157,1.027707
10.4500,agent,agent_10,4.960464,2.137370
10.4500,agent,agent_11,5.252453,3.198368
10.4500,agent,agent_12,4.327464,3.315432
10.4500,agent,agent_13,4.737866,3.998327
10.4500,agent,agent_14,5.104034,4.017810
10.4500,agent,agent_15,4.479355,5.265133
10.4500,agent,agent_16,5.268632,5.814592
10.4500,agent,agent_17,4.870385,6.945081
10.4500,cargo,cargo_0,4.011830,4.005185
10.5000,agent,agent_00,3.144694,1.073290
10.5000,agent,agent_01,3.175828,2.076347
10.5000,agent,agent_02,2.812039,3.223931
10.5000,agent,agent_03,3.565843,3.424267
10.5000,agent,agent_04,3.277847,3.999842
10.5000,agent,agent_05,3.585684,5.042387
10.5000,agent,agent_06,3.173109,4.935802
10.5000,agent,agent_07,2.742564,5.790135
10.5000,agent,agent_08,3.221571,6.962379
10.5000,agent,agent_09,4.796879,1.047176
10.5000,agent,agent_10,4.949411,2.156969
10.5000,agent,agent_11,5.247769,3.220375
10.5000,agent,agent_12,4.305085,3.313108
10.5000,agent,agent_13,4.738354,3.997639
10.5000,agent,agent_14,5.098584,3.997337
10.5000,agent,agent_15,4.461003,5.252116
10.5000,agent,agent_16,5.265327,5.792336
10.5000,agent,agent_17,4.862548,6.923990
10.5000,cargo,cargo_0,4.011834,4.005288
10.5500,agent,agent_00,3.152882,1.094247
10.5500,agent,agent_01,3.193844,2.089825
10.5500,agent,agent_02,2.816048,3.246071
10.5500,agent,agent_03,3.572981,3.422945
10.5500,agent,agent_04,3.282239,3.999852
10.5500,agent,agent_05,3.587386,5.038537
10.5500,agent,agent_06,3.190261,4.921240
10.5500,agent,agent_07,2.745016,5.767769
10.5500,agent,agent_08,3.233337,6.943200
10.5500,agent,agent_09,4.786008,1.066875
10.5500,agent,agent_10,4.937980,2.176348
10.5500,agent,agent_11,5.244059,3.242567
10.5500,agent,agent_12,4.282886,3.309436
10.5500,agent,agent_13,4.742709,3.996808
10.5500,agent,agent_14,5.092895,3.976493
10.5500,agent,agent_15,4.442850,5.238822
10.5500,agent,agent_16,5.260663,5.770325
10.5500,agent,agent_17,4.855046,6.902778
10.5500,cargo,cargo_0,4.017182,4.006247
10.6000,agent,agent_00,3.161070,1.115205
10.6000,agent,agent_01,3.211860,2.103304
10.6000,agent,agent_02,2.820058,3.268211
10.6000,agent,agent_03,3.578719,3.419679
10.6000,agent,agent_04,3.283112,3.999863
10.6000,agent,agent_05,3.589088,5.034686
10.6000,agent,agent_06,3.207413,4.906678
10.6000,agent,agent_07,2.747468,5.745403
10.6000,agent,agent_08,3.245102,6.924021
10.6000,agent,agent_09,4.775137,1.086575
10.6000,agent,agent_10,4.926549,2.195728
10.6000,agent,agent_11,5.240349,3.264759
10.6000,agent,agent_12,4.260688,3.305765
10.6000,agent,agent_13,4.743524,3.996127
10.6000,agent,agent_14,5.087283,3.955485
10.6000,agent,agent_15,4.424697,5.225528
10.6000,agent,agent_16,5.255999,5.748314
10.6000,agent,agent_17,4.847543,6.881565
10.6000,cargo,cargo_0,4.017494,4.006386
10.6500,agent,agent_00,3.169258,1.136162
10.6500,agent,agent_01,3.229877,2.116782
10.6500,agent,agent_02,2.824067,3.290351
10.6500,agent,agent_03,3.584468,3.416411
10.6500,agent,agent_04,3.283984,3.999876
10.6500,agent,agent_05,3.590790,5.030835
10.6500,agent,agent_06,3.224053,4.891944
10.6500,agent,agent_07,2.749920,5.723037
10.6500,agent,agent_08,3.256867,6.904842
10.6500,agent,agent_09,4.764266,1.106274
10.6500,agent,agent_10,4.915117,2.215108
10.6500,agent,agent_11,5.236639,3.286951
10.6500,agent,agent_12,4.238489,3.302093
10.6500,agent,agent_13,4.744341,3.995456
10.6500,agent,agent_14,5.081015,3.934381
10.6500,agent,agent_15,4.406544,5.212234
10.6500,agent,agent_16,5.251336,5.726302
10.6500,agent,agent_17,4.840040,6.860353
10.6500,cargo,cargo_0,4.017437,4.007030
10.7000,agent,agent_00,3.177116,1.157245
10.7000,agent,agent_01,3.248201,2.129839
10.7000,agent,agent_02,2.828179,3.312472
10.7000,agent,agent_03,3.590953,3.415945
10.7000,agent,agent_04,3.288179,3.999883
10.7000,agent,agent_05,3.588932,5.027180
10.7000,agent,agent_06,3.240069,4.877335
10.7000,agent,agent_07,2.752219,5.700655
10.7000,agent,agent_08,3.268608,6.885648
10.7000,agent,agent_09,4.753865,1.126226
10.7000,agent,agent_10,4.903336,2.234277
10.7000,agent,agent_11,5.233066,3.309165
10.7000,agent,agent_12,4.216662,3.296635
10.7000,agent,agent_13,4.748702,4.001623
10.7000,agent,agent_14,5.073908,3.913077
10.7000,agent,agent_15,4.388562,5.198711
10.7000,agent,agent_16,5.245888,5.704472
10.7000,agent,agent_17,4.832882,6.839022
10.7000,cargo,cargo_0,4.022028,4.011552
10.7500,agent,agent_00,3.184974,1.178328
10.7500,agent,agent_01,3.266525,2.142895
10.7500,agent,agent_02,2.832291,3.334593
10.7500,agent,agent_03,3.595972,3.413446
10.7500,agent,agent_04,3.289319,3.999877
10.7500,agent,agent_05,3.587073,5.023525
10.7500,agent,agent_06,3.255446,4.862371
10.7500,agent,agent_07,2.754518,5.678273
10.7500,agent,agent_08,3.280348,6.866454
10.7500,agent,agent_09,4.743464,1.146178
10.7500,agent,agent_10,4.891555,2.253446
10.7500,agent,agent_11,5.229494,3.331380
10.7500,agent,agent_12,4.194834,3.291177
10.7500,agent,agent_13,4.749808,4.001256
10.7500,agent,agent_14,5.066527,3.891822
10.7500,agent,agent_15,4.370579,5.185187
10.7500,agent,agent_16,5.240440,5.682641
10.7500,agent,agent_17,4.825724,6.817691
10.7500,cargo,cargo_0,4.022272,4.011924
10.8000,agent,agent_00,3.192832,1.199411
10.8000,agent,agent_01,3.284849,2.155952
10.8000,agent,agent_02,2.836402,3.356714
10.8000,agent,agent_03,3.601000,3.410945
10.8000,agent,agent_04,3.290460,3.999855
10.8000,agent,agent_05,3.585214,5.019870
10.8000,agent,agent_06,3.270430,4.847090
10.8000,agent,agent_07,2.756818,5.655891
10.8000,agent,agent_08,3.292089,6.847260
10.8000,agent,agent_09,4.733064,1.166130
10.8000,agent,agent_10,4.879773,2.272615
10.8000,agent,agent_11,5.225922,3.353594
10.8000,agent,agent_12,4.173006,3.285718
10.8000,agent,agent_13,4.750913,4.000749
10.8000,agent,agent_14,5.059145,3.870567
10.8000,agent,agent_15,4.352597,5.171664
10.8000,agent,agent_16,5.234992,5.660811
10.8000,agent,agent_17,4.818566,6.796360
10.8000,cargo,cargo_0,4.022815,4.012214
10.8500,agent,agent_00,3.200673,1.220501
10.8500,agent,agent_01,3.302994,2.169256
10.8500,agent,agent_02,2.840678,3.378804
10.8500,agent,agent_03,3.599575,3.408938
10.8500,agent,agent_04,3.293952,3.999766
10.8500,agent,agent_05,3.599023,5.002484
10.8500,agent,agent_06,3.285113,4.831806
10.8500,agent,agent_07,2.759497,5.633551
10.8500,agent,agent_08,3.305324,6.829064
10.8500,agent,agent_09,4.723417,1.186457
10.8500,agent,agent_10,4.867596,2.291535
10.8500,agent,agent_11,5.222669,3.375858
10.8500,agent,agent_12,4.180815,3.286547
10.8500,agent,agent_13,4.754012,4.002655
10.8500,agent,agent_14,5.054985,3.866148
10.8500,agent,agent_15,4.335234,5.157354
10.8500,agent,agent_16,5.229958,5.638881
10.8500,agent,agent_17,4.811204,6.775098
10.8500,cargo,cargo_0,4.024709,4.013065
10.9000,agent,agent_00,3.208513,1.241591
10.9000,agent,agent_01,3.321139,2.182561
10.9000,agent,agent_02,2.844954,3.400894
10.9000,agent,agent_03,3.598150,3.406931
10.9000,agent,agent_04,3.295275,3.999660
10.9000,agent,agent_05,3.612832,4.985097
10.9000,agent,agent_06,3.299506,4.816381
10.9000,agent,agent_07,2.762177,5.611211
10.9000,agent,agent_08,3.318558,6.810868
10.9000,agent,agent_09,4.713771,1.206784
10.9000,agent,agent_10,4.855420,2.310455
10.9000,agent,agent_11,5.219416,3.398122
10.9000,agent,agent_12,4.188624,3.287375
10.9000,agent,agent_13,4.755268,4.001796
10.9000,agent,agent_14,5.051212,3.861506
10.9000,agent,agent_15,4.317871,5.143044
10.9000,agent,agent_16,5.224924,5.616952
10.9000,agent,agent_17,4.803843,6.753837
10.9000,cargo,cargo_0,4.025299,4.012851
10.9500,agent,agent_00,3.216353,1.262681
10.9500,agent,agent_01,3.339284,2.195866
10.9500,agent,agent_02,2.849230,3.422984
10.9500,agent,agent_03,3.596726,3.404925
10.9500,agent,agent_04,3.296602,3.999470
10.9500,agent,agent_05,3.626641,4.967711
10.9500,agent,agent_06,3.313646,4.800840
10.9500,agent,agent_07,2.764857,5.588871
10.9500,agent,agent_08,3.331793,6.792672
10.9500,agent,agent_09,4.704125,1.227112
10.9500,agent,agent_10,4.843243,2.329376
10.9500,agent,agent_11,5.216390,3.419762
10.9500,agent,agent_12,4.196434,3.288203
10.9500,agent,agent_13,4.756561,4.001993
10.9500,agent,agent_14,5.047728,3.856689
10.9500,agent,agent_15,4.300508,5.128734
10.9500,agent,agent_16,5.219890,5.595022
10.9500,agent,agent_17,4.796481,6.732575
10.9500,cargo,cargo_0,4.026214,4.012941
11.0000,agent,agent_00,3.223848,1.283896
11.0000,agent,agent_01,3.357634,2.208885
11.0000,agent,agent_02,2.853053,3.445157
11.0000,agent,agent_03,3.595478,3.403440
11.0000,agent,agent_04,3.297357,3.999238
11.0000,agent,agent_05,3.638068,4.952582
11.0000,agent,agent_06,3.327421,4.785468
11.0000,agent,agent_07,2.767856,5.566572
11.0000,agent,agent_08,3.344985,6.774445
11.0000,agent,agent_09,4.695083,1.247715
11.0000,agent,agent_10,4.830646,2.348019
11.0000,agent,agent_11,5.214173,3.438959
11.0000,agent,agent_12,4.202962,3.289255
11.0000,agent,agent_13,4.757310,4.001757
11.0000,agent,agent_14,5.043414,3.849780
11.0000,agent,agent_15,4.283426,5.114090
11.0000,agent,agent_16,5.213526,5.573441
11.0000,agent,agent_17,4.789470,6.711195
11.0000,cargo,cargo_0,4.026862,4.012877
11.0500,agent,agent_00,3.231342,1.305111
11.0500,agent,agent_01,3.375985,2.221905
11.0500,agent,agent_02,2.856875,3.467330
11.0500,agent,agent_03,3.594229,3.401956
11.0500,agent,agent_04,3.298648,3.999009
11.0500,agent,agent_05,3.649494,4.937453
11.0500,agent,agent_06,3.341036,4.769988
11.0500,agent,agent_07,2.770855,5.544273
11.0500,agent,agent_08,3.358177,6.756218
11.0500,agent,agent_09,4.686042,1.268319
11.0500,agent,agent_10,4.818048,2.366662
11.0500,agent,agent_11,5.212990,3.455885
11.0500,agent,agent_12,4.209490,3.290307
11.0500,agent,agent_13,4.758609,4.003006
11.0500,agent,agent_14,5.039066,3.842791
11.0500,agent,agent_15,4.266344,5.099445
11.0500,agent,agent_16,5.207163,5.551859
11.0500,agent,agent_17,4.782459,6.689816
11.0500,cargo,cargo_0,4.028322,4.013384
11.1000,agent,agent_00,3.238836,1.326326
11.1000,agent,agent_01,3.394335,2.234924
11.1000,agent,agent_02,2.860698,3.489503
11.1000,agent,agent_03,3.592981,3.400472
11.1000,agent,agent_04,3.299939,3.998776
11.1000,agent,agent_05,3.660921,4.922324
11.1000,agent,agent_06,3.354516,4.754412
11.1000,agent,agent_07,2.773855,5.521973
11.1000,agent,agent_08,3.371368,6.737991
11.1000,agent,agent_09,4.677000,1.288922
11.1000,agent,agent_10,4.805451,2.385304
11.1000,agent,agent_11,5.212874,3.470840
11.1000,agent,agent_12,4.216018,3.291360
11.1000,agent,agent_13,4.759914,4.004449
11.1000,agent,agent_14,5.034571,3.835763
11.1000,agent,agent_15,4.249262,5.084801
11.1000,agent,agent_16,5.200799,5.530278
11.1000,agent,agent_17,4.775447,6.668436
11.1000,cargo,cargo_0,4.029800,4.013938
11.1500,agent,agent_00,3.245975,1.347664
11.1500,agent,agent_01,3.412811,2.247766
11.1500,agent,agent_02,2.872995,3.492524
11.1500,agent,agent_03,3.592042,3.398913
11.1500,agent,agent_04,3.300909,3.998469
11.1500,agent,agent_05,3.670855,4.909767
11.1500,agent,agent_06,3.356982,4.743086
11.1500,agent,agent_07,2.776934,5.499685
11.1500,agent,agent_08,3.384484,6.719709
11.1500,agent,agent_09,4.668638,1.309810
11.1500,agent,agent_10,4.792442,2.403662
11.1500,agent,agent_11,5.195084,3.465408
11.1500,agent,agent_12,4.221328,3.292303
11.1500,agent,agent_13,4.760880,4.005416
11.1500,agent,agent_14,5.028927,3.827180
11.1500,agent,agent_15,4.253389,5.065295
11.1500,agent,agent_16,5.194202,5.508767
11.1500,agent,agent_17,4.768796,6.646942
11.1500,cargo,cargo_0,4.030573,4.014193
11.2000,agent,agent_00,3.253114,1.369001
11.2000,agent,agent_01,3.431286,2.260608
11.2000,agent,agent_02,2.885292,3.495545
11.2000,agent,agent_03,3.591103,3.397355
11.2000,agent,agent_04,3.302124,3.998163
11.2000,agent,agent_05,3.680789,4.897210
11.2000,agent,agent_06,3.359448,4.731761
11.2000,agent,agent_07,2.780013,5.477397
11.2000,agent,agent_08,3.397600,6.701427
11.2000,agent,agent_09,4.660276,1.330699
11.2000,agent,agent_10,4.779433,2.422020
11.2000,agent,agent_11,5.177295,3.459975
11.2000,agent,agent_12,4.226638,3.293246
11.2000,agent,agent_13,4.762112,4.006810
11.2000,agent,agent_14,5.022958,3.818662
11.2000,agent,agent_15,4.257516,5.045789
11.2000,agent,agent_16,5.187604,5.487256
11.2000,agent,agent_17,4.762144,6.625447
11.2000,cargo,cargo_0,4.031761,4.014587
11.2500,agent,agent_00,3.260253,1.390339
11.2500,agent,agent_01,3.449761,2.273450
11.2500,agent,agent_02,2.897590,3.498567
11.2500,agent,agent_03,3.590164,3.395796
11.2500,agent,agent_04,3.303339,3.997855
11.2500,agent,agent_05,3.690723,4.884653
11.2500,agent,agent_06,3.361914,4.720435
11.2500,agent,agent_07,2.783092,5.455108
11.2500,agent,agent_08,3.410716,6.683146
11.2500,agent,agent_09,4.651914,1.351587
11.2500,agent,agent_10,4.766424,2.440378
11.2500,agent,agent_11,5.159505,3.454543
11.2500,agent,agent_12,4.231948,3.294188
11.2500,agent,agent_13,4.763341,4.008151
11.2500,agent,agent_14,5.016632,3.810255
11.2500,agent,agent_15,4.261643,5.026283
11.2500,agent,agent_16,5.181007,5.465745
11.2500,agent,agent_17,4.755492,6.603953
11.2500,cargo,cargo_0,4.033052,4.014816
11.3000,agent,agent_00,3.267026,1.411795
11.3000,agent,agent_01,3.467948,2.286697
11.3000,agent,agent_02,2.908662,3.502100
11.3000,agent,agent_03,3.589830,3.394575
11.3000,agent,agent_04,3.304105,3.997606
11.3000,agent,agent_05,3.698968,4.874219
11.3000,agent,agent_06,3.363843,4.709840
11.3000,agent,agent_07,2.786230,5.432828
11.3000,agent,agent_08,3.423639,6.664727
11.3000,agent,agent_09,4.644224,1.372732
11.3000,agent,agent_10,4.753123,2.458526
11.3000,agent,agent_11,5.142280,3.450339
11.3000,agent,agent_12,4.236308,3.295220
11.3000,agent,agent_13,4.764067,4.008780
11.3000,agent,agent_14,5.010896,3.803213
11.3000,agent,agent_15,4.265776,5.009436
11.3000,agent,agent_16,5.172161,5.445056
11.3000,agent,agent_17,4.749414,6.582290
11.3000,cargo,cargo_0,4.033618,4.014970
11.3500,agent,agent_00,3.273799,1.433251
11.3500,agent,agent_01,3.486135,2.299944
11.3500,agent,agent_02,2.919734,3.505632
11.3500,agent,agent_03,3.589497,3.393354
11.3500,agent,agent_04,3.305232,3.997362
11.3500,agent,agent_05,3.707213,4.863785
11.3500,agent,agent_06,3.365772,4.699246
11.3500,agent,agent_07,2.789368,5.410548
11.3500,agent,agent_08,3.436562,6.646308
11.3500,agent,agent_09,4.636534,1.393877
11.3500,agent,agent_10,4.739822,2.476673
11.3500,agent,agent_11,5.125055,3.446135
11.3500,agent,agent_12,4.240669,3.296252
11.3500,agent,agent_13,4.765204,4.009907
11.3500,agent,agent_14,5.004902,3.796255
11.3500,agent,agent_15,4.269908,4.992589
11.3500,agent,agent_16,5.163316,5.424368
11.3500,agent,agent_17,4.743336,6.560626
11.3500,cargo,cargo_0,4.034733,4.015160
11.4000,agent,agent_00,3.280572,1.454708
11.4000,agent,agent_01,3.504322,2.313191
11.4000,agent,agent_02,2.930806,3.509165
11.4000,agent,agent_03,3.589164,3.392133
11.4000,agent,agent_04,3.306360,3.997115
11.4000,agent,agent_05,3.715458,4.853351
11.4000,agent,agent_06,3.367701,4.688651
11.4000,agent,agent_07,2.792506,5.388268
11.4000,agent,agent_08,3.449485,6.627889
11.4000,agent,agent_09,4.628843,1.415022
11.4000,agent,agent_10,4.726521,2.494821
11.4000,agent,agent_11,5.107830,3.441931
11.4000,agent,agent_12,4.245029,3.297283
11.4000,agent,agent_13,4.766340,4.010980
11.4000,agent,agent_14,4.998625,3.789414
11.4000,agent,agent_15,4.274041,4.975742
11.4000,agent,agent_16,5.154471,5.403680
11.4000,agent,agent_17,4.737258,6.538963
11.4000,cargo,cargo_0,4.036000,4.015340
11.4500,agent,agent_00,3.286974,1.476278
11.4500,agent,agent_01,3.522656,2.326234
11.4500,agent,agent_02,2.939548,3.513020
11.4500,agent,agent_03,3.589636,3.390581
11.4500,agent,agent_04,3.307016,3.997065
11.4500,agent,agent_05,3.721843,4.844358
11.4500,agent,agent_06,3.369906,4.679735
11.4500,agent,agent_07,2.795632,5.365986
11.4500,agent,agent_08,3.462250,6.609361
11.4500,agent,agent_09,4.622010,1.436459
11.4500,agent,agent_10,4.712752,2.512616
11.4500,agent,agent_11,5.091638,3.440211
11.4500,agent,agent_12,4.248082,3.298003
11.4500,agent,agent_13,4.766986,4.011481
11.4500,agent,agent_14,4.992824,3.783508
11.4500,agent,agent_15,4.277857,4.961019
11.4500,agent,agent_16,5.143984,5.383773
11.4500,agent,agent_17,4.731558,6.517197
11.4500,cargo,cargo_0,4.036465,4.015464
11.5000,agent,agent_00,3.293375,1.497848
11.5000,agent,agent_01,3.540991,2.339276
11.5000,agent,agent_02,2.948291,3.516875
11.5000,agent,agent_03,3.590108,3.389029
11.5000,agent,agent_04,3.308108,3.997017
11.5000,agent,agent_05,3.728227,4.835365
11.5000,agent,agent_06,3.372110,4.670820
11.5000,agent,agent_07,2.798758,5.343705
11.5000,agent,agent_08,3.475016,6.590833
11.5000,agent,agent_09,4.615176,1.457896
11.5000,agent,agent_10,4.698984,2.530412
11.5000,agent,agent_11,5.075445,3.438490
11.5000,agent,agent_12,4.251136,3.298724
11.5000,agent,agent_13,4.768089,4.012427
11.5000,agent,agent_14,4.986804,3.777691
11.5000,agent,agent_15,4.281673,4.946296
11.5000,agent,agent_16,5.133497,5.363867
11.5000,agent,agent_17,4.725858,6.495431
11.5000,cargo,cargo_0,4.037558,4.015560
11.5500,agent,agent_00,3.299776,1.519418
11.5500,agent,agent_01,3.559325,2.352319
11.5500,agent,agent_02,2.957034,3.520731
11.5500,agent,agent_03,3.590580,3.387477
11.5500,agent,agent_04,3.309200,3.996970
11.5500,agent,agent_05,3.734611,4.826372
11.5500,agent,agent_06,3.374315,4.661904
11.5500,agent,agent_07,2.801883,5.321423
11.5500,agent,agent_08,3.487781,6.572305
11.5500,agent,agent_09,4.608342,1.479334
11.5500,agent,agent_10,4.685215,2.548207
11.5500,agent,agent_11,5.059252,3.436770
11.5500,agent,agent_12,4.254190,3.299444
11.5500,agent,agent_13,4.769191,4.013322
11.5500,agent,agent_14,4.980546,3.771991
11.5500,agent,agent_15,4.285489,4.931574
11.5500,agent,agent_16,5.123009,5.343960
11.5500,agent,agent_17,4.720158,6.473665
11.5500,cargo,cargo_0,4.038819,4.015803
11.6000,agent,agent_00,3.305780,1.541102
11.6000,agent,agent_01,3.556162,2.374595
11.6000,agent,agent_02,2.964956,3.524037
11.6000,agent,agent_03,3.591732,3.386497
11.6000,agent,agent_04,3.309757,3.997083
11.6000,agent,agent_05,3.740294,4.819200
11.6000,agent,agent_06,3.376912,4.654301
11.6000,agent,agent_07,2.809454,5.300235
11.6000,agent,agent_08,3.500340,6.553636
11.6000,agent,agent_09,4.602450,1.501048
11.6000,agent,agent_10,4.679127,2.562267
11.6000,agent,agent_11,5.046724,3.433944
11.6000,agent,agent_12,4.256031,3.300272
11.6000,agent,agent_13,4.769759,4.013701
11.6000,agent,agent_14,4.975607,3.767785
11.6000,agent,agent_15,4.287924,4.919727
11.6000,agent,agent_16,5.108333,5.326906
11.6000,agent,agent_17,4.714850,6.451800
11.6000,cargo,cargo_0,4.039167,4.015893
11.6500,agent,agent_00,3.311785,1.562786
11.6500,agent,agent_01,3.552999,2.396872
11.6500,agent,agent_02,2.972879,3.527344
11.6500,agent,agent_03,3.592885,3.385518
11.6500,agent,agent_04,3.310798,3.997176
11.6500,agent,agent_05,3.745977,4.812027
11.6500,agent,agent_06,3.379508,4.646698
11.6500,agent,agent_07,2.817024,5.279046
11.6500,agent,agent_08,3.512899,6.534967
11.6500,agent,agent_09,4.596557,1.522763
11.6500,agent,agent_10,4.673038,2.576326
11.6500,agent,agent_11,5.034196,3.431119
11.6500,agent,agent_12,4.257871,3.301099
11.6500,agent,agent_13,4.770811,4.014484
11.6500,agent,agent_14,4.970536,3.763638
11.6500,agent,agent_15,4.290359,4.907880
11.6500,agent,agent_16,5.093656,5.309852
11.6500,agent,agent_17,4.709543,6.429934
11.6500,cargo,cargo_0,4.040206,4.016021
11.7000,agent,agent_00,3.317789,1.584470
11.7000,agent,agent_01,3.549836,2.419148
11.7000,agent,agent_02,2.980801,3.530651
11.7000,agent,agent_03,3.594037,3.384538
11.7000,agent,agent_04,3.311840,3.997248
11.7000,agent,agent_05,3.751660,4.804855
11.7000,agent,agent_06,3.382104,4.639094
11.7000,agent,agent_07,2.824595,5.257858
11.7000,agent,agent_08,3.525457,6.516298
11.7000,agent,agent_09,4.590665,1.544478
11.7000,agent,agent_10,4.666949,2.590386
11.7000,agent,agent_11,5.021668,3.428293
11.7000,agent,agent_12,4.259712,3.301926
11.7000,agent,agent_13,4.771862,4.015235
11.7000,agent,agent_14,4.965884,3.760019
11.7000,agent,agent_15,4.292794,4.896032
11.7000,agent,agent_16,5.078980,5.292797
11.7000,agent,agent_17,4.704236,6.408069
11.7000,cargo,cargo_0,4.041429,4.016218
11.7500,agent,agent_00,3.323258,1.606296
11.7500,agent,agent_01,3.565268,2.435522
11.7500,agent,agent_02,2.988575,3.533649
11.7500,agent,agent_03,3.594652,3.383976
11.7500,agent,agent_04,3.312246,3.997344
11.7500,agent,agent_05,3.756567,4.798990
11.7500,agent,agent_06,3.383719,4.631997
11.7500,agent,agent_07,2.832217,5.236689
11.7500,agent,agent_08,3.537771,6.497467
11.7500,agent,agent_09,4.585436,1.566362
11.7500,agent,agent_10,4.660704,2.606040
11.7500,agent,agent_11,5.009644,3.425798
11.7500,agent,agent_12,4.261466,3.302952
11.7500,agent,agent_13,4.772301,4.015495
11.7500,agent,agent_14,4.961855,3.757030
11.7500,agent,agent_15,4.296756,4.884413
11.7500,agent,agent_16,5.074521,5.270743
11.7500,agent,agent_17,4.699208,6.386138
11.7500,cargo,cargo_0,4.041614,4.016255
11.8000,agent,agent_00,3.328728,1.628121
11.8000,agent,agent_01,3.580700,2.451895
11.8000,agent,agent_02,2.996349,3.536647
11.8000,agent,agent_03,3.595266,3.383415
11.8000,agent,agent_04,3.313228,3.997439
11.8000,agent,agent_05,3.761474,4.793124
11.8000,agent,agent_06,3.385334,4.624899
11.8000,agent,agent_07,2.839840,5.215519
11.8000,agent,agent_08,3.550085,6.478635
11.8000,agent,agent_09,4.580207,1.588246
11.8000,agent,agent_10,4.654459,2.621695
11.8000,agent,agent_11,4.997621,3.423304
11.8000,agent,agent_12,4.263219,3.303978
11.8000,agent,agent_13,4.773287,4.016158
11.8000,agent,agent_14,4.958113,3.754346
11.8000,agent,agent_15,4.300719,4.872794
11.8000,agent,agent_16,5.070062,5.248690
11.8000,agent,agent_17,4.694180,6.364207
11.8000,cargo,cargo_0,4.042609,4.016398
11.8500,agent,agent_00,3.334197,1.649946
11.8500,agent,agent_01,3.596133,2.468269
11.8500,agent,agent_02,3.004122,3.539646
11.8500,agent,agent_03,3.595880,3.382853
11.8500,agent,agent_04,3.314209,3.997533
11.8500,agent,agent_05,3.766381,4.787259
11.8500,agent,agent_06,3.386949,4.617801
11.8500,agent,agent_07,2.847463,5.194350
11.8500,agent,agent_08,3.562398,6.459804
11.8500,agent,agent_09,4.574978,1.610130
11.8500,agent,agent_10,4.648214,2.637350
11.8500,agent,agent_11,4.985598,3.420809
11.8500,agent,agent_12,4.264972,3.305004
11.8500,agent,agent_13,4.774273,4.016803
11.8500,agent,agent_14,4.954696,3.751985
11.8500,agent,agent_15,4.304682,4.861174
11.8500,agent,agent_16,5.065604,5.226636
11.8500,agent,agent_17,4.689152,6.342276
11.8500,cargo,cargo_0,4.043766,4.016591
11.9000,agent,agent_00,3.339393,1.671838
11.9000,agent,agent_01,3.602465,2.487335
11.9000,agent,agent_02,3.010145,3.543023
11.9000,agent,agent_03,3.597114,3.382178
11.9000,agent,agent_04,3.314694,3.997613
11.9000,agent,agent_05,3.770370,4.782900
11.9000,agent,agent_06,3.388445,4.611373
11.9000,agent,agent_07,2.855162,5.173208
11.9000,agent,agent_08,3.574414,6.440781
11.9000,agent,agent_09,4.570986,1.632273
11.9000,agent,agent_10,4.640732,2.649852
11.9000,agent,agent_11,4.973956,3.419589
11.9000,agent,agent_12,4.265930,3.305800
11.9000,agent,agent_13,4.774708,4.017056
11.9000,agent,agent_14,4.951501,3.749851
11.9000,agent,agent_15,4.307855,4.851516
11.9000,agent,agent_16,5.059453,5.204993
11.9000,agent,agent_17,4.684693,6.320222
11.9000,cargo,cargo_0,4.043996,4.016631
11.9500,agent,agent_00,3.344589,1.693729
11.9500,agent,agent_01,3.608796,2.506401
11.9500,agent,agent_02,3.016167,3.546400
11.9500,agent,agent_03,3.598348,3.381503
11.9500,agent,agent_04,3.315757,3.997683
11.9500,agent,agent_05,3.774358,4.778541
11.9500,agent,agent_06,3.389941,4.604945
11.9500,agent,agent_07,2.862862,5.152067
11.9500,agent,agent_08,3.586430,6.421758
11.9500,agent,agent_09,4.566994,1.654416
11.9500,agent,agent_10,4.633250,2.662355
11.9500,agent,agent_11,4.962313,3.418368
11.9500,agent,agent_12,4.266887,3.306596
11.9500,agent,agent_13,4.775776,4.017728
11.9500,agent,agent_14,4.948745,3.748063
11.9500,agent,agent_15,4.311028,4.841857
11.9500,agent,agent_16,5.053303,5.183350
11.9500,agent,agent_17,4.680234,6.298169
11.9500,cargo,cargo_0,4.045149,4.016907
12.0000,agent,agent_00,3.349785,1.715621
12.0000,agent,agent_01,3.615128,2.525467
12.0000,agent,agent_02,3.022190,3.549777
12.0000,agent,agent_03,3.599583,3.380827
12.0000,agent,agent_04,3.316821,3.997741
12.0000,agent,agent_05,3.778346,4.774181
12.0000,agent,agent_06,3.391437,4.598517
12.0000,agent,agent_07,2.870561,5.130925
12.0000,agent,agent_08,3.598445,6.402735
12.0000,agent,agent_09,4.563002,1.676559
12.0000,agent,agent_10,4.625768,2.674858
12.0000,agent,agent_11,4.950671,3.417148
12.0000,agent,agent_12,4.267845,3.307393
12.0000,agent,agent_13,4.776844,4.018382
12.0000,agent,agent_14,4.946286,3.746516
12.0000,agent,agent_15,4.314201,4.832198
12.0000,agent,agent_16,5.047152,5.161707
12.0000,agent,agent_17,4.675775,6.276115
12.0000,cargo,cargo_0,4.046414,4.017157
12.0500,agent,agent_00,3.356224,1.737180
12.0500,agent,agent_01,3.620970,2.545450
12.0500,agent,agent_02,3.027781,3.551953
12.0500,agent,agent_03,3.600452,3.380798
12.0500,agent,agent_04,3.317276,3.997847
12.0500,agent,agent_05,3.781605,4.770929
12.0500,agent,agent_06,3.391656,4.592608
12.0500,agent,agent_07,2.878255,5.109781
12.0500,agent,agent_08,3.602680,6.380637
12.0500,agent,agent_09,4.560043,1.698863
12.0500,agent,agent_10,4.619259,2.687490
12.0500,agent,agent_11,4.939628,3.417815
12.0500,agent,agent_12,4.268917,3.308615
12.0500,agent,agent_13,4.777271,4.018623
12.0500,agent,agent_14,4.944013,3.745126
12.0500,agent,agent_15,4.317443,4.823338
12.0500,agent,agent_16,5.039809,5.140439
12.0500,agent,agent_17,4.666056,6.255823
12.0500,cargo,cargo_0,4.046598,4.017184
12.1000,agent,agent_00,3.362664,1.758739
12.1000,agent,agent_01,3.626811,2.565434
12.1000,agent,agent_02,3.033372,3.554128
12.1000,agent,agent_03,3.601322,3.380770
12.1000,agent,agent_04,3.318251,3.997946
12.1000,agent,agent_05,3.784864,4.767676
12.1000,agent,agent_06,3.391876,4.586700
12.1000,agent,agent_07,2.885949,5.088638
12.1000,agent,agent_08,3.606916,6.358539
12.1000,agent,agent_09,4.557084,1.721168
12.1000,agent,agent_10,4.612750,2.700123
12.1000,agent,agent_11,4.928584,3.418481
12.1000,agent,agent_12,4.269989,3.309837
12.1000,agent,agent_13,4.778250,4.019198
12.1000,agent,agent_14,4.942280,3.744089
12.1000,agent,agent_15,4.320686,4.814478
12.1000,agent,agent_16,5.032465,5.119171
12.1000,agent,agent_17,4.656336,6.235530
12.1000,cargo,cargo_0,4.047590,4.017423
12.1500,agent,agent_00,3.369103,1.780298
12.1500,agent,agent_01,3.632653,2.585418
12.1500,agent,agent_02,3.038964,3.556304
12.1500,agent,agent_03,3.602191,3.380741
12.1500,agent,agent_04,3.319226,3.998038
12.1500,agent,agent_05,3.788123,4.764423
12.1500,agent,agent_06,3.392095,4.580791
12.1500,agent,agent_07,2.893643,5.067494
12.1500,agent,agent_08,3.611151,6.336441
12.1500,agent,agent_09,4.554125,1.743472
12.1500,agent,agent_10,4.606242,2.712756
12.1500,agent,agent_11,4.917541,3.419148
12.1500,agent,agent_12,4.271061,3.311060
12.1500,agent,agent_13,4.779228,4.019765
12.1500,agent,agent_14,4.940925,3.743299
12.1500,agent,agent_15,4.323929,4.805618
12.1500,agent,agent_16,5.025122,5.097903
12.1500,agent,agent_17,4.646617,6.215238
12.1500,cargo,cargo_0,4.048735,4.017649
12.2000,agent,agent_00,3.375510,1.801866
12.2000,agent,agent_01,3.639925,2.600827
12.2000,agent,agent_02,3.044401,3.558158
12.2000,agent,agent_03,3.603012,3.381328
12.2000,agent,agent_04,3.319591,3.998130
12.2000,agent,agent_05,3.791429,4.761957
12.2000,agent,agent_06,3.392146,4.575891
12.2000,agent,agent_07,2.901190,5.046298
12.2000,agent,agent_08,3.618404,6.315143
12.2000,agent,agent_09,4.545190,1.764122
12.2000,agent,agent_10,4.600129,2.724640
12.2000,agent,agent_11,4.908020,3.420259
12.2000,agent,agent_12,4.271668,3.312441
12.2000,agent,agent_13,4.779597,4.019966
12.2000,agent,agent_14,4.939815,3.742663
12.2000,agent,agent_15,4.326679,4.797769
12.2000,agent,agent_16,5.018101,5.077736
12.2000,agent,agent_17,4.637208,6.194799
12.2000,cargo,cargo_0,4.048881,4.017667
12.2500,agent,agent_00,3.381917,1.823435
12.2500,agent,agent_01,3.647196,2.616236
12.2500,agent,agent_02,3.049838,3.560012
12.2500,agent,agent_03,3.603833,3.381916
12.2500,agent,agent_04,3.320560,3.998206
12.2500,agent,agent_05,3.794735,4.759490
12.2500,agent,agent_06,3.392197,4.570991
12.2500,agent,agent_07,2.908736,5.025101
12.2500,agent,agent_08,3.625657,6.293844
12.2500,agent,agent_09,4.536255,1.784772
12.2500,agent,agent_10,4.594015,2.736523
12.2500,agent,agent_11,4.898499,3.421371
12.2500,agent,agent_12,4.272276,3.313823
12.2500,agent,agent_13,4.780569,4.020518
12.2500,agent,agent_14,4.938964,3.742182
12.2500,agent,agent_15,4.329430,4.789920
12.2500,agent,agent_16,5.011079,5.057569
12.2500,agent,agent_17,4.627799,6.174361
12.2500,cargo,cargo_0,4.049740,4.018091
12.3000,agent,agent_00,3.388324,1.845003
12.3000,agent,agent_01,3.654467,2.631645
12.3000,agent,agent_02,3.055275,3.561867
12.3000,agent,agent_03,3.604654,3.382504
12.3000,agent,agent_04,3.321530,3.998263
12.3000,agent,agent_05,3.798041,4.757024
12.3000,agent,agent_06,3.392248,4.566091
12.3000,agent,agent_07,2.916282,5.003904
12.3000,agent,agent_08,3.632910,6.272545
12.3000,agent,agent_09,4.527319,1.805422
12.3000,agent,agent_10,4.587902,2.748406
12.3000,agent,agent_11,4.888978,3.422482
12.3000,agent,agent_12,4.272883,3.315204
12.3000,agent,agent_13,4.781541,4.021062
12.3000,agent,agent_14,4.938270,3.741796
12.3000,agent,agent_15,4.332181,4.782071
12.3000,agent,agent_16,5.004058,5.037402
12.3000,agent,agent_17,4.618391,6.153923
12.3000,cargo,cargo_0,4.050692,4.018634
12.3500,agent,agent_00,3.396790,1.865850
12.3500,agent,agent_01,3.660018,2.646686
12.3500,agent,agent_02,3.060501,3.563600
12.3500,agent,agent_03,3.605802,3.382891
12.3500,agent,agent_04,3.321581,3.998345
12.3500,agent,agent_05,3.801202,4.754777
12.3500,agent,agent_06,3.392143,4.561617
12.3500,agent,agent_07,2.923866,4.982721
12.3500,agent,agent_08,3.640373,6.251319
12.3500,agent,agent_09,4.518614,1.826169
12.3500,agent,agent_10,4.583029,2.760561
12.3500,agent,agent_11,4.880922,3.423040
12.3500,agent,agent_12,4.273559,3.316940
12.3500,agent,agent_13,4.781573,4.021073
12.3500,agent,agent_14,4.937649,3.741454
12.3500,agent,agent_15,4.334092,4.775297
12.3500,agent,agent_16,4.996814,5.019604
12.3500,agent,agent_17,4.608292,6.133816
12.3500,cargo,cargo_0,4.051065,4.019093
12.4000,agent,agent_00,3.405256,1.886697
12.4000,agent,agent_01,3.665569,2.661728
12.4000,agent,agent_02,3.065726,3.565332
12.4000,agent,agent_03,3.606949,3.383279
12.4000,agent,agent_04,3.322576,3.998403
12.4000,agent,agent_05,3.804363,4.752531
12.4000,agent,agent_06,3.392038,4.557144
12.4000,agent,agent_07,2.931450,4.961537
12.4000,agent,agent_08,3.647836,6.230092
12.4000,agent,agent_09,4.509908,1.846917
12.4000,agent,agent_10,4.578157,2.772716
12.4000,agent,agent_11,4.872867,3.423598
12.4000,agent,agent_12,4.274235,3.318675
12.4000,agent,agent_13,4.782570,4.021625
12.4000,agent,agent_14,4.936977,3.741084
12.4000,agent,agent_15,4.336003,4.768522
12.4000,agent,agent_16,4.989571,5.001806
12.4000,agent,agent_17,4.598194,6.113709
12.4000,cargo,cargo_0,4.051871,4.020255
12.4500,agent,agent_00,3.413721,1.907543
12.4500,agent,agent_01,3.671120,2.676769
12.4500,agent,agent_02,3.070952,3.567065
12.4500,agent,agent_03,3.608097,3.383666
12.4500,agent,agent_04,3.323572,3.998434
12.4500,agent,agent_05,3.807524,4.750284
12.4500,agent,agent_06,3.391933,4.552671
12.4500,agent,agent_07,2.939034,4.940354
12.4500,agent,agent_08,3.655299,6.208866
12.4500,agent,agent_09,4.501203,1.867664
12.4500,agent,agent_10,4.573284,2.784871
12.4500,agent,agent_11,4.864811,3.424156
12.4500,agent,agent_12,4.274912,3.320410
12.4500,agent,agent_13,4.783567,4.022169
12.4500,agent,agent_14,4.936224,3.740674
12.4500,agent,agent_15,4.337914,4.761748
12.4500,agent,agent_16,4.982327,4.984008
12.4500,agent,agent_17,4.588096,6.093603
12.4500,cargo,cargo_0,4.052900,4.021844
12.5000,agent,agent_00,3.423532,1.927792
12.5000,agent,agent_01,3.676212,2.691584
12.5000,agent,agent_02,3.075845,3.568814
12.5000,agent,agent_03,3.609607,3.383826
12.5000,agent,agent_04,3.323952,3.998502
12.5000,agent,agent_05,3.809994,4.748243
12.5000,agent,agent_06,3.392270,4.549023
12.5000,agent,agent_07,2.945971,4.934466
12.5000,agent,agent_08,3.662704,6.187620
12.5000,agent,agent_09,4.492287,1.888323
12.5000,agent,agent_10,4.568214,2.794601
12.5000,agent,agent_11,4.857066,3.424824
12.5000,agent,agent_12,4.274685,3.322353
12.5000,agent,agent_13,4.783766,4.022273
12.5000,agent,agent_14,4.935368,3.740214
12.5000,agent,agent_15,4.339750,4.756072
12.5000,agent,agent_16,4.974927,4.967993
12.5000,agent,agent_17,4.588522,6.071107
12.5000,cargo,cargo_0,4.053031,4.022634
12.5500,agent,agent_00,3.433343,1.948040
12.5500,agent,agent_01,3.681303,2.706398
12.5500,agent,agent_02,3.080737,3.570563
12.5500,agent,agent_03,3.611117,3.383985
12.5500,agent,agent_04,3.324980,3.998504
12.5500,agent,agent_05,3.812465,4.746203
12.5500,agent,agent_06,3.392608,4.545376
12.5500,agent,agent_07,2.952908,4.928578
12.5500,agent,agent_08,3.670109,6.166373
12.5500,agent,agent_09,4.483372,1.908981
12.5500,agent,agent_10,4.563144,2.804331
12.5500,agent,agent_11,4.849320,3.425493
12.5500,agent,agent_12,4.274459,3.324297
12.5500,agent,agent_13,4.784792,4.022821
12.5500,agent,agent_14,4.934434,3.739715
12.5500,agent,agent_15,4.341586,4.750397
12.5500,agent,agent_16,4.967526,4.951978
12.5500,agent,agent_17,4.588948,6.048611
12.5500,cargo,cargo_0,4.053493,4.023777
12.6000,agent,agent_00,3.443154,1.968288
12.6000,agent,agent_01,3.686395,2.721213
12.6000,agent,agent_02,3.085629,3.572311
12.6000,agent,agent_03,3.612626,3.384144
12.6000,agent,agent_04,3.326012,3.998427
12.6000,agent,agent_05,3.814935,4.744162
12.6000,agent,agent_06,3.392946,4.541728
12.6000,agent,agent_07,2.959844,4.922691
12.6000,agent,agent_08,3.677515,6.145127
12.6000,agent,agent_09,4.474457,1.929640
12.6000,agent,agent_10,4.558074,2.814061
12.6000,agent,agent_11,4.841575,3.426162
12.6000,agent,agent_12,4.274233,3.326240
12.6000,agent,agent_13,4.785817,4.023359
12.6000,agent,agent_14,4.933399,3.739172
12.6000,agent,agent_15,4.343422,4.744722
12.6000,agent,agent_16,4.960126,4.935962
12.6000,agent,agent_17,4.589374,6.026115
12.6000,cargo,cargo_0,4.054212,4.025314
12.6500,agent,agent_00,3.442544,1.990780
12.6500,agent,agent_01,3.692599,2.735285
12.6500,agent,agent_02,3.090312,3.573853
12.6500,agent,agent_03,3.613555,3.384724
12.6500,agent,agent_04,3.325400,3.997710
12.6500,agent,agent_05,3.816812,4.742605
12.6500,agent,agent_06,3.393945,4.538735
12.6500,agent,agent_07,2.967318,4.916088
12.6500,agent,agent_08,3.674820,6.122789
12.6500,agent,agent_09,4.465749,1.950386
12.6500,agent,agent_10,4.552694,2.823576
12.6500,agent,agent_11,4.833840,3.427455
12.6500,agent,agent_12,4.273415,3.327211
12.6500,agent,agent_13,4.784917,4.022888
12.6500,agent,agent_14,4.932250,3.738579
12.6500,agent,agent_15,4.344853,4.739721
12.6500,agent,agent_16,4.953113,4.920194
12.6500,agent,agent_17,4.589714,6.003617
12.6500,cargo,cargo_0,4.053974,4.026255
12.7000,agent,agent_00,3.441934,2.013272
12.7000,agent,agent_01,3.698804,2.749357
12.7000,agent,agent_02,3.094995,3.575395
12.7000,agent,agent_03,3.614483,3.385303
12.7000,agent,agent_04,3.326349,3.997047
12.7000,agent,agent_05,3.818688,4.741049
12.7000,agent,agent_06,3.394944,4.535742
12.7000,agent,agent_07,2.974792,4.909485
12.7000,agent,agent_08,3.672125,6.100451
12.7000,agent,agent_09,4.457041,1.971133
12.7000,agent,agent_10,4.547314,2.833090
12.7000,agent,agent_11,4.826104,3.428747
12.7000,agent,agent_12,4.272598,3.328183
12.7000,agent,agent_13,4.785812,4.023349
12.7000,agent,agent_14,4.931104,3.737988
12.7000,agent,agent_15,4.346285,4.734720
12.7000,agent,agent_16,4.946100,4.904425
12.7000,agent,agent_17,4.590055,5.981120
12.7000,cargo,cargo_0,4.054314,4.027731
12.7500,agent,agent_00,3.441324,2.035763
12.7500,agent,agent_01,3.705009,2.763429
12.7500,agent,agent_02,3.099677,3.576937
12.7500,agent,agent_03,3.615411,3.385883
12.7500,agent,agent_04,3.327299,3.996383
12.7500,agent,agent_05,3.820564,4.739493
12.7500,agent,agent_06,3.395943,4.532749
12.7500,agent,agent_07,2.982265,4.902882
12.7500,agent,agent_08,3.669430,6.078113
12.7500,agent,agent_09,4.448333,1.991879
12.7500,agent,agent_10,4.541934,2.842605
12.7500,agent,agent_11,4.818369,3.430040
12.7500,agent,agent_12,4.271780,3.329154
12.7500,agent,agent_13,4.786706,4.023801
12.7500,agent,agent_14,4.929921,3.737389
12.7500,agent,agent_15,4.347716,4.729720
12.7500,agent,agent_16,4.939087,4.888656
12.7500,agent,agent_17,4.590395,5.958623
12.7500,cargo,cargo_0,4.054699,4.028659
12.8000,agent,agent_00,3.455733,2.053045
12.8000,agent,agent_01,3.711190,2.776016
12.8000,agent,agent_02,3.104127,3.578493
12.8000,agent,agent_03,3.616389,3.386938
12.8000,agent,agent_04,3.325852,3.994985
12.8000,agent,agent_05,3.821934,4.738434
12.8000,agent,agent_06,3.397288,4.529926
12.8000,agent,agent_07,2.989070,4.895384
12.8000,agent,agent_08,3.680924,6.058770
12.8000,agent,agent_09,4.439818,2.012706
12.8000,agent,agent_10,4.538143,2.852229
12.8000,agent,agent_11,4.811690,3.430211
12.8000,agent,agent_12,4.270875,3.330032
12.8000,agent,agent_13,4.785210,4.023049
12.8000,agent,agent_14,4.928679,3.736771
12.8000,agent,agent_15,4.349277,4.725377
12.8000,agent,agent_16,4.933175,4.875914
12.8000,agent,agent_17,4.590825,5.936127
12.8000,cargo,cargo_0,4.054144,4.029661
12.8500,agent,agent_00,3.470142,2.070326
12.8500,agent,agent_01,3.717370,2.788603
12.8500,agent,agent_02,3.108577,3.580050
12.8500,agent,agent_03,3.617367,3.387992
12.8500,agent,agent_04,3.326817,3.993420
12.8500,agent,agent_05,3.823303,4.737376
12.8500,agent,agent_06,3.398634,4.527104
12.8500,agent,agent_07,2.995874,4.887887
12.8500,agent,agent_08,3.692417,6.039427
12.8500,agent,agent_09,4.431303,2.033532
12.8500,agent,agent_10,4.534352,2.861854
12.8500,agent,agent_11,4.805012,3.430383
12.8500,agent,agent_12,4.269970,3.330910
12.8500,agent,agent_13,4.785942,4.023413
12.8500,agent,agent_14,4.927252,3.736059
12.8500,agent,agent_15,4.350838,4.721035
12.8500,agent,agent_16,4.927264,4.863172
12.8500,agent,agent_17,4.591256,5.913631
12.8500,cargo,cargo_0,4.054258,4.030224
12.9000,agent,agent_00,3.484551,2.087607
12.9000,agent,agent_01,3.723551,2.801189
12.9000,agent,agent_02,3.113027,3.581606
12.9000,agent,agent_03,3.618344,3.389047
12.9000,agent,agent_04,3.327811,3.991704
12.9000,agent,agent_05,3.824672,4.736317
12.9000,agent,agent_06,3.399979,4.524281
12.9000,agent,agent_07,3.002678,4.880389
12.9000,agent,agent_08,3.703911,6.020085
12.9000,agent,agent_09,4.422788,2.054359
12.9000,agent,agent_10,4.530561,2.871478
12.9000,agent,agent_11,4.798333,3.430554
12.9000,agent,agent_12,4.269065,3.331788
12.9000,agent,agent_13,4.786675,4.023770
12.9000,agent,agent_14,4.925638,3.735269
12.9000,agent,agent_15,4.352399,4.716693
12.9000,agent,agent_16,4.921353,4.850430
12.9000,agent,agent_17,4.591686,5.891135
12.9000,cargo,cargo_0,4.054608,4.031141
12.9500,agent,agent_00,3.499005,2.104850
12.9500,agent,agent_01,3.726454,2.810837
12.9500,agent,agent_02,3.116435,3.582592
12.9500,agent,agent_03,3.619453,3.390063
12.9500,agent,agent_04,3.326160,3.990516
12.9500,agent,agent_05,3.826214,4.735524
12.9500,agent,agent_06,3.401496,4.521810
12.9500,agent,agent_07,3.007712,4.872263
12.9500,agent,agent_08,3.715579,6.000846
12.9500,agent,agent_09,4.426991,2.076463
12.9500,agent,agent_10,4.526869,2.878560
12.9500,agent,agent_11,4.792070,3.431947
12.9500,agent,agent_12,4.268048,3.333042
12.9500,agent,agent_13,4.784905,4.022914
12.9500,agent,agent_14,4.924200,3.734580
12.9500,agent,agent_15,4.353836,4.712730
12.9500,agent,agent_16,4.915756,4.838903
12.9500,agent,agent_17,4.592334,5.868644
12.9500,cargo,cargo_0,4.053812,4.032361
13.0000,agent,agent_00,3.513459,2.122093
13.0000,agent,agent_01,3.729356,2.820485
13.0000,agent,agent_02,3.119843,3.583578
13.0000,agent,agent_03,3.620562,3.391078
13.0000,agent,agent_04,3.326910,3.989187
13.0000,agent,agent_05,3.827756,4.734731
13.0000,agent,agent_06,3.403013,4.519340
13.0000,agent,agent_07,3.012746,4.864137
13.0000,agent,agent_08,3.727247,5.981608
13.0000,agent,agent_09,4.431193,2.098567
13.0000,agent,agent_10,4.523177,2.885641
13.0000,agent,agent_11,4.785808,3.433340
13.0000,agent,agent_12,4.267032,3.334296
13.0000,agent,agent_13,4.785448,4.023173
13.0000,agent,agent_14,4.922766,3.733890
13.0000,agent,agent_15,4.355272,4.708768
13.0000,agent,agent_16,4.910159,4.827376
13.0000,agent,agent_17,4.592982,5.846154
13.0000,cargo,cargo_0,4.054059,4.032906
13.0500,agent,agent_00,3.527913,2.139336
13.0500,agent,agent_01,3.732259,2.830132
13.0500,agent,agent_02,3.123251,3.584563
13.0500,agent,agent_03,3.621671,3.392093
13.0500,agent,agent_04,3.327705,3.987640
13.0500,agent,agent_05,3.829297,4.733938
13.0500,agent,agent_06,3.404530,4.516869
13.0500,agent,agent_07,3.017779,4.856011
13.0500,agent,agent_08,3.738914,5.962369
13.0500,agent,agent_09,4.435396,2.120671
13.0500,agent,agent_10,4.519485,2.892722
13.0500,agent,agent_11,4.779545,3.434733
13.0500,agent,agent_12,4.266113,3.335215
13.0500,agent,agent_13,4.785990,4.023427
13.0500,agent,agent_14,4.921316,3.733206
13.0500,agent,agent_15,4.356709,4.704805
13.0500,agent,agent_16,4.904562,4.815849
13.0500,agent,agent_17,4.593631,5.823663
13.0500,cargo,cargo_0,4.054284,4.032873
13.1000,agent,agent_00,3.542399,2.156553
13.1000,agent,agent_01,3.735797,2.839377
13.1000,agent,agent_02,3.126079,3.584744
13.1000,agent,agent_03,3.622835,3.392728
13.1000,agent,agent_04,3.326262,3.986084
13.1000,agent,agent_05,3.830605,4.733484
13.1000,agent,agent_06,3.406044,4.514487
13.1000,agent,agent_07,3.023045,4.848856
13.1000,agent,agent_08,3.750352,5.942993
13.1000,agent,agent_09,4.439320,2.142826
13.1000,agent,agent_10,4.515645,2.899553
13.1000,agent,agent_11,4.773626,3.435806
13.1000,agent,agent_12,4.265541,3.335052
13.1000,agent,agent_13,4.784448,4.022704
13.1000,agent,agent_14,4.919913,3.732555
13.1000,agent,agent_15,4.357340,4.701789
13.1000,agent,agent_16,4.898982,4.805242
13.1000,agent,agent_17,4.594318,5.801173
13.1000,cargo,cargo_0,4.053641,4.032708
13.1500,agent,agent_00,3.556884,2.173770
13.1500,agent,agent_01,3.739336,2.848622
13.1500,agent,agent_02,3.128907,3.584924
13.1500,agent,agent_03,3.623998,3.393362
13.1500,agent,agent_04,3.326896,3.984714
13.1500,agent,agent_05,3.831912,4.733030
13.1500,agent,agent_06,3.407558,4.512105
13.1500,agent,agent_07,3.028311,4.841701
13.1500,agent,agent_08,3.761790,5.923618
13.1500,agent,agent_09,4.443243,2.164982
13.1500,agent,agent_10,4.511806,2.906384
13.1500,agent,agent_11,4.767707,3.436879
13.1500,agent,agent_12,4.264766,3.335582
13.1500,agent,agent_13,4.784873,4.022901
13.1500,agent,agent_14,4.918511,3.731903
13.1500,agent,agent_15,4.358026,4.698905
13.1500,agent,agent_16,4.893401,4.794634
13.1500,agent,agent_17,4.595006,5.778684
13.1500,cargo,cargo_0,4.053641,4.032708
13.2000,agent,agent_00,3.571369,2.190987
13.2000,agent,agent_01,3.742875,2.857867
13.2000,agent,agent_02,3.131735,3.585104
13.2000,agent,agent_03,3.625162,3.393997
13.2000,agent,agent_04,3.327529,3.983344
13.2000,agent,agent_05,3.833220,4.732576
13.2000,agent,agent_06,3.409072,4.509724
13.2000,agent,agent_07,3.033577,4.834545
13.2000,agent,agent_08,3.773228,5.904242
13.2000,agent,agent_09,4.447167,2.187137
13.2000,agent,agent_10,4.507966,2.913214
13.2000,agent,agent_11,4.761788,3.437952
13.2000,agent,agent_12,4.263990,3.336113
13.2000,agent,agent_13,4.785299,4.023093
13.2000,agent,agent_14,4.917096,3.731256
13.2000,agent,agent_15,4.360030,4.699123
13.2000,agent,agent_16,4.887820,4.784026
13.2000,agent,agent_17,4.595694,5.756195
13.2000,cargo,cargo_0,4.053641,4.032708
13.2500,agent,agent_00,3.585888,2.208176
13.2500,agent,agent_01,3.747034,2.866567
13.2500,agent,agent_02,3.134578,3.585012
13.2500,agent,agent_03,3.625935,3.394949
13.2500,agent,agent_04,3.325800,3.982001
13.2500,agent,agent_05,3.834437,4.732264
13.2500,agent,agent_06,3.410660,4.507474
13.2500,agent,agent_07,3.039407,4.828718
13.2500,agent,agent_08,3.784949,5.885036
13.2500,agent,agent_09,4.451084,2.209293
13.2500,agent,agent_10,4.504072,2.919791
13.2500,agent,agent_11,4.756701,3.439214
13.2500,agent,agent_12,4.263296,3.334203
13.2500,agent,agent_13,4.783634,4.022339
13.2500,agent,agent_14,4.915741,3.730647
13.2500,agent,agent_15,4.360015,4.696370
13.2500,agent,agent_16,4.883132,4.774619
13.2500,agent,agent_17,4.596292,5.733702
13.2500,cargo,cargo_0,4.052100,4.031147
13.3000,agent,agent_00,3.600406,2.225365
13.3000,agent,agent_01,3.751193,2.875267
13.3000,agent,agent_02,3.137421,3.584919
13.3000,agent,agent_03,3.626708,3.395901
13.3000,agent,agent_04,3.326224,3.980848
13.3000,agent,agent_05,3.835655,4.731953
13.3000,agent,agent_06,3.412249,4.505224
13.3000,agent,agent_07,3.045237,4.822891
13.3000,agent,agent_08,3.796670,5.865830
13.3000,agent,agent_09,4.455000,2.231450
13.3000,agent,agent_10,4.500178,2.926367
13.3000,agent,agent_11,4.751614,3.440476
13.3000,agent,agent_12,4.261994,3.334374
13.3000,agent,agent_13,4.783896,4.022455
13.3000,agent,agent_14,4.914389,3.730037
13.3000,agent,agent_15,4.361201,4.696433
13.3000,agent,agent_16,4.878445,4.765211
13.3000,agent,agent_17,4.596891,5.711210
13.3000,cargo,cargo_0,4.052074,4.031154
13.3500,agent,agent_00,3.614925,2.242554
13.3500,agent,agent_01,3.755353,2.883967
13.3500,agent,agent_02,3.140264,3.584827
13.3500,agent,agent_03,3.627481,3.396853
13.3500,agent,agent_04,3.326648,3.979694
13.3500,agent,agent_05,3.836872,4.731641
13.3500,agent,agent_06,3.413837,4.502974
13.3500,agent,agent_07,3.051067,4.817064
13.3500,agent,agent_08,3.808391,5.846624
13.3500,agent,agent_09,4.458917,2.253606
13.3500,agent,agent_10,4.496285,2.932944
13.3500,agent,agent_11,4.746527,3.441738
13.3500,agent,agent_12,4.260691,3.334545
13.3500,agent,agent_13,4.784157,4.022569
13.3500,agent,agent_14,4.913026,3.729430
13.3500,agent,agent_15,4.362459,4.696635
13.3500,agent,agent_16,4.873758,4.755804
13.3500,agent,agent_17,4.597489,5.688718
13.3500,cargo,cargo_0,4.052131,4.031216
13.4000,agent,agent_00,3.629490,2.259704
13.4000,agent,agent_01,3.757843,2.892288
13.4000,agent,agent_02,3.142949,3.584693
13.4000,agent,agent_03,3.628144,3.397632
13.4000,agent,agent_04,3.324087,3.980993
13.4000,agent,agent_05,3.838107,4.731610
13.4000,agent,agent_06,3.415081,4.500595
13.4000,agent,agent_07,3.056026,4.811926
13.4000,agent,agent_08,3.819838,5.827254
13.4000,agent,agent_09,4.445647,2.271777
13.4000,agent,agent_10,4.493574,2.939109
13.4000,agent,agent_11,4.741776,3.442659
13.4000,agent,agent_12,4.260538,3.331972
13.4000,agent,agent_13,4.782040,4.027212
13.4000,agent,agent_14,4.911704,3.728852
13.4000,agent,agent_15,4.362427,4.693937
13.4000,agent,agent_16,4.869108,4.747055
13.4000,agent,agent_17,4.598086,5.666226
13.4000,cargo,cargo_0,4.050676,4.030042
13.4500,agent,agent_00,3.644055,2.276853
13.4500,agent,agent_01,3.760334,2.900610
13.4500,agent,agent_02,3.145634,3.584560
13.4500,agent,agent_03,3.628807,3.398412
13.4500,agent,agent_04,3.323882,3.982471
13.4500,agent,agent_05,3.839342,4.731579
13.4500,agent,agent_06,3.416324,4.498216
13.4500,agent,agent_07,3.060985,4.806789
13.4500,agent,agent_08,3.831285,5.807883
13.4500,agent,agent_09,4.432377,2.289947
13.4500,agent,agent_10,4.490862,2.945274
13.4500,agent,agent_11,4.737026,3.443579
13.4500,agent,agent_12,4.259657,3.332003
13.4500,agent,agent_13,4.782160,4.031805
13.4500,agent,agent_14,4.910072,3.728973
13.4500,agent,agent_15,4.362902,4.692388
13.4500,agent,agent_16,4.864458,4.738306
13.4500,agent,agent_17,4.598682,5.643734
13.4500,cargo,cargo_0,4.050540,4.029995
13.5000,agent,agent_00,3.658620,2.294003
13.5000,agent,agent_01,3.762825,2.908931
13.5000,agent,agent_02,3.148319,3.584426
13.5000,agent,agent_03,3.629471,3.399191
13.5000,agent,agent_04,3.323676,3.983949
13.5000,agent,agent_05,3.840576,4.731548
13.5000,agent,agent_06,3.417568,4.495837
13.5000,agent,agent_07,3.065944,4.801651
13.5000,agent,agent_08,3.842733,5.788513
13.5000,agent,agent_09,4.419107,2.308117
13.5000,agent,agent_10,4.488151,2.951439
13.5000,agent,agent_11,4.732276,3.444500
13.5000,agent,agent_12,4.258777,3.332035
13.5000,agent,agent_13,4.782280,4.036399
13.5000,agent,agent_14,4.908232,3.729568
13.5000,agent,agent_15,4.363979,4.692210
13.5000,agent,agent_16,4.859808,4.729556
13.5000,agent,agent_17,4.599278,5.621242
13.5000,cargo,cargo_0,4.050540,4.029995
13.5500,agent,agent_00,3.654248,2.316074
13.5500,agent,agent_01,3.765333,2.915777
13.5500,agent,agent_02,3.150755,3.584258
13.5500,agent,agent_03,3.629892,3.400397
13.5500,agent,agent_04,3.321845,3.985187
13.5500,agent,agent_05,3.841743,4.731687
13.5500,agent,agent_06,3.418587,4.493634
13.5500,agent,agent_07,3.070697,4.796194
13.5500,agent,agent_08,3.854176,5.769140
13.5500,agent,agent_09,4.405751,2.326224
13.5500,agent,agent_10,4.485590,2.956396
13.5500,agent,agent_11,4.727852,3.445176
13.5500,agent,agent_12,4.258907,3.330699
13.5500,agent,agent_13,4.780470,4.040760
13.5500,agent,agent_14,4.906493,3.730287
13.5500,agent,agent_15,4.364065,4.689661
13.5500,agent,agent_16,4.855348,4.721353
13.5500,agent,agent_17,4.599958,5.598752
13.5500,cargo,cargo_0,4.048823,4.028598
13.6000,agent,agent_00,3.649877,2.338146
13.6000,agent,agent_01,3.767841,2.922623
13.6000,agent,agent_02,3.153190,3.584090
13.6000,agent,agent_03,3.630314,3.401603
13.6000,agent,agent_04,3.321567,3.986556
13.6000,agent,agent_05,3.842910,4.731827
13.6000,agent,agent_06,3.419607,4.491431
13.6000,agent,agent_07,3.075450,4.790737
13.6000,agent,agent_08,3.865618,5.749767
13.6000,agent,agent_09,4.392395,2.344331
13.6000,agent,agent_10,4.483030,2.961354
13.6000,agent,agent_11,4.723429,3.445851
13.6000,agent,agent_12,4.258630,3.330779
13.6000,agent,agent_13,4.780436,4.045096
13.6000,agent,agent_14,4.904754,3.731005
13.6000,agent,agent_15,4.365096,4.689309
13.6000,agent,agent_16,4.850888,4.713151
13.6000,agent,agent_17,4.600638,5.576263
13.6000,cargo,cargo_0,4.048651,4.028446
13.6500,agent,agent_00,3.645506,2.360217
13.6500,agent,agent_01,3.770349,2.929470
13.6500,agent,agent_02,3.155625,3.583922
13.6500,agent,agent_03,3.630735,3.402808
13.6500,agent,agent_04,3.321289,3.987924
13.6500,agent,agent_05,3.844076,4.731966
13.6500,agent,agent_06,3.420626,4.489227
13.6500,agent,agent_07,3.080204,4.785280
13.6500,agent,agent_08,3.877061,5.730394
13.6500,agent,agent_09,4.379039,2.362439
13.6500,agent,agent_10,4.480469,2.966312
13.6500,agent,agent_11,4.719005,3.446527
13.6500,agent,agent_12,4.258353,3.330859
13.6500,agent,agent_13,4.780383,4.049449
13.6500,agent,agent_14,4.903016,3.731724
13.6500,agent,agent_15,4.366131,4.688952
13.6500,agent,agent_16,4.846428,4.704948
13.6500,agent,agent_17,4.601318,5.553773
13.6500,cargo,cargo_0,4.048651,4.028446
13.7000,agent,agent_00,3.641137,2.382289
13.7000,agent,agent_01,3.773237,2.935954
13.7000,agent,agent_02,3.158160,3.583519
13.7000,agent,agent_03,3.631173,3.403901
13.7000,agent,agent_04,3.319353,3.988880
13.7000,agent,agent_05,3.845131,4.731697
13.7000,agent,agent_06,3.422226,4.487802
13.7000,agent,agent_07,3.084986,4.779964
13.7000,agent,agent_08,3.888109,5.710793
13.7000,agent,agent_09,4.365691,2.380551
13.7000,agent,agent_10,4.477042,2.970371
13.7000,agent,agent_11,4.715586,3.447813
13.7000,agent,agent_12,4.258172,3.329349
13.7000,agent,agent_13,4.778504,4.053069
13.7000,agent,agent_14,4.900404,3.732723
13.7000,agent,agent_15,4.366161,4.686737
13.7000,agent,agent_16,4.842413,4.699081
13.7000,agent,agent_17,4.585999,5.537293
13.7000,cargo,cargo_0,4.047177,4.027012
13.7500,agent,agent_00,3.636769,2.404361
13.7500,agent,agent_01,3.776125,2.942439
13.7500,agent,agent_02,3.160695,3.583116
13.7500,agent,agent_03,3.631611,3.404994
13.7500,agent,agent_04,3.318615,3.989925
13.7500,agent,agent_05,3.846186,4.731427
13.7500,agent,agent_06,3.423826,4.486377
13.7500,agent,agent_07,3.089769,4.774648
13.7500,agent,agent_08,3.899157,5.691192
13.7500,agent,agent_09,4.352343,2.398664
13.7500,agent,agent_10,4.473615,2.974429
13.7500,agent,agent_11,4.712167,3.449099
13.7500,agent,agent_12,4.257599,3.329184
13.7500,agent,agent_13,4.778165,4.056781
13.7500,agent,agent_14,4.897793,3.733722
13.7500,agent,agent_15,4.366691,4.685523
13.7500,agent,agent_16,4.838398,4.693215
13.7500,agent,agent_17,4.570681,5.520813
13.7500,cargo,cargo_0,4.046603,4.026429
13.8000,agent,agent_00,3.632400,2.426433
13.8000,agent,agent_01,3.779013,2.948923
13.8000,agent,agent_02,3.163231,3.582713
13.8000,agent,agent_03,3.632048,3.406087
13.8000,agent,agent_04,3.317876,3.990970
13.8000,agent,agent_05,3.847240,4.731158
13.8000,agent,agent_06,3.425425,4.484952
13.8000,agent,agent_07,3.094551,4.769332
13.8000,agent,agent_08,3.910204,5.671591
13.8000,agent,agent_09,4.338995,2.416777
13.8000,agent,agent_10,4.470188,2.978488
13.8000,agent,agent_11,4.708748,3.450385
13.8000,agent,agent_12,4.257026,3.329018
13.8000,agent,agent_13,4.777725,4.060583
13.8000,agent,agent_14,4.895182,3.734721
13.8000,agent,agent_15,4.367536,4.684943
13.8000,agent,agent_16,4.834383,4.687348
13.8000,agent,agent_17,4.555362,5.504333
13.8000,cargo,cargo_0,4.046225,4.026067
13.8500,agent,agent_00,3.646378,2.444063
13.8500,agent,agent_01,3.781472,2.955142
13.8500,agent,agent_02,3.165893,3.583120
13.8500,agent,agent_03,3.632442,3.407008
13.8500,agent,agent_04,3.316433,3.991951
13.8500,agent,agent_05,3.848550,4.731319
13.8500,agent,agent_06,3.427206,4.483489
13.8500,agent,agent_07,3.113029,4.767669
13.8500,agent,agent_08,3.921230,5.651978
13.8500,agent,agent_09,4.325706,2.434933
13.8500,agent,agent_10,4.468214,2.982612
13.8500,agent,agent_11,4.704924,3.452289
13.8500,agent,agent_12,4.256732,3.327037
13.8500,agent,agent_13,4.775261,4.062684
13.8500,agent,agent_14,4.892567,3.735331
13.8500,agent,agent_15,4.365216,4.682995
13.8500,agent,agent_16,4.833241,4.681463
13.8500,agent,agent_17,4.540050,5.487846
13.8500,cargo,cargo_0,4.044771,4.024611
13.9000,agent,agent_00,3.660357,2.461694
13.9000,agent,agent_01,3.783931,2.961362
13.9000,agent,agent_02,3.168555,3.583528
13.9000,agent,agent_03,3.632835,3.407929
13.9000,agent,agent_04,3.315233,3.992948
13.9000,agent,agent_05,3.849860,4.731481
13.9000,agent,agent_06,3.428986,4.482027
13.9000,agent,agent_07,3.130697,4.766897
13.9000,agent,agent_08,3.932256,5.632365
13.9000,agent,agent_09,4.312417,2.453090
13.9000,agent,agent_10,4.466240,2.986736
13.9000,agent,agent_11,4.701099,3.454193
13.9000,agent,agent_12,4.255985,3.326623
13.9000,agent,agent_13,4.774743,4.064964
13.9000,agent,agent_14,4.889952,3.735941
13.9000,agent,agent_15,4.363837,4.682992
13.9000,agent,agent_16,4.832099,4.675577
13.9000,agent,agent_17,4.524739,5.471360
13.9000,cargo,cargo_0,4.043831,4.024197
13.9500,agent,agent_00,3.674335,2.479325
13.9500,agent,agent_01,3.786389,2.967581
13.9500,agent,agent_02,3.171217,3.583935
13.9500,agent,agent_03,3.633228,3.408850
13.9500,agent,agent_04,3.314032,3.993945
13.9500,agent,agent_05,3.851169,4.731642
13.9500,agent,agent_06,3.430767,4.480564
13.9500,agent,agent_07,3.147738,4.766943
13.9500,agent,agent_08,3.943282,5.612751
13.9500,agent,agent_09,4.299128,2.471246
13.9500,agent,agent_10,4.464267,2.990860
13.9500,agent,agent_11,4.697275,3.456097
13.9500,agent,agent_12,4.255239,3.326209
13.9500,agent,agent_13,4.774232,4.067253
13.9500,agent,agent_14,4.887337,3.736551
13.9500,agent,agent_15,4.362536,4.683189
13.9500,agent,agent_16,4.830957,4.669691
13.9500,agent,agent_17,4.509427,5.454873
13.9500,cargo,cargo_0,4.043438,4.023821
14.0000,agent,agent_00,3.688194,2.497051
14.0000,agent,agent_01,3.789184,2.972742
14.0000,agent,agent_02,3.173669,3.584409
14.0000,agent,agent_03,3.633533,3.410087
14.0000,agent,agent_04,3.313015,3.994891
14.0000,agent,agent_05,3.852114,4.731581
14.0000,agent,agent_06,3.431817,4.478952
14.0000,agent,agent_07,3.164247,4.767653
14.0000,agent,agent_08,3.954236,5.593098
14.0000,agent,agent_09,4.304914,2.492989
14.0000,agent,agent_10,4.462546,2.994924
14.0000,agent,agent_11,4.693737,3.458371
14.0000,agent,agent_12,4.254909,3.324895
14.0000,agent,agent_13,4.771295,4.069912
14.0000,agent,agent_14,4.886011,3.736831
14.0000,agent,agent_15,4.361361,4.681349
14.0000,agent,agent_16,4.826566,4.663700
14.0000,agent,agent_17,4.502439,5.440814
14.0000,cargo,cargo_0,4.041948,4.022911
14.0500,agent,agent_00,3.702052,2.514777
14.0500,agent,agent_01,3.791978,2.977903
14.0500,agent,agent_02,3.176121,3.584883
14.0500,agent,agent_03,3.633838,3.411324
14.0500,agent,agent_04,3.311997,3.995837
14.0500,agent,agent_05,3.853058,4.731519
14.0500,agent,agent_06,3.432866,4.477340
14.0500,agent,agent_07,3.180454,4.769057
14.0500,agent,agent_08,3.965190,5.573444
14.0500,agent,agent_09,4.310700,2.514733
14.0500,agent,agent_10,4.460825,2.998988
14.0500,agent,agent_11,4.690200,3.460644
14.0500,agent,agent_12,4.254328,3.324477
14.0500,agent,agent_13,4.770533,4.072738
14.0500,agent,agent_14,4.884686,3.737112
14.0500,agent,agent_15,4.360536,4.680284
14.0500,agent,agent_16,4.822176,4.657710
14.0500,agent,agent_17,4.495451,5.426754
14.0500,cargo,cargo_0,4.041768,4.022796
14.1000,agent,agent_00,3.715728,2.531562
14.1000,agent,agent_01,3.793891,2.983010
14.1000,agent,agent_02,3.178432,3.585310
14.1000,agent,agent_03,3.633977,3.412336
14.1000,agent,agent_04,3.311083,3.996765
14.1000,agent,agent_05,3.853917,4.731379
14.1000,agent,agent_06,3.434053,4.474868
14.1000,agent,agent_07,3.196440,4.770990
14.1000,agent,agent_08,3.976600,5.554052
14.1000,agent,agent_09,4.316486,2.536476
14.1000,agent,agent_10,4.459893,3.002568
14.1000,agent,agent_11,4.686906,3.462665
14.1000,agent,agent_12,4.253177,3.323901
14.1000,agent,agent_13,4.769768,4.075607
14.1000,agent,agent_14,4.883465,3.737380
14.1000,agent,agent_15,4.360128,4.679835
14.1000,agent,agent_16,4.818681,4.651870
14.1000,agent,agent_17,4.490802,5.412743
14.1000,cargo,cargo_0,4.041582,4.022725
14.1500,agent,agent_00,3.729232,2.547064
14.1500,agent,agent_01,3.795709,2.988007
14.1500,agent,agent_02,3.180716,3.585735
14.1500,agent,agent_03,3.627666,3.404746
14.1500,agent,agent_04,3.301103,3.997852
14.1500,agent,agent_05,3.852456,4.741273
14.1500,agent,agent_06,3.437794,4.470149
14.1500,agent,agent_07,3.212466,4.773308
14.1500,agent,agent_08,3.975412,5.538450
14.1500,agent,agent_09,4.322329,2.556447
14.1500,agent,agent_10,4.458876,3.006048
14.1500,agent,agent_11,4.685966,3.461572
14.1500,agent,agent_12,4.253906,3.314226
14.1500,agent,agent_13,4.779611,4.078301
14.1500,agent,agent_14,4.882685,3.738085
14.1500,agent,agent_15,4.363580,4.689249
14.1500,agent,agent_16,4.815199,4.646020
14.1500,agent,agent_17,4.485654,5.398566
14.1500,cargo,cargo_0,4.041582,4.022725
14.2000,agent,agent_00,3.742615,2.561430
14.2000,agent,agent_01,3.797527,2.993004
14.2000,agent,agent_02,3.182999,3.586160
14.2000,agent,agent_03,3.621355,3.397156
14.2000,agent,agent_04,3.291123,3.998938
14.2000,agent,agent_05,3.850995,4.751166
14.2000,agent,agent_06,3.441535,4.465429
14.2000,agent,agent_07,3.228935,4.775616
14.2000,agent,agent_08,3.974223,5.522849
14.2000,agent,agent_09,4.327616,2.574568
14.2000,agent,agent_10,4.457859,3.009527
14.2000,agent,agent_11,4.685025,3.460479
14.2000,agent,agent_12,4.253810,3.305776
14.2000,agent,agent_13,4.789454,4.080995
14.2000,agent,agent_14,4.881905,3.738790
14.2000,agent,agent_15,4.367031,4.698663
14.2000,agent,agent_16,4.811717,4.640170
14.2000,agent,agent_17,4.480505,5.384390
14.2000,cargo,cargo_0,4.041582,4.022725
14.2500,agent,agent_00,3.755950,2.574807
14.2500,agent,agent_01,3.799345,2.998000
14.2500,agent,agent_02,3.185283,3.586585
14.2500,agent,agent_03,3.615044,3.389567
14.2500,agent,agent_04,3.281144,4.000025
14.2500,agent,agent_05,3.849534,4.761060
14.2500,agent,agent_06,3.445276,4.460710
14.2500,agent,agent_07,3.245890,4.777835
14.2500,agent,agent_08,3.973035,5.507248
14.2500,agent,agent_09,4.332412,2.591000
14.2500,agent,agent_10,4.456841,3.013006
14.2500,agent,agent_11,4.684085,3.459386
14.2500,agent,agent_12,4.252950,3.298381
14.2500,agent,agent_13,4.799298,4.083689
14.2500,agent,agent_14,4.881125,3.739495
14.2500,agent,agent_15,4.370483,4.708077
14.2500,agent,agent_16,4.808235,4.634320
14.2500,agent,agent_17,4.475357,5.370213
14.2500,cargo,cargo_0,4.041582,4.022725
14.3000,agent,agent_00,3.769251,2.587346
14.3000,agent,agent_01,3.801252,3.002620
14.3000,agent,agent_02,3.187947,3.586199
14.3000,agent,agent_03,3.611077,3.385769
14.3000,agent,agent_04,3.275330,4.001558
14.3000,agent,agent_05,3.855025,4.748540
14.3000,agent,agent_06,3.437179,4.464557
14.3000,agent,agent_07,3.247990,4.775192
14.3000,agent,agent_08,3.984729,5.488025
14.3000,agent,agent_09,4.318967,2.609040
14.3000,agent,agent_10,4.456909,3.016782
14.3000,agent,agent_11,4.683494,3.458713
14.3000,agent,agent_12,4.252782,3.292878
14.3000,agent,agent_13,4.786251,4.085091
14.3000,agent,agent_14,4.879540,3.740338
14.3000,agent,agent_15,4.359552,4.688411
14.3000,agent,agent_16,4.805214,4.628803
14.3000,agent,agent_17,4.472619,5.357442
14.3000,cargo,cargo_0,4.039038,4.018245
14.3500,agent,agent_00,3.782626,2.599129
14.3500,agent,agent_01,3.803158,3.007239
14.3500,agent,agent_02,3.190611,3.585814
14.3500,agent,agent_03,3.607110,3.381972
14.3500,agent,agent_04,3.269516,4.003091
14.3500,agent,agent_05,3.860516,4.736020
14.3500,agent,agent_06,3.429789,4.467241
14.3500,agent,agent_07,3.250089,4.772549
14.3500,agent,agent_08,3.996423,5.468803
14.3500,agent,agent_09,4.305521,2.627081
14.3500,agent,agent_10,4.456976,3.020559
14.3500,agent,agent_11,4.682904,3.458040
14.3500,agent,agent_12,4.252018,3.288138
14.3500,agent,agent_13,4.773205,4.086492
14.3500,agent,agent_14,4.877955,3.741181
14.3500,agent,agent_15,4.354406,4.681633
14.3500,agent,agent_16,4.802192,4.623287
14.3500,agent,agent_17,4.469881,5.344670
14.3500,cargo,cargo_0,4.032994,4.013255
14.4000,agent,agent_00,3.796130,2.610293
14.4000,agent,agent_01,3.805065,3.011858
14.4000,agent,agent_02,3.193275,3.585428
14.4000,agent,agent_03,3.603143,3.378174
14.4000,agent,agent_04,3.263703,4.004623
14.4000,agent,agent_05,3.864149,4.730335
14.4000,agent,agent_06,3.422987,4.468882
14.4000,agent,agent_07,3.252189,4.769906
14.4000,agent,agent_08,4.008116,5.449580
14.4000,agent,agent_09,4.292075,2.645121
14.4000,agent,agent_10,4.457343,3.023945
14.4000,agent,agent_11,4.682313,3.457368
14.4000,agent,agent_12,4.250714,3.284034
14.4000,agent,agent_13,4.767847,4.088424
14.4000,agent,agent_14,4.876370,3.742024
14.4000,agent,agent_15,4.352536,4.682158
14.4000,agent,agent_16,4.799170,4.617770
14.4000,agent,agent_17,4.467143,5.331899
14.4000,cargo,cargo_0,4.030351,4.008069
14.4500,agent,agent_00,3.807882,2.621015
14.4500,agent,agent_01,3.805856,3.016327
14.4500,agent,agent_02,3.194318,3.586002
14.4500,agent,agent_03,3.599812,3.373496
14.4500,agent,agent_04,3.258795,4.005788
14.4500,agent,agent_05,3.867216,4.720835
14.4500,agent,agent_06,3.425285,4.465222
14.4500,agent,agent_07,3.254780,4.768091
14.4500,agent,agent_08,3.997437,5.429776
14.4500,agent,agent_09,4.289097,2.651918
14.4500,agent,agent_10,4.459438,3.027862
14.4500,agent,agent_11,4.682140,3.457131
14.4500,agent,agent_12,4.248896,3.280337
14.4500,agent,agent_13,4.755006,4.090038
14.4500,agent,agent_14,4.865728,3.745022
14.4500,agent,agent_15,4.346669,4.664258
14.4500,agent,agent_16,4.796188,4.612609
14.4500,agent,agent_17,4.465893,5.320225
14.4500,cargo,cargo_0,4.021109,3.993127
14.5000,agent,agent_00,3.819864,2.631274
14.5000,agent,agent_01,3.806647,3.020797
14.5000,agent,agent_02,3.195362,3.586576
14.5000,agent,agent_03,3.596481,3.368817
14.5000,agent,agent_04,3.253887,4.006953
14.5000,agent,agent_05,3.868566,4.718073
14.5000,agent,agent_06,3.427583,4.461562
14.5000,agent,agent_07,3.257370,4.766276
14.5000,agent,agent_08,3.986759,5.409972
14.5000,agent,agent_09,4.286119,2.658715
14.5000,agent,agent_10,4.461796,3.031476
14.5000,agent,agent_11,4.681968,3.456895
14.5000,agent,agent_12,4.246750,3.276900
14.5000,agent,agent_13,4.753570,4.092707
14.5000,agent,agent_14,4.855385,3.747956
14.5000,agent,agent_15,4.347747,4.661943
14.5000,agent,agent_16,4.793205,4.607447
14.5000,agent,agent_17,4.464643,5.308550
14.5000,cargo,cargo_0,4.011121,3.979700
14.5500,agent,agent_00,3.832112,2.641196
14.5500,agent,agent_01,3.807438,3.025266
14.5500,agent,agent_02,3.196405,3.587150
14.5500,agent,agent_03,3.593151,3.364139
14.5500,agent,agent_04,3.248980,4.008118
14.5500,agent,agent_05,3.869559,4.717181
14.5500,agent,agent_06,3.429881,4.457902
14.5500,agent,agent_07,3.259960,4.764460
14.5500,agent,agent_08,3.976080,5.390167
14.5500,agent,agent_09,4.283141,2.665512
14.5500,agent,agent_10,4.464337,3.034909
14.5500,agent,agent_11,4.681796,3.456658
14.5500,agent,agent_12,4.244356,3.273596
14.5500,agent,agent_13,4.751957,4.095697
14.5500,agent,agent_14,4.845323,3.750791
14.5500,agent,agent_15,4.348848,4.659614
14.5500,agent,agent_16,4.790223,4.602286
14.5500,agent,agent_17,4.463394,5.296876
14.5500,cargo,cargo_0,4.004580,3.971259
14.6000,agent,agent_00,3.826836,2.644697
14.6000,agent,agent_01,3.808311,3.029209
14.6000,agent,agent_02,3.198141,3.587022
14.6000,agent,agent_03,3.586820,3.356494
14.6000,agent,agent_04,3.242699,4.009861
14.6000,agent,agent_05,3.873546,4.703914
14.6000,agent,agent_06,3.431187,4.454257
14.6000,agent,agent_07,3.260972,4.761646
14.6000,agent,agent_08,3.975047,5.376220
14.6000,agent,agent_09,4.280918,2.673462
14.6000,agent,agent_10,4.466558,3.037847
14.6000,agent,agent_11,4.680524,3.455181
14.6000,agent,agent_12,4.241663,3.270223
14.6000,agent,agent_13,4.741217,4.097086
14.6000,agent,agent_14,4.835399,3.753573
14.6000,agent,agent_15,4.339807,4.639011
14.6000,agent,agent_16,4.787057,4.596383
14.6000,agent,agent_17,4.461747,5.284712
14.6000,cargo,cargo_0,4.002549,3.969136
14.6500,agent,agent_00,3.821559,2.648197
14.6500,agent,agent_01,3.809184,3.033152
14.6500,agent,agent_02,3.199877,3.586893
14.6500,agent,agent_03,3.580490,3.348849
14.6500,agent,agent_04,3.236419,4.011605
14.6500,agent,agent_05,3.877534,4.690648
14.6500,agent,agent_06,3.432493,4.450612
14.6500,agent,agent_07,3.261984,4.758832
14.6500,agent,agent_08,3.974014,5.362274
14.6500,agent,agent_09,4.278695,2.681413
14.6500,agent,agent_10,4.468863,3.040739
14.6500,agent,agent_11,4.679251,3.453703
14.6500,agent,agent_12,4.238783,3.266775
14.6500,agent,agent_13,4.730477,4.098476
14.6500,agent,agent_14,4.825372,3.756139
14.6500,agent,agent_15,4.332339,4.621541
14.6500,agent,agent_16,4.783891,4.590480
14.6500,agent,agent_17,4.460100,5.272549
14.6500,cargo,cargo_0,3.999719,3.958313
14.7000,agent,agent_00,3.816283,2.651698
14.7000,agent,agent_01,3.810056,3.037095
14.7000,agent,agent_02,3.201613,3.586764
14.7000,agent,agent_03,3.574160,3.341204
14.7000,agent,agent_04,3.230139,4.013348
14.7000,agent,agent_05,3.879710,4.687978
14.7000,agent,agent_06,3.433800,4.446966
14.7000,agent,agent_07,3.262996,4.756018
14.7000,agent,agent_08,3.972981,5.348327
14.7000,agent,agent_09,4.276472,2.689364
14.7000,agent,agent_10,4.471214,3.043630
14.7000,agent,agent_11,4.677979,3.452225
14.7000,agent,agent_12,4.235758,3.263197
14.7000,agent,agent_13,4.720470,4.099991
14.7000,agent,agent_14,4.815195,3.758504
14.7000,agent,agent_15,4.333053,4.619929
14.7000,agent,agent_16,4.780726,4.584576
14.7000,agent,agent_17,4.458453,5.260386
14.7000,cargo,cargo_0,3.992217,3.956970
14.7500,agent,agent_00,3.812340,2.655519
14.7500,agent,agent_01,3.811915,3.040375
14.7500,agent,agent_02,3.203985,3.586114
14.7500,agent,agent_03,3.568462,3.335107
14.7500,agent,agent_04,3.224821,4.014904
14.7500,agent,agent_05,3.878129,4.696806
14.7500,agent,agent_06,3.435248,4.443017
14.7500,agent,agent_07,3.264593,4.753867
14.7500,agent,agent_08,3.972335,5.334186
14.7500,agent,agent_09,4.272154,2.697540
14.7500,agent,agent_10,4.471925,3.044775
14.7500,agent,agent_11,4.676938,3.451049
14.7500,agent,agent_12,4.232373,3.259185
14.7500,agent,agent_13,4.709851,4.100195
14.7500,agent,agent_14,4.804802,3.760685
14.7500,agent,agent_15,4.327499,4.604813
14.7500,agent,agent_16,4.779035,4.580192
14.7500,agent,agent_17,4.456648,5.248106
14.7500,cargo,cargo_0,3.983445,3.948565
14.8000,agent,agent_00,3.808397,2.659340
14.8000,agent,agent_01,3.813774,3.043655
14.8000,agent,agent_02,3.206358,3.585463
14.8000,agent,agent_03,3.562764,3.329009
14.8000,agent,agent_04,3.219503,4.016461
14.8000,agent,agent_05,3.876547,4.705635
14.8000,agent,agent_06,3.436697,4.439067
14.8000,agent,agent_07,3.266189,4.751716
14.8000,agent,agent_08,3.971689,5.320044
14.8000,agent,agent_09,4.267835,2.705717
14.8000,agent,agent_10,4.472679,3.045908
14.8000,agent,agent_11,4.675897,3.449873
14.8000,agent,agent_12,4.228910,3.255026
14.8000,agent,agent_13,4.706703,4.101703
14.8000,agent,agent_14,4.794473,3.762602
14.8000,agent,agent_15,4.329137,4.603121
14.8000,agent,agent_16,4.777345,4.575807
14.8000,agent,agent_17,4.454843,5.235826
14.8000,cargo,cargo_0,3.981723,3.945360
14.8500,agent,agent_00,3.804453,2.663161
14.8500,agent,agent_01,3.815632,3.046935
14.8500,agent,agent_02,3.208730,3.584812
14.8500,agent,agent_03,3.557066,3.322911
14.8500,agent,agent_04,3.214184,4.018017
14.8500,agent,agent_05,3.874966,4.714463
14.8500,agent,agent_06,3.438146,4.435117
14.8500,agent,agent_07,3.267785,4.749564
14.8500,agent,agent_08,3.971044,5.305903
14.8500,agent,agent_09,4.263517,2.713893
14.8500,agent,agent_10,4.473462,3.047045
14.8500,agent,agent_11,4.674856,3.448696
14.8500,agent,agent_12,4.225389,3.250697
14.8500,agent,agent_13,4.705829,4.103608
14.8500,agent,agent_14,4.783975,3.764345
14.8500,agent,agent_15,4.330774,4.601429
14.8500,agent,agent_16,4.775655,4.571422
14.8500,agent,agent_17,4.453038,5.223546
14.8500,cargo,cargo_0,3.982524,3.942714
14.9000,agent,agent_00,3.800498,2.667533
14.9000,agent,agent_01,3.816857,3.049038
14.9000,agent,agent_02,3.210886,3.584178
14.9000,agent,agent_03,3.551786,3.317913
14.9000,agent,agent_04,3.210080,4.019513
14.9000,agent,agent_05,3.879018,4.698082
14.9000,agent,agent_06,3.432160,4.437926
14.9000,agent,agent_07,3.269676,4.747352
14.9000,agent,agent_08,3.967522,5.296004
14.9000,agent,agent_09,4.258973,2.722028
14.9000,agent,agent_10,4.474085,3.047982
14.9000,agent,agent_11,4.674056,3.447532
14.9000,agent,agent_12,4.222347,3.246812
14.9000,agent,agent_13,4.695467,4.105073
14.9000,agent,agent_14,4.782990,3.765275
14.9000,agent,agent_15,4.323131,4.588231
14.9000,agent,agent_16,4.775488,4.569679
14.9000,agent,agent_17,4.451044,5.211288
14.9000,cargo,cargo_0,3.971945,3.936511
14.9500,agent,agent_00,3.796543,2.671905
14.9500,agent,agent_01,3.818083,3.051141
14.9500,agent,agent_02,3.213042,3.583543
14.9500,agent,agent_03,3.546507,3.312915
14.9500,agent,agent_04,3.205976,4.021009
14.9500,agent,agent_05,3.883070,4.681700
14.9500,agent,agent_06,3.426624,4.439774
14.9500,agent,agent_07,3.271568,4.745140
14.9500,agent,agent_08,3.964000,5.286106
14.9500,agent,agent_09,4.254430,2.730163
14.9500,agent,agent_10,4.474723,3.048933
14.9500,agent,agent_11,4.673257,3.446367
14.9500,agent,agent_12,4.219258,3.242759
14.9500,agent,agent_13,4.692909,4.108378
14.9500,agent,agent_14,4.782004,3.766206
14.9500,agent,agent_15,4.322883,4.587833
14.9500,agent,agent_16,4.775321,4.567936
14.9500,agent,agent_17,4.449051,5.199030
14.9500,cargo,cargo_0,3.963632,3.933508
15.0000,agent,agent_00,3.792588,2.676277
15.0000,agent,agent_01,3.819308,3.053244
15.0000,agent,agent_02,3.215198,3.582909
15.0000,agent,agent_03,3.541227,3.307917
15.0000,agent,agent_04,3.201871,4.022505
15.0000,agent,agent_05,3.887069,4.665644
15.0000,agent,agent_06,3.421448,4.440771
15.0000,agent,agent_07,3.273459,4.742928
15.0000,agent,agent_08,3.960478,5.276207
15.0000,agent,agent_09,4.249887,2.738298
15.0000,agent,agent_10,4.475371,3.049904
15.0000,agent,agent_11,4.672457,3.445202
15.0000,agent,agent_12,4.216136,3.238527
15.0000,agent,agent_13,4.691554,4.112126
15.0000,agent,agent_14,4.781019,3.767136
15.0000,agent,agent_15,4.322635,4.587434
15.0000,agent,agent_16,4.775155,4.566192
15.0000,agent,agent_17,4.447057,5.186772
15.0000,cargo,cargo_0,3.961250,3.928063
15.0500,agent,agent_00,3.788320,2.680732
15.0500,agent,agent_01,3.820171,3.056358
15.0500,agent,agent_02,3.215878,3.581737
15.0500,agent,agent_03,3.535815,3.302494
15.0500,agent,agent_04,3.196937,4.024214
15.0500,agent,agent_05,3.890340,4.654515
15.0500,agent,agent_06,3.424452,4.437031
15.0500,agent,agent_07,3.278021,4.742930
15.0500,agent,agent_08,3.957180,5.266152
15.0500,agent,agent_09,4.235054,2.755217
15.0500,agent,agent_10,4.476679,3.051802
15.0500,agent,agent_11,4.668149,3.446501
15.0500,agent,agent_12,4.212615,3.233588
15.0500,agent,agent_13,4.676560,4.111625
15.0500,agent,agent_14,4.780314,3.768652
15.0500,agent,agent_15,4.311789,4.568000
15.0500,agent,agent_16,4.774358,4.563948
15.0500,agent,agent_17,4.442776,5.176629
15.0500,cargo,cargo_0,3.955560,3.916373
15.1000,agent,agent_00,3.784052,2.685186
15.1000,agent,agent_01,3.821035,3.059472
15.1000,agent,agent_02,3.216558,3.580565
15.1000,agent,agent_03,3.530403,3.297070
15.1000,agent,agent_04,3.192002,4.025923
15.1000,agent,agent_05,3.892868,4.654452
15.1000,agent,agent_06,3.427457,4.433290
15.1000,agent,agent_07,3.282583,4.742931
15.1000,agent,agent_08,3.953881,5.256097
15.1000,agent,agent_09,4.220222,2.772136
15.1000,agent,agent_10,4.477943,3.053741
15.1000,agent,agent_11,4.663841,3.447800
15.1000,agent,agent_12,4.209114,3.228399
15.1000,agent,agent_13,4.666866,4.112552
15.1000,agent,agent_14,4.779608,3.770167
15.1000,agent,agent_15,4.311888,4.567592
15.1000,agent,agent_16,4.773561,4.561704
15.1000,agent,agent_17,4.438495,5.166486
15.1000,cargo,cargo_0,3.951675,3.914176
15.1500,agent,agent_00,3.779784,2.689640
15.1500,agent,agent_01,3.821899,3.062586
15.1500,agent,agent_02,3.217238,3.579394
15.1500,agent,agent_03,3.524992,3.291647
15.1500,agent,agent_04,3.187068,4.027632
15.1500,agent,agent_05,3.895396,4.654390
15.1500,agent,agent_06,3.430461,4.429550
15.1500,agent,agent_07,3.287145,4.742932
15.1500,agent,agent_08,3.950583,5.246042
15.1500,agent,agent_09,4.205932,2.788665
15.1500,agent,agent_10,4.479159,3.055719
15.1500,agent,agent_11,4.659532,3.449099
15.1500,agent,agent_12,4.205646,3.222956
15.1500,agent,agent_13,4.665741,4.115790
15.1500,agent,agent_14,4.778902,3.771683
15.1500,agent,agent_15,4.311986,4.567184
15.1500,agent,agent_16,4.772764,4.559460
15.1500,agent,agent_17,4.434215,5.156343
15.1500,cargo,cargo_0,3.952744,3.912020
15.2000,agent,agent_00,3.790259,2.696166
15.2000,agent,agent_01,3.822324,3.066118
15.2000,agent,agent_02,3.217779,3.578216
15.2000,agent,agent_03,3.520069,3.286725
15.2000,agent,agent_04,3.183308,4.027960
15.2000,agent,agent_05,3.896771,4.644416
15.2000,agent,agent_06,3.426151,4.431460
15.2000,agent,agent_07,3.292043,4.743241
15.2000,agent,agent_08,3.947741,5.236024
15.2000,agent,agent_09,4.193096,2.803522
15.2000,agent,agent_10,4.480096,3.057363
15.2000,agent,agent_11,4.655453,3.450979
15.2000,agent,agent_12,4.202458,3.217630
15.2000,agent,agent_13,4.659260,4.116523
15.2000,agent,agent_14,4.779527,3.773546
15.2000,agent,agent_15,4.303648,4.551032
15.2000,agent,agent_16,4.772382,4.556256
15.2000,agent,agent_17,4.430267,5.146329
15.2000,cargo,cargo_0,3.945493,3.901970
15.2500,agent,agent_00,3.801039,2.702401
15.2500,agent,agent_01,3.822749,3.069650
15.2500,agent,agent_02,3.218320,3.577039
15.2500,agent,agent_03,3.515145,3.281804
15.2500,agent,agent_04,3.179548,4.028288
15.2500,agent,agent_05,3.898049,4.635829
15.2500,agent,agent_06,3.421984,4.432714
15.2500,agent,agent_07,3.296941,4.743550
15.2500,agent,agent_08,3.944898,5.226005
15.2500,agent,agent_09,4.181127,2.816298
15.2500,agent,agent_10,4.480995,3.059033
15.2500,agent,agent_11,4.651373,3.452858
15.2500,agent,agent_12,4.199309,3.212063
15.2500,agent,agent_13,4.652779,4.117256
15.2500,agent,agent_14,4.780152,3.775409
15.2500,agent,agent_15,4.302430,4.547330
15.2500,agent,agent_16,4.772000,4.553051
15.2500,agent,agent_17,4.426319,5.136316
15.2500,cargo,cargo_0,3.941431,3.897596
15.3000,agent,agent_00,3.810025,2.708571
15.3000,agent,agent_01,3.823174,3.073182
15.3000,agent,agent_02,3.218861,3.575861
15.3000,agent,agent_03,3.510222,3.276882
15.3000,agent,agent_04,3.175789,4.028617
15.3000,agent,agent_05,3.898862,4.633910
15.3000,agent,agent_06,3.417881,4.433411
15.3000,agent,agent_07,3.301839,4.743859
15.3000,agent,agent_08,3.942056,5.215986
15.3000,agent,agent_09,4.169929,2.827127
15.3000,agent,agent_10,4.481853,3.060727
15.3000,agent,agent_11,4.647294,3.454737
15.3000,agent,agent_12,4.196214,3.206249
15.3000,agent,agent_13,4.647796,4.118397
15.3000,agent,agent_14,4.780777,3.777272
15.3000,agent,agent_15,4.301940,4.544898
15.3000,agent,agent_16,4.771618,4.549847
15.3000,agent,agent_17,4.422370,5.126302
15.3000,cargo,cargo_0,3.939985,3.896366
15.3500,agent,agent_00,3.816587,2.714626
15.3500,agent,agent_01,3.823112,3.076535
15.3500,agent,agent_02,3.217671,3.574600
15.3500,agent,agent_03,3.505107,3.272175
15.3500,agent,agent_04,3.172178,4.028858
15.3500,agent,agent_05,3.898221,4.642993
15.3500,agent,agent_06,3.420736,4.429244
15.3500,agent,agent_07,3.305757,4.743642
15.3500,agent,agent_08,3.940451,5.206317
15.3500,agent,agent_09,4.173266,2.835184
15.3500,agent,agent_10,4.483239,3.063572
15.3500,agent,agent_11,4.643658,3.456299
15.3500,agent,agent_12,4.193434,3.200670
15.3500,agent,agent_13,4.643721,4.119135
15.3500,agent,agent_14,4.781235,3.778812
15.3500,agent,agent_15,4.297097,4.531221
15.3500,agent,agent_16,4.769271,4.549286
15.3500,agent,agent_17,4.418825,5.116395
15.3500,cargo,cargo_0,3.935401,3.887615
15.4000,agent,agent_00,3.822877,2.720417
15.4000,agent,agent_01,3.823050,3.079888
15.4000,agent,agent_02,3.216481,3.573340
15.4000,agent,agent_03,3.499992,3.267468
15.4000,agent,agent_04,3.168567,4.029100
15.4000,agent,agent_05,3.897579,4.652076
15.4000,agent,agent_06,3.423591,4.425077
15.4000,agent,agent_07,3.309675,4.743424
15.4000,agent,agent_08,3.938847,5.196649
15.4000,agent,agent_09,4.176702,2.841450
15.4000,agent,agent_10,4.484549,3.066479
15.4000,agent,agent_11,4.640022,3.457861
15.4000,agent,agent_12,4.190735,3.194824
15.4000,agent,agent_13,4.639646,4.119872
15.4000,agent,agent_14,4.781693,3.780352
15.4000,agent,agent_15,4.296331,4.524708
15.4000,agent,agent_16,4.766924,4.548726
15.4000,agent,agent_17,4.415280,5.106488
15.4000,cargo,cargo_0,3.931152,3.881102
15.4500,agent,agent_00,3.828883,2.725983
15.4500,agent,agent_01,3.822988,3.083241
15.4500,agent,agent_02,3.215291,3.572079
15.4500,agent,agent_03,3.494877,3.262761
15.4500,agent,agent_04,3.164957,4.029342
15.4500,agent,agent_05,3.896938,4.661159
15.4500,agent,agent_06,3.426446,4.420910
15.4500,agent,agent_07,3.313593,4.743207
15.4500,agent,agent_08,3.937242,5.186980
15.4500,agent,agent_09,4.180319,2.846091
15.4500,agent,agent_10,4.485775,3.069444
15.4500,agent,agent_11,4.636386,3.459423
15.4500,agent,agent_12,4.188748,3.190119
15.4500,agent,agent_13,4.635571,4.120609
15.4500,agent,agent_14,4.782151,3.781891
15.4500,agent,agent_15,4.296710,4.520208
15.4500,agent,agent_16,4.764577,4.548165
15.4500,agent,agent_17,4.411735,5.096580
15.4500,cargo,cargo_0,3.929415,3.878603
15.5000,agent,agent_00,3.834603,2.731355
15.5000,agent,agent_01,3.822467,3.083311
15.5000,agent,agent_02,3.212023,3.571078
15.5000,agent,agent_03,3.490138,3.257750
15.5000,agent,agent_04,3.161773,4.028680
15.5000,agent,agent_05,3.898746,4.656080
15.5000,agent,agent_06,3.421100,4.422315
15.5000,agent,agent_07,3.316764,4.742595
15.5000,agent,agent_08,3.935743,5.177481
15.5000,agent,agent_09,4.184081,2.849464
15.5000,agent,agent_10,4.486642,3.071741
15.5000,agent,agent_11,4.632262,3.460977
15.5000,agent,agent_12,4.187419,3.186685
15.5000,agent,agent_13,4.630011,4.119879
15.5000,agent,agent_14,4.783882,3.783407
15.5000,agent,agent_15,4.301486,4.527845
15.5000,agent,agent_16,4.762198,4.546890
15.5000,agent,agent_17,4.408471,5.086897
15.5000,cargo,cargo_0,3.929123,3.878375
15.5500,agent,agent_00,3.840191,2.736128
15.5500,agent,agent_01,3.821946,3.083381
15.5500,agent,agent_02,3.208754,3.570076
15.5500,agent,agent_03,3.485399,3.252740
15.5500,agent,agent_04,3.158590,4.028018
15.5500,agent,agent_05,3.900553,4.651000
15.5500,agent,agent_06,3.415829,4.423159
15.5500,agent,agent_07,3.319934,4.741983
15.5500,agent,agent_08,3.934245,5.167981
15.5500,agent,agent_09,4.188106,2.851916
15.5500,agent,agent_10,4.487478,3.074058
15.5500,agent,agent_11,4.628138,3.462532
15.5500,agent,agent_12,4.186520,3.184203
15.5500,agent,agent_13,4.624451,4.119148
15.5500,agent,agent_14,4.785614,3.784923
15.5500,agent,agent_15,4.306263,4.535482
15.5500,agent,agent_16,4.759818,4.545615
15.5500,agent,agent_17,4.405206,5.077214
15.5500,cargo,cargo_0,3.926280,3.878154
15.6000,agent,agent_00,3.845656,2.740387
15.6000,agent,agent_01,3.821426,3.083451
15.6000,agent,agent_02,3.205486,3.569075
15.6000,agent,agent_03,3.480661,3.247730
15.6000,agent,agent_04,3.155407,4.027355
15.6000,agent,agent_05,3.902361,4.645921
15.6000,agent,agent_06,3.410576,4.423535
15.6000,agent,agent_07,3.323104,4.741371
15.6000,agent,agent_08,3.932746,5.158482
15.6000,agent,agent_09,4.192423,2.853717
15.6000,agent,agent_10,4.488287,3.076392
15.6000,agent,agent_11,4.624014,3.464087
15.6000,agent,agent_12,4.185912,3.182419
15.6000,agent,agent_13,4.618890,4.118418
15.6000,agent,agent_14,4.787345,3.786439
15.6000,agent,agent_15,4.311039,4.543119
15.6000,agent,agent_16,4.757439,4.544340
15.6000,agent,agent_17,4.401942,5.067531
15.6000,cargo,cargo_0,3.920104,3.876987
15.6500,agent,agent_00,3.840318,2.743454
15.6500,agent,agent_01,3.821425,3.092776
15.6500,agent,agent_02,3.212479,3.571501
15.6500,agent,agent_03,3.485071,3.255511
15.6500,agent,agent_04,3.156669,4.026177
15.6500,agent,agent_05,3.901256,4.650437
15.6500,agent,agent_06,3.405744,4.423655
15.6500,agent,agent_07,3.325948,4.740704
15.6500,agent,agent_08,3.930638,5.148897
15.6500,agent,agent_09,4.196440,2.855065
15.6500,agent,agent_10,4.489259,3.077323
15.6500,agent,agent_11,4.623636,3.463446
15.6500,agent,agent_12,4.183381,3.190919
15.6500,agent,agent_13,4.626880,4.122851
15.6500,agent,agent_14,4.788951,3.787754
15.6500,agent,agent_15,4.312689,4.546841
15.6500,agent,agent_16,4.757364,4.541178
15.6500,agent,agent_17,4.400091,5.058560
15.6500,cargo,cargo_0,3.915787,3.880679
15.7000,agent,agent_00,3.834627,2.747409
15.7000,agent,agent_01,3.821424,3.102102
15.7000,agent,agent_02,3.219472,3.573928
15.7000,agent,agent_03,3.489481,3.263292
15.7000,agent,agent_04,3.157932,4.024999
15.7000,agent,agent_05,3.900151,4.654954
15.7000,agent,agent_06,3.400877,4.423461
15.7000,agent,agent_07,3.328713,4.740369
15.7000,agent,agent_08,3.928529,5.139312
15.7000,agent,agent_09,4.200810,2.857567
15.7000,agent,agent_10,4.490230,3.078255
15.7000,agent,agent_11,4.623258,3.462805
15.7000,agent,agent_12,4.183794,3.191713
15.7000,agent,agent_13,4.634870,4.127285
15.7000,agent,agent_14,4.790557,3.789069
15.7000,agent,agent_15,4.314339,4.550564
15.7000,agent,agent_16,4.757289,4.538015
15.7000,agent,agent_17,4.398241,5.049588
15.7000,cargo,cargo_0,3.913715,3.883591
15.7500,agent,agent_00,3.828612,2.752144
15.7500,agent,agent_01,3.821424,3.111427
15.7500,agent,agent_02,3.226464,3.576355
15.7500,agent,agent_03,3.492111,3.268564
15.7500,agent,agent_04,3.159194,4.023821
15.7500,agent,agent_05,3.899046,4.659470
15.7500,agent,agent_06,3.395932,4.423071
15.7500,agent,agent_07,3.331438,4.740253
15.7500,agent,agent_08,3.926420,5.129728
15.7500,agent,agent_09,4.205425,2.859915
15.7500,agent,agent_10,4.491202,3.079186
15.7500,agent,agent_11,4.622880,3.462164
15.7500,agent,agent_12,4.181262,3.200213
15.7500,agent,agent_13,4.642861,4.131718
15.7500,agent,agent_14,4.792162,3.790384
15.7500,agent,agent_15,4.315989,4.554286
15.7500,agent,agent_16,4.757214,4.534853
15.7500,agent,agent_17,4.396390,5.040616
15.7500,cargo,cargo_0,3.911927,3.889152
15.8000,agent,agent_00,3.822460,2.757575
15.8000,agent,agent_01,3.821930,3.118944
15.8000,agent,agent_02,3.230841,3.578361
15.8000,agent,agent_03,3.493508,3.274666
15.8000,agent,agent_04,3.159538,4.023320
15.8000,agent,agent_05,3.897738,4.663927
15.8000,agent,agent_06,3.391170,4.422632
15.8000,agent,agent_07,3.333761,4.740197
15.8000,agent,agent_08,3.926138,5.122033
15.8000,agent,agent_09,4.209977,2.863292
15.8000,agent,agent_10,4.492186,3.080559
15.8000,agent,agent_11,4.622554,3.461694
15.8000,agent,agent_12,4.182072,3.197216
15.8000,agent,agent_13,4.647128,4.133086
15.8000,agent,agent_14,4.792333,3.792138
15.8000,agent,agent_15,4.317276,4.557244
15.8000,agent,agent_16,4.756998,4.532977
15.8000,agent,agent_17,4.395054,5.032579
15.8000,cargo,cargo_0,3.910768,3.893205
15.8500,agent,agent_00,3.816010,2.763390
15.8500,agent,agent_01,3.822436,3.126462
15.8500,agent,agent_02,3.235218,3.580368
15.8500,agent,agent_03,3.494905,3.280768
15.8500,agent,agent_04,3.159883,4.022818
15.8500,agent,agent_05,3.896429,4.668384
15.8500,agent,agent_06,3.386274,4.422128
15.8500,agent,agent_07,3.336084,4.740235
15.8500,agent,agent_08,3.925857,5.114339
15.8500,agent,agent_09,4.214464,2.865859
15.8500,agent,agent_10,4.493170,3.081932
15.8500,agent,agent_11,4.622229,3.461224
15.8500,agent,agent_12,4.183031,3.195105
15.8500,agent,agent_13,4.651395,4.134454
15.8500,agent,agent_14,4.792503,3.793892
15.8500,agent,agent_15,4.318563,4.560202
15.8500,agent,agent_16,4.756782,4.531101
15.8500,agent,agent_17,4.393719,5.024543
15.8500,cargo,cargo_0,3.910563,3.893924
15.9000,agent,agent_00,3.809264,2.769569
15.9000,agent,agent_01,3.822942,3.133979
15.9000,agent,agent_02,3.237639,3.581417
15.9000,agent,agent_03,3.491634,3.280248
15.9000,agent,agent_04,3.160227,4.022317
15.9000,agent,agent_05,3.895120,4.672842
15.9000,agent,agent_06,3.381232,4.421612
15.9000,agent,agent_07,3.338417,4.740325
15.9000,agent,agent_08,3.925575,5.106644
15.9000,agent,agent_09,4.218807,2.867837
15.9000,agent,agent_10,4.494155,3.083305
15.9000,agent,agent_11,4.621903,3.460754
15.9000,agent,agent_12,4.184061,3.193640
15.9000,agent,agent_13,4.655663,4.135822
15.9000,agent,agent_14,4.792674,3.795646
15.9000,agent,agent_15,4.319851,4.563161
15.9000,agent,agent_16,4.756566,4.529226
15.9000,agent,agent_17,4.392383,5.016506
15.9000,cargo,cargo_0,3.910563,3.893924
15.9500,agent,agent_00,3.802402,2.776094
15.9500,agent,agent_01,3.823243,3.139762
15.9500,agent,agent_02,3.229615,3.578106
15.9500,agent,agent_03,3.491955,3.283766
15.9500,agent,agent_04,3.160826,4.021131
15.9500,agent,agent_05,3.894227,4.675905
15.9500,agent,agent_06,3.377089,4.421263
15.9500,agent,agent_07,3.341628,4.740548
15.9500,agent,agent_08,3.923460,5.102497
15.9500,agent,agent_09,4.222961,2.869391
15.9500,agent,agent_10,4.495382,3.084801
15.9500,agent,agent_11,4.621611,3.460343
15.9500,agent,agent_12,4.182879,3.198820
15.9500,agent,agent_13,4.657937,4.136810
15.9500,agent,agent_14,4.792799,3.796952
15.9500,agent,agent_15,4.320381,4.565488
15.9500,agent,agent_16,4.756358,4.527525
15.9500,agent,agent_17,4.390875,5.009743
15.9500,cargo,cargo_0,3.910563,3.893924
16.0000,agent,agent_00,3.795248,2.782724
16.0000,agent,agent_01,3.823544,3.145545
16.0000,agent,agent_02,3.221591,3.574795
16.0000,agent,agent_03,3.492276,3.287284
16.0000,agent,agent_04,3.161425,4.019945
16.0000,agent,agent_05,3.893334,4.678969
16.0000,agent,agent_06,3.372794,4.420944
16.0000,agent,agent_07,3.344875,4.740751
16.0000,agent,agent_08,3.921345,5.098349
16.0000,agent,agent_09,4.226255,2.871522
16.0000,agent,agent_10,4.496610,3.086297
16.0000,agent,agent_11,4.621318,3.459932
16.0000,agent,agent_12,4.181697,3.204000
16.0000,agent,agent_13,4.660211,4.137798
16.0000,agent,agent_14,4.792925,3.798259
16.0000,agent,agent_15,4.320911,4.567814
16.0000,agent,agent_16,4.756149,4.525824
16.0000,agent,agent_17,4.389368,5.002980
16.0000,cargo,cargo_0,3.910836,3.895070
16.0500,agent,agent_00,3.787795,2.789489
16.0500,agent,agent_01,3.823845,3.151328
16.0500,agent,agent_02,3.213568,3.571484
16.0500,agent,agent_03,3.491017,3.288561
16.0500,agent,agent_04,3.162024,4.018758
16.0500,agent,agent_05,3.892440,4.682033
16.0500,agent,agent_06,3.368344,4.420679
16.0500,agent,agent_07,3.348160,4.740914
16.0500,agent,agent_08,3.919230,5.094201
16.0500,agent,agent_09,4.228820,2.874122
16.0500,agent,agent_10,4.497837,3.087793
16.0500,agent,agent_11,4.621026,3.459522
16.0500,agent,agent_12,4.180515,3.209180
16.0500,agent,agent_13,4.662484,4.138786
16.0500,agent,agent_14,4.793050,3.799566
16.0500,agent,agent_15,4.321441,4.570141
16.0500,agent,agent_16,4.755940,4.524123
16.0500,agent,agent_17,4.387860,4.996217
16.0500,cargo,cargo_0,3.910506,3.897659
16.1000,agent,agent_00,3.780231,2.796398
16.1000,agent,agent_01,3.824052,3.157032
16.1000,agent,agent_02,3.214645,3.572576
16.1000,agent,agent_03,3.485237,3.281676
16.1000,agent,agent_04,3.161981,4.018112
16.1000,agent,agent_05,3.891726,4.684258
16.1000,agent,agent_06,3.364606,4.420544
16.1000,agent,agent_07,3.352535,4.741089
16.1000,agent,agent_08,3.917405,5.090183
16.1000,agent,agent_09,4.230772,2.877105
16.1000,agent,agent_10,4.498650,3.089093
16.1000,agent,agent_11,4.621731,3.460805
16.1000,agent,agent_12,4.182648,3.206786
16.1000,agent,agent_13,4.663457,4.140437
16.1000,agent,agent_14,4.793067,3.799735
16.1000,agent,agent_15,4.322532,4.571527
16.1000,agent,agent_16,4.755791,4.522484
16.1000,agent,agent_17,4.373978,4.983696
16.1000,cargo,cargo_0,3.910429,3.898184
16.1500,agent,agent_00,3.772364,2.803479
16.1500,agent,agent_01,3.824260,3.162737
16.1500,agent,agent_02,3.215723,3.573668
16.1500,agent,agent_03,3.479456,3.274791
16.1500,agent,agent_04,3.161938,4.017466
16.1500,agent,agent_05,3.891012,4.686482
16.1500,agent,agent_06,3.360716,4.420483
16.1500,agent,agent_07,3.356965,4.741170
16.1500,agent,agent_08,3.915581,5.086165
16.1500,agent,agent_09,4.232960,2.879353
16.1500,agent,agent_10,4.499464,3.090394
16.1500,agent,agent_11,4.622437,3.462089
16.1500,agent,agent_12,4.184695,3.205156
16.1500,agent,agent_13,4.664430,4.142088
16.1500,agent,agent_14,4.793083,3.799904
16.1500,agent,agent_15,4.323623,4.572913
16.1500,agent,agent_16,4.755642,4.520844
16.1500,agent,agent_17,4.360142,4.972685
16.1500,cargo,cargo_0,3.910429,3.898184
16.2000,agent,agent_00,3.764193,2.810761
16.2000,agent,agent_01,3.824467,3.168441
16.2000,agent,agent_02,3.216800,3.574760
16.2000,agent,agent_03,3.473676,3.267905
16.2000,agent,agent_04,3.161895,4.016821
16.2000,agent,agent_05,3.890299,4.688707
16.2000,agent,agent_06,3.356674,4.420512
16.2000,agent,agent_07,3.361449,4.741146
16.2000,agent,agent_08,3.913756,5.082146
16.2000,agent,agent_09,4.235272,2.881065
16.2000,agent,agent_10,4.500277,3.091694
16.2000,agent,agent_11,4.623142,3.463373
16.2000,agent,agent_12,4.186616,3.204071
16.2000,agent,agent_13,4.665403,4.143739
16.2000,agent,agent_14,4.793099,3.800073
16.2000,agent,agent_15,4.324714,4.574299
16.2000,agent,agent_16,4.755492,4.519204
16.2000,agent,agent_17,4.346218,4.962959
16.2000,cargo,cargo_0,3.910466,3.901410
16.2500,agent,agent_00,3.755929,2.818243
16.2500,agent,agent_01,3.823586,3.162500
16.2500,agent,agent_02,3.218294,3.575501
16.2500,agent,agent_03,3.473490,3.269577
16.2500,agent,agent_04,3.161701,4.015980
16.2500,agent,agent_05,3.889521,4.690532
16.2500,agent,agent_06,3.353148,4.420635
16.2500,agent,agent_07,3.365736,4.741012
16.2500,agent,agent_08,3.911819,5.077926
16.2500,agent,agent_09,4.237634,2.882389
16.2500,agent,agent_10,4.501156,3.093147
16.2500,agent,agent_11,4.623181,3.463443
16.2500,agent,agent_12,4.185722,3.209057
16.2500,agent,agent_13,4.666194,4.144512
16.2500,agent,agent_14,4.793243,3.801487
16.2500,agent,agent_15,4.326074,4.575190
16.2500,agent,agent_16,4.753454,4.517432
16.2500,agent,agent_17,4.332195,4.954281
16.2500,cargo,cargo_0,3.910517,3.903258
16.3000,agent,agent_00,3.747021,2.824474
16.3000,agent,agent_01,3.823100,3.158116
16.3000,agent,agent_02,3.219787,3.576243
16.3000,agent,agent_03,3.473305,3.271249
16.3000,agent,agent_04,3.161507,4.015139
16.3000,agent,agent_05,3.888743,4.692357
16.3000,agent,agent_06,3.349503,4.420842
16.3000,agent,agent_07,3.370065,4.740778
16.3000,agent,agent_08,3.909881,5.073706
16.3000,agent,agent_09,4.239375,2.884245
16.3000,agent,agent_10,4.502034,3.094600
16.3000,agent,agent_11,4.623219,3.463513
16.3000,agent,agent_12,4.184828,3.214043
16.3000,agent,agent_13,4.666985,4.145284
16.3000,agent,agent_14,4.793388,3.802901
16.3000,agent,agent_15,4.327434,4.576080
16.3000,agent,agent_16,4.751416,4.515659
16.3000,agent,agent_17,4.317849,4.946358
16.3000,cargo,cargo_0,3.910517,3.903258
16.3500,agent,agent_00,3.737449,2.829933
16.3500,agent,agent_01,3.823019,3.154858
16.3500,agent,agent_02,3.221280,3.576985
16.3500,agent,agent_03,3.473119,3.272921
16.3500,agent,agent_04,3.161314,4.014299
16.3500,agent,agent_05,3.887966,4.694182
16.3500,agent,agent_06,3.345740,4.421143
16.3500,agent,agent_07,3.374431,4.740438
16.3500,agent,agent_08,3.907944,5.069485
16.3500,agent,agent_09,4.240594,2.886542
16.3500,agent,agent_10,4.502913,3.096053
16.3500,agent,agent_11,4.623257,3.463583
16.3500,agent,agent_12,4.183934,3.219030
16.3500,agent,agent_13,4.667775,4.146057
16.3500,agent,agent_14,4.793533,3.804316
16.3500,agent,agent_15,4.328794,4.576970
16.3500,agent,agent_16,4.749379,4.513887
16.3500,agent,agent_17,4.303100,4.938954
16.3500,cargo,cargo_0,3.910400,3.905044
16.4000,agent,agent_00,3.727458,2.834958
16.4000,agent,agent_01,3.822827,3.152515
16.4000,agent,agent_02,3.216061,3.575243
16.4000,agent,agent_03,3.470154,3.269388
16.4000,agent,agent_04,3.154883,4.014147
16.4000,agent,agent_05,3.887000,4.689380
16.4000,agent,agent_06,3.348726,4.418212
16.4000,agent,agent_07,3.379471,4.739928
16.4000,agent,agent_08,3.905804,5.065395
16.4000,agent,agent_09,4.241375,2.889209
16.4000,agent,agent_10,4.503901,3.097736
16.4000,agent,agent_11,4.619816,3.466928
16.4000,agent,agent_12,4.186498,3.216933
16.4000,agent,agent_13,4.663677,4.144970
16.4000,agent,agent_14,4.791729,3.804811
16.4000,agent,agent_15,4.327065,4.571938
16.4000,agent,agent_16,4.748931,4.512995
16.4000,agent,agent_17,4.288062,4.931844
16.4000,cargo,cargo_0,3.910366,3.905495
16.4500,agent,agent_00,3.716822,2.839902
16.4500,agent,agent_01,3.822955,3.150726
16.4500,agent,agent_02,3.210841,3.573502
16.4500,agent,agent_03,3.467188,3.265855
16.4500,agent,agent_04,3.148453,4.013995
16.4500,agent,agent_05,3.886035,4.684579
16.4500,agent,agent_06,3.351713,4.415281
16.4500,agent,agent_07,3.384479,4.739002
16.4500,agent,agent_08,3.903665,5.061305
16.4500,agent,agent_09,4.242599,2.891219
16.4500,agent,agent_10,4.504888,3.099419
16.4500,agent,agent_11,4.616375,3.470273
16.4500,agent,agent_12,4.188907,3.215532
16.4500,agent,agent_13,4.659579,4.143884
16.4500,agent,agent_14,4.789925,3.805306
16.4500,agent,agent_15,4.325336,4.566905
16.4500,agent,agent_16,4.748484,4.512103
16.4500,agent,agent_17,4.273377,4.924308
16.4500,cargo,cargo_0,3.910366,3.905495
16.5000,agent,agent_00,3.705559,2.845038
16.5000,agent,agent_01,3.823395,3.149286
16.5000,agent,agent_02,3.205621,3.571761
16.5000,agent,agent_03,3.464222,3.262322
16.5000,agent,agent_04,3.142023,4.013844
16.5000,agent,agent_05,3.885069,4.679777
16.5000,agent,agent_06,3.354699,4.412349
16.5000,agent,agent_07,3.389456,4.737724
16.5000,agent,agent_08,3.901525,5.057215
16.5000,agent,agent_09,4.244131,2.892752
16.5000,agent,agent_10,4.505876,3.101101
16.5000,agent,agent_11,4.612934,3.473617
16.5000,agent,agent_12,4.191136,3.214621
16.5000,agent,agent_13,4.655482,4.142798
16.5000,agent,agent_14,4.788122,3.805801
16.5000,agent,agent_15,4.323607,4.561873
16.5000,agent,agent_16,4.748036,4.511212
16.5000,agent,agent_17,4.259735,4.916468
16.5000,cargo,cargo_0,3.910366,3.905495
16.5500,agent,agent_00,3.693999,2.850483
16.5500,agent,agent_01,3.823959,3.148100
16.5500,agent,agent_02,3.202886,3.570602
16.5500,agent,agent_03,3.461970,3.260882
16.5500,agent,agent_04,3.138446,4.013669
16.5500,agent,agent_05,3.883723,4.674277
16.5500,agent,agent_06,3.357627,4.409136
16.5500,agent,agent_07,3.393263,4.736999
16.5500,agent,agent_08,3.900010,5.053153
16.5500,agent,agent_09,4.245874,2.893943
16.5500,agent,agent_10,4.506630,3.102672
16.5500,agent,agent_11,4.608895,3.476649
16.5500,agent,agent_12,4.193087,3.214038
16.5500,agent,agent_13,4.651447,4.142038
16.5500,agent,agent_14,4.788100,3.806582
16.5500,agent,agent_15,4.321086,4.556975
16.5500,agent,agent_16,4.747582,4.510484
16.5500,agent,agent_17,4.247021,4.908406
16.5500,cargo,cargo_0,3.910366,3.905495
16.6000,agent,agent_00,3.681883,2.856514
16.6000,agent,agent_01,3.824781,3.147001
16.6000,agent,agent_02,3.200151,3.569444
16.6000,agent,agent_03,3.459717,3.259442
16.6000,agent,agent_04,3.134870,4.013494
16.6000,agent,agent_05,3.882376,4.668777
16.6000,agent,agent_06,3.360556,4.405923
16.6000,agent,agent_07,3.397071,4.736273
16.6000,agent,agent_08,3.898494,5.049091
16.6000,agent,agent_09,4.247719,2.894884
16.6000,agent,agent_10,4.507383,3.104242
16.6000,agent,agent_11,4.604857,3.479681
16.6000,agent,agent_12,4.194926,3.213704
16.6000,agent,agent_13,4.647412,4.141278
16.6000,agent,agent_14,4.788079,3.807364
16.6000,agent,agent_15,4.318564,4.552077
16.6000,agent,agent_16,4.747127,4.509757
16.6000,agent,agent_17,4.235234,4.900275
16.6000,cargo,cargo_0,3.910366,3.905495
16.6500,agent,agent_00,3.669266,2.863307
16.6500,agent,agent_01,3.825846,3.145889
16.6500,agent,agent_02,3.197415,3.568286
16.6500,agent,agent_03,3.457465,3.258002
16.6500,agent,agent_04,3.131293,4.013319
16.6500,agent,agent_05,3.881029,4.663277
16.6500,agent,agent_06,3.363484,4.402710
16.6500,agent,agent_07,3.400878,4.735547
16.6500,agent,agent_08,3.896978,5.045030
16.6500,agent,agent_09,4.249624,2.895648
16.6500,agent,agent_10,4.508136,3.105812
16.6500,agent,agent_11,4.600818,3.482713
16.6500,agent,agent_12,4.196564,3.213527
16.6500,agent,agent_13,4.643377,4.140518
16.6500,agent,agent_14,4.788057,3.808145
16.6500,agent,agent_15,4.316043,4.547179
16.6500,agent,agent_16,4.746673,4.509029
16.6500,agent,agent_17,4.224485,4.892176
16.6500,cargo,cargo_0,3.910428,3.905375
16.7000,agent,agent_00,3.672070,2.862243
16.7000,agent,agent_01,3.827377,3.144552
16.7000,agent,agent_02,3.195897,3.567678
16.7000,agent,agent_03,3.455713,3.257564
16.7000,agent,agent_04,3.129364,4.013387
16.7000,agent,agent_05,3.879200,4.658500
16.7000,agent,agent_06,3.356068,4.405718
16.7000,agent,agent_07,3.403983,4.734543
16.7000,agent,agent_08,3.894308,5.041848
16.7000,agent,agent_09,4.251562,2.896287
16.7000,agent,agent_10,4.508864,3.112200
16.7000,agent,agent_11,4.601077,3.483080
16.7000,agent,agent_12,4.197681,3.213399
16.7000,agent,agent_13,4.639677,4.139843
16.7000,agent,agent_14,4.788156,3.809044
16.7000,agent,agent_15,4.314088,4.543169
16.7000,agent,agent_16,4.746489,4.508170
16.7000,agent,agent_17,4.214962,4.884240
16.7000,cargo,cargo_0,3.910428,3.905375
16.7500,agent,agent_00,3.674874,2.861043
16.7500,agent,agent_01,3.828961,3.143338
16.7500,agent,agent_02,3.194380,3.567069
16.7500,agent,agent_03,3.453961,3.257127
16.7500,agent,agent_04,3.127435,4.013455
16.7500,agent,agent_05,3.877371,4.653724
16.7500,agent,agent_06,3.348550,4.408614
16.7500,agent,agent_07,3.407087,4.733539
16.7500,agent,agent_08,3.891637,5.038667
16.7500,agent,agent_09,4.254026,2.896926
16.7500,agent,agent_10,4.509936,3.118868
16.7500,agent,agent_11,4.601336,3.483447
16.7500,agent,agent_12,4.198762,3.213361
16.7500,agent,agent_13,4.635978,4.139168
16.7500,agent,agent_14,4.788255,3.809943
16.7500,agent,agent_15,4.312132,4.539158
16.7500,agent,agent_16,4.746305,4.507311
16.7500,agent,agent_17,4.206454,4.876572
16.7500,cargo,cargo_0,3.910428,3.905375
16.8000,agent,agent_00,3.673664,2.861944
16.8000,agent,agent_01,3.829371,3.147962
16.8000,agent,agent_02,3.196116,3.568143
16.8000,agent,agent_03,3.454175,3.259426
16.8000,agent,agent_04,3.128515,4.012659
16.8000,agent,agent_05,3.875924,4.649298
16.8000,agent,agent_06,3.351393,4.405427
16.8000,agent,agent_07,3.409462,4.733000
16.8000,agent,agent_08,3.888998,5.035541
16.8000,agent,agent_09,4.257019,2.897605
16.8000,agent,agent_10,4.511237,3.125715
16.8000,agent,agent_11,4.597686,3.486584
16.8000,agent,agent_12,4.196578,3.217297
16.8000,agent,agent_13,4.633126,4.138189
16.8000,agent,agent_14,4.788363,3.810831
16.8000,agent,agent_15,4.310952,4.535523
16.8000,agent,agent_16,4.746139,4.506490
16.8000,agent,agent_17,4.198825,4.869184
16.8000,cargo,cargo_0,3.910428,3.905375
