frame,time,delta_H,rhs_u_command,slack_u_command,rhs_u_saturated,slack_u_saturated,rhs_u_cvt,slack_u_cvt
0,0.0,-0.010609831715567508,-0.010189906359494093,-0.00041992535607341536,-0.010189906359494091,-0.0004199253560734171,-0.014505049903217312,0.0038952181876498043
1,0.05,-0.01113320246160876,-0.01070182476010571,-0.00043137770150305024,-0.01070182476010571,-0.00043137770150305024,-0.015068630192683048,0.003935427731074288
2,0.1,-0.011646184610902832,-0.01120821485704705,-0.0004379697538557815,-0.01120821485704705,-0.0004379697538557815,-0.01564509804604644,0.003998913435143608
3,0.15000000000000002,-0.012145032077728657,-0.011702297682909113,-0.00044273439481954356,-0.011702297682909113,-0.00044273439481954356,-0.01617264973635635,0.004027617658627695
4,0.2,-0.012628460379218498,-0.012185751203879838,-0.0004427091753386597,-0.012185751203879838,-0.0004427091753386597,-0.01667169061789323,0.004043230238674731
5,0.25,-0.0130940042772425,-0.012658567038380794,-0.00043543723886170504,-0.012658567038380794,-0.00043543723886170504,-0.017142468941620585,0.004048464664378085
6,0.30000000000000004,-0.01354739249490211,-0.013111090473744013,-0.00043630202115809737,-0.013111090473744013,-0.00043630202115809737,-0.017556273739241977,0.004008881244339867
7,0.35000000000000003,-0.013983624766235936,-0.013541580898088027,-0.00044204386814790907,-0.013541580898088027,-0.00044204386814790907,-0.017910918367328447,0.003927293601092511
8,0.4,-0.014396526252099306,-0.013954149216119842,-0.00044237703597946494,-0.013954149216119842,-0.00044237703597946494,-0.01829432049125848,0.0038977942391591747
9,0.45,-0.01477960679574064,-0.01433718889762093,-0.00044241789811971105,-0.01433718889762093,-0.00044241789811971105,-0.01861385571019113,0.0038342489144504895
10,0.5,-0.015135168079272399,-0.01469600615187145,-0.0004391619274009481,-0.014696006151871454,-0.00043916192740094465,-0.018857959388267623,0.003722791308995225
11,0.55,-0.015458291119837209,-0.015025404290393196,-0.0004328868294440121,-0.015025404290393196,-0.0004328868294440121,-0.01903563969675938,0.003577348576922171
12,0.6000000000000001,-0.01574973718229311,-0.015325371954834124,-0.0004243652274589869,-0.015325371954834124,-0.0004243652274589869,-0.019166291312231954,0.003416554129938843
13,0.65,-0.016010724658736653,-0.015599601703066217,-0.000411122955670435,-0.015599601703066217,-0.000411122955670435,-0.019230044067823544,0.003219319409086891
14,0.7000000000000001,-0.016240787535431123,-0.015843469307674166,-0.0003973182277569563,-0.015843469307674166,-0.0003973182277569563,-0.019294020340720454,0.0030532328052893312
15,0.75,-0.016393888106949084,-0.015997354023130846,-0.00039653408381823754,-0.015997354023130853,-0.0003965340838182306,-0.01923905537963375,0.0028451672726846657
16,0.8,-0.016471457638244313,-0.016081531788573467,-0.00038992584967084687,-0.016081531788573467,-0.00038992584967084687,-0.01917991164098595,0.002708454002741636
17,0.8500000000000001,-0.016522123145704337,-0.01613618197901135,-0.00038594116669298656,-0.01613618197901135,-0.00038594116669298656,-0.019084324088175727,0.0025622009424713897
18,0.9,-0.01653875732475507,-0.016158796300019873,-0.0003799610247351981,-0.016158796300019873,-0.0003799610247351981,-0.018896226697717882,0.002357469372962811
19,0.9500000000000001,-0.016453927086869324,-0.01608699902615628,-0.0003669280607130447,-0.01608699902615628,-0.0003669280607130447,-0.01871219675289572,0.002258269666026394
20,1.0,-0.01636697485760441,-0.016012765948143468,-0.00035420890946094227,-0.01601276594814347,-0.0003542089094609388,-0.018525454230544566,0.002158479372940156
21,1.05,-0.016227247253584487,-0.015889756733932545,-0.0003374905196519423,-0.015889756733932545,-0.0003374905196519423,-0.018267564102174613,0.0020403168485901256
22,1.1,-0.015989919617886095,-0.015666956356194733,-0.00032296326169136205,-0.015666956356194733,-0.00032296326169136205,-0.017984504014570368,0.001994584396684273
23,1.1500000000000001,-0.015724140561544864,-0.015404902192211306,-0.000319238369333558,-0.015404902192211306,-0.000319238369333558,-0.017670533537946807,0.0019463929764019436
24,1.2000000000000002,-0.015457270966724335,-0.015145957948757336,-0.00031131301796699824,-0.015145957948757336,-0.00031131301796699824,-0.017431029558680918,0.0019737585919565835
25,1.25,-0.01518029282111294,-0.014885553820142476,-0.00029473900097046375,-0.014885553820142476,-0.00029473900097046375,-0.017123398693549546,0.0019431058724366061
26,1.3,-0.014951149424508703,-0.014674277246528183,-0.00027687217798052013,-0.014674277246528183,-0.00027687217798052013,-0.016841653066203287,0.0018905036416945846
27,1.35,-0.014654589771573745,-0.014384450913583322,-0.00027013885799042313,-0.014384450913583322,-0.00027013885799042313,-0.016406183580680588,0.0017515938091068432
28,1.4000000000000001,-0.014378182957183738,-0.01412127009361099,-0.0002569128635727478,-0.01412127009361099,-0.0002569128635727478,-0.016033264431023268,0.0016550814738395293
29,1.4500000000000002,-0.014067016738494864,-0.013831944990178185,-0.00023507174831667935,-0.013831944990178185,-0.00023507174831667935,-0.01567458835542493,0.0016075716169300647
30,1.5,-0.013362637951999212,-0.0131417775741811,-0.00022086037781811167,-0.013521174728903601,0.00015853677690438883,-0.015226556594908403,0.0018639186429091903
31,1.55,-0.01273155760092115,-0.012523726859423252,-0.00020783074149789867,-0.01317560376059111,0.00044404615966995957,-0.014730313035978227,0.001998755435057077
32,1.6,-0.012217276165542024,-0.01202251351219206,-0.00019476265334996377,-0.012821117077834183,0.0006038409122921598,-0.014263096651606492,0.0020458204860644685
33,1.6500000000000001,-0.011757418592938662,-0.011570706049527051,-0.00018671254341161118,-0.01239354376358614,0.0006361251706474783,-0.013611824476856868,0.001854405883918206
34,1.7000000000000002,-0.01135016953332768,-0.011186616268019067,-0.00016355326530861393,-0.012032843234271243,0.0006826737009435618,-0.013105434546351128,0.0017552650130234475
35,1.75,-0.010974643604895307,-0.010826734939657771,-0.0001479086652375356,-0.011635861121467667,0.0006612175165723599,-0.012530961290530634,0.0015563176856353278
36,1.8,-0.01057625626336256,-0.01045646309928644,-0.00011979316407612073,-0.011206074841659334,0.000629818578296774,-0.011952475268018167,0.0013762190046556072
37,1.85,-0.01017733010505828,-0.010065542489996164,-0.00011178761506211617,-0.010732003542767092,0.0005546734377088122,-0.011353789155523953,0.0011764590504656728
38,1.9000000000000001,-0.009780093342085183,-0.00967747273903591,-0.00010262060304927316,-0.010282499850604941,0.0005024065085197579,-0.010715790889575808,0.000935697547490625
39,1.9500000000000002,-0.00931448251943423,-0.009217185995847584,-9.729652358664645e-05,-0.009710780991027772,0.0003962984715935418,-0.009940019425476246,0.0006255369060420152
40,2.0,-0.008837738795685501,-0.00874706848771332,-9.067030797218177e-05,-0.009188292276739899,0.0003505534810543977,-0.009358650275740997,0.000520911480055496
41,2.0500000000000003,-0.008394028879797677,-0.008312212578548821,-8.18163012488559e-05,-0.008691961101562767,0.0002979322217650897,-0.008772389588321406,0.00037836070852372873
42,2.1,-0.007945816279915086,-0.007870874425877786,-7.494185403729946e-05,-0.008201682435339861,0.0002558661554247759,-0.008229374374852418,0.00028355809493733203
43,2.15,-0.007391210427661332,-0.007335114468387832,-5.6095959273499973e-05,-0.007620471918571532,0.0002292614909102002,-0.007620471918571532,0.0002292614909102002
44,2.2,-0.006872041171904986,-0.006835024767400922,-3.7016404504063884e-05,-0.007099217533050471,0.00022717636114548499,-0.007099217533050471,0.00022717636114548499
45,2.25,-0.006393497943383397,-0.006345136317970891,-4.8361625412505875e-05,-0.00657211038138513,0.00017861243800173284,-0.00657211038138513,0.00017861243800173284
46,2.3000000000000003,-0.005933400696050528,-0.005894969986802589,-3.843070924793891e-05,-0.006079060470108853,0.00014565977405832462,-0.006079060470108853,0.00014565977405832462
47,2.35,-0.005522283848860887,-0.005472444742975454,-4.983910588543354e-05,-0.0056389681103598596,0.00011668426149897236,-0.0056389681103598596,0.00011668426149897236
48,2.4000000000000004,-0.0051782354496476835,-0.005123585915391177,-5.4649534256506586e-05,-0.005276138940656153,9.790349100846987e-05,-0.005276138940656153,9.790349100846987e-05
49,2.45,-0.004825909769298087,-0.0048147290319383055,-1.1180737359781263e-05,-0.004945328475791631,0.00011941870649354383,-0.004945328475791631,0.00011941870649354383
50,2.5,-0.004457860869012342,-0.004433508764770439,-2.4352104241903358e-05,-0.004545593493820257,8.77326248079147e-05,-0.004545593493820257,8.77326248079147e-05
51,2.5500000000000003,-0.0041550123825468965,-0.004137247753192369,-1.7764629354527668e-05,-0.004225333894027827,7.032151148093045e-05,-0.004225333894027827,7.032151148093045e-05
52,2.6,-0.003889129356084764,-0.0038651174664084435,-2.401188967632046e-05,-0.003943965084044711,5.4835727959947136e-05,-0.003943965084044711,5.4835727959947136e-05
53,2.6500000000000004,-0.003592147155196068,-0.003567644680895866,-2.450247430020201e-05,-0.0036376203706663585,4.547321547029035e-05,-0.0036376203706663585,4.547321547029035e-05
54,2.7,-0.0032480796492875275,-0.003238686228779994,-9.393420507533643e-06,-0.003306472667444863,5.8393018157335344e-05,-0.003306472667444863,5.8393018157335344e-05
55,2.75,-0.0029524392330161353,-0.0029416528623316127,-1.0786370684522616e-05,-0.0030046861714391197,5.2246938422984435e-05,-0.0030046861714391197,5.2246938422984435e-05
56,2.8000000000000003,-0.0027566819353216365,-0.0027449399621268904,-1.1741973194746153e-05,-0.002801563005210453,4.488106988881661e-05,-0.002801563005210453,4.488106988881661e-05
57,2.85,-0.002546771799669001,-0.0025372422871039694,-9.529512565031525e-06,-0.00258746176042825,4.068996075924907e-05,-0.00258746176042825,4.068996075924907e-05
58,2.9000000000000004,-0.002372575877451877,-0.0023583515853232784,-1.4224292128598402e-05,-0.002400632077237791,2.8056199785914202e-05,-0.002400632077237791,2.8056199785914202e-05
59,2.95,-0.0021984142299393827,-0.002188692154095097,-9.722075844285916e-06,-0.00222758884086296,2.9174610923577218e-05,-0.00222758884086296,2.9174610923577218e-05
60,3.0,-0.0020394418512296175,-0.0020268524420274567,-1.2589409202160787e-05,-0.0020632300207596454,2.3788169530027884e-05,-0.0020632300207596454,2.3788169530027884e-05
61,3.0500000000000003,-0.0018924802374622463,-0.001877802574707438,-1.4677662754808331e-05,-0.0019077153814803884,1.5235144018142192e-05,-0.0019077153814803884,1.5235144018142192e-05
62,3.1,-0.0017527432747612703,-0.0017463854043368694,-6.3578704244009795e-06,-0.001773266519050822,2.0523244289551634e-05,-0.001773266519050822,2.0523244289551634e-05
63,3.1500000000000004,-0.0016256955184612565,-0.0016282604069387877,2.5648884775311687e-06,-0.001652725998004482,2.7030479543225594e-05,-0.001652725998004482,2.7030479543225594e-05
64,3.2,-0.001520954181035039,-0.0015186550182556013,-2.29916277943781e-06,-0.0015397345233830657,1.878034234802659e-05,-0.0015397345233830657,1.878034234802659e-05
65,3.25,-0.0014136507428434975,-0.0014048200925541256,-8.830650289371866e-06,-0.0014247436540822964,1.1092911238798917e-05,-0.0014247436540822964,1.1092911238798917e-05
66,3.3000000000000003,-0.001312495301836969,-0.001300813090447338,-1.1682211389630898e-05,-0.0013182707965368227,5.775494699853745e-06,-0.0013182707965368227,5.775494699853745e-06
67,3.35,-0.0012099814270404297,-0.0012059291163718062,-4.052310668623471e-06,-0.0012221979157970794,1.2216488756649742e-05,-0.0012221979157970794,1.2216488756649742e-05
68,3.4000000000000004,-0.001142119097969574,-0.0011347189667106682,-7.400131258905726e-06,-0.0011501683348375334,8.049236867959482e-06,-0.0011501683348375334,8.049236867959482e-06
69,3.45,-0.0010671776430170032,-0.001055068863605469,-1.2108779411534269e-05,-0.00107222194770368,5.044304686676769e-06,-0.00107222194770368,5.044304686676769e-06
70,3.5,-0.0009635126968522423,-0.0009659263082400087,2.413611387766415e-06,-0.0009971667018262565,3.365400497401419e-05,-0.0009971667018262565,3.365400497401419e-05
71,3.5500000000000003,-0.0008058960267957049,-0.0008033242599315691,-2.571766864135818e-06,-0.0008466409001847969,4.074487338909195e-05,-0.0008466409001847969,4.074487338909195e-05
72,3.6,-0.0007392677265624092,-0.0007368285353803899,-2.4391911820193478e-06,-0.0007903050598027875,5.1037333240378305e-05,-0.0007903050598027875,5.1037333240378305e-05
73,3.6500000000000004,-0.0006860783039993601,-0.0006812389927085021,-4.839311290857971e-06,-0.0007405975221545194,5.4519218155159354e-05,-0.0007405975221545194,5.4519218155159354e-05
74,3.7,-0.0006459531506488592,-0.0006385126755884822,-7.440475060376938e-06,-0.0006971110723323246,5.115792168346547e-05,-0.0006971110723323246,5.115792168346547e-05
75,3.75,-0.0005956329071120647,-0.000595821764403173,1.888572911082527e-07,-0.0006547646321223505,5.9131725010285775e-05,-0.0006547646321223505,5.9131725010285775e-05
76,3.8000000000000003,-0.0005584472146870079,-0.0005569097598436098,-1.5374548433981028e-06,-0.0006151454721005271,5.66982574135192e-05,-0.0006151454721005271,5.66982574135192e-05
77,3.85,-0.0005227007316190857,-0.0005195795768182007,-3.1211548008850277e-06,-0.0005757210154101169,5.302028379103123e-05,-0.0005757210154101169,5.302028379103123e-05
78,3.9000000000000004,-0.0004899851627231389,-0.000486464097186101,-3.5210655370378555e-06,-0.0005416613096887368,5.167614696559796e-05,-0.0005416613096887368,5.167614696559796e-05
79,3.95,-0.00045559243233039837,-0.0004554096469465145,-1.8278538388384266e-07,-0.0005077871542782199,5.2194721947821494e-05,-0.0005077871542782199,5.2194721947821494e-05
80,4.0,-0.0004306003318200746,-0.0004265521167464838,-4.048215073590813e-06,-0.0004777763875369004,4.71760557168258e-05,-0.0004777763875369004,4.71760557168258e-05
81,4.05,-0.00040815879049882486,-0.00040267335583181615,-5.485434667008718e-06,-0.00045219050682184165,4.4031716323016785e-05,-0.00045219050682184165,4.4031716323016785e-05
82,4.1000000000000005,-0.00038254005576021655,-0.00037247542834677926,-1.0064627413437289e-05,-0.0004157213774229314,3.3181321662714876e-05,-0.0004157213774229314,3.3181321662714876e-05
83,4.15,-0.0003615189936667651,-0.00035047794953412773,-1.1041044132637369e-05,-0.00039110168550324595,2.9582691836480847e-05,-0.00039110168550324595,2.9582691836480847e-05
84,4.2,-0.00032969308745289805,-0.00032765316653424095,-2.0399209186571e-06,-0.0003683324988106464,3.8639411357748355e-05,-0.0003683324988106464,3.8639411357748355e-05
85,4.25,-0.00030080890974171215,-0.0003073553990648073,6.546489323095133e-06,-0.000347160163468835,4.635125372712284e-05,-0.000347160163468835,4.635125372712284e-05
86,4.3,-0.00028768191583972147,-0.00029176829498303645,4.086379143314984e-06,-0.00033094338029666064,4.326146445693917e-05,-0.00033094338029666064,4.326146445693917e-05
87,4.3500000000000005,-0.00026984210084068927,-0.00027101865788554507,1.1765570448558026e-06,-0.00030944654031899517,3.96044394783059e-05,-0.00030944654031899517,3.96044394783059e-05
88,4.4,-0.00025774600455941155,-0.0002598986087629684,2.152604203556872e-06,-0.00029674487790174776,3.8998873342336216e-05,-0.00029674487790174776,3.8998873342336216e-05
89,4.45,-0.00023707791232330244,-0.0002411670828340083,4.08917051070585e-06,-0.0002774027543744372,4.032484205113477e-05,-0.0002774027543744372,4.032484205113477e-05
90,4.5,-0.00022640591960698675,-0.00022679863888802626,3.927192810395069e-07,-0.0002623333470697036,3.592742746271686e-05,-0.0002623333470697036,3.592742746271686e-05
91,4.55,-0.00021995161564436483,-0.00021678938261560432,-3.1622330287605076e-06,-0.00025053093115072895,3.0579315506364124e-05,-0.00025053093115072895,3.0579315506364124e-05
92,4.6000000000000005,-0.00020420552590849628,-0.00020006151140993108,-4.144014498565197e-06,-0.00023325880851185688,2.9053282603360602e-05,-0.00023325880851185688,2.9053282603360602e-05
93,4.65,-0.0001895746088633743,-0.00018814200336653557,-1.4326054968387262e-06,-0.00022071340080175958,3.1138791938385284e-05,-0.00022071340080175958,3.1138791938385284e-05
94,4.7,-0.00018093119837525595,-0.00017697035154805343,-3.960846827202527e-06,-0.00020893838316091167,2.800718478565572e-05,-0.00020893838316091167,2.800718478565572e-05
95,4.75,-0.00017240085178349407,-0.00016777729283436041,-4.623558949133654e-06,-0.00019972600686391482,2.7325155080420755e-05,-0.00019972600686391482,2.7325155080420755e-05
96,4.800000000000001,-0.0001586369141503008,-0.00015678580876421,-1.851105386090784e-06,-0.00018816797779773922,2.9531063647438434e-05,-0.00018816797779773922,2.9531063647438434e-05
97,4.8500000000000005,-0.00015179914270047057,-0.00014804935219199226,-3.749790508478305e-06,-0.00017888580483806584,2.7086662137595273e-05,-0.00017888580483806584,2.7086662137595273e-05
98,4.9,-0.0001367941354882829,-0.00013821426663209325,1.4201311438103532e-06,-0.00016621825122177476,2.9424115733491863e-05,-0.00016621825122177476,2.9424115733491863e-05
99,4.95,-0.00012842387378919629,-0.00012985966964916448,1.4357958599681944e-06,-0.0001596844641086029,3.126059031940661e-05,-0.0001596844641086029,3.126059031940661e-05
100,5.0,-0.00012195957708260874,-0.00012219416285545251,2.34585772843776e-07,-0.00015158158379995667,2.9622006717347932e-05,-0.00015158158379995667,2.9622006717347932e-05
101,5.050000000000001,-0.00011719904193052688,-0.00011668442150616154,-5.146204243653411e-07,-0.00014565147687387153,2.845243494334465e-05,-0.00014565147687387153,2.845243494334465e-05
102,5.1000000000000005,-0.0001103596041255317,-0.00010815487344781625,-2.2047306777154435e-06,-0.0001346038678868029,2.4244263761271213e-05,-0.0001346038678868029,2.4244263761271213e-05
103,5.15,-0.00010542806164470786,-0.00010172768519323666,-3.7003764514712006e-06,-0.00012709773930679304,2.1669677662085178e-05,-0.00012709773930679304,2.1669677662085178e-05
104,5.2,-9.83929288040919e-05,-9.561515097983599e-05,-2.777777824255909e-06,-0.00012063943929511005,2.2246510491018154e-05,-0.00012063943929511005,2.2246510491018154e-05
105,5.25,-8.785216586337796e-05,-8.949573249445135e-05,1.6435666310733857e-06,-0.00011508032809738162,2.722816223400366e-05,-0.00011508032809738162,2.722816223400366e-05
106,5.300000000000001,-8.390058612706142e-05,-8.438420431455303e-05,4.836181874916094e-07,-0.00010950980101495322,2.56092148878918e-05,-0.00010950980101495322,2.56092148878918e-05
107,5.3500000000000005,-8.013226564651532e-05,-7.932140703515693e-05,-8.108586113583907e-07,-0.00010412564004178527,2.3993374395269953e-05,-0.00010412564004178527,2.3993374395269953e-05
108,5.4,-7.750185978294688e-05,-7.587508783796168e-05,-1.6267719449852028e-06,-0.00010090083539906398,2.3398975616117104e-05,-0.00010090083539906398,2.3398975616117104e-05
109,5.45,-7.296768680009613e-05,-7.131299148886446e-05,-1.6546953112316678e-06,-9.604470923443643e-05,2.3077022434340297e-05,-9.604470923443643e-05,2.3077022434340297e-05
110,5.5,-6.981400227989987e-05,-6.701976944076732e-05,-2.794232839132551e-06,-9.146904024983557e-05,2.1655037969935703e-05,-9.146904024983557e-05,2.1655037969935703e-05
111,5.550000000000001,-6.667476400434857e-05,-6.297401437096592e-05,-3.700749633382653e-06,-8.71644961476602e-05,2.048973214331162e-05,-8.71644961476602e-05,2.048973214331162e-05
112,5.6000000000000005,-5.932235160821531e-05,-5.793166948850872e-05,-1.39068211970659e-06,-8.183247291179921e-05,2.2510121303583904e-05,-8.183247291179921e-05,2.2510121303583904e-05
113,5.65,-5.673615473344995e-05,-5.441625902465788e-05,-2.319895708792072e-06,-7.807530594258848e-05,2.1339151209138533e-05,-7.807530594258848e-05,2.1339151209138533e-05
114,5.7,-5.1932660952380694e-05,-5.115617361982864e-05,-7.764873325520532e-07,-7.458748692655262e-05,2.265482597417193e-05,-7.458748692655262e-05,2.265482597417193e-05
115,5.75,-4.826493995269132e-05,-4.854814155517952e-05,2.832016024881999e-07,-7.109760092054457e-05,2.2832660967853245e-05,-7.109760092054457e-05,2.2832660967853245e-05
116,5.800000000000001,-4.609827621382401e-05,-4.5521844956056945e-05,-5.764312577670623e-07,-6.784606362769796e-05,2.1747787413873952e-05,-6.784606362769796e-05,2.1747787413873952e-05
117,5.8500000000000005,-4.268585767741584e-05,-4.266298719993543e-05,-2.2870477480408052e-08,-6.574744294358146e-05,2.3061585266165625e-05,-6.574744294358146e-05,2.3061585266165625e-05
118,5.9,-3.919561002752037e-05,-3.9941361891038684e-05,7.457518635183174e-07,-6.279678474331272e-05,2.360117471579235e-05,-6.279678474331272e-05,2.360117471579235e-05
119,5.95,-3.7433059739355734e-05,-3.737568933293819e-05,-5.7370406417543284e-08,-6.000899445525685e-05,2.2575934715901115e-05,-6.000899445525685e-05,2.2575934715901115e-05
120,6.0,-3.55840856269829e-05,-3.4975057094215616e-05,-6.090285327672816e-07,-5.739802858542691e-05,2.181394295844401e-05,-5.739802858542691e-05,2.181394295844401e-05
121,6.050000000000001,-3.1240572821333856e-05,-3.170607557436949e-05,4.655027530356306e-07,-5.39341347789925e-05,2.2693561957658644e-05,-5.39341347789925e-05,2.2693561957658644e-05
122,6.1000000000000005,-2.958076742287652e-05,-2.954215205121286e-05,-3.861537166365868e-08,-5.159165381743706e-05,2.2010886394560542e-05,-5.159165381743706e-05,2.2010886394560542e-05
123,6.15,-2.915619056909069e-05,-2.797368701834825e-05,-1.182503550742441e-06,-4.983645280936037e-05,2.068026224026968e-05,-4.983645280936037e-05,2.068026224026968e-05
124,6.2,-2.5965631589297544e-05,-2.4871034238327434e-05,-1.0945973509701106e-06,-4.6060449949699735e-05,2.009481836040219e-05,-4.6060449949699735e-05,2.009481836040219e-05
125,6.25,-2.4711598179516514e-05,-2.3414343196382937e-05,-1.2972549831335772e-06,-4.417231836546159e-05,1.9460720185945073e-05,-4.417231836546159e-05,1.9460720185945073e-05
126,6.300000000000001,-2.2268809263370493e-05,-2.1397430385334903e-05,-8.713788780355894e-07,-4.035424105074048e-05,1.8085431787369986e-05,-4.035424105074048e-05,1.8085431787369986e-05
127,6.3500000000000005,-2.1682444524051547e-05,-2.0395069793544188e-05,-1.2873747305073594e-06,-3.9208497162540684e-05,1.7526052638489136e-05,-3.9208497162540684e-05,1.7526052638489136e-05
128,6.4,-2.0193343008401143e-05,-1.865052578905794e-05,-1.5428172193432048e-06,-3.732459369689978e-05,1.7131250688498635e-05,-3.732459369689978e-05,1.7131250688498635e-05
129,6.45,-1.9336678539483287e-05,-1.7844050700708176e-05,-1.4926278387751117e-06,-3.639325251327717e-05,1.7056573973793882e-05,-3.639325251327717e-05,1.7056573973793882e-05
130,6.5,-1.9097206158003033e-05,-1.7856784136665464e-05,-1.240422021337569e-06,-3.635726040522969e-05,1.726005424722666e-05,-3.635726040522969e-05,1.726005424722666e-05
131,6.550000000000001,-1.8255434948155624e-05,-1.706045872081489e-05,-1.194976227340735e-06,-3.5443456785525955e-05,1.718802183737033e-05,-3.5443456785525955e-05,1.718802183737033e-05
132,6.6000000000000005,-1.5121154060215858e-05,-1.6281461500520683e-05,1.1603074403048247e-06,-3.542189738527821e-05,2.030074332506235e-05,-3.542189738527821e-05,2.030074332506235e-05
133,6.65,-1.4875060158070497e-05,-1.5649548020268842e-05,7.744878621983457e-07,-3.4662500229127144e-05,1.9787440071056648e-05,-3.4662500229127144e-05,1.9787440071056648e-05
134,6.7,-1.4607981868697273e-05,-1.5030742471455641e-05,4.227606027583685e-07,-3.39184169364864e-05,1.9310435067789124e-05,-3.39184169364864e-05,1.9310435067789124e-05
135,6.75,-1.4337825426591344e-05,-1.445034444649833e-05,1.1251901990698662e-07,-3.310797196989803e-05,1.8770146543306683e-05,-3.310797196989803e-05,1.8770146543306683e-05
136,6.800000000000001,-1.4798564505702494e-05,-1.4478764578427801e-05,-3.1979992727469294e-07,-3.242439867418607e-05,1.7625834168483577e-05,-3.242439867418607e-05,1.7625834168483577e-05
137,6.8500000000000005,-1.3808354399791334e-05,-1.3353413405077885e-05,-4.54940994713449e-07,-3.17430526784194e-05,1.7934698278628063e-05,-3.17430526784194e-05,1.7934698278628063e-05
138,6.9,-1.361415310041636e-05,-1.290603434344532e-05,-7.081187569710393e-07,-3.118729634359307e-05,1.757314324317671e-05,-3.118729634359307e-05,1.757314324317671e-05
139,6.95,-1.3410342458719526e-05,-1.247579777283784e-05,-9.345446858816862e-07,-3.060800413269829e-05,1.7197661673978763e-05,-3.060800413269829e-05,1.7197661673978763e-05
140,7.0,-1.3218962321870364e-05,-1.2074580232636767e-05,-1.1443820892335974e-06,-3.010187646403817e-05,1.6882914142167804e-05,-3.010187646403817e-05,1.6882914142167804e-05
141,7.050000000000001,-1.3104309955269677e-05,-1.1758060743806418e-05,-1.346249211463259e-06,-2.957095320940687e-05,1.6466643254137193e-05,-2.957095320940687e-05,1.6466643254137193e-05
142,7.1000000000000005,-1.2879633565887616e-05,-1.13563247920832e-05,-1.523308773804416e-06,-2.9062602136522826e-05,1.618296857063521e-05,-2.9062602136522826e-05,1.618296857063521e-05
143,7.15,-1.2647168055934799e-05,-1.098021453942107e-05,-1.6669535165137295e-06,-2.8581570084128802e-05,1.5934402028194003e-05,-2.8581570084128802e-05,1.5934402028194003e-05
144,7.2,-1.191793200450153e-05,-1.065826155300173e-05,-1.2596704514997999e-06,-2.813836615513574e-05,1.622043415063421e-05,-2.813836615513574e-05,1.622043415063421e-05
145,7.25,-1.0842494785778811e-05,-1.0353558230464043e-05,-4.889365553147679e-07,-2.7732014410397126e-05,1.6889519624618314e-05,-2.7732014410397126e-05,1.6889519624618314e-05
146,7.300000000000001,-1.0161259858199045e-05,-1.005168775631322e-05,-1.0957210188582546e-07,-2.7329379680875196e-05,1.716811982267615e-05,-2.7329379680875196e-05,1.716811982267615e-05
147,7.3500000000000005,-9.992333839692336e-06,-9.770234651335532e-06,-2.220991883568033e-07,-2.6948148111562244e-05,1.6955814271869908e-05,-2.6948148111562244e-05,1.6955814271869908e-05
148,7.4,-9.833078186360922e-06,-9.505848506119121e-06,-3.272296802418009e-07,-2.6585428422433123e-05,1.67523502360722e-05,-2.6585428422433123e-05,1.67523502360722e-05
149,7.45,-9.678917644140306e-06,-9.253080421207316e-06,-4.258372229329898e-07,-2.6235723538851773e-05,1.6556805894711467e-05,-2.6235723538851773e-05,1.6556805894711467e-05
150,7.5,-9.528915236978186e-06,-9.011089874477664e-06,-5.178253625005218e-07,-2.589826787342845e-05,1.6369352636450265e-05,-2.589826787342845e-05,1.6369352636450265e-05
151,7.550000000000001,-9.314756741929386e-06,-9.159646623836722e-06,-1.5511011809266463e-07,-2.5952739041972237e-05,1.663798230004285e-05,-2.5952739041972237e-05,1.663798230004285e-05
152,7.6000000000000005,-7.848410593314092e-06,-8.529121346898727e-06,6.807107535846345e-07,-2.524570572199794e-05,1.7397295128683847e-05,-2.524570572199794e-05,1.7397295128683847e-05
153,7.65,-7.743926820347191e-06,-8.306178918943591e-06,5.622520985964003e-07,-2.4921870746877014e-05,1.7177943926529823e-05,-2.4921870746877014e-05,1.7177943926529823e-05
154,7.7,-7.558027455223382e-06,-8.153927188227206e-06,5.958997330038246e-07,-2.4360171591639268e-05,1.6802144136415886e-05,-2.4360171591639268e-05,1.6802144136415886e-05
155,7.75,-7.084730417883378e-06,-7.597300557134556e-06,5.125701392511776e-07,-2.372920813855246e-05,1.6644477720669082e-05,-2.372920813855246e-05,1.6644477720669082e-05
156,7.800000000000001,-6.808215452736022e-06,-7.735647198477693e-06,9.274317457416714e-07,-2.378089112740739e-05,1.6972675674671367e-05,-2.378089112740739e-05,1.6972675674671367e-05
157,7.8500000000000005,-6.5053653359736785e-06,-6.935956200045008e-06,4.305908640713291e-07,-2.0970726997772096e-05,1.4465361661798418e-05,-2.0970726997772096e-05,1.4465361661798418e-05
158,7.9,-7.001809714579643e-06,-7.4913279439201065e-06,4.895182293404633e-07,-2.3405124313421086e-05,1.6403314598841442e-05,-2.3405124313421086e-05,1.6403314598841442e-05
159,7.95,-6.629079826403483e-06,-7.259955985913525e-06,6.308761595100415e-07,-2.1153623468815514e-05,1.4524543642412031e-05,-2.1153623468815514e-05,1.4524543642412031e-05
160,8.0,-6.773912481383704e-06,-7.178761931156554e-06,4.048494497728507e-07,-2.2965895165355708e-05,1.6191982683972004e-05,-2.2965895165355708e-05,1.6191982683972004e-05
161,8.05,-6.050997490070209e-06,-6.6761477862864266e-06,6.251502962162175e-07,-2.044713498658896e-05,1.439613749651875e-05,-2.044713498658896e-05,1.439613749651875e-05
162,8.1,-5.866417713606964e-06,-6.512986668294938e-06,6.465689546879743e-07,-2.0226258494802328e-05,1.4359840781195364e-05,-2.0226258494802328e-05,1.4359840781195364e-05
163,8.15,-6.49095402227573e-06,-6.87600552936541e-06,3.850515070896799e-07,-2.2472225290932927e-05,1.5981271268657197e-05,-2.2472225290932927e-05,1.5981271268657197e-05
164,8.200000000000001,-5.854489860790402e-06,-6.542338151092432e-06,6.8784829030203e-07,-2.058438523510255e-05,1.472989537431215e-05,-2.058438523510255e-05,1.472989537431215e-05
165,8.25,-5.675841034835649e-06,-6.401428951675136e-06,7.255879168394868e-07,-2.0374987433581375e-05,1.4699146398745726e-05,-2.0374987433581375e-05,1.4699146398745726e-05
166,8.3,-5.869759822862974e-06,-6.481634184703665e-06,6.118743618406909e-07,-2.0373297492776883e-05,1.4503537669913908e-05,-2.0373297492776883e-05,1.4503537669913908e-05
167,8.35,-5.665001734933561e-06,-6.183326665264949e-06,5.183249303313874e-07,-2.002152330815338e-05,1.4356521573219818e-05,-2.002152330815338e-05,1.4356521573219818e-05
168,8.4,-5.616499628269267e-06,-6.042356104203327e-06,4.2585647593405987e-07,-1.9812275868180543e-05,1.4195776239911276e-05,-1.9812275868180543e-05,1.4195776239911276e-05
169,8.450000000000001,-5.594208301040737e-06,-5.93119434970581e-06,3.36986048665073e-07,-1.963331953457309e-05,1.4039111233532353e-05,-1.963331953457309e-05,1.4039111233532353e-05
170,8.5,-5.769682834722012e-06,-5.971742536735579e-06,2.020597020135668e-07,-1.9606528770213923e-05,1.383684593549191e-05,-1.9606528770213923e-05,1.383684593549191e-05
171,8.55,-5.550718092051099e-06,-5.716187697368079e-06,1.6546960531698017e-07,-1.929910264783e-05,1.3748384555778901e-05,-1.929910264783e-05,1.3748384555778901e-05
172,8.6,-5.523760522208043e-06,-5.612708520048386e-06,8.894799784034271e-08,-1.9129153909676175e-05,1.3605393387468131e-05,-1.9129153909676175e-05,1.3605393387468131e-05
173,8.65,-5.5208246761973e-06,-5.556990387145886e-06,3.6165710948585515e-08,-1.900741037781258e-05,1.3486585701615279e-05,-1.900741037781258e-05,1.3486585701615279e-05
174,8.700000000000001,-5.8751223621644755e-06,-5.972540200593384e-06,9.74178384289085e-08,-1.9357993019579164e-05,1.3482870657414689e-05,-1.9357993019579164e-05,1.3482870657414689e-05
175,8.75,-5.451356708041644e-06,-5.341889068181769e-06,-1.0946763985987439e-07,-1.8679881580858077e-05,1.3228524872816433e-05,-1.8679881580858077e-05,1.3228524872816433e-05
176,8.8,-5.581332269688488e-06,-5.617915891693127e-06,3.658362200463908e-08,-1.8891855218844224e-05,1.3310522949155736e-05,-1.8891855218844224e-05,1.3310522949155736e-05
177,8.85,-5.375619271830168e-06,-5.137931164279618e-06,-2.3768810755054984e-07,-1.835060034946522e-05,1.2974981077635054e-05,-1.835060034946522e-05,1.2974981077635054e-05
178,8.9,-5.552446852408188e-06,-5.141884138668805e-06,-4.105627137393832e-07,-1.8291415350469386e-05,1.2738968498061197e-05,-1.8291415350469386e-05,1.2738968498061197e-05
179,8.950000000000001,-5.474029453722551e-06,-5.3252166034945525e-06,-1.4881285022799838e-07,-1.8426451180724007e-05,1.2952421727001456e-05,-1.8426451180724007e-05,1.2952421727001456e-05
180,9.0,-5.265480359284425e-06,-4.855514225020488e-06,-4.099661342639368e-07,-1.789696386268109e-05,1.2631483503396664e-05,-1.789696386268109e-05,1.2631483503396664e-05
181,9.05,-5.354616619213104e-06,-5.094222658836651e-06,-2.60393960376453e-07,-1.8073991286947866e-05,1.2719374667734762e-05,-1.8073991286947866e-05,1.2719374667734762e-05
182,9.1,-5.169262668580643e-06,-4.655211828509402e-06,-5.140508400712408e-07,-1.757603668129099e-05,1.2406774012710346e-05,-1.757603668129099e-05,1.2406774012710346e-05
183,9.15,-5.434088160782835e-06,-4.927292720147548e-06,-5.067954406352869e-07,-1.7787264706307747e-05,1.2353176545524912e-05,-1.7787264706307747e-05,1.2353176545524912e-05
184,9.200000000000001,-5.08710795266154e-06,-4.473357305432688e-06,-6.137506472288524e-07,-1.728929298182717e-05,1.220218502916563e-05,-1.728929298182717e-05,1.220218502916563e-05
185,9.25,-5.1284286692876435e-06,-4.664712083692109e-06,-4.637165855955343e-07,-1.7420581400636882e-05,1.2292152731349239e-05,-1.7420581400636882e-05,1.2292152731349239e-05
186,9.3,-4.7259906085228565e-06,-4.296630046117748e-06,-4.293605624051083e-07,-1.6995149344246844e-05,1.2269158735723988e-05,-1.6995149344246844e-05,1.2269158735723988e-05
187,9.35,-4.531808770358303e-06,-4.212897435731123e-06,-3.189113346271799e-07,-1.6852113314142206e-05,1.2320304543783902e-05,-1.6852113314142206e-05,1.2320304543783902e-05
188,9.4,-4.554509223764214e-06,-4.3923560644217965e-06,-1.6215315934241723e-07,-1.6972620493849897e-05,1.2418111270085683e-05,-1.6972620493849897e-05,1.2418111270085683e-05
189,9.450000000000001,-4.705425821982523e-06,-4.108989271958066e-06,-5.96436550024457e-07,-1.663300318026446e-05,1.1927577358281938e-05,-1.663300318026446e-05,1.1927577358281938e-05
190,9.5,-4.397764909347401e-06,-4.231047949723597e-06,-1.66716959623804e-07,-1.6711087016888466e-05,1.2313322107541064e-05,-1.6711087016888466e-05,1.2313322107541064e-05
191,9.55,-4.289545825097996e-06,-3.890327716982634e-06,-3.9921810811536204e-07,-1.6315341117550296e-05,1.20257952924523e-05,-1.6315341117550296e-05,1.20257952924523e-05
192,9.600000000000001,-4.268518239980423e-06,-4.025051659077109e-06,-2.4346658090331466e-07,-1.6393055460636982e-05,1.2124537220656559e-05,-1.6393055460636982e-05,1.2124537220656559e-05
193,9.65,-3.8464134034521535e-06,-3.72257175205279e-06,-1.2384165139936374e-07,-1.603622500153213e-05,1.2189811598079976e-05,-1.603622500153213e-05,1.2189811598079976e-05
194,9.700000000000001,-3.666010948477627e-06,-3.6424733016706492e-06,-2.3537646806977866e-08,-1.589978244241662e-05,1.2233771493938991e-05,-1.589978244241662e-05,1.2233771493938991e-05
195,9.75,-3.688425893599856e-06,-3.7975727439175465e-06,1.0914685031769056e-07,-1.5998833908733633e-05,1.2310408015133777e-05,-1.5998833908733633e-05,1.2310408015133777e-05
196,9.8,-3.586074402206485e-06,-3.4725866109177326e-06,-1.1348779128875239e-07,-1.5633813568854878e-05,1.2047739166648393e-05,-1.5633813568854878e-05,1.2047739166648393e-05
197,9.850000000000001,-3.4390317221744127e-06,-3.4675027879124894e-06,2.8471065738076758e-08,-1.5382990215698208e-05,1.1943958493523795e-05,-1.5382990215698208e-05,1.1943958493523795e-05
198,9.9,-3.4830884054759537e-06,-3.2396133290370215e-06,-2.4347507643893214e-07,-1.5111338247083518e-05,1.1628249841607565e-05,-1.5111338247083518e-05,1.1628249841607565e-05
199,9.950000000000001,-3.408332168497452e-06,-3.325197204664579e-06,-8.313496383287308e-08,-1.5156025340119975e-05,1.1747693171622523e-05,-1.5156025340119975e-05,1.1747693171622523e-05
200,10.0,-3.3539618300437724e-06,-3.0582649201613363e-06,-2.9569690988243606e-07,-1.4850667226916003e-05,1.149670539687223e-05,-1.4850667226916003e-05,1.149670539687223e-05
201,10.05,-3.24756629321854e-06,-3.1124291695728406e-06,-1.3513712364569943e-07,-1.4864227062312827e-05,1.1616660769094287e-05,-1.4864227062312827e-05,1.1616660769094287e-05
202,10.100000000000001,-3.180442860628574e-06,-2.8457582556306683e-06,-3.346846049979056e-07,-1.4559419508829207e-05,1.1378976648200633e-05,-1.4559419508829207e-05,1.1378976648200633e-05
203,10.15,-3.1126366035749697e-06,-2.7525804204346137e-06,-3.6005618314035604e-07,-1.442642732719315e-05,1.1313790723618181e-05,-1.442642732719315e-05,1.1313790723618181e-05
204,10.200000000000001,-2.624567167819336e-06,-2.454246958858342e-06,-1.7032020896099394e-07,-1.3684668673855008e-05,1.1060101506035672e-05,-1.3684668673855008e-05,1.1060101506035672e-05
205,10.25,-2.539398524570302e-06,-2.2592453329077356e-06,-2.8015319166256655e-07,-1.3470425806837025e-05,1.0931027282266723e-05,-1.3470425806837025e-05,1.0931027282266723e-05
206,10.3,-2.468633145791266e-06,-2.3436864616080282e-06,-1.2494668418323758e-07,-1.353339279617721e-05,1.1064759650385945e-05,-1.353339279617721e-05,1.1064759650385945e-05
207,10.350000000000001,-2.5677776407384556e-06,-2.06861377828894e-06,-4.991638624495155e-07,-1.3366927643376975e-05,1.079915000263852e-05,-1.3366927643376975e-05,1.079915000263852e-05
208,10.4,-2.434138978490985e-06,-2.101705962893329e-06,-3.3243301559765586e-07,-1.3385026270333642e-05,1.0950887291842657e-05,-1.3385026270333642e-05,1.0950887291842657e-05
209,10.450000000000001,-2.477128181244126e-06,-1.9418954419310708e-06,-5.352327393130552e-07,-1.3212486593584427e-05,1.0735358412340301e-05,-1.3212486593584427e-05,1.0735358412340301e-05
210,10.5,-2.4333338640714075e-06,-1.881072519362148e-06,-5.522613447092596e-07,-1.3136547760485076e-05,1.0703213896413669e-05,-1.3136547760485076e-05,1.0703213896413669e-05
211,10.55,-2.294723998375048e-06,-1.9119699759114334e-06,-3.827540224636144e-07,-1.3152247173402631e-05,1.0857523175027583e-05,-1.3152247173402631e-05,1.0857523175027583e-05
212,10.600000000000001,-2.168127934631947e-06,-1.6116487381718913e-06,-5.564791964600558e-07,-1.263268119650588e-05,1.0464553261873933e-05,-1.263268119650588e-05,1.0464553261873933e-05
213,10.65,-2.0216122881278054e-06,-1.6231328033102536e-06,-3.9847948481755174e-07,-1.2630591408538149e-05,1.0608979120410343e-05,-1.2630591408538149e-05,1.0608979120410343e-05
214,10.700000000000001,-1.424165680385947e-06,-1.4886587269212113e-06,6.449304653526421e-08,-1.248491553109798e-05,1.1060749850712033e-05,-1.248491553109798e-05,1.1060749850712033e-05
215,10.75,-8.180185050443711e-07,-1.5290829418207855e-06,7.110644367764143e-07,-1.2487414621725151e-05,1.166939611668078e-05,-1.2487414621725151e-05,1.166939611668078e-05
216,10.8,-1.754593049185793e-06,-2.0403036834313825e-06,2.857106342455895e-07,-1.3535812736930127e-05,1.1781219687744334e-05,-1.3535812736930127e-05,1.1781219687744334e-05
217,10.850000000000001,-1.577201814928486e-06,-2.0175419043303714e-06,4.4034008940188525e-07,-1.3495363402799025e-05,1.1918161587870539e-05,-1.3495363402799025e-05,1.1918161587870539e-05
218,10.9,-1.6943785818845924e-06,-1.9211705463761436e-06,2.2679196449155118e-07,-1.3383655281899887e-05,1.1689276700015295e-05,-1.3383655281899887e-05,1.1689276700015295e-05
219,10.950000000000001,-1.5878237331623524e-06,-1.8649061068637115e-06,2.7708237370135913e-07,-1.330976466437135e-05,1.1721940931208998e-05,-1.330976466437135e-05,1.1721940931208998e-05
220,11.0,-1.4336139325665798e-06,-1.846384461711976e-06,4.127705291453962e-07,-1.3273524819882438e-05,1.1839910887315858e-05,-1.3273524819882438e-05,1.1839910887315858e-05
221,11.05,-1.6828621457465331e-06,-1.9048055598056174e-06,2.2194341405908424e-07,-1.346097704949238e-05,1.1778114903745847e-05,-1.346097704949238e-05,1.1778114903745847e-05
222,11.100000000000001,-1.5837138627183833e-06,-1.8743707406153978e-06,2.9065687789701444e-07,-1.3407422344652012e-05,1.1823708481933629e-05,-1.3407422344652012e-05,1.1823708481933629e-05
223,11.15,-1.6577920514126987e-06,-1.8111420282765403e-06,1.5334997686384157e-07,-1.3323569964930802e-05,1.1665777913518103e-05,-1.3323569964930802e-05,1.1665777913518103e-05
224,11.200000000000001,-1.5418705336944782e-06,-1.7682439915666897e-06,2.2637345787221145e-07,-1.3257893972006341e-05,1.1716023438311863e-05,-1.3257893972006341e-05,1.1716023438311863e-05
225,11.25,-1.6322873639396107e-06,-1.7256271234488223e-06,9.333975950921158e-08,-1.3195002098921793e-05,1.1562714734982183e-05,-1.3195002098921793e-05,1.1562714734982183e-05
226,11.3,-1.6190012186445557e-06,-1.685761996141684e-06,6.676077749712836e-08,-1.3132720144805253e-05,1.1513718926160697e-05,-1.3132720144805253e-05,1.1513718926160697e-05
227,11.350000000000001,-1.5397333662514612e-06,-1.6657709438612681e-06,1.2603757760980695e-07,-1.3090465225998686e-05,1.1550731859747224e-05,-1.3090465225998686e-05,1.1550731859747224e-05
228,11.4,-3.257761059471953e-06,-2.8071585243497224e-06,-4.506025351222306e-07,-1.4755492110769872e-05,1.149773105129792e-05,-1.4755492110769872e-05,1.149773105129792e-05
229,11.450000000000001,-2.6734864071453757e-06,-2.4429494209327942e-06,-2.3053698621258142e-07,-1.4387441864168084e-05,1.1713955457022709e-05,-1.4387441864168084e-05,1.1713955457022709e-05
230,11.5,-2.753258008247883e-06,-2.3925525485016366e-06,-3.607054597462464e-07,-1.4313359704823388e-05,1.1560101696575505e-05,-1.4313359704823388e-05,1.1560101696575505e-05
231,11.55,-2.5911354890606475e-06,-2.3096611870832803e-06,-2.814743019773672e-07,-1.4204627948754659e-05,1.1613492459694011e-05,-1.4204627948754659e-05,1.1613492459694011e-05
232,11.600000000000001,-2.4956107361751023e-06,-2.2680062361367097e-06,-2.2760450003839258e-07,-1.4139625290017504e-05,1.1644014553842402e-05,-1.4139625290017504e-05,1.1644014553842402e-05
233,11.65,-2.070108119256453e-06,-2.1090561076846736e-06,3.894798842822065e-08,-1.3948949151704265e-05,1.1878841032447812e-05,-1.3948949151704265e-05,1.1878841032447812e-05
234,11.700000000000001,-2.2002791802977484e-06,-2.112881236199516e-06,-8.739794409823248e-08,-1.3929958227968066e-05,1.1729679047670318e-05,-1.3929958227968066e-05,1.1729679047670318e-05
235,11.75,-2.020077622066907e-06,-2.0204037276265797e-06,3.261055596727412e-10,-1.3812427290252003e-05,1.1792349668185096e-05,-1.3812427290252003e-05,1.1792349668185096e-05
236,11.8,-2.150525698962902e-06,-2.0306509160183875e-06,-1.1987478294451427e-07,-1.380013721365055e-05,1.1649611514687649e-05,-1.380013721365055e-05,1.1649611514687649e-05
237,11.850000000000001,-2.1278601073371206e-06,-1.9911677710151612e-06,-1.3669233632195939e-07,-1.3736000239676645e-05,1.1608140132339524e-05,-1.3736000239676645e-05,1.1608140132339524e-05
238,11.9,-1.659307393486742e-06,-1.7460649618648602e-06,8.675756837811824e-08,-1.322823111910271e-05,1.1568923725615968e-05,-1.322823111910271e-05,1.1568923725615968e-05
239,11.950000000000001,-1.7988654618106281e-06,-1.7525942613587555e-06,-4.627120045187261e-08,-1.3210107410275073e-05,1.1411241948464445e-05,-1.3210107410275073e-05,1.1411241948464445e-05
240,12.0,-1.6117515202473953e-06,-1.6542109335753776e-06,4.2459413327982234e-08,-1.3085128666082826e-05,1.147337714583543e-05,-1.3085128666082826e-05,1.147337714583543e-05
241,12.05,-1.7287682501088142e-06,-1.678491347547635e-06,-5.027690256117927e-08,-1.3085349741819587e-05,1.1356581491710773e-05,-1.3085349741819587e-05,1.1356581491710773e-05
242,12.100000000000001,-1.22810154579156e-06,-1.575337731508445e-06,3.4723618571688497e-07,-1.2956199674558921e-05,1.1728098128767361e-05,-1.2956199674558921e-05,1.1728098128767361e-05
243,12.15,-1.4090741158323539e-06,-1.6166502527295373e-06,2.075761368971834e-07,-1.2974040554398852e-05,1.1564966438566498e-05,-1.2974040554398852e-05,1.1564966438566498e-05
244,12.200000000000001,-1.2212821116630579e-06,-1.5068363404845077e-06,2.8555422882144985e-07,-1.2838821529680375e-05,1.1617539418017317e-05,-1.2838821529680375e-05,1.1617539418017317e-05
245,12.25,-1.4214464202355614e-06,-1.572210541803934e-06,1.5076412156837253e-07,-1.2881339889346027e-05,1.1459893469110466e-05,-1.2881339889346027e-05,1.1459893469110466e-05
246,12.3,-1.21919997742026e-06,-1.4509519135349669e-06,2.3175193611470687e-07,-1.2735187615219697e-05,1.1515987637799437e-05,-1.2735187615219697e-05,1.1515987637799437e-05
247,12.350000000000001,-1.411034030840419e-06,-1.5129651812277114e-06,1.0193115038729242e-07,-1.2774890319672724e-05,1.1363856288832305e-05,-1.2774890319672724e-05,1.1363856288832305e-05
248,12.4,-1.1952131355741358e-06,-1.3805634718232242e-06,1.8535033624908846e-07,-1.261821068520298e-05,1.1422997549628845e-05,-1.261821068520298e-05,1.1422997549628845e-05
249,12.450000000000001,-1.4091946781702447e-06,-1.4679627691597073e-06,5.8768090989462645e-08,-1.2683914346535079e-05,1.1274719668364834e-05,-1.2683914346535079e-05,1.1274719668364834e-05
250,12.5,-1.1800069878997732e-06,-1.3241336268527313e-06,1.441266389529581e-07,-1.251642076785866e-05,1.1336413779958888e-05,-1.251642076785866e-05,1.1336413779958888e-05
251,12.55,-2.0751284243170076e-06,-1.9416449147478783e-06,-1.3348350956912935e-07,-1.299884127473501e-05,1.0923712850418002e-05,-1.299884127473501e-05,1.0923712850418002e-05
252,12.600000000000001,-1.1543340641129163e-06,-1.2741363864606418e-06,1.198023223477255e-07,-1.2436475197042784e-05,1.1282141132929868e-05,-1.2436475197042784e-05,1.1282141132929868e-05
253,12.65,-1.126106527471471e-06,-1.2270381652253945e-06,1.0093163775392354e-07,-1.2368581185755408e-05,1.1242474658283937e-05,-1.2368581185755408e-05,1.1242474658283937e-05
254,12.700000000000001,-2.0492093067980832e-06,-1.8775389025569749e-06,-1.7167040424110834e-07,-1.289236592241474e-05,1.0843156615616657e-05,-1.289236592241474e-05,1.0843156615616657e-05
255,12.75,-1.1111183981782347e-06,-1.1923168696469332e-06,8.11984714686985e-08,-1.2312379305660846e-05,1.1201260907482612e-05,-1.2312379305660846e-05,1.1201260907482612e-05
256,12.8,-1.706469723528059e-06,-1.633866082360626e-06,-7.260364116743314e-08,-1.2627729213102682e-05,1.0921259489574623e-05,-1.2627729213102682e-05,1.0921259489574623e-05
257,12.850000000000001,-1.1167300961734128e-06,-1.2311269043258709e-06,1.1439680815245808e-07,-1.2334004094351867e-05,1.1217273998178455e-05,-1.2334004094351867e-05,1.1217273998178455e-05
258,12.9,-1.8505942978030987e-06,-1.640446236440753e-06,-2.1014806136234573e-07,-1.2640336330821354e-05,1.0789742033018255e-05,-1.2640336330821354e-05,1.0789742033018255e-05
259,12.950000000000001,-9.194317815985897e-07,-9.669877519809797e-07,4.755597038238998e-08,-1.2072207198835855e-05,1.1152775417237265e-05,-1.2072207198835855e-05,1.1152775417237265e-05
260,13.0,-1.5887576205741993e-06,-1.465893503115336e-06,-1.2286411745886325e-07,-1.2446258009446193e-05,1.0857500388871993e-05,-1.2446258009446193e-05,1.0857500388871993e-05
261,13.05,-1.558759248121433e-06,-1.4243032332800613e-06,-1.3445601484137164e-07,-1.2407023058132896e-05,1.0848263810011463e-05,-1.2407023058132896e-05,1.0848263810011463e-05
262,13.100000000000001,-8.634283774622276e-07,-8.814115195153427e-07,1.798314205311513e-08,-1.1970882958935974e-05,1.1107454581473747e-05,-1.1970882958935974e-05,1.1107454581473747e-05
263,13.15,-1.7496153930096625e-06,-1.522219808875412e-06,-2.273955841342505e-07,-1.2487341452054833e-05,1.0737726059045171e-05,-1.2487341452054833e-05,1.0737726059045171e-05
264,13.200000000000001,-8.83987972599698e-07,-8.651394576556426e-07,-1.8848514944055327e-08,-1.193482125208936e-05,1.1050833279489662e-05,-1.193482125208936e-05,1.1050833279489662e-05
265,13.25,-1.5221668880904815e-06,-1.3344205275365157e-06,-1.8774636055396585e-07,-1.2280158865763224e-05,1.0757991977672743e-05,-1.2280158865763224e-05,1.0757991977672743e-05
266,13.3,-8.12835179386795e-07,-7.963439425011791e-07,-1.6491236885615875e-08,-1.184865249884089e-05,1.1035817319454095e-05,-1.184865249884089e-05,1.1035817319454095e-05
267,13.350000000000001,-1.612174145737555e-06,-1.4439231954814125e-06,-1.6825095025614244e-07,-1.2372487724254976e-05,1.0760313578517421e-05,-1.2372487724254976e-05,1.0760313578517421e-05
268,13.4,-8.300855902643178e-07,-7.830722613740789e-07,-4.701332889023893e-08,-1.1815703665332033e-05,1.0985618075067715e-05,-1.1815703665332033e-05,1.0985618075067715e-05
269,13.450000000000001,-1.4755338123562112e-06,-1.252072449122855e-06,-2.2346136323335608e-07,-1.2161386173709068e-05,1.0685852361352857e-05,-1.2161386173709068e-05,1.0685852361352857e-05
270,13.5,-7.914692149446623e-07,-7.362658925644461e-07,-5.520332238021615e-08,-1.175169007067754e-05,1.0960220855732877e-05,-1.175169007067754e-05,1.0960220855732877e-05
271,13.55,-2.5821849287677168e-06,-2.311918826628066e-06,-2.702661021396506e-07,-1.3614318990483086e-05,1.103213406171537e-05,-1.3614318990483086e-05,1.103213406171537e-05
272,13.600000000000001,-7.637864896103963e-07,-6.992815201111008e-07,-6.450496949929554e-08,-1.1677938585527965e-05,1.0914152095917569e-05,-1.1677938585527965e-05,1.0914152095917569e-05
273,13.65,-1.493584803502479e-06,-1.320980539417494e-06,-1.72604264084985e-07,-1.217731032665123e-05,1.068372552314875e-05,-1.217731032665123e-05,1.068372552314875e-05
274,13.700000000000001,-1.8093910897354348e-06,-1.599203954622345e-06,-2.1018713511308985e-07,-1.297016479662469e-05,1.1160773706889255e-05,-1.297016479662469e-05,1.1160773706889255e-05
275,13.75,-1.6803955323885233e-06,-1.3636396280780839e-06,-3.167559043104395e-07,-1.2055479544910453e-05,1.037508401252193e-05,-1.2055479544910453e-05,1.037508401252193e-05
276,13.8,-2.0630753534423008e-06,-1.7429148834944891e-06,-3.2016046994781164e-07,-1.2952897306131098e-05,1.0889821952688797e-05,-1.2952897306131098e-05,1.0889821952688797e-05
277,13.850000000000001,-1.7217799096469477e-06,-1.4568254629984854e-06,-2.649544466484623e-07,-1.211420275452178e-05,1.0392422844874832e-05,-1.211420275452178e-05,1.0392422844874832e-05
278,13.9,-9.787019494833515e-07,-8.238862505981164e-07,-1.5481569888523516e-07,-1.1580650435930084e-05,1.0601948486446733e-05,-1.1580650435930084e-05,1.0601948486446733e-05
279,13.950000000000001,-1.6008202394779403e-06,-1.2657768696986996e-06,-3.350433697792407e-07,-1.1897239439305985e-05,1.0296419199828044e-05,-1.1897239439305985e-05,1.0296419199828044e-05
280,14.0,-1.97238941579414e-06,-1.5955652193503813e-06,-3.768241964437589e-07,-1.2745623479226808e-05,1.0773234063432668e-05,-1.2745623479226808e-05,1.0773234063432668e-05
281,14.05,-1.6534275719681801e-06,-1.3781778209939324e-06,-2.7524975097424774e-07,-1.1976779647649978e-05,1.0323352075681798e-05,-1.1976779647649978e-05,1.0323352075681798e-05
282,14.100000000000001,-9.735724293413739e-07,-8.672831123566996e-07,-1.0628931698467425e-07,-1.156541517025973e-05,1.0591842740918356e-05,-1.156541517025973e-05,1.0591842740918356e-05
283,14.15,-2.5922500961339523e-06,-1.998593164060167e-06,-5.936569320737854e-07,-1.3012188673388982e-05,1.041993857725503e-05,-1.3012188673388982e-05,1.041993857725503e-05
284,14.200000000000001,-1.4630634096457484e-06,-1.1204584647932896e-06,-3.426049448524589e-07,-1.1704602408427209e-05,1.024153899878146e-05,-1.1704602408427209e-05,1.024153899878146e-05
285,14.25,-7.658858586223616e-07,-6.439123516839349e-07,-1.2197350693842673e-07,-1.1329668188430333e-05,1.0563782329807971e-05,-1.1329668188430333e-05,1.0563782329807971e-05
286,14.3,-2.449083435385191e-06,-2.067814253829731e-06,-3.8126918155546003e-07,-1.3050378540990624e-05,1.0601295105605433e-05,-1.3050378540990624e-05,1.0601295105605433e-05
287,14.350000000000001,-5.816117117918296e-07,-6.164672442326069e-07,3.485553244077734e-08,-1.1268917198867754e-05,1.0687305487075924e-05,-1.1268917198867754e-05,1.0687305487075924e-05
288,14.4,-2.2745793654133095e-06,-1.8035620816942538e-06,-4.7101728371905573e-07,-1.2753612488918161e-05,1.0479033123504852e-05,-1.2753612488918161e-05,1.0479033123504852e-05
289,14.450000000000001,-5.089884100861752e-07,-5.450028060928579e-07,3.601439600668264e-08,-1.1167008442411819e-05,1.0658020032325644e-05,-1.1167008442411819e-05,1.0658020032325644e-05
290,14.5,-1.2798443007611127e-06,-1.1839535719838316e-06,-9.58907287772811e-08,-1.1684253248888803e-05,1.040440894812769e-05,-1.1684253248888803e-05,1.040440894812769e-05
291,14.55,-1.595157042344475e-06,-1.2929360574392757e-06,-3.0222098490519927e-07,-1.2313351424669264e-05,1.071819438232479e-05,-1.2313351424669264e-05,1.071819438232479e-05
292,14.600000000000001,-1.1045309994406338e-06,-9.519448081443434e-07,-1.5258619129629045e-07,-1.1421026468440051e-05,1.0316495468999417e-05,-1.1421026468440051e-05,1.0316495468999417e-05
293,14.65,-1.0676233942463753e-06,-9.151002027751409e-07,-1.5252319147123437e-07,-1.137679590656494e-05,1.0309172512318565e-05,-1.137679590656494e-05,1.0309172512318565e-05
294,14.700000000000001,-8.983676218488057e-07,-1.0044286858000659e-06,1.0606106395126017e-07,-1.200097086461674e-05,1.1102603242767934e-05,-1.200097086461674e-05,1.1102603242767934e-05
295,14.75,-1.0701266338619675e-06,-8.978309243430311e-07,-1.7229570951893635e-07,-1.1343974807502976e-05,1.0273848173641008e-05,-1.1343974807502976e-05,1.0273848173641008e-05
296,14.8,-5.236360991478506e-07,-9.70349036098511e-07,4.4671293695066046e-07,-1.1938661705872362e-05,1.1415025606724511e-05,-1.1938661705872362e-05,1.1415025606724511e-05
297,14.850000000000001,-9.934131250943778e-07,-8.559870751414001e-07,-1.374260499529777e-07,-1.1273942751104681e-05,1.0280529626010303e-05,-1.1273942751104681e-05,1.0280529626010303e-05
298,14.9,-5.56886962321812e-07,-9.573426800015665e-07,4.0045571767975453e-07,-1.18977747021926e-05,1.1340887739870789e-05,-1.18977747021926e-05,1.1340887739870789e-05
299,14.950000000000001,-8.545818905858482e-07,-6.449916677338627e-07,-2.0959022285198552e-07,-1.1035495974686236e-05,1.0180914084100388e-05,-1.1035495974686236e-05,1.0180914084100388e-05
300,15.0,-2.187295429223468e-07,-2.06256948641685e-07,-1.2472594280661818e-08,-1.0700514604583875e-05,1.0481785061661528e-05,-1.0700514604583875e-05,1.0481785061661528e-05
301,15.05,-1.284204903972963e-06,-1.5040301518313731e-06,2.1982524785841008e-07,-1.2302570450969068e-05,1.1018365546996105e-05,-1.2302570450969068e-05,1.1018365546996105e-05
302,15.100000000000001,-1.8518704059111712e-07,-1.8290139778551492e-07,-2.2856428056022065e-09,-1.064985395593717e-05,1.0464666915346053e-05,-1.064985395593717e-05,1.0464666915346053e-05
303,15.15,-1.0937659020715529e-06,-1.2607952492254921e-06,1.6702934715393923e-07,-1.2031712478172704e-05,1.0937946576101151e-05,-1.2031712478172704e-05,1.0937946576101151e-05
304,15.200000000000001,3.6279568571551124e-08,-1.4268608086829984e-07,1.7896564943985096e-07,-1.058452655357705e-05,1.0620806122148602e-05,-1.058452655357705e-05,1.0620806122148602e-05
305,15.25,-1.104256595052533e-06,-1.4398147896840722e-06,3.355581946315393e-07,-1.2186278290221532e-05,1.1082021695168999e-05,-1.2186278290221532e-05,1.1082021695168999e-05
306,15.3,9.91308612974251e-09,-1.4538798320610672e-07,1.5530106933584923e-07,-1.0560905415053867e-05,1.057081850118361e-05,-1.0560905415053867e-05,1.057081850118361e-05
307,15.350000000000001,-9.492160250035298e-07,-1.1946863622987969e-06,2.454703372952671e-07,-1.1915521106110347e-05,1.0966305081106817e-05,-1.1915521106110347e-05,1.0966305081106817e-05
308,15.4,-5.945452490330183e-07,-5.176596379950796e-07,-7.688561103793867e-08,-1.0811065368341205e-05,1.0216520119308186e-05,-1.0811065368341205e-05,1.0216520119308186e-05
309,15.450000000000001,3.701834339064902e-08,-9.049275543526985e-08,1.2751109882591887e-07,-1.0487365521650451e-05,1.05243838650411e-05,-1.0487365521650451e-05,1.05243838650411e-05
310,15.5,-1.13058708584024e-06,-1.369990177227433e-06,2.3940309138719303e-07,-1.207309695921537e-05,1.094250987337513e-05,-1.207309695921537e-05,1.094250987337513e-05
311,15.55,1.4812742143988089e-08,-9.45859808892828e-08,1.0939872303327089e-07,-1.0466941688010626e-05,1.0481754430154614e-05,-1.0466941688010626e-05,1.0481754430154614e-05
312,15.600000000000001,-9.564605013556715e-07,-1.1168827334640106e-06,1.6042223210833906e-07,-1.1796159184925812e-05,1.083969868357014e-05,-1.1796159184925812e-05,1.083969868357014e-05
313,15.65,-5.93721900199462e-07,-4.667037660544848e-07,-1.2701813414497725e-07,-1.07193125085484e-05,1.0125590608348939e-05,-1.07193125085484e-05,1.0125590608348939e-05
314,15.700000000000001,-5.241276967993258e-07,-9.13403858214651e-07,3.892761614153252e-07,-1.1690876446220763e-05,1.1166748749421437e-05,-1.1690876446220763e-05,1.1166748749421437e-05
315,15.75,1.563548868155351e-08,-6.142203559359182e-08,7.705752427514533e-08,-1.0388958614884767e-05,1.0404594103566321e-05,-1.0388958614884767e-05,1.0404594103566321e-05
316,15.8,-1.1568672395600998e-06,-1.2907152888897668e-06,1.3384804932966693e-07,-1.1926574780145565e-05,1.0769707540585465e-05,-1.1926574780145565e-05,1.0769707540585465e-05
317,15.850000000000001,-1.3221045369604667e-09,-6.57548691805263e-08,6.443276464356584e-08,-1.0371190539212998e-05,1.0369868434676037e-05,-1.0371190539212998e-05,1.0369868434676037e-05
318,15.9,-9.770782191109717e-07,-1.045463352814834e-06,6.838513370386238e-08,-1.1659913251155132e-05,1.068283503204416e-05,-1.1659913251155132e-05,1.068283503204416e-05
319,15.950000000000001,-5.998694809772331e-07,-4.303875830090107e-07,-1.6948189796822246e-07,-1.061896721007917e-05,1.0019097729101936e-05,-1.061896721007917e-05,1.0019097729101936e-05
320,16.0,-3.34641924393253e-07,-6.025643308080664e-07,2.679224064148134e-07,-1.1316848881586189e-05,1.0982206957192936e-05,-1.1316848881586189e-05,1.0982206957192936e-05
321,16.05,-1.1543422699933359e-06,-1.2080386328298145e-06,5.369636283647865e-08,-1.1799779430586842e-05,1.0645437160593506e-05,-1.1799779430586842e-05,1.0645437160593506e-05
322,16.1,2.0887315432815967e-08,-2.5305970024401443e-08,4.619328545721741e-08,-1.0286324401642362e-05,1.0307211717075178e-05,-1.0286324401642362e-05,1.0307211717075178e-05
323,16.150000000000002,-9.58177237997404e-07,-9.554180679328907e-07,-2.7591700645133244e-09,-1.1527314977624605e-05,1.05691377396272e-05,-1.1527314977624605e-05,1.05691377396272e-05
324,16.2,-5.760124993647864e-07,-3.826787722315127e-07,-1.9333372713327366e-07,-1.0528992930165657e-05,9.95298043080087e-06,-1.0528992930165657e-05,9.95298043080087e-06
325,16.25,-3.150515320848868e-07,-5.254477975013957e-07,2.103962654165089e-07,-1.119797702485233e-05,1.0882925492767443e-05,-1.119797702485233e-05,1.0882925492767443e-05
326,16.3,-7.750982675691631e-07,-6.045636926576788e-07,-1.7053457491148427e-07,-1.0733679208781205e-05,9.958580941212042e-06,-1.0733679208781205e-05,9.958580941212042e-06
327,16.35,-3.329179891764511e-07,-5.251998344818291e-07,1.9228184530537798e-07,-1.1178778723491147e-05,1.0845860734314696e-05,-1.1178778723491147e-05,1.0845860734314696e-05
328,16.400000000000002,-5.492587016320272e-07,-3.409733471904775e-07,-2.0828535444154965e-07,-1.0451437383195734e-05,9.902178681563707e-06,-1.0451437383195734e-05,9.902178681563707e-06
329,16.45,-7.702333377768156e-07,-8.609754169010553e-07,9.074207912423972e-08,-1.1401987964835335e-05,1.063175462705852e-05,-1.1401987964835335e-05,1.063175462705852e-05
330,16.5,-1.040365238402785e-09,-4.3761786485426455e-07,4.3657749961586176e-07,-1.1071826372284202e-05,1.1070786007045799e-05,-1.1071826372284202e-05,1.1070786007045799e-05
331,16.55,-7.619125533819826e-07,-5.761750248479853e-07,-1.8573752853399726e-07,-1.0667796076362016e-05,9.905883522980034e-06,-1.0667796076362016e-05,9.905883522980034e-06
332,16.6,-8.756991414227144e-07,-1.096594645769605e-06,2.2089550434689056e-07,-1.166327200220505e-05,1.0787572860782335e-05,-1.166327200220505e-05,1.0787572860782335e-05
333,16.650000000000002,-7.402977733050875e-07,-5.443418450795376e-07,-1.9595592822554985e-07,-1.0590331567332533e-05,9.850033794027446e-06,-1.0590331567332533e-05,9.850033794027446e-06
334,16.7,-5.0700936338188285e-08,-4.5413194191880994e-07,4.0343100558062166e-07,-1.1024985972925107e-05,1.0974285036586919e-05,-1.1024985972925107e-05,1.0974285036586919e-05
335,16.75,-6.477901781654083e-07,-7.860587086488552e-07,1.382685304834469e-07,-1.1238366752718027e-05,1.0590576574552619e-05,-1.1238366752718027e-05,1.0590576574552619e-05
336,16.8,-5.034504211298696e-07,-2.7066064778886776e-07,-2.3278977334100184e-07,-1.0297375982168478e-05,9.793925561038608e-06,-1.0297375982168478e-05,9.793925561038608e-06
337,16.85,-1.2767904400412533e-08,-3.8473065405277515e-07,3.719627496523626e-07,-1.0938752412467454e-05,1.0925984508067041e-05,-1.0938752412467454e-05,1.0925984508067041e-05
338,16.900000000000002,-8.476166227788795e-07,-9.694010387938388e-07,1.217844160149593e-07,-1.1405624097383133e-05,1.0558007474604253e-05,-1.1405624097383133e-05,1.0558007474604253e-05
339,16.95,9.232801456704465e-08,8.33764933098459e-08,8.951521257198745e-09,-1.0019842739745953e-05,1.0112170754312998e-05,-1.0019842739745953e-05,1.0112170754312998e-05
340,17.0,-6.304912130161711e-07,-7.176671701612902e-07,8.71759571451191e-08,-1.1138366082170753e-05,1.0507874869154582e-05,-1.1138366082170753e-05,1.0507874869154582e-05
341,17.05,-4.788359824203781e-07,-2.3216479019410088e-07,-2.466711922262772e-07,-1.0227069640330299e-05,9.74823365790992e-06,-1.0227069640330299e-05,9.74823365790992e-06
342,17.1,1.1658726428720456e-08,-3.185038216582306e-07,3.3016254808695107e-07,-1.084133212731221e-05,1.085299085374093e-05,-1.084133212731221e-05,1.085299085374093e-05
343,17.150000000000002,-8.591168093596835e-07,-9.322161338273253e-07,7.309932446764178e-08,-1.1338477249627154e-05,1.047936044026747e-05,-1.1338477249627154e-05,1.047936044026747e-05
344,17.2,2.3221509282134178e-07,1.9558164890705953e-07,3.6633443914282255e-08,-9.876714036679332e-06,1.0108929129500674e-05,-9.876714036679332e-06,1.0108929129500674e-05
345,17.25,-1.2694181386052605e-06,-1.1700807732668379e-06,-9.933736533842266e-08,-1.1499805544679317e-05,1.0230387406074057e-05,-1.1499805544679317e-05,1.0230387406074057e-05
346,17.3,-4.988846693532167e-07,-5.523475554367699e-07,5.346288608355317e-08,-1.090946684482572e-05,1.0410582175472503e-05,-1.090946684482572e-05,1.0410582175472503e-05
347,17.35,2.686853698419256e-07,2.3586707193784194e-07,3.281829790408365e-08,-9.786796468449801e-06,1.0055481838291727e-05,-9.786796468449801e-06,1.0055481838291727e-05
348,17.400000000000002,-7.388767232496818e-07,-7.997226318908468e-07,6.084590864116498e-08,-1.1142788157626206e-05,1.0403911434376524e-05,-1.1142788157626206e-05,1.0403911434376524e-05
349,17.45,-7.426521309028544e-08,-4.2979960856832444e-07,3.55534395478039e-07,-1.0861230484482101e-05,1.0786965271391816e-05,-1.0861230484482101e-05,1.0786965271391816e-05
350,17.5,-6.504559852960057e-07,-7.955555113570118e-07,1.4509952606100614e-07,-1.1106123538877446e-05,1.045566755358144e-05,-1.1106123538877446e-05,1.045566755358144e-05
351,17.55,8.845009991098607e-08,-1.7914938142125602e-07,2.675994813322421e-07,-1.0597889805565893e-05,1.0686339905476879e-05,-1.0597889805565893e-05,1.0686339905476879e-05
352,17.6,-5.162000904501696e-07,-3.4275058728808886e-07,-1.734495031620807e-07,-1.0219739714098509e-05,9.703539623648339e-06,-1.0219739714098509e-05,9.703539623648339e-06
353,17.650000000000002,-5.224230581468703e-07,-5.122281826478871e-07,-1.0194875498983155e-08,-1.0819396491438571e-05,1.02969734332917e-05,-1.0819396491438571e-05,1.02969734332917e-05
354,17.7,9.1991642969802e-08,-1.545813962986989e-07,2.465730392685009e-07,-1.0552037506387509e-05,1.064402914935731e-05,-1.0552037506387509e-05,1.064402914935731e-05
355,17.75,-7.74225920152638e-07,-7.467567211277966e-07,-2.7469199024841385e-08,-1.1027191125065994e-05,1.0252965204913356e-05,-1.1027191125065994e-05,1.0252965204913356e-05
356,17.8,7.465751672430798e-08,-1.4602715144868688e-07,2.2068466817299487e-07,-1.0513268367824915e-05,1.0587925884549223e-05,-1.0513268367824915e-05,1.0587925884549223e-05
357,17.85,-1.4191679935660062e-06,-1.2841933735937715e-06,-1.349746199722347e-07,-1.1475971784350072e-05,1.0056803790784066e-05,-1.1475971784350072e-05,1.0056803790784066e-05
358,17.900000000000002,-5.202606647713992e-07,-4.4949855393498513e-07,-7.076211083641408e-08,-1.0667725663645191e-05,1.0147464998873792e-05,-1.0667725663645191e-05,1.0147464998873792e-05
359,17.95,9.484143914662013e-08,-1.0086678136297032e-07,1.9570822050959045e-07,-1.0407572588747565e-05,1.0502414027894185e-05,-1.0407572588747565e-05,1.0502414027894185e-05
360,18.0,-7.675401578755014e-07,-6.054647969176348e-07,-1.6207536095786666e-07,-1.0372244776957308e-05,9.604704619081806e-06,-1.0372244776957308e-05,9.604704619081806e-06
361,18.05,1.514820370251968e-07,-1.3762078844827782e-07,2.8910282547347463e-07,-1.0421776206727895e-05,1.0573258243753091e-05,-1.0421776206727895e-05,1.0573258243753091e-05
362,18.1,-4.128271370307246e-07,-4.4912007193279845e-07,3.6292934902073855e-08,-1.061821322100769e-05,1.0205386083976965e-05,-1.061821322100769e-05,1.0205386083976965e-05
363,18.150000000000002,-4.0001314705051527e-07,-4.246100116989652e-07,2.459686464844994e-08,-1.0590784043992955e-05,1.019077089694244e-05,-1.0590784043992955e-05,1.019077089694244e-05
364,18.2,2.1947630546303998e-07,-7.80351994692742e-08,2.9751150493231415e-07,-1.0332605248545659e-05,1.0552081554008699e-05,-1.0332605248545659e-05,1.0552081554008699e-05
365,18.25,-9.659384334614884e-07,-9.75847907380614e-07,9.909473919125465e-09,-1.1115981587070399e-05,1.015004315360891e-05,-1.1115981587070399e-05,1.015004315360891e-05
366,18.3,1.9008712304202646e-07,-9.050182787308361e-08,2.805889509151101e-07,-1.0312708159668007e-05,1.0502795282710033e-05,-1.0312708159668007e-05,1.0502795282710033e-05
367,18.35,-6.846527720316686e-07,-6.764825837451957e-07,-8.170188286472942e-09,-1.0784749251525271e-05,1.0100096479493602e-05,-1.0784749251525271e-05,1.0100096479493602e-05
368,18.400000000000002,-1.0737135003324738e-07,-3.7559029055046907e-07,2.682189405172217e-07,-1.0570350025691317e-05,1.046297867565807e-05,-1.0570350025691317e-05,1.046297867565807e-05
369,18.45,-4.310214685165903e-07,-4.0647275646625363e-07,-2.4548712050336658e-08,-1.0483446623177772e-05,1.0052425154661181e-05,-1.0483446623177772e-05,1.0052425154661181e-05
370,18.5,-2.5240791967640064e-07,-3.646965146230733e-07,1.1228859494667265e-07,-1.0439586176012355e-05,1.0187178256335954e-05,-1.0439586176012355e-05,1.0187178256335954e-05
371,18.55,-6.851060434520662e-07,-6.553326932325456e-07,-2.9773350219520563e-08,-1.0747112038889692e-05,1.0062005995437626e-05,-1.0747112038889692e-05,1.0062005995437626e-05
372,18.6,2.0367784236974273e-07,-4.69320653826828e-08,2.5060990775242553e-07,-1.0222743171870026e-05,1.0426421014239769e-05,-1.0222743171870026e-05,1.0426421014239769e-05
373,18.650000000000002,-1.2816818359961957e-06,-1.0186440615843794e-06,-2.630377744118163e-07,-1.1081878930161299e-05,9.800197094165103e-06,-1.1081878930161299e-05,9.800197094165103e-06
374,18.7,1.9648629057122946e-07,-4.458572222718284e-08,2.410720127984123e-07,-1.01689929748513e-05,1.036547926542253e-05,-1.01689929748513e-05,1.036547926542253e-05
375,18.75,-4.4185622349868225e-07,-3.3503695927362785e-07,-1.0681926422505441e-07,-9.923296998163774e-06,9.481440774665091e-06,-9.923296998163774e-06,9.481440774665091e-06
376,18.8,-3.3036096092065037e-07,-3.098496858916029e-07,-2.0511275029047495e-08,-1.0327174725539345e-05,9.996813764618694e-06,-1.0327174725539345e-05,9.996813764618694e-06
377,18.85,3.613449726103113e-07,7.311249739358188e-08,2.882324752167294e-07,-1.0030166082417922e-05,1.0391511055028233e-05,-1.0030166082417922e-05,1.0391511055028233e-05
378,18.900000000000002,-5.378511478415504e-07,-5.153216781971612e-07,-2.2529469644389166e-08,-1.0505567509668628e-05,9.967716361827078e-06,-1.0505567509668628e-05,9.967716361827078e-06
379,18.95,4.490658112032975e-08,-2.435355232860176e-07,2.8844210440634734e-07,-1.031784514939278e-05,1.0362751730513109e-05,-1.031784514939278e-05,1.0362751730513109e-05
380,19.0,-2.666376439641738e-07,-2.336975661721033e-07,-3.294007779207048e-08,-1.0191373192046555e-05,9.924735548082381e-06,-1.0191373192046555e-05,9.924735548082381e-06
381,19.05,-5.486196525961162e-07,-5.246375720993265e-07,-2.3982080496789702e-08,-1.0479541016628528e-05,9.930921364032412e-06,-1.0479541016628528e-05,9.930921364032412e-06
382,19.1,-2.57889315014026e-07,-2.1029114921708647e-07,-4.759816579693954e-08,-1.015829004084751e-05,9.900400725833484e-06,-1.015829004084751e-05,9.900400725833484e-06
383,19.150000000000002,-2.499180857817862e-07,-5.188310631412504e-07,2.689129773594642e-07,-1.0553086158942853e-05,1.0303168073161067e-05,-1.0553086158942853e-05,1.0303168073161067e-05
384,19.200000000000003,3.083995553376795e-07,6.316479443986539e-08,2.452347608978141e-07,-9.942429075712248e-06,1.0250828631049927e-05,-9.942429075712248e-06,1.0250828631049927e-05
385,19.25,-5.884719712634379e-07,-5.174225377457164e-07,-7.104943351772147e-08,-1.0411977671978959e-05,9.823505700715521e-06,-1.0411977671978959e-05,9.823505700715521e-06
386,19.3,1.2275197525113413e-08,-2.434138987129298e-07,2.556890962380432e-07,-1.0222782304447101e-05,1.0235057501972215e-05,-1.0222782304447101e-05,1.0235057501972215e-05
387,19.35,-3.024921783056911e-07,-2.3020032242335772e-07,-7.229185588233336e-08,-1.0094980920328588e-05,9.792488742022897e-06,-1.0094980920328588e-05,9.792488742022897e-06
388,19.400000000000002,-5.857536434783484e-07,-5.290860656988175e-07,-5.6667577779530816e-08,-1.0392365357166392e-05,9.806611713688044e-06,-1.0392365357166392e-05,9.806611713688044e-06
389,19.450000000000003,-2.6794194829538043e-07,-1.8228239698570884e-07,-8.565955130967159e-08,-1.0039800245779886e-05,9.771858297484506e-06,-1.0039800245779886e-05,9.771858297484506e-06
390,19.5,6.267655250358217e-08,-1.8519472102948138e-07,2.4787127353306353e-07,-1.0129955720960002e-05,1.0192632273463585e-05,-1.0129955720960002e-05,1.0192632273463585e-05
391,19.55,-5.871885260244625e-07,-4.830864427644622e-07,-1.0410208326000028e-07,-1.0314688492066366e-05,9.727499966041903e-06,-1.0314688492066366e-05,9.727499966041903e-06
392,19.6,3.064597411395198e-07,8.861527902702362e-08,2.1784446211249618e-07,-9.828274399362405e-06,1.0134734140501925e-05,-9.828274399362405e-06,1.0134734140501925e-05
393,19.650000000000002,-5.651714208854131e-07,-4.898014831456507e-07,-7.536993773976231e-08,-1.0298000804532387e-05,9.732829383646974e-06,-1.0298000804532387e-05,9.732829383646974e-06
394,19.700000000000003,-4.744145642998632e-08,-1.2494661936522193e-07,7.750516293523561e-08,-9.928523097630808e-06,9.881081641200821e-06,-9.928523097630808e-06,9.881081641200821e-06
395,19.75,-5.456569472928052e-07,-4.644485533312086e-07,-8.12083939615966e-08,-1.0286078822823678e-05,9.740421875530873e-06,-1.0286078822823678e-05,9.740421875530873e-06
396,19.8,3.3264029097868075e-07,1.1694141816559862e-07,2.1569887281308214e-07,-9.787710699637861e-06,1.0120350990616542e-05,-9.787710699637861e-06,1.0120350990616542e-05
397,19.85,-8.58337790066166e-07,-7.590934967841286e-07,-9.92442932820374e-08,-1.0556188574472317e-05,9.69785078440615e-06,-1.0556188574472317e-05,9.69785078440615e-06
398,19.900000000000002,2.9817183933023017e-07,8.813569912201439e-08,2.1003614020821578e-07,-9.790004117383122e-06,1.0088175956713352e-05,-9.790004117383122e-06,1.0088175956713352e-05
399,19.950000000000003,-5.951381558677582e-07,-4.6602608147037383e-07,-1.2911207439738437e-07,-1.0236912878644328e-05,9.64177472277657e-06,-1.0236912878644328e-05,9.64177472277657e-06
400,20.0,2.2815866751457747e-08,-2.0812120093326974e-07,2.309370676847275e-07,-1.0064297963271375e-05,1.0087113830022833e-05,-1.0064297963271375e-05,1.0087113830022833e-05
401,20.05,-2.9625421049672696e-07,-1.7908455045613833e-07,-1.1716966004058862e-07,-9.924338721125706e-06,9.628084510628979e-06,-9.924338721125706e-06,9.628084510628979e-06
402,20.1,-5.56710950894157e-07,-4.6114446645934323e-07,-9.556648443481378e-08,-1.0206694443337006e-05,9.649983492442849e-06,-1.0206694443337006e-05,9.649983492442849e-06
403,20.150000000000002,3.1617630069646907e-07,1.151897293253642e-07,2.0098657137110488e-07,-9.713755552512456e-06,1.0029931853208925e-05,-9.713755552512456e-06,1.0029931853208925e-05
404,20.200000000000003,-6.016854979806752e-07,-4.5725484514431233e-07,-1.4443065283636283e-07,-1.0180021586777105e-05,9.57833608879643e-06,-1.0180021586777105e-05,9.57833608879643e-06
405,20.25,3.12167661720153e-08,-1.932652275373979e-07,2.244819937094132e-07,-1.0001500821354582e-05,1.0032717587526597e-05,-1.0001500821354582e-05,1.0032717587526597e-05
406,20.3,-2.946772548195753e-07,-1.6470336317573965e-07,-1.2997389164383564e-07,-9.862969292041482e-06,9.568292037221907e-06,-9.862969292041482e-06,9.568292037221907e-06
407,20.35,-5.543111485373231e-07,-4.5081163200554435e-07,-1.0349951653177876e-07,-1.0149947252063193e-05,9.59563610352587e-06,-1.0149947252063193e-05,9.59563610352587e-06
408,20.400000000000002,-2.826026461733022e-07,-1.4766753920798615e-07,-1.3493510696531607e-07,-9.843503719488447e-06,9.560901073315145e-06,-9.843503719488447e-06,9.560901073315145e-06
409,20.450000000000003,3.3813106492530665e-07,1.4014734020863462e-07,1.9798372471667202e-07,-9.642982807383784e-06,9.98111387230909e-06,-9.642982807383784e-06,9.98111387230909e-06
410,20.5,-1.0023630447886234e-06,-8.144277654090538e-07,-1.8793527937956955e-07,-1.1757972052238541e-05,1.0755609007449918e-05,-1.1757972052238541e-05,1.0755609007449918e-05
411,20.55,5.840146843905103e-07,1.906271625175661e-07,3.9338752187294417e-07,-9.552359979519178e-06,1.0136374663909688e-05,-9.552359979519178e-06,1.0136374663909688e-05
412,20.6,-6.860913456252504e-07,-5.161301277710453e-07,-1.6996121785420508e-07,-1.1436924453200599e-05,1.0750833107575348e-05,-1.1436924453200599e-05,1.0750833107575348e-05
413,20.650000000000002,-5.944297247761909e-07,-4.298509202393388e-07,-1.6457880453685214e-07,-1.0067317835201646e-05,9.472888110425455e-06,-1.0067317835201646e-05,9.472888110425455e-06
414,20.700000000000003,3.0670889616946084e-07,1.1090532812015374e-07,1.958035680493071e-07,-9.611591767129077e-06,9.918300663298538e-06,-9.611591767129077e-06,9.918300663298538e-06
415,20.75,-5.57973346859697e-07,-4.429659990269964e-07,-1.150073478327006e-07,-1.006113511363329e-05,9.503161766773593e-06,-1.006113511363329e-05,9.503161766773593e-06
416,20.8,-2.7900726462526393e-07,-1.3250692843996004e-07,-1.4650033618530389e-07,-9.747877443480107e-06,9.468870178854844e-06,-9.747877443480107e-06,9.468870178854844e-06
417,20.85,6.712751832171904e-08,-1.5631985989553078e-07,2.234473782172498e-07,-9.858750009742127e-06,9.925877528063846e-06,-9.858750009742127e-06,9.925877528063846e-06
418,20.900000000000002,-7.285725448502589e-07,-4.921959758892976e-07,-2.363765689609613e-07,-1.1340867197430225e-05,1.0612294652579967e-05,-1.1340867197430225e-05,1.0612294652579967e-05
419,20.950000000000003,5.923583640266017e-07,1.9552843015138626e-07,3.9682993387521544e-07,-9.467953242992985e-06,1.0060311607019586e-05,-9.467953242992985e-06,1.0060311607019586e-05
420,21.0,-6.86485828516048e-07,-5.039064651076001e-07,-1.8257936340844792e-07,-1.133668903946517e-05,1.0650203210949122e-05,-1.133668903946517e-05,1.0650203210949122e-05
421,21.05,-2.7752871567532367e-07,-1.2594538338364128e-07,-1.515833322916824e-07,-9.685561472885356e-06,9.408032757210033e-06,-9.685561472885356e-06,9.408032757210033e-06
422,21.1,-5.3030135693799e-07,-4.0457211354524656e-07,-1.257292433927434e-07,-9.965736456828538e-06,9.435435099890548e-06,-9.965736456828538e-06,9.435435099890548e-06
423,21.150000000000002,3.421010140725045e-07,1.4671662659866827e-07,1.953843874738362e-07,-9.497049544546565e-06,9.83915055861907e-06,-9.497049544546565e-06,9.83915055861907e-06
424,21.200000000000003,-5.932893770710379e-07,-4.1250009496290265e-07,-1.8078928210813525e-07,-9.95335665520108e-06,9.360067278130043e-06,-9.95335665520108e-06,9.360067278130043e-06
425,21.25,6.334886237802095e-08,-1.5734938477309208e-07,2.2069824715111304e-07,-9.782793733603602e-06,9.846142595981623e-06,-9.782793733603602e-06,9.846142595981623e-06
426,21.3,-2.625124705391002e-07,-1.0582666357820431e-07,-1.566858069608959e-07,-9.624531625805426e-06,9.362019155266326e-06,-9.624531625805426e-06,9.362019155266326e-06
427,21.35,-6.725639377647141e-07,-6.745734036224419e-07,2.009465857727765e-09,-1.1440544145936493e-05,1.0767980208171779e-05,-1.1440544145936493e-05,1.0767980208171779e-05
428,21.400000000000002,1.9070049306346704e-07,6.359701961080354e-08,1.2710347345266348e-07,-1.0783842801427887e-05,1.0974543294491354e-05,-1.0783842801427887e-05,1.0974543294491354e-05
429,21.450000000000003,3.055122954620515e-08,-1.5908162781118363e-08,4.645939232732351e-08,-9.501022221482849e-06,9.531573451029054e-06,-9.501022221482849e-06,9.531573451029054e-06
430,21.5,-6.61434747750711e-07,-4.6291227635821114e-07,-1.9852247139249984e-07,-1.1213038556745945e-05,1.0551603808995234e-05,-1.1213038556745945e-05,1.0551603808995234e-05
431,21.55,3.5079405535931585e-07,1.5658194656045934e-07,1.942121087988565e-07,-9.414980588697718e-06,9.765774644057034e-06,-9.414980588697718e-06,9.765774644057034e-06
432,21.6,-5.681072272611942e-07,-3.7813907248009287e-07,-1.8996815478110136e-07,-9.847961154764613e-06,9.279853927503419e-06,-9.847961154764613e-06,9.279853927503419e-06
433,21.650000000000002,6.767318305733738e-08,-1.4995033644486826e-07,2.1762351950220564e-07,-9.704078075604749e-06,9.771751258662086e-06,-9.704078075604749e-06,9.771751258662086e-06
434,21.700000000000003,-2.62442537923846e-07,-9.886008915737825e-08,-1.6358244876646773e-07,-9.547401432044468e-06,9.284958894120622e-06,-9.547401432044468e-06,9.284958894120622e-06
435,21.75,-5.141206466108272e-07,-3.767568630485864e-07,-1.3736378356224085e-07,-9.827496128137112e-06,9.313375481526285e-06,-9.827496128137112e-06,9.313375481526285e-06
436,21.8,-2.444061969475442e-07,-7.823269098008855e-08,-1.6617350596745564e-07,-9.527012320352631e-06,9.282606123405087e-06,-9.527012320352631e-06,9.282606123405087e-06
437,21.85,2.495508375499611e-07,1.2210046551098608e-07,1.2745037203897502e-07,-1.0648950115580989e-05,1.089850095313095e-05,-1.0648950115580989e-05,1.089850095313095e-05
438,21.900000000000002,-5.439763625103566e-07,-5.948212595226019e-07,5.0844897012245264e-08,-1.0012699931078337e-05,9.46872356856798e-06,-1.0012699931078337e-05,9.46872356856798e-06
439,21.950000000000003,2.1645900949440744e-07,9.360266654693764e-08,1.228563429474698e-07,-1.0657662116612461e-05,1.0874121126106869e-05,-1.0657662116612461e-05,1.0874121126106869e-05
440,22.0,-5.123346733526546e-07,-3.6889250004567417e-07,-1.4344217330698042e-07,-9.767924904396032e-06,9.255590231043377e-06,-9.767924904396032e-06,9.255590231043377e-06
441,22.05,-5.603864522418789e-07,-3.571869381236135e-07,-2.031995141182654e-07,-9.754459546155647e-06,9.194073093913768e-06,-9.754459546155647e-06,9.194073093913768e-06
442,22.1,2.47670932762567e-07,-5.268849863115136e-08,3.003594313937184e-07,-9.533596532158292e-06,9.781267464920859e-06,-9.533596532158292e-06,9.781267464920859e-06
443,22.150000000000002,-2.580476125002562e-07,-8.528149511764013e-08,-1.7276611738261609e-07,-9.465780189209315e-06,9.20773257670906e-06,-9.465780189209315e-06,9.20773257670906e-06
444,22.200000000000003,-2.814344716162154e-07,-4.4833433191218416e-07,1.6689986029596878e-07,-9.831110395589674e-06,9.549675923973459e-06,-9.831110395589674e-06,9.549675923973459e-06
445,22.25,-8.198539025450202e-07,-4.345378691171944e-07,-3.8531603342782583e-07,-1.1068378760217937e-05,1.0248524857672917e-05,-1.1068378760217937e-05,1.0248524857672917e-05
446,22.3,3.6697772221039315e-07,1.6559887336945241e-07,2.0137884884094074e-07,-9.277580559026e-06,9.644558281236393e-06,-9.277580559026e-06,9.644558281236393e-06
447,22.35,-1.0352242776345832e-06,-8.682993483186968e-07,-1.6692492931588649e-07,-1.1441183771577328e-05,1.0405959493942745e-05,-1.1441183771577328e-05,1.0405959493942745e-05
448,22.400000000000002,6.523345192910313e-07,2.385101094561035e-07,4.138244098349278e-07,-9.16786757459301e-06,9.820202093884041e-06,-9.16786757459301e-06,9.820202093884041e-06
449,22.450000000000003,-3.982924967615986e-07,-1.4590363842004037e-07,-2.5238885834155824e-07,-1.0699615730347373e-05,1.0301323233585775e-05,-1.0699615730347373e-05,1.0301323233585775e-05
450,22.5,-5.635218232047379e-07,-4.956442203816464e-07,-6.787760282309143e-08,-9.807054506447876e-06,9.243532683243138e-06,-9.807054506447876e-06,9.243532683243138e-06
451,22.55,-2.4985287205847584e-07,-6.923103858563409e-08,-1.8062183347284176e-07,-9.373535544789437e-06,9.123682672730961e-06,-9.373535544789437e-06,9.123682672730961e-06
452,22.6,3.744848758868713e-07,1.7196224900735065e-07,2.0252262687952064e-07,-9.216871876964785e-06,9.591356752851656e-06,-9.216871876964785e-06,9.591356752851656e-06
453,22.650000000000002,-8.106461643064833e-07,-6.132342239657705e-07,-1.9741194034071277e-07,-9.90328823304443e-06,9.092642068737947e-06,-9.90328823304443e-06,9.092642068737947e-06
454,22.700000000000003,3.567607117505034e-07,1.5783796696113365e-07,1.9892274478936974e-07,-9.210559252220976e-06,9.56731996397148e-06,-9.210559252220976e-06,9.56731996397148e-06
455,22.75,-6.514970062321268e-07,-5.064882736324887e-07,-1.4500873259963813e-07,-9.776354624776997e-06,9.12485761854487e-06,-9.776354624776997e-06,9.12485761854487e-06
456,22.8,3.399967534178927e-07,1.4491868730534654e-07,1.9507806611254616e-07,-9.207353625068652e-06,9.547350378486545e-06,-9.207353625068652e-06,9.547350378486545e-06
457,22.85,-6.954681363025017e-07,-5.311578082340909e-07,-1.6431032806841077e-07,-1.1007989310093929e-05,1.0312521173791427e-05,-1.1007989310093929e-05,1.0312521173791427e-05
458,22.900000000000002,-3.273034201445313e-07,-2.53597645205095e-07,-7.370577493943631e-08,-9.490217237427974e-06,9.162913817283443e-06,-9.490217237427974e-06,9.162913817283443e-06
459,22.950000000000003,-3.851448171499072e-07,-1.2104846918024074e-07,-2.640963479696665e-07,-1.0575798634988555e-05,1.0190653817838648e-05,-1.0575798634988555e-05,1.0190653817838648e-05
460,23.0,3.924003081356986e-07,-1.243455085263397e-07,5.167458166620382e-07,-9.424452313738876e-06,9.816852621874574e-06,-9.424452313738876e-06,9.816852621874574e-06
461,23.05,-7.372656832815849e-07,-4.2819404099490596e-07,-3.0907164228667896e-07,-1.086658611272811e-05,1.0129320429446525e-05,-1.086658611272811e-05,1.0129320429446525e-05
462,23.1,-2.5648822554735773e-07,-6.91071991744302e-08,-1.8738102637292753e-07,-9.2699739178596e-06,9.013485692312242e-06,-9.2699739178596e-06,9.013485692312242e-06
463,23.150000000000002,6.81401823854344e-08,-2.220429968947493e-07,2.901831792801837e-07,-9.506257007378487e-06,9.574397189763921e-06,-9.506257007378487e-06,9.574397189763921e-06
464,23.200000000000003,-2.6972328548424684e-07,-8.195813978893973e-08,-1.8776514569530712e-07,-9.264918140255337e-06,8.99519485477109e-06,-9.264918140255337e-06,8.99519485477109e-06
465,23.25,-2.5003255321731643e-07,-6.176717131921421e-08,-1.882653818981022e-07,-9.247222050564186e-06,8.99718949734687e-06,-9.247222050564186e-06,8.99718949734687e-06
466,23.3,-3.111125771448897e-07,-1.8078714370265293e-07,-1.3032543344223678e-07,-9.36860932715888e-06,9.05749675001399e-06,-9.36860932715888e-06,9.05749675001399e-06
467,23.35,1.6668066038505458e-07,-6.452986711217128e-08,2.3121052749722586e-07,-9.335214311325588e-06,9.501894971710642e-06,-9.335214311325588e-06,9.501894971710642e-06
468,23.400000000000002,-7.300777866703356e-07,-4.1013588112617507e-07,-3.1994190554416056e-07,-1.0795831396456658e-05,1.0065753609786323e-05,-1.0795831396456658e-05,1.0065753609786323e-05
469,23.450000000000003,6.069366815797395e-07,1.1858933990468827e-07,4.883473416750512e-07,-9.11623148403123e-06,9.72316816561097e-06,-9.11623148403123e-06,9.72316816561097e-06
470,23.5,-1.0592722193836224e-06,-6.366835020304866e-07,-4.225887173531358e-07,-1.1009636270934709e-05,9.950364051551086e-06,-1.1009636270934709e-05,9.950364051551086e-06
471,23.55,6.604683433497627e-08,-2.091567907533754e-07,2.752036250883517e-07,-9.405126526177765e-06,9.471173360512741e-06,-9.405126526177765e-06,9.471173360512741e-06
472,23.6,-2.777951736421258e-07,-8.673163796415506e-08,-1.9106353567797076e-07,-9.182623812894201e-06,8.904828639252075e-06,-9.182623812894201e-06,8.904828639252075e-06
473,23.650000000000002,7.771662191569106e-08,4.2851569790741e-08,3.4865052124950063e-08,-9.055582393730217e-06,9.133299015645908e-06,-9.055582393730217e-06,9.133299015645908e-06
474,23.700000000000003,-6.219060356693618e-07,-4.1474962712765856e-07,-2.071564085417032e-07,-1.0750903670603825e-05,1.0128997634934463e-05,-1.0750903670603825e-05,1.0128997634934463e-05
475,23.75,-2.612980551930377e-07,-6.87818295942728e-08,-1.9251622559876494e-07,-9.169975863487333e-06,8.908677808294296e-06,-9.169975863487333e-06,8.908677808294296e-06
476,23.8,3.5789160135468734e-07,1.4245679006904342e-07,2.1543481128564391e-07,-9.04050057046236e-06,9.398392171817048e-06,-9.04050057046236e-06,9.398392171817048e-06
477,23.85,-6.142997601710221e-07,-4.116534540050429e-07,-2.0264630616597915e-07,-9.499089919974668e-06,8.884790159803646e-06,-9.499089919974668e-06,8.884790159803646e-06
478,23.900000000000002,1.5911508977062283e-07,-1.0640659199151716e-07,2.6552168176214e-07,-9.273445307979372e-06,9.432560397749995e-06,-9.273445307979372e-06,9.432560397749995e-06
479,23.950000000000003,-7.2598632927523e-07,-3.590888844847974e-07,-3.668974447904326e-07,-1.0637288268432096e-05,9.911301939156866e-06,-1.0637288268432096e-05,9.911301939156866e-06
480,24.0,1.0107877657095088e-07,6.219449096982371e-08,3.888428560112717e-08,-8.967629776049072e-06,9.068708552620023e-06,-8.967629776049072e-06,9.068708552620023e-06
481,24.05,-4.2278342970991645e-07,-1.7515635776949492e-07,-2.476270719404215e-07,-1.0436702887591968e-05,1.0013919457882052e-05,-1.0436702887591968e-05,1.0013919457882052e-05
482,24.1,-1.1915683195695692e-07,-3.003415118068537e-07,1.8118467984989678e-07,-9.41536623476724e-06,9.296209402810283e-06,-9.41536623476724e-06,9.296209402810283e-06
483,24.150000000000002,-2.3342836086293062e-07,-3.8560394327103235e-08,-1.9486796653582738e-07,-9.052719065262475e-06,8.819290704399544e-06,-9.052719065262475e-06,8.819290704399544e-06
484,24.200000000000003,-2.785416168826771e-07,-1.111619208354368e-07,-1.673796960472403e-07,-9.127651635349685e-06,8.849110018467008e-06,-9.127651635349685e-06,8.849110018467008e-06
485,24.25,3.786212321443827e-07,1.5731862039903246e-07,2.2130261174535024e-07,-8.939811292711654e-06,9.318432524856037e-06,-8.939811292711654e-06,9.318432524856037e-06
486,24.3,-4.1438274922533935e-07,-4.4426446215606335e-07,2.9881712930724e-08,-9.447116294726239e-06,9.0327335455009e-06,-9.447116294726239e-06,9.0327335455009e-06
487,24.35,1.6646513589790857e-07,3.826991390683145e-08,1.2819522199107712e-07,-1.0268606350046267e-05,1.0435071485944176e-05,-1.0268606350046267e-05,1.0435071485944176e-05
488,24.400000000000002,-2.924428517125932e-07,-1.1253218006152536e-07,-1.7991067165106785e-07,-9.097753804104795e-06,8.805310952392202e-06,-9.097753804104795e-06,8.805310952392202e-06
489,24.450000000000003,-5.08723256631427e-07,-2.4252999427287655e-07,-2.661932623585505e-07,-9.230211255947121e-06,8.721487999315694e-06,-9.230211255947121e-06,8.721487999315694e-06
490,24.5,-4.3133685379004305e-07,-2.7005338664534e-07,-1.6128346714470303e-07,-9.235478661712197e-06,8.804141807922154e-06,-9.235478661712197e-06,8.804141807922154e-06
491,24.55,1.2775380819896043e-07,1.0057708999602045e-07,2.7176718202939977e-08,-9.720144710048047e-06,9.847898518247008e-06,-9.720144710048047e-06,9.847898518247008e-06
492,24.6,-3.115262585673406e-07,-1.8899677322170908e-07,-1.2252948534563154e-07,-8.69458569780903e-06,8.38305943924169e-06,-8.69458569780903e-06,8.38305943924169e-06
493,24.650000000000002,-6.221512527382345e-08,-1.248574409024598e-07,6.264231562863635e-08,-9.955690304341684e-06,9.89347517906786e-06,-9.955690304341684e-06,9.89347517906786e-06
494,24.700000000000003,-3.341576708670857e-07,-2.5677746121929802e-08,-3.084799247451559e-07,-8.536095040688453e-06,8.201937369821368e-06,-8.536095040688453e-06,8.201937369821368e-06
495,24.75,-9.38185213072984e-07,-5.192148284159573e-07,-4.189703846570267e-07,-9.036757002858823e-06,8.098571789785839e-06,-9.036757002858823e-06,8.098571789785839e-06
496,24.8,2.6860223512059633e-07,1.2159332560728018e-07,1.4700890951331616e-07,-8.47326516707506e-06,8.741867402195656e-06,-8.47326516707506e-06,8.741867402195656e-06
497,24.85,2.5006961856810506e-07,1.0462559104033544e-07,1.4544402752776961e-07,-8.486057652107041e-06,8.736127270675146e-06,-8.486057652107041e-06,8.736127270675146e-06
498,24.900000000000002,-6.959497576008999e-07,-5.342150814331187e-07,-1.6173467616778121e-07,-9.03178372935738e-06,8.33583397175648e-06,-9.03178372935738e-06,8.33583397175648e-06
499,24.950000000000003,1.0632107816377356e-07,5.046825920624362e-08,5.585281895752994e-08,-9.745530786911483e-06,9.851851865075256e-06,-9.745530786911483e-06,9.851851865075256e-06
500,25.0,-3.243614417058893e-07,-1.8658309721551673e-08,-3.0570313198433764e-07,-8.4987694486769e-06,8.174408006971011e-06,-8.4987694486769e-06,8.174408006971011e-06
501,25.05,2.750288677910717e-07,1.2391397177752114e-07,1.5111489601355058e-07,-8.458074186275932e-06,8.733103054067003e-06,-8.458074186275932e-06,8.733103054067003e-06
502,25.1,-9.964020027952714e-07,-5.867297539296129e-07,-4.0967224886565845e-07,-9.075980909271484e-06,8.079578906476213e-06,-9.075980909271484e-06,8.079578906476213e-06
503,25.150000000000002,2.493350479415568e-07,9.175715729123894e-08,1.5757789065031786e-07,-8.47035298725957e-06,8.719688035201127e-06,-8.47035298725957e-06,8.719688035201127e-06
504,25.200000000000003,-4.722168879256472e-07,-7.103652695132159e-08,-4.011803609743256e-07,-9.742968273423391e-06,9.270751385497744e-06,-9.742968273423391e-06,9.270751385497744e-06
505,25.25,1.2344972821765055e-08,8.398230773342091e-08,-7.163733491165586e-08,-8.38318484375072e-06,8.395529816572484e-06,-8.38318484375072e-06,8.395529816572484e-06
506,25.3,-3.868914311144778e-08,-7.24821568892434e-08,3.3793013777795625e-08,-9.86201291971644e-06,9.823323776604993e-06,-9.86201291971644e-06,9.823323776604993e-06
507,25.35,-8.109666249644931e-07,-4.4373485306259774e-07,-3.672317719018954e-07,-8.899037108145437e-06,8.088070483180943e-06,-8.899037108145437e-06,8.088070483180943e-06
508,25.400000000000002,3.078169596992808e-07,1.253686346802731e-07,1.824483250190077e-07,-8.424742176468446e-06,8.732559136167727e-06,-8.424742176468446e-06,8.732559136167727e-06
509,25.450000000000003,-6.654131954331177e-07,-2.7833475159732997e-07,-3.8707844383578775e-07,-8.736309155292198e-06,8.07089595985908e-06,-8.736309155292198e-06,8.07089595985908e-06
510,25.5,1.0316623111350509e-07,-4.5435790511998425e-08,1.4860202162550352e-07,-8.602253970015613e-06,8.705420201129118e-06,-8.602253970015613e-06,8.705420201129118e-06
511,25.55,-8.481525426429215e-08,-2.4967771662859694e-08,-5.984748260143246e-08,-8.467011339538102e-06,8.38219608527381e-06,-8.467011339538102e-06,8.38219608527381e-06
512,25.6,1.632577110166622e-07,7.047166933853264e-08,9.278604167812956e-08,-9.689484139520449e-06,9.852741850537111e-06,-9.689484139520449e-06,9.852741850537111e-06
513,25.650000000000002,-6.6931103481771e-07,-2.7853656901475436e-07,-3.907744658029557e-07,-8.727351819005711e-06,8.058040784188001e-06,-8.727351819005711e-06,8.058040784188001e-06
514,25.700000000000003,1.0838729047613072e-07,-5.424403018487305e-08,1.6263132066100375e-07,-8.601579363227672e-06,8.709966653703803e-06,-8.601579363227672e-06,8.709966653703803e-06
515,25.75,-4.6258894437212206e-07,-1.550259303224323e-07,-3.0756301404968977e-07,-8.587809581640512e-06,8.12522063726839e-06,-8.587809581640512e-06,8.12522063726839e-06
516,25.8,1.8605309271002568e-07,8.880559860290359e-08,9.724749410712209e-08,-9.638095739364873e-06,9.824148832074899e-06,-9.638095739364873e-06,9.824148832074899e-06
517,25.85,-3.03105314625185e-07,-1.62866862044249e-07,-1.4023845258093597e-07,-8.58472529476691e-06,8.281619980141724e-06,-8.58472529476691e-06,8.281619980141724e-06
518,25.900000000000002,-7.898243759019152e-08,-1.3133665194029433e-07,5.235421435010281e-08,-9.86823868387574e-06,9.789256246285549e-06,-9.86823868387574e-06,9.789256246285549e-06
519,25.950000000000003,-3.210679064835631e-07,-2.6772592584980375e-08,-2.942953138985827e-07,-8.434641867998815e-06,8.113573961515251e-06,-8.434641867998815e-06,8.113573961515251e-06
520,26.0,-4.2295307500772594e-07,-1.0438978578973125e-07,-3.185632892179947e-07,-8.525100837477949e-06,8.102147762470223e-06,-8.525100837477949e-06,8.102147762470223e-06
521,26.05,1.6270301661513997e-07,-3.1838655617919784e-08,1.9454167223305976e-07,-8.548095121927675e-06,8.710798138542815e-06,-8.548095121927675e-06,8.710798138542815e-06
522,26.1,-6.816541027188094e-07,-2.8143805272613015e-07,-4.002160499926793e-07,-8.68387319081197e-06,8.002219088093161e-06,-8.68387319081197e-06,8.002219088093161e-06
523,26.150000000000002,7.318400211397957e-07,2.611673007563756e-07,4.7067272038342014e-07,-8.23841144939521e-06,8.970251470535005e-06,-8.23841144939521e-06,8.970251470535005e-06
524,26.200000000000003,-8.31537650181069e-07,-3.240848081838781e-07,-5.074528419971909e-07,-9.951573634012671e-06,9.120035983831602e-06,-9.951573634012671e-06,9.120035983831602e-06
525,26.25,3.6586522922377185e-08,-1.4155090413285592e-07,1.781374270552331e-07,-8.6494483855923e-06,8.686034908514677e-06,-8.6494483855923e-06,8.686034908514677e-06
526,26.3,-3.3426929435531605e-07,-4.323943562119625e-08,-2.910298587341198e-07,-8.433572942285299e-06,8.099303647929983e-06,-8.433572942285299e-06,8.099303647929983e-06
527,26.35,3.235567526127525e-07,1.3346620698125992e-07,1.900905456314926e-07,-8.35569544932433e-06,8.679252201937083e-06,-8.35569544932433e-06,8.679252201937083e-06
528,26.400000000000002,-8.127108992450616e-07,-4.3195522840041525e-07,-3.807556708446463e-07,-8.830611443382984e-06,8.017900544137923e-06,-8.830611443382984e-06,8.017900544137923e-06
529,26.450000000000003,1.444999658817281e-07,5.6606626481038394e-08,8.78933394006897e-08,-9.611589055301137e-06,9.756089021182865e-06,-9.611589055301137e-06,9.756089021182865e-06
530,26.5,3.486248068007569e-08,1.1701648595668668e-07,-8.215400527661098e-08,-8.249490356143662e-06,8.284352836823737e-06,-8.249490356143662e-06,8.284352836823737e-06
531,26.55,-7.007251154877991e-07,-2.952951487029059e-07,-4.0542996678489327e-07,-9.888987809469114e-06,9.188262693981315e-06,-9.888987809469114e-06,9.188262693981315e-06
532,26.6,3.2979629849272385e-07,1.2769490725206069e-07,2.0210139124066316e-07,-8.324448269131328e-06,8.654244567624052e-06,-8.324448269131328e-06,8.654244567624052e-06
533,26.650000000000002,-6.470468093544568e-07,-2.807471067525926e-07,-3.662997026018642e-07,-8.643026511097872e-06,7.995979701743416e-06,-8.643026511097872e-06,7.995979701743416e-06
534,26.700000000000003,3.2245846848244497e-07,1.2145749352815558e-07,2.010009749542894e-07,-8.336684648780995e-06,8.65914311726344e-06,-8.336684648780995e-06,8.65914311726344e-06
535,26.75,-4.185454591798532e-07,-2.591998896863486e-07,-1.593455694935046e-07,-8.627379178074963e-06,8.20883371889511e-06,-8.627379178074963e-06,8.20883371889511e-06
536,26.8,1.5948190668080287e-07,1.2018156552594176e-08,1.4746375012820868e-07,-9.644806987793444e-06,9.804288894474247e-06,-9.644806987793444e-06,9.804288894474247e-06
537,26.85,-4.1349129764611803e-07,-8.17700658760465e-08,-3.317212317700715e-07,-8.435009134260922e-06,8.021517836614804e-06,-8.435009134260922e-06,8.021517836614804e-06
538,26.900000000000002,-4.6039169931955115e-07,-1.7033294416613143e-07,-2.900587551534197e-07,-8.531955804266854e-06,8.071564104947303e-06,-8.531955804266854e-06,8.071564104947303e-06
539,26.950000000000003,3.2655322390606756e-07,1.1461937880883573e-07,2.1193384509723183e-07,-8.321177265517786e-06,8.647730489423854e-06,-8.321177265517786e-06,8.647730489423854e-06
540,27.0,-6.544642827677194e-07,-2.3473747551307522e-07,-4.197268072546442e-07,-8.58123366797448e-06,7.926769385206761e-06,-8.58123366797448e-06,7.926769385206761e-06
541,27.05,3.442485615456903e-07,7.546190866427212e-08,2.687866528814182e-07,-8.365977645238963e-06,8.710226206784654e-06,-8.365977645238963e-06,8.710226206784654e-06
542,27.1,-6.900256638298075e-07,-2.4579671344671054e-07,-4.442289503830969e-07,-9.791312534012372e-06,9.101286870182565e-06,-9.791312534012372e-06,9.101286870182565e-06
543,27.150000000000002,7.475598087225421e-07,2.2665034026648948e-07,5.209094684560527e-07,-8.179642139897132e-06,8.927201948619675e-06,-8.179642139897132e-06,8.927201948619675e-06
544,27.200000000000003,-8.275869002316583e-07,-2.947274388382991e-07,-5.328594613933592e-07,-9.822796480001275e-06,8.995209579769617e-06,-9.822796480001275e-06,8.995209579769617e-06
545,27.25,3.310944400869431e-07,1.2416413999264262e-07,2.0693030009430049e-07,-8.289782675241439e-06,8.620877115328382e-06,-8.289782675241439e-06,8.620877115328382e-06
546,27.3,-4.3882614841894707e-07,-1.8624618711367953e-07,-2.5257996130526757e-07,-8.511074388665895e-06,8.072248240246948e-06,-8.511074388665895e-06,8.072248240246948e-06
547,27.35,-3.892153018769662e-07,-3.158115085932587e-08,-3.576341510176403e-07,-8.345858254528997e-06,7.956642952652031e-06,-8.345858254528997e-06,7.956642952652031e-06
548,27.400000000000002,4.329896294841262e-07,-2.4709786595840872e-08,4.576994160799671e-07,-8.4311390426356e-06,8.864128672119726e-06,-8.4311390426356e-06,8.864128672119726e-06
549,27.450000000000003,-5.111900950316439e-07,-5.163106366529098e-08,-4.595590313663529e-07,-9.579264833119289e-06,9.068074738087645e-06,-9.579264833119289e-06,9.068074738087645e-06
550,27.5,2.969552286291588e-07,-5.434909483160202e-08,3.513043234607608e-07,-8.468106158793755e-06,8.765061387422914e-06,-8.468106158793755e-06,8.765061387422914e-06
551,27.55,-6.808096694177479e-07,-2.2662228924281713e-07,-4.5418738017493077e-07,-8.528763019760766e-06,7.847953350343018e-06,-8.528763019760766e-06,7.847953350343018e-06
552,27.6,2.6838691102870627e-07,8.356871512218847e-08,1.848181959065178e-07,-8.312396854781352e-06,8.580783765810058e-06,-8.312396854781352e-06,8.580783765810058e-06
553,27.650000000000002,-3.416312941428856e-07,-1.8642420632085286e-07,-1.5520708782203276e-07,-8.489880873260977e-06,8.148249579118091e-06,-8.489880873260977e-06,8.148249579118091e-06
554,27.700000000000003,-3.622103330602755e-07,1.1437502724878004e-08,-3.736478357851535e-07,-8.28134573704661e-06,7.919135403986334e-06,-8.28134573704661e-06,7.919135403986334e-06
555,27.75,1.7201742341654835e-07,9.212503459712194e-08,7.989238881942641e-08,-9.485678446188811e-06,9.65769586960536e-06,-9.485678446188811e-06,9.65769586960536e-06
556,27.8,-2.2989663639449986e-07,-2.621678106661864e-07,3.227117427168654e-08,-8.54639176329602e-06,8.31649512690152e-06,-8.54639176329602e-06,8.31649512690152e-06
557,27.85,1.3656369302061933e-07,5.3649029460728655e-08,8.291466355989068e-08,-9.509265673850967e-06,9.645829366871587e-06,-9.509265673850967e-06,9.645829366871587e-06
558,27.900000000000002,-9.522869661715561e-07,-5.981857809675129e-07,-3.5410118520404313e-07,-8.964957620646999e-06,8.012670654475443e-06,-8.964957620646999e-06,8.012670654475443e-06
559,27.950000000000003,-3.69264418265125e-07,-1.2964700768406597e-07,-2.3961741058105904e-07,-8.395826628800905e-06,8.02656221053578e-06,-8.395826628800905e-06,8.02656221053578e-06
560,28.0,7.788261587871048e-07,2.3151714559738964e-07,5.473090131897152e-07,-8.1026082758921e-06,8.881434434679205e-06,-8.1026082758921e-06,8.881434434679205e-06
561,28.05,-8.061093327293989e-07,-3.2272931011900624e-07,-4.833800226103926e-07,-9.777528532623974e-06,8.971419199894575e-06,-9.777528532623974e-06,8.971419199894575e-06
562,28.1,2.9265271928036185e-07,9.970058526995568e-08,1.9295213401040617e-07,-8.241833434278483e-06,8.534486153558845e-06,-8.241833434278483e-06,8.534486153558845e-06
563,28.150000000000002,-6.023509755426204e-07,-3.690825438434507e-07,-2.3326843169916968e-07,-8.61923878295837e-06,8.01688780741575e-06,-8.61923878295837e-06,8.01688780741575e-06
564,28.200000000000003,3.0860955857470174e-07,1.0539704652302035e-07,2.0321251205168138e-07,-8.214485025527211e-06,8.523094584101913e-06,-8.214485025527211e-06,8.523094584101913e-06
565,28.25,-3.5465417580482494e-07,2.7297824534244317e-08,-3.8195200033906925e-07,-8.205509785613917e-06,7.850855609809092e-06,-8.205509785613917e-06,7.850855609809092e-06
566,28.3,-4.5984692986777986e-07,-6.232438568897832e-08,-3.9752254417880155e-07,-9.492450153253962e-06,9.032603223386182e-06,-9.492450153253962e-06,9.032603223386182e-06
567,28.35,1.6063147945111211e-07,-4.60952965131271e-07,6.215844445823831e-07,-8.882763813552192e-06,9.043395293003305e-06,-8.882763813552192e-06,9.043395293003305e-06
568,28.400000000000002,-7.807220372413326e-07,-2.947388438961221e-07,-4.859831933452105e-07,-9.691844231697172e-06,8.91112219445584e-06,-9.691844231697172e-06,8.91112219445584e-06
569,28.450000000000003,3.388119305114401e-07,1.3176390123585233e-07,2.0704802927558777e-07,-8.158314204242777e-06,8.497126134754217e-06,-8.158314204242777e-06,8.497126134754217e-06
570,28.5,-3.4632791168220933e-07,4.614337782850763e-08,-3.9247128951071696e-07,-8.15729997224093e-06,7.810972060558721e-06,-8.15729997224093e-06,7.810972060558721e-06
571,28.55,-8.670653037778919e-07,-7.399454160970697e-07,-1.2711988768082227e-07,-9.050001136788837e-06,8.182935833010945e-06,-9.050001136788837e-06,8.182935833010945e-06
572,28.6,6.416280570187283e-07,2.735184845608271e-07,3.6810957245790116e-07,-9.172484199277291e-06,9.81411225629602e-06,-9.172484199277291e-06,9.81411225629602e-06
573,28.650000000000002,-7.974333452454019e-07,-3.084528334782099e-07,-4.88980511767192e-07,-9.671171844151074e-06,8.873738498905672e-06,-9.671171844151074e-06,8.873738498905672e-06
574,28.700000000000003,8.286336434792929e-07,2.6225615033870257e-07,5.663774931405903e-07,-7.995356350834517e-06,8.82398999431381e-06,-7.995356350834517e-06,8.82398999431381e-06
575,28.75,-7.920140261408193e-07,-2.0432151675118144e-07,-5.876925093896378e-07,-9.57112221407386e-06,8.77910818793304e-06,-9.57112221407386e-06,8.77910818793304e-06
576,28.8,3.701480919549027e-07,1.218004023626885e-09,3.6893008793127583e-07,-8.26459810028519e-06,8.634746192240094e-06,-8.26459810028519e-06,8.634746192240094e-06
577,28.85,-3.2754821222003017e-07,6.096368239262066e-08,-3.885118946126508e-07,-8.095779527077484e-06,7.768231314857453e-06,-8.095779527077484e-06,7.768231314857453e-06
578,28.900000000000002,-2.3100097135131392e-07,-1.0337374237105663e-07,-1.276272289802573e-07,-8.265700056239269e-06,8.034699084887955e-06,-8.265700056239269e-06,8.034699084887955e-06
579,28.950000000000003,3.47089614161078e-07,1.366213766255957e-07,2.1046823753548228e-07,-8.096344251334436e-06,8.443433865495514e-06,-8.096344251334436e-06,8.443433865495514e-06
580,29.0,-1.2179963666536509e-06,-8.405140661229979e-07,-3.7748230053065295e-07,-9.082365939900029e-06,7.864369573246378e-06,-9.082365939900029e-06,7.864369573246378e-06
581,29.05,3.590778188122812e-07,1.4511203763472185e-07,2.1396578117755933e-07,-8.076060494359686e-06,8.435138313171967e-06,-8.076060494359686e-06,8.435138313171967e-06
582,29.1,-3.9056970146944536e-07,-1.5393306309222913e-07,-2.3663663837721624e-07,-9.457879521617877e-06,9.067309820148432e-06,-9.457879521617877e-06,9.067309820148432e-06
583,29.150000000000002,1.1090151930126524e-07,2.3800215462344994e-07,-1.271006353221847e-07,-7.868280173174913e-06,7.979181692476178e-06,-7.868280173174913e-06,7.979181692476178e-06
584,29.200000000000003,-4.662477945949206e-07,3.485879539563601e-08,-5.011065899905566e-07,-9.274575289200703e-06,8.808327494605783e-06,-9.274575289200703e-06,8.808327494605783e-06
585,29.25,8.567068625620067e-07,2.634392007231935e-07,5.932676618388131e-07,-7.95018580141671e-06,8.806892663978717e-06,-7.95018580141671e-06,8.806892663978717e-06
586,29.3,-7.374416157723829e-07,-3.0714129304609634e-07,-4.3030032272628653e-07,-9.627960911635072e-06,8.890519295862689e-06,-9.627960911635072e-06,8.890519295862689e-06
587,29.35,-2.6627489368991064e-07,-4.826196002676709e-07,2.1634470657776024e-07,-8.779034100838813e-06,8.512759207148902e-06,-8.779034100838813e-06,8.512759207148902e-06
588,29.400000000000002,-5.88066948470356e-07,-2.1246054298439903e-07,-3.75606405485957e-07,-8.308043223810985e-06,7.71997627534063e-06,-8.308043223810985e-06,7.71997627534063e-06
589,29.450000000000003,3.662896105316449e-07,1.4131775808364622e-07,2.2497185244799867e-07,-8.045373264962555e-06,8.4116628754942e-06,-8.045373264962555e-06,8.4116628754942e-06
590,29.5,-2.0924430021995732e-07,-9.432712039041682e-08,-1.1491717982954051e-07,-8.196268246125937e-06,7.98702394590598e-06,-8.196268246125937e-06,7.98702394590598e-06
591,29.55,-3.213803627666323e-07,7.1242796995334e-08,-3.926231597619663e-07,-8.0202894847285e-06,7.698909121961868e-06,-8.0202894847285e-06,7.698909121961868e-06
592,29.6,-1.826097425494666e-07,-5.089295200373162e-07,3.263197774878496e-07,-8.787403592708528e-06,8.604793850159061e-06,-8.787403592708528e-06,8.604793850159061e-06
593,29.650000000000002,-3.4102335144670093e-07,-1.989993738769571e-08,-3.211234140590052e-07,-9.269772343467258e-06,8.928748992020557e-06,-9.269772343467258e-06,8.928748992020557e-06
594,29.700000000000003,3.154841814456688e-07,-8.077623302466042e-08,3.9626041447032923e-07,-9.418970981494586e-06,9.734455162940255e-06,-9.418970981494586e-06,9.734455162940255e-06
595,29.75,1.3858030700752977e-07,2.7655857703381663e-07,-1.3797827002628687e-07,-7.771922134496868e-06,7.910502441504398e-06,-7.771922134496868e-06,7.910502441504398e-06
596,29.8,-4.6709795387123165e-07,3.477025528490803e-08,-5.018682091561397e-07,-9.212410910850487e-06,8.745312956979256e-06,-9.212410910850487e-06,8.745312956979256e-06
597,29.85,-1.7208187619299764e-07,-5.9064076897079105e-08,-1.1301779929591853e-07,-8.134318151627995e-06,7.962236275434997e-06,-8.134318151627995e-06,7.962236275434997e-06
598,29.900000000000002,3.180878710429269e-07,2.526323750878362e-08,2.928246335341433e-07,-6.808454600507189e-06,7.126542471550116e-06,-6.808454600507189e-06,7.126542471550116e-06
599,29.950000000000003,-3.0991116162226717e-07,8.97643657431491e-08,-3.996755273654163e-07,-7.98894680336507e-06,7.679035641742803e-06,-7.98894680336507e-06,7.679035641742803e-06
