frame,time,delta_H,rhs_u_command,slack_u_command,rhs_u_saturated,slack_u_saturated,rhs_u_cvt,slack_u_cvt
0,0.0,-0.012508075104942451,-0.012086744174724955,-0.00042133093021749606,-0.012086744174724955,-0.00042133093021749606,-0.01527705685408575,0.0027689817491432997
1,0.05,-0.012911100837349365,-0.012471480836181227,-0.00043962000116813844,-0.012471480836181227,-0.00043962000116813844,-0.015679482607987398,0.002768381770638033
2,0.1,-0.013290883652743224,-0.012855898657801327,-0.00043498499494189734,-0.01285589865780133,-0.00043498499494189387,-0.01603986827870737,0.0027489846259641446
3,0.15000000000000002,-0.013597077564372895,-0.013169672266249178,-0.0004274052981237172,-0.01316967226624918,-0.00042740529812371544,-0.016398319128954772,0.0028012415645818772
4,0.2,-0.013921564853900836,-0.013481432174657403,-0.0004401326792434334,-0.013481432174657403,-0.0004401326792434334,-0.016724286624947106,0.0028027217710462696
5,0.25,-0.014231488798937764,-0.013778336719181947,-0.0004531520797558166,-0.013778336719181947,-0.0004531520797558166,-0.01702815966064871,0.0027966708617109468
6,0.30000000000000004,-0.014452914931377014,-0.01401143227871071,-0.00044148265266630467,-0.01401143227871071,-0.00044148265266630467,-0.017311674014728252,0.002858759083351238
7,0.35000000000000003,-0.014633270872741133,-0.01419938977389913,-0.00043388109884200284,-0.01419938977389913,-0.00043388109884200284,-0.017558267317140237,0.0029249964443991035
8,0.4,-0.01483082475716413,-0.01439767434135339,-0.0004331504158107402,-0.01439767434135339,-0.0004331504158107402,-0.0177967329242448,0.002965908167080672
9,0.45,-0.01498380172788516,-0.014547923826305811,-0.0004358779015793488,-0.014547923826305813,-0.0004358779015793471,-0.017968863090872388,0.0029850613629872277
10,0.5,-0.015123692545611411,-0.014705566611309931,-0.00041812593430148,-0.014705566611309931,-0.00041812593430148,-0.01811816380919346,0.002994471263582047
11,0.55,-0.015211736219083893,-0.014805132077662743,-0.0004066041414211505,-0.014805132077662743,-0.0004066041414211505,-0.01820302550474693,0.002991289285663036
12,0.6000000000000001,-0.015300334206563515,-0.014893846394337586,-0.0004064878122259294,-0.014893846394337586,-0.0004064878122259294,-0.018274290417951294,0.0029739562113877786
13,0.65,-0.015344726731690517,-0.014946793316130295,-0.00039793341556022127,-0.014946793316130295,-0.00039793341556022127,-0.018308491032606906,0.0029637643009163897
14,0.7000000000000001,-0.015421523261137549,-0.01502990055226168,-0.0003916227088758689,-0.01502990055226168,-0.0003916227088758689,-0.018330047150171915,0.0029085238890343666
15,0.75,-0.015437846081132856,-0.01506106850613398,-0.0003767775749988749,-0.015061068506133984,-0.00037677757499887145,-0.018272325151396672,0.0028344790702638165
16,0.8,-0.01550765994920733,-0.015137625607166314,-0.000370034342041017,-0.015137625607166314,-0.000370034342041017,-0.0182682437480545,0.0027605837988471695
17,0.8500000000000001,-0.015579531499477661,-0.015208704898112983,-0.000370826601364678,-0.015208704898112983,-0.000370826601364678,-0.018124878098894466,0.002545346599416805
18,0.9,-0.015595211200082226,-0.015232382934566552,-0.0003628282655156745,-0.015232382934566552,-0.0003628282655156745,-0.017903037971279952,0.002307826771197726
19,0.9500000000000001,-0.015608792196713073,-0.015265468878057836,-0.00034332331865523716,-0.015265468878057836,-0.00034332331865523716,-0.01779474291773994,0.0021859507210268657
20,1.0,-0.015588720693740177,-0.01524491124686927,-0.0003438094468709071,-0.01524491124686927,-0.0003438094468709071,-0.01760289817723246,0.0020141774834922833
21,1.05,-0.015552687670464582,-0.015214408414996869,-0.0003382792554677133,-0.015235569797192159,-0.00031711787327242356,-0.017361038969095292,0.0018083512986307101
22,1.1,-0.015416942759826968,-0.015112874185704905,-0.0003040685741220635,-0.015171624039239802,-0.0002453187205871659,-0.01705755023158986,0.0016406074717628914
23,1.1500000000000001,-0.015232046354536788,-0.014937767873229786,-0.00029427848130700145,-0.015018886245028428,-0.0002131601095083594,-0.016628947044329916,0.0013969006897931284
24,1.2000000000000002,-0.015147397048236977,-0.014860935276999694,-0.0002864617712372824,-0.01495230610815479,-0.00019509094008218764,-0.016360005923703264,0.0012126088754662867
25,1.25,-0.014969296496866402,-0.014693724437838798,-0.00027557205902760395,-0.01479359039755521,-0.00017570609931119238,-0.01595378975568706,0.0009844932588206588
26,1.3,-0.0147978853952766,-0.014500622445345408,-0.00029726294993119226,-0.014608022579466293,-0.00018986281581030717,-0.01554881482967249,0.0007509294343958899
27,1.35,-0.014469908116993668,-0.014214361831976113,-0.0002555462850175553,-0.014325498142587729,-0.00014440997440593947,-0.015065237620783158,0.0005953295037894896
28,1.4000000000000001,-0.014164294296684643,-0.013915010459163855,-0.0002492838375207883,-0.014032152112398708,-0.0001321421842859355,-0.014687992383909169,0.0005236980872245257
29,1.4500000000000002,-0.0138024383221661,-0.013541414203875952,-0.0002610241182901471,-0.013655981216284686,-0.0001464571058814139,-0.014202242694133864,0.000399804371967764
30,1.5,-0.013485214844824012,-0.013244360083711791,-0.00024085476111222054,-0.01336637267293947,-0.00011884217188454227,-0.013780412381691944,0.00029519753686793257
31,1.55,-0.013095282739084668,-0.012874834284585687,-0.00022044845449898168,-0.012998694492584588,-9.658824650008065e-05,-0.013295657049732727,0.00020037431064805905
32,1.6,-0.012687625930014379,-0.012467219419152908,-0.00022040651086147056,-0.012588792553423522,-9.883337659085702e-05,-0.012860100012703529,0.00017247408268914952
33,1.6500000000000001,-0.012287505506171637,-0.012083778776886659,-0.00020372672928497745,-0.012203596443709533,-8.390906246210326e-05,-0.012308158921576133,2.065341540449621e-05
34,1.7000000000000002,-0.011498247031708098,-0.011292435227052184,-0.00020581180465591327,-0.01167680635065557,0.0001785593189474726,-0.011749221989232431,0.0002509749575243334
35,1.75,-0.010885468776823615,-0.01071041153349441,-0.00017505724332920504,-0.011309028084692205,0.00042355930786859043,-0.011321800189680627,0.00043633141285701234
36,1.8,-0.01043508013977279,-0.010255807378022659,-0.00017927276175013114,-0.010963567809832465,0.0005284876700596755,-0.010963567809832465,0.0005284876700596755
37,1.85,-0.010014098661233373,-0.009839544077754345,-0.00017455458347902762,-0.010595447998735257,0.0005813493375018842,-0.010595447998735257,0.0005813493375018842
38,1.9000000000000001,-0.009676095308204014,-0.009509030061558137,-0.00016706524664587656,-0.010263467546817609,0.0005873722386135951,-0.010263467546817609,0.0005873722386135951
39,1.9500000000000002,-0.009221758827245852,-0.009059407676652021,-0.00016235115059383062,-0.009794605831459148,0.000572847004213296,-0.009794605831459148,0.000572847004213296
40,2.0,-0.008840675050346247,-0.008699437265393855,-0.00014123778495239193,-0.009377495788423994,0.0005368207380777468,-0.009377495788423994,0.0005368207380777468
41,2.0500000000000003,-0.008412872914098868,-0.008259385481334803,-0.00015348743276406493,-0.008902441000316544,0.0004895680862176763,-0.008902441000316544,0.0004895680862176763
42,2.1,-0.008144608730939584,-0.00800941706326611,-0.00013519166767347358,-0.008622256483123876,0.00047764775218429173,-0.008622256483123876,0.00047764775218429173
43,2.15,-0.007925546608534395,-0.007793006821050413,-0.00013253978748398176,-0.008351930780490702,0.00042638417195630697,-0.008351930780490702,0.00042638417195630697
44,2.2,-0.007729009329555336,-0.007578480169840762,-0.00015052915971457397,-0.008049801025572853,0.000320791696017517,-0.008049801025572853,0.000320791696017517
45,2.25,-0.007465247320662227,-0.007337805031163878,-0.00012744228949834908,-0.007771545716565749,0.00030629839590352176,-0.007771545716565749,0.00030629839590352176
46,2.3000000000000003,-0.007193235562995004,-0.007072546937280981,-0.000120688625714023,-0.007476164783409725,0.00028292922041472067,-0.007476164783409725,0.00028292922041472067
47,2.35,-0.006911211586365207,-0.006776723398450558,-0.00013448818791464857,-0.00715424781568156,0.00024303622931635353,-0.00715424781568156,0.00024303622931635353
48,2.4000000000000004,-0.006634890824595674,-0.006505169942089582,-0.00012972088250609234,-0.006844664619563434,0.00020977379496775993,-0.006844664619563434,0.00020977379496775993
49,2.45,-0.006290420030838684,-0.0062020846925630035,-8.833533827568019e-05,-0.006459203962055882,0.00016878393121719844,-0.006459203962055882,0.00016878393121719844
50,2.5,-0.006144782060339082,-0.006035110918854481,-0.00010967114148460137,-0.006257910806881923,0.00011312874654284023,-0.006257910806881923,0.00011312874654284023
51,2.5500000000000003,-0.00601887348051422,-0.005907794444544277,-0.00011107903596994234,-0.006104854390273093,8.598090975887353e-05,-0.006104854390273093,8.598090975887353e-05
52,2.6,-0.005842961242283007,-0.005737573789348489,-0.0001053874529345182,-0.005917651746133839,7.469050385083224e-05,-0.005917651746133839,7.469050385083224e-05
53,2.6500000000000004,-0.0056473604911987385,-0.005560368617957231,-8.699187324150755e-05,-0.005707023113025372,5.9662621826633844e-05,-0.005707023113025372,5.9662621826633844e-05
54,2.7,-0.005458063320106454,-0.005378919917587506,-7.914340251894813e-05,-0.0054987143222991865,4.065100219273216e-05,-0.0054987143222991865,4.065100219273216e-05
55,2.75,-0.00528931599045579,-0.00519047654114862,-9.883944930716947e-05,-0.005292603743259191,3.2877528034014683e-06,-0.005292603743259191,3.2877528034014683e-06
56,2.8000000000000003,-0.005097866673421159,-0.005018727781133546,-7.913889228761302e-05,-0.005106205719443731,8.339046022572474e-06,-0.005106205719443731,8.339046022572474e-06
57,2.85,-0.004940145977155308,-0.004866125282984156,-7.402069417115215e-05,-0.00494231848553483,2.1725083795215774e-06,-0.00494231848553483,2.1725083795215774e-06
58,2.9000000000000004,-0.004779628669200342,-0.004707711339922,-7.191732927834191e-05,-0.0047682088180116605,-1.141985118868153e-05,-0.0047682088180116605,-1.141985118868153e-05
59,2.95,-0.004558083474426655,-0.004481681348448821,-7.640212597783379e-05,-0.004530319016811729,-2.776445761492642e-05,-0.004530319016811729,-2.776445761492642e-05
60,3.0,-0.004331959961258125,-0.00426603893971425,-6.592102154387523e-05,-0.004308939777715757,-2.3020183542368268e-05,-0.004308939777715757,-2.3020183542368268e-05
61,3.0500000000000003,-0.004156752793256002,-0.004102359987684358,-5.439280557164444e-05,-0.0041350968249303025,-2.165596832569977e-05,-0.0041350968249303025,-2.165596832569977e-05
62,3.1,-0.00397327734685804,-0.003937047252542104,-3.623009431593521e-05,-0.0039646487275603005,-8.628619297739067e-06,-0.0039646487275603005,-8.628619297739067e-06
63,3.1500000000000004,-0.003835294790956456,-0.0037861720837823534,-4.9122707174102664e-05,-0.003809962946239398,-2.5331844717057985e-05,-0.003809962946239398,-2.5331844717057985e-05
64,3.2,-0.0037102259966901308,-0.003651360456154421,-5.88655405357099e-05,-0.003672844115689002,-3.738188100112878e-05,-0.003672844115689002,-3.738188100112878e-05
65,3.25,-0.003527552727217609,-0.0034893902962606265,-3.8162430956982345e-05,-0.0035046131204623113,-2.2939606755297513e-05,-0.0035046131204623113,-2.2939606755297513e-05
66,3.3000000000000003,-0.0033672716759641785,-0.003341268249924994,-2.6003426039184537e-05,-0.00335490787538619,-1.2363800577988495e-05,-0.00335490787538619,-1.2363800577988495e-05
67,3.35,-0.0032145261174091333,-0.003175295997223501,-3.923012018563219e-05,-0.003186639440936341,-2.788667647279225e-05,-0.003186639440936341,-2.788667647279225e-05
68,3.4000000000000004,-0.0030031526471751002,-0.0029704640719785498,-3.268857519655045e-05,-0.002984362328729517,-1.8790318445583137e-05,-0.002984362328729517,-1.8790318445583137e-05
69,3.45,-0.002887082892607973,-0.002857298739570393,-2.9784153037579718e-05,-0.002877905281811075,-9.177610796897839e-06,-0.002877905281811075,-9.177610796897839e-06
70,3.5,-0.0027606704754512545,-0.0027324139830774185,-2.8256492373836088e-05,-0.0027555819090173115,-5.0885664339430335e-06,-0.0027555819090173115,-5.0885664339430335e-06
71,3.5500000000000003,-0.0026083866608795914,-0.0025822957394506527,-2.6090921428938672e-05,-0.002606240974886784,-2.1456859928075354e-06,-0.002606240974886784,-2.1456859928075354e-06
72,3.6,-0.0024848390667592257,-0.00246375985082191,-2.1079215937315574e-05,-0.0024891451629771334,4.306096217907701e-06,-0.0024891451629771334,4.306096217907701e-06
73,3.6500000000000004,-0.0023752173667386245,-0.002347531286351673,-2.7686080386951292e-05,-0.0023724980076558983,-2.7193590827262124e-06,-0.0023724980076558983,-2.7193590827262124e-06
74,3.7,-0.0021820476630690644,-0.0021650728193221506,-1.6974843746913812e-05,-0.0021886899979617082,6.642334892643844e-06,-0.0021886899979617082,6.642334892643844e-06
75,3.75,-0.002078061706585199,-0.0020650112621585642,-1.3050444426634944e-05,-0.002087852139826462,9.790433241262716e-06,-0.002087852139826462,9.790433241262716e-06
76,3.8000000000000003,-0.001995905750254101,-0.001976719913860274,-1.918583639382715e-05,-0.001997052863486732,1.1471132326306907e-06,-0.001997052863486732,1.1471132326306907e-06
77,3.85,-0.0019091360511999111,-0.0018803735813530923,-2.8762469846818888e-05,-0.0018987240160013269,-1.041203519858429e-05,-0.0018987240160013269,-1.041203519858429e-05
78,3.9000000000000004,-0.0018142434185393075,-0.0017927567894268932,-2.148662911241432e-05,-0.0018095038246650653,-4.739593874242233e-06,-0.0018095038246650653,-4.739593874242233e-06
79,3.95,-0.0017117016379932792,-0.001711309479323995,-3.921586692841924e-07,-0.0017265558414326513,1.4854203439372028e-05,-0.0017265558414326513,1.4854203439372028e-05
80,4.0,-0.0015612500173151078,-0.0015539422567760483,-7.307760539059481e-06,-0.0015683452723217223,7.095255006614497e-06,-0.0015683452723217223,7.095255006614497e-06
81,4.05,-0.001510498413864414,-0.0014931169477779276,-1.738146608648637e-05,-0.0015060930021196211,-4.405411744792852e-06,-0.0015060930021196211,-4.405411744792852e-06
82,4.1000000000000005,-0.0014254518614255085,-0.0014022191651136225,-2.3232696311885955e-05,-0.0014144147611359088,-1.1037100289599741e-05,-0.0014144147611359088,-1.1037100289599741e-05
83,4.15,-0.0013542929366838763,-0.001326597000376396,-2.7695936307480223e-05,-0.0013381181869362457,-1.617474974763061e-05,-0.0013381181869362457,-1.617474974763061e-05
84,4.2,-0.0012438964720518086,-0.001241000239348317,-2.8962327034917374e-06,-0.0012520887526232126,8.192280571403966e-06,-0.0012520887526232126,8.192280571403966e-06
85,4.25,-0.0011996246911248898,-0.0011851127429581341,-1.4511948166755651e-05,-0.00119578653340782,-3.838157717069805e-06,-0.00119578653340782,-3.838157717069805e-06
86,4.3,-0.0011333167029298208,-0.0011279416819993625,-5.375020930458276e-06,-0.0011377664666269412,4.449763697120419e-06,-0.0011377664666269412,4.449763697120419e-06
87,4.3500000000000005,-0.0011261342004817987,-0.0011071613391558709,-1.897286132592781e-05,-0.0011156973683109797,-1.0436832170818968e-05,-0.0011156973683109797,-1.0436832170818968e-05
88,4.4,-0.0010679224273679733,-0.0010470425959112407,-2.087983145673258e-05,-0.0010528139258661597,-1.5108501501813606e-05,-0.0010528139258661597,-1.5108501501813606e-05
89,4.45,-0.001024489665568007,-0.0010262686750384482,1.7790094704412882e-06,-0.001031817451183645,7.32778561563798e-06,-0.001031817451183645,7.32778561563798e-06
90,4.5,-0.0010050668509294924,-0.000988334319284106,-1.673253164538634e-05,-0.0009936863670158926,-1.13804839135998e-05,-0.0009936863670158926,-1.13804839135998e-05
91,4.55,-0.000970373332157437,-0.0009528254441818783,-1.754788797555878e-05,-0.0009581143249832588,-1.2259007174178277e-05,-0.0009581143249832588,-1.2259007174178277e-05
92,4.6000000000000005,-0.000926507736895843,-0.0009156279289509125,-1.0879807944930457e-05,-0.0009202159404691243,-6.291796426718694e-06,-0.0009202159404691243,-6.291796426718694e-06
93,4.65,-0.0008981011751278967,-0.0008912426634380047,-6.858511689891949e-06,-0.0008956389612746997,-2.4622138531969285e-06,-0.0008956389612746997,-2.4622138531969285e-06
94,4.7,-0.0008529330856231754,-0.000850162287291427,-2.770798331748394e-06,-0.0008543732341232906,1.4401485001152127e-06,-0.0008543732341232906,1.4401485001152127e-06
95,4.75,-0.0008277664423431697,-0.0008253895407520977,-2.376901591071988e-06,-0.0008294224710459853,1.6560287028156767e-06,-0.0008294224710459853,1.6560287028156767e-06
96,4.800000000000001,-0.0007922508704649722,-0.000785504360791291,-6.746509673681263e-06,-0.0007893673757335347,-2.8834947314375315e-06,-0.0007893673757335347,-2.8834947314375315e-06
97,4.8500000000000005,-0.0007763548364445594,-0.0007584337335927482,-1.7921102851811222e-05,-0.0007621377951612594,-1.4217041283299983e-05,-0.0007621377951612594,-1.4217041283299983e-05
98,4.9,-0.0007571360912246305,-0.0007284476503395527,-2.8688440885077816e-05,-0.0007320038281659494,-2.513226305868115e-05,-0.0007320038281659494,-2.513226305868115e-05
99,4.95,-0.0007105100433764111,-0.0006979389337820868,-1.257110959432435e-05,-0.000701524132690101,-8.985910686310091e-06,-0.000701524132690101,-8.985910686310091e-06
100,5.0,-0.000672077326296594,-0.0006699487972256831,-2.1285290709108923e-06,-0.0006734379944199758,1.3606681233817612e-06,-0.0006734379944199758,1.3606681233817612e-06
101,5.050000000000001,-0.0006616453300901659,-0.0006518475524570525,-9.797777633113367e-06,-0.0006551963106372239,-6.44901945294203e-06,-0.0006551963106372239,-6.44901945294203e-06
102,5.1000000000000005,-0.0006261179961840613,-0.0006213687766695807,-4.749219514480559e-06,-0.0006245837942251552,-1.5342019589060629e-06,-0.0006245837942251552,-1.5342019589060629e-06
103,5.15,-0.000619566937348548,-0.000607183701003826,-1.238323634472193e-05,-0.0006102720210833322,-9.294916265215796e-06,-0.0006102720210833322,-9.294916265215796e-06
104,5.2,-0.0006057350863216682,-0.000597404808942029,-8.330277379639192e-06,-0.0005999430137283093,-5.7920725933588565e-06,-0.0005999430137283093,-5.7920725933588565e-06
105,5.25,-0.0006074767031989392,-0.000598958918531213,-8.51778466772618e-06,-0.00060149268371496,-5.984019483979211e-06,-0.00060149268371496,-5.984019483979211e-06
106,5.300000000000001,-0.0005985067437304092,-0.0005871177868950542,-1.1388956835355069e-05,-0.0005893741240414378,-9.13261968897149e-06,-0.0005893741240414378,-9.13261968897149e-06
107,5.3500000000000005,-0.000586186054588933,-0.0005730746104818564,-1.3111444107076638e-05,-0.0005752625626611036,-1.0923491927829448e-05,-0.0005752625626611036,-1.0923491927829448e-05
108,5.4,-0.0005682036563159354,-0.0005529170032968585,-1.5286653019076844e-05,-0.0005550193626544961,-1.318429366143931e-05,-0.0005550193626544961,-1.318429366143931e-05
109,5.45,-0.0005535910457324933,-0.0005394477891330221,-1.4143256599471153e-05,-0.0005414814808649505,-1.2109564867542771e-05,-0.0005414814808649505,-1.2109564867542771e-05
110,5.5,-0.0005347740767325249,-0.000533584114818922,-1.1899619136028798e-06,-0.0005356238614504062,8.497847178813101e-07,-0.0005356238614504062,8.497847178813101e-07
111,5.550000000000001,-0.0005268076552850109,-0.0005257629899535277,-1.0446653314832247e-06,-0.0005277347749708387,9.271196858277224e-07,-0.0005277347749708387,9.271196858277224e-07
112,5.6000000000000005,-0.0005301301765775479,-0.0005178916894072486,-1.2238487170299355e-05,-0.0005198697063287989,-1.0260470248749012e-05,-0.0005198697063287989,-1.0260470248749012e-05
113,5.65,-0.0005267328276243877,-0.0005067299621508899,-2.000286547349775e-05,-0.0005087644319573015,-1.796839566708616e-05,-0.0005087644319573015,-1.796839566708616e-05
114,5.7,-0.0005061052671043731,-0.0004976076367929548,-8.49763031141829e-06,-0.0004994629005732287,-6.642366531144366e-06,-0.0004994629005732287,-6.642366531144366e-06
115,5.75,-0.0004960037658628957,-0.0004896497573981217,-6.354008464773994e-06,-0.0004914862763632574,-4.517489499638303e-06,-0.0004914862763632574,-4.517489499638303e-06
116,5.800000000000001,-0.0004861618081986041,-0.0004850819850252148,-1.0798231733892831e-06,-0.0004869118552106338,7.50047012029677e-07,-0.0004869118552106338,7.50047012029677e-07
117,5.8500000000000005,-0.00048204093114245783,-0.00048074686552579236,-1.294065616665467e-06,-0.0004827808385036218,7.399073611639951e-07,-0.0004827808385036218,7.399073611639951e-07
118,5.9,-0.0004811989262661909,-0.00047319319102543745,-8.005735240753428e-06,-0.00047524899031778383,-5.949935948407041e-06,-0.00047524899031778383,-5.949935948407041e-06
119,5.95,-0.0004894501714731714,-0.0004741243600972354,-1.5325811375935955e-05,-0.00047632740081651585,-1.312277065665553e-05,-0.00047632740081651585,-1.312277065665553e-05
120,6.0,-0.0004934616843540462,-0.000469229644990484,-2.4232039363562222e-05,-0.0004706837146526376,-2.2777969701408664e-05,-0.0004706837146526376,-2.2777969701408664e-05
121,6.050000000000001,-0.0004820260134338339,-0.00046266828755234804,-1.9357725881485844e-05,-0.0004647360896107224,-1.7289923823111464e-05,-0.0004647360896107224,-1.7289923823111464e-05
122,6.1000000000000005,-0.00047104057365054963,-0.00045437904585942767,-1.666152779112196e-05,-0.0004576370292895663,-1.3403544360983313e-05,-0.0004576370292895663,-1.3403544360983313e-05
123,6.15,-0.00047037639842484325,-0.000456156539407932,-1.4219859016911254e-05,-0.00046044085299669525,-9.935545428147992e-06,-0.00046044085299669525,-9.935545428147992e-06
124,6.2,-0.00046876385466876336,-0.00045991447060149735,-8.84938406726601e-06,-0.00046470333342529455,-4.0605212434688094e-06,-0.00046473037176658123,-4.0334829021821295e-06
125,6.25,-0.0004722907379914876,-0.0004571502932604762,-1.514044473101137e-05,-0.00046390532979150376,-8.38540819998382e-06,-0.00046506624949987403,-7.224488491613544e-06
126,6.300000000000001,-0.0004677590577708557,-0.0004579588794028024,-9.800178368053313e-06,-0.0004654502182087774,-2.308839562078298e-06,-0.00046915134894127784,1.3922911704221537e-06
127,6.3500000000000005,-0.0004606638141515518,-0.00045921211003494765,-1.4517041166041303e-06,-0.0004673600447773787,6.6962306258269125e-06,-0.00047024544565416244,9.581631502610663e-06
128,6.4,-0.0004699167584836239,-0.000457573859506822,-1.2342898976801893e-05,-0.00046785693995378874,-2.0598185298351676e-06,-0.0004688211036578385,-1.0956548257853947e-06
129,6.45,-0.00047015970363961657,-0.0004524235738775025,-1.7736129762114053e-05,-0.0004636483169650042,-6.511386674612366e-06,-0.0004636483169650042,-6.511386674612366e-06
130,6.5,-0.00046640793199426156,-0.00045268409901837105,-1.372383297589051e-05,-0.00046461492366930827,-1.7930083249532904e-06,-0.00046461492366930827,-1.7930083249532904e-06
131,6.550000000000001,-0.00046198006710573836,-0.00044960335215792974,-1.2376714947808615e-05,-0.00046281694251636477,8.368754106264113e-07,-0.00046281694251636477,8.368754106264113e-07
132,6.6000000000000005,-0.0004855589432515295,-0.0004576468910899872,-2.7912052161542284e-05,-0.00047182043703898033,-1.3738506212549156e-05,-0.00047182043703898033,-1.3738506212549156e-05
133,6.65,-0.00050252453658306,-0.00046319650859011054,-3.9328027992949416e-05,-0.0004782037418765922,-2.432079470646777e-05,-0.0004782037418765922,-2.432079470646777e-05
134,6.7,-0.00048675544283627303,-0.0004672372020474682,-1.9518240788804855e-05,-0.0004835727040450176,-3.1827387912554514e-06,-0.0004835727040450176,-3.1827387912554514e-06
135,6.75,-0.0004618321880416332,-0.0004727950691392554,1.0962881097622212e-05,-0.0004899752290554856,2.8143041013852475e-05,-0.0004899752290554856,2.8143041013852475e-05
136,6.800000000000001,-0.000490780309414518,-0.0004814522869289073,-9.32802248561072e-06,-0.0005002089168654062,9.42860745088822e-06,-0.0005002089168654062,9.42860745088822e-06
137,6.8500000000000005,-0.0005096117417475732,-0.00048320733832095863,-2.6404403426614543e-05,-0.0005029193118180253,-6.6924299295478915e-06,-0.0005029193118180253,-6.6924299295478915e-06
138,6.9,-0.0005022899026483341,-0.0004840496197944589,-1.8240282853875184e-05,-0.0005056541904384442,3.36428779011016e-06,-0.0005056541904384442,3.36428779011016e-06
139,6.95,-0.00047046592360633355,-0.0004767006119639681,6.234688357634546e-06,-0.0005023289362911926,3.186301268485905e-05,-0.0005023289362911926,3.186301268485905e-05
140,7.0,-0.0004940159557695889,-0.0004790712209091561,-1.4944734860432784e-05,-0.0005057906879228607,1.1774732153271806e-05,-0.0005057906879228607,1.1774732153271806e-05
141,7.050000000000001,-0.0004787682727767084,-0.00045397684254914957,-2.4791430227558847e-05,-0.0004853253516238511,6.557078847142708e-06,-0.0004853253516238511,6.557078847142708e-06
142,7.1000000000000005,-0.0004773344600403906,-0.00045544990691863765,-2.1884553121752945e-05,-0.00048795718768340876,1.0622727643018167e-05,-0.00048795718768340876,1.0622727643018167e-05
143,7.15,-0.0004540227191445201,-0.0004598161845666358,5.7934654221157e-06,-0.0004943243325141184,4.030161336959835e-05,-0.0004943243325141184,4.030161336959835e-05
144,7.2,-0.0004897038218962813,-0.0004670544047507774,-2.264941714550387e-05,-0.0005027840066915394,1.3080184795258147e-05,-0.0005027840066915394,1.3080184795258147e-05
145,7.25,-0.0004964852255662233,-0.00046512889223710623,-3.135633332911709e-05,-0.0005025764236657944,6.091198099571096e-06,-0.0005025764236657944,6.091198099571096e-06
146,7.300000000000001,-0.0004734203226193223,-0.0004642763620368621,-9.14396058246023e-06,-0.0005031088693083039,2.9688546688981564e-05,-0.0005031088693083039,2.9688546688981564e-05
147,7.3500000000000005,-0.00046096201298406747,-0.00046340720532486897,2.445192340801497e-06,-0.00050345399133682,4.2491978352752514e-05,-0.00050345399133682,4.2491978352752514e-05
148,7.4,-0.0004710073069373877,-0.0004581857256928612,-1.282158124452646e-05,-0.0005002219284501975,2.9214621512809813e-05,-0.0005002219284501975,2.9214621512809813e-05
149,7.45,-0.000484751369506764,-0.0004559914164737203,-2.8759953033043704e-05,-0.0004992157424821105,1.446437297534652e-05,-0.0004992157424821105,1.446437297534652e-05
150,7.5,-0.00044800275417511415,-0.000457242078285825,9.239324110710842e-06,-0.0005063417233724226,5.8338969197308465e-05,-0.0005063417233724226,5.8338969197308465e-05
151,7.550000000000001,-0.00047040901723183204,-0.0004621375954935561,-8.271421738275937e-06,-0.0005141931051484422,4.3784087916610135e-05,-0.0005141931051484422,4.3784087916610135e-05
152,7.6000000000000005,-0.00047064998250001544,-0.00044888397398013284,-2.1766008519882602e-05,-0.0005023157275670768,3.166574506706138e-05,-0.0005023157275670768,3.166574506706138e-05
153,7.65,-0.0004349859650201182,-0.00042369482829105484,-1.1291136729063372e-05,-0.00047841871911496916,4.343275409485095e-05,-0.00047841871911496916,4.343275409485095e-05
154,7.7,-0.0004231397978038398,-0.00042285805505427583,-2.8174274956398095e-07,-0.0004788636514919964,5.5723853688156605e-05,-0.0004788636514919964,5.5723853688156605e-05
155,7.75,-0.00040314844337485667,-0.00039491821785596153,-8.230225518895138e-06,-0.000449712563299758,4.6564119924901305e-05,-0.000449712563299758,4.6564119924901305e-05
156,7.800000000000001,-0.00042853878919735244,-0.00039377662442062543,-3.4762164776727016e-05,-0.0004496097531786085,2.107096398125608e-05,-0.0004496097531786085,2.107096398125608e-05
157,7.8500000000000005,-0.00039216244872330996,-0.0003861074411873645,-6.055007535945482e-06,-0.00044314020150149937,5.09777527781894e-05,-0.00044314020150149937,5.09777527781894e-05
158,7.9,-0.0003739836086802395,-0.00037778961216719086,3.806003486951366e-06,-0.0004346050714141389,6.062146273389939e-05,-0.0004346050714141389,6.062146273389939e-05
159,7.95,-0.0003861300041361204,-0.00037482161158234825,-1.130839255377217e-05,-0.00043270198354272005,4.657197940659963e-05,-0.00043270198354272005,4.657197940659963e-05
160,8.0,-0.00040405306284885256,-0.00037104643589844585,-3.300662695040671e-05,-0.00043127313138869347,2.7220068539840904e-05,-0.00043127313138869347,2.7220068539840904e-05
161,8.05,-0.00035924941667708765,-0.00036612211882419574,6.872702147108086e-06,-0.0004250675449298342,6.581812825274657e-05,-0.0004250675449298342,6.581812825274657e-05
162,8.1,-0.0003513819729135115,-0.00035974781863485744,8.36584572134596e-06,-0.00041979259502887935,6.841062211536788e-05,-0.00041979259502887935,6.841062211536788e-05
163,8.15,-0.0003666624983829081,-0.00034842160137267265,-1.8240897010235446e-05,-0.0004095476872034762,4.2885188820568115e-05,-0.0004095476872034762,4.2885188820568115e-05
164,8.200000000000001,-0.0003712468423295867,-0.00033890790224678846,-3.2338940082798256e-05,-0.00040618884554536916,3.494200321578245e-05,-0.00040618884554536916,3.494200321578245e-05
165,8.25,-0.0003098084686334879,-0.0003374789214315531,2.767045279806525e-05,-0.0004073966444680346,9.75881758345467e-05,-0.0004073966444680346,9.75881758345467e-05
166,8.3,-0.00031994748996222455,-0.00032504359414240293,5.09610418017838e-06,-0.00039610493773311163,7.615744777088708e-05,-0.00039610493773311163,7.615744777088708e-05
167,8.35,-0.000337446133926278,-0.00031758533288448533,-1.9860801041792647e-05,-0.000390825529208523,5.3379395282245024e-05,-0.000390825529208523,5.3379395282245024e-05
168,8.4,-0.000330476848330985,-0.0003105403252525446,-1.993652307844039e-05,-0.00038483181752984333,5.4354969198858324e-05,-0.00038483181752984333,5.4354969198858324e-05
169,8.450000000000001,-0.0002834122753356816,-0.00030081000934428765,1.7397734008606062e-05,-0.0003766817457669896,9.3269470431308e-05,-0.0003766817457669896,9.3269470431308e-05
170,8.5,-0.0002931401808037304,-0.00029349844089705785,3.582600933274625e-07,-0.00037043894809951183,7.729876729578144e-05,-0.00037043894809951183,7.729876729578144e-05
171,8.55,-0.0003135330544712378,-0.00029278028180765395,-2.075277266358385e-05,-0.0003707339005017952,5.7200846030557387e-05,-0.0003707339005017952,5.7200846030557387e-05
172,8.6,-0.00029648163373430236,-0.00028658467103143576,-9.896962702866604e-06,-0.0003645909252070863,6.810929147278396e-05,-0.0003645909252070863,6.810929147278396e-05
173,8.65,-0.00027323749749763593,-0.0002799768813566372,6.739383859001298e-06,-0.00035906844986527316,8.583095236763724e-05,-0.00035906844986527316,8.583095236763724e-05
174,8.700000000000001,-0.0002764757344904112,-0.0002723442174926877,-4.131516997723486e-06,-0.0003524765572558557,7.600082276544454e-05,-0.0003524765572558557,7.600082276544454e-05
175,8.75,-0.0002757358646165997,-0.0002644128530258224,-1.1323011590777315e-05,-0.00034534654350470344,6.961067888810373e-05,-0.00034534654350470344,6.961067888810373e-05
176,8.8,-0.00025309161012643244,-0.0002494831810957915,-3.608429030640926e-06,-0.000331392119195712,7.830050906927958e-05,-0.000331392119195712,7.830050906927958e-05
177,8.85,-0.00025071099569640154,-0.000243538123320996,-7.172872375405535e-06,-0.00032646181437993133,7.57508186835298e-05,-0.00032646181437993133,7.57508186835298e-05
178,8.9,-0.0002438465594556405,-0.0002362230289165584,-7.623530539082099e-06,-0.00032039153254339757,7.654497308775708e-05,-0.00032039153254339757,7.654497308775708e-05
179,8.950000000000001,-0.00022900884126553223,-0.00023031896343419356,1.3101221686613357e-06,-0.0003154691897177,8.646034845216779e-05,-0.0003154691897177,8.646034845216779e-05
180,9.0,-0.0002226384824663974,-0.00022303885565815146,4.003731917540663e-07,-0.0003091578525954145,8.651937012901713e-05,-0.0003091578525954145,8.651937012901713e-05
181,9.05,-0.00021209686375822656,-0.00021393496235130662,1.838098593080062e-06,-0.0003060472102845371,9.395034652631056e-05,-0.0003060472102845371,9.395034652631056e-05
182,9.1,-0.00021640231039277147,-0.0002051757141893035,-1.1226596203467974e-05,-0.000298296342437645,8.189403204487354e-05,-0.000298296342437645,8.189403204487354e-05
183,9.15,-0.0002080980285434908,-0.0001981099849058022,-9.988043637688596e-06,-0.0002921104943433378,8.4012465799847e-05,-0.0002921104943433378,8.4012465799847e-05
184,9.200000000000001,-0.00018848395486914526,-0.00019248530438791727,4.001349518772002e-06,-0.00028743902340564424,9.895506853649898e-05,-0.00028743902340564424,9.895506853649898e-05
185,9.25,-0.00017934961978305353,-0.0001846724497461138,5.322829963060261e-06,-0.0002805669204617985,0.000101217300678745,-0.0002805669204617985,0.000101217300678745
186,9.3,-0.00018202913852616298,-0.00018408022092607964,2.051082399916654e-06,-0.0002819039708050238,9.98748322788608e-05,-0.0002819039708050238,9.98748322788608e-05
187,9.35,-0.0001758305356684975,-0.0001729752662139475,-2.8552694545499937e-06,-0.0002711884380234317,9.535790235493422e-05,-0.0002711884380234317,9.535790235493422e-05
188,9.4,-0.00016881977397464887,-0.0001667390977648786,-2.0806762097702602e-06,-0.00026586209193656845,9.704231796191958e-05,-0.00026586209193656845,9.704231796191958e-05
189,9.450000000000001,-0.00016701871331581408,-0.00016079618314491102,-6.222530170903065e-06,-0.00026077534784341947,9.375663452760539e-05,-0.00026077534784341947,9.375663452760539e-05
190,9.5,-0.0001488351732223947,-0.00015334546515031536,4.510291927920662e-06,-0.00025535057770972896,0.00010651540448733426,-0.00025535057770972896,0.00010651540448733426
191,9.55,-0.00013987318795538606,-0.0001461596256574974,6.286437702111332e-06,-0.0002489987431222157,0.00010912555516682962,-0.0002489987431222157,0.00010912555516682962
192,9.600000000000001,-0.0001427225969938828,-0.00014116499280683985,-1.557604187042938e-06,-0.0002426173066536578,9.989470965977501e-05,-0.0002426173066536578,9.989470965977501e-05
193,9.65,-0.0001352775979825971,-0.00013630046272028053,1.0228647376834415e-06,-0.00024005700378094518,0.0001047794057983481,-0.00024005700378094518,0.0001047794057983481
194,9.700000000000001,-0.0001385138830511945,-0.00013236526470448762,-6.148618346706882e-06,-0.00023696161246841357,9.844772941721908e-05,-0.00023696161246841357,9.844772941721908e-05
195,9.75,-0.0001400036037291219,-0.00012800065090372168,-1.200295282540023e-05,-0.0002331946378653151,9.31910341361932e-05,-0.0002331946378653151,9.31910341361932e-05
196,9.8,-0.00013777944533188702,-0.0001281481421958044,-9.631303136082631e-06,-0.00023748980548581118,9.971036015392416e-05,-0.00023748980548581118,9.971036015392416e-05
197,9.850000000000001,-0.00012208798329793602,-0.00012467222687482827,2.5842435768922453e-06,-0.00023485482574113869,0.00011276684244320267,-0.00023485482574113869,0.00011276684244320267
198,9.9,-0.0001193951108964253,-0.00012046945884658256,1.0743479501572632e-06,-0.00023146541995570244,0.00011207030905927714,-0.00023146541995570244,0.00011207030905927714
199,9.950000000000001,-0.00011484247222082189,-0.0001147784030651119,-6.406915570998553e-08,-0.00022667155449423315,0.00011182908227341126,-0.00022667155449423315,0.00011182908227341126
200,10.0,-0.00011281345146652022,-0.0001109784279519926,-1.8350235145276174e-06,-0.00022367756841683723,0.00011086411695031701,-0.00022367756841683723,0.00011086411695031701
201,10.05,-0.00011281921078087898,-0.00010723965336766036,-5.579557413218619e-06,-0.00022063236298491156,0.00010781315220403259,-0.00022063236298491156,0.00010781315220403259
202,10.100000000000001,-0.00011165171938554153,-0.00010457462372386904,-7.0770956616724855e-06,-0.00021873672176319254,0.00010708500237765101,-0.00021873672176319254,0.00010708500237765101
203,10.15,-0.00010790662287751829,-0.00010044524245982552,-7.461380417692764e-06,-0.000215359346606128,0.00010745272372860972,-0.000215359346606128,0.00010745272372860972
204,10.200000000000001,-0.0001030233618166676,-9.714032413205366e-05,-5.883037684613945e-06,-0.0002127862712217995,0.00010976290940513188,-0.0002127862712217995,0.00010976290940513188
205,10.25,-9.81139476938786e-05,-9.466000954893271e-05,-3.4539381449458922e-06,-0.00021101664245236015,0.00011290269475848155,-0.00021101664245236015,0.00011290269475848155
206,10.3,-8.899871546086402e-05,-9.084225351820035e-05,1.843538057336332e-06,-0.0002078928127674411,0.00011889409730657708,-0.0002078928127674411,0.00011889409730657708
207,10.350000000000001,-8.332139481348477e-05,-8.546075503689153e-05,2.139360223406755e-06,-0.00020067123092085454,0.00011734983610736977,-0.00020067123092085454,0.00011734983610736977
208,10.4,-8.329046931576656e-05,-8.257297536255528e-05,-7.174939532112736e-07,-0.00019847962392269763,0.00011518915460693107,-0.00019847962392269763,0.00011518915460693107
209,10.450000000000001,-8.210679696363243e-05,-7.86330868298554e-05,-3.4737101337770304e-06,-0.00019429552226091356,0.00011218872529728113,-0.00019429552226091356,0.00011218872529728113
210,10.5,-7.928895721076579e-05,-7.584506843751412e-05,-3.4438887732516645e-06,-0.00019214716178094472,0.00011285820457017893,-0.00019214716178094472,0.00011285820457017893
211,10.55,-7.14866738877884e-05,-7.517571930191185e-05,3.6890454141234554e-06,-0.00019519265339303863,0.00012370597950525023,-0.00019519265339303863,0.00012370597950525023
212,10.600000000000001,-7.219328130436686e-05,-7.190902608789015e-05,-2.842552164767086e-07,-0.00019255895880234214,0.00012036567749797527,-0.00019255895880234214,0.00012036567749797527
213,10.65,-6.42789908353869e-05,-6.748142055240292e-05,3.2024297170160133e-06,-0.00018875352573435763,0.00012447453489897073,-0.00018875352573435763,0.00012447453489897073
214,10.700000000000001,-6.416165353861913e-05,-6.536784161850962e-05,1.20618807989049e-06,-0.0001872706936300411,0.00012310904009142195,-0.0001872706936300411,0.00012310904009142195
215,10.75,-6.418511995431864e-05,-6.410569913156625e-05,-7.9420822752388e-08,-0.00018662947979393275,0.00012244435983961412,-0.00018662947979393275,0.00012244435983961412
216,10.8,-6.37745264309153e-05,-6.0844041621494393e-05,-2.930484809420908e-06,-0.0001839784629926911,0.00012020393656177579,-0.0001839784629926911,0.00012020393656177579
217,10.850000000000001,-6.316109593784702e-05,-5.893283542205158e-05,-4.22826051579544e-06,-0.0001826649590959329,0.00011950386315808588,-0.0001826649590959329,0.00011950386315808588
218,10.9,-6.192626002299306e-05,-5.708279114438987e-05,-4.8434688786031945e-06,-0.00018140261683137945,0.00011947635680838639,-0.00018140261683137945,0.00011947635680838639
219,10.950000000000001,-5.711707061184512e-05,-5.6383452663313814e-05,-7.336179485313086e-07,-0.00018065843605523206,0.00012354136544338694,-0.00018065843605523206,0.00012354136544338694
220,11.0,-5.505193647437068e-05,-5.405853539561094e-05,-9.934010787597381e-07,-0.0001790725995373584,0.00012402066306298773,-0.0001790725995373584,0.00012402066306298773
221,11.05,-5.257618463949676e-05,-5.2651123471780375e-05,7.49388322836156e-08,-0.00017819021846698403,0.00012561403382748727,-0.00017819021846698403,0.00012561403382748727
222,11.100000000000001,-5.1184852144059434e-05,-5.096311719756646e-05,-2.2173494649297684e-07,-0.00017699108887210454,0.0001258062367280451,-0.00017699108887210454,0.0001258062367280451
223,11.15,-4.745829025054604e-05,-4.9330889053460283e-05,1.872598802914241e-06,-0.0001758389197987311,0.00012838062954818505,-0.0001758389197987311,0.00012838062954818505
224,11.200000000000001,-4.64730045413031e-05,-4.7685011699255566e-05,1.2120071579524682e-06,-0.00017466440137539225,0.00012819139683408916,-0.00017466440137539225,0.00012819139683408916
225,11.25,-4.483073424910167e-05,-4.615636127951757e-05,1.325627030415903e-06,-0.00017360044657775903,0.00012876971232865736,-0.00017360044657775903,0.00012876971232865736
226,11.3,-4.493411256922819e-05,-4.467357573432724e-05,-2.60536834900949e-07,-0.00017257384481271317,0.00012763973224348498,-0.00017257384481271317,0.00012763973224348498
227,11.350000000000001,-3.959845392320638e-05,-3.9312160095769736e-05,-2.8629382743664195e-07,-0.0001690160446025123,0.00012941759067930592,-0.0001690160446025123,0.00012941759067930592
228,11.4,-4.064489864363807e-05,-3.939628179467415e-05,-1.2486168489639221e-06,-0.00016932043794524592,0.00012867553930160784,-0.00016932043794524592,0.00012867553930160784
229,11.450000000000001,-3.979744376092498e-05,-3.778401909595423e-05,-2.013424664970746e-06,-0.00016780070199880637,0.0001280032582378814,-0.00016780070199880637,0.0001280032582378814
230,11.5,-3.8127565023859944e-05,-3.661773369015539e-05,-1.5098313337045556e-06,-0.0001669374390610088,0.00012880987403714886,-0.0001669374390610088,0.00012880987403714886
231,11.55,-3.425559990333227e-05,-3.5595309428399936e-05,1.3397095250676684e-06,-0.00016599562125254832,0.00013174002134921605,-0.00016599562125254832,0.00013174002134921605
232,11.600000000000001,-3.35051043218737e-05,-3.4741399381557365e-05,1.2362950596836626e-06,-0.000160370497865978,0.0001268653935441043,-0.000160370497865978,0.0001268653935441043
233,11.65,-3.1295191179170345e-05,-3.2740892221376846e-05,1.4457010422065013e-06,-0.00016194592675051374,0.0001306507355713434,-0.00016194592675051374,0.0001306507355713434
234,11.700000000000001,-3.1266396203211144e-05,-3.175676350016649e-05,4.90367296955346e-07,-0.00016119248207407562,0.00012992608587086447,-0.00016119248207407562,0.00012992608587086447
235,11.75,-3.150377495297896e-05,-3.1306996095717724e-05,-1.9677885726123367e-07,-0.00016083031918405244,0.00012932654423107348,-0.00016083031918405244,0.00012932654423107348
236,11.8,-3.135873565862646e-05,-3.052159223737063e-05,-8.371434212558275e-07,-0.00016023293995268018,0.00012887420429405372,-0.00016023293995268018,0.00012887420429405372
237,11.850000000000001,-3.132167172958944e-05,-2.966729785439318e-05,-1.6543738751962592e-06,-0.00015956034991743904,0.0001282386781878496,-0.00015956034991743904,0.0001282386781878496
238,11.9,-3.101881594247402e-05,-2.9204763946043856e-05,-1.814051996430165e-06,-0.00015437399737464546,0.00012335518143217144,-0.00015437399737464546,0.00012335518143217144
239,11.950000000000001,-3.05583270900911e-05,-2.809856343923779e-05,-2.4597636508533084e-06,-0.00015824615480292971,0.00012768782771283862,-0.00015824615480292971,0.00012768782771283862
240,12.0,-2.876835227261232e-05,-2.7340658430909478e-05,-1.4276938417028407e-06,-0.00015762253262906577,0.00012885418035645346,-0.00015762253262906577,0.00012885418035645346
241,12.05,-3.0321026159407793e-05,-2.8101156453938113e-05,-2.21986970546968e-06,-0.00015854259938586891,0.00012822157322646112,-0.00015854259938586891,0.00012822157322646112
242,12.100000000000001,-3.057625246771778e-05,-2.780193826793218e-05,-2.7743141997855987e-06,-0.0001563613622031184,0.00012578510973540062,-0.0001563613622031184,0.00012578510973540062
243,12.15,-3.066781592897527e-05,-2.713337559518988e-05,-3.534440333785392e-06,-0.00015589714049172424,0.00012522932456274897,-0.00015589714049172424,0.00012522932456274897
244,12.200000000000001,-3.059071531952284e-05,-2.683642671424586e-05,-3.754288605276984e-06,-0.0001508602531250143,0.00012026953780549146,-0.0001508602531250143,0.00012026953780549146
245,12.25,-3.0211710044802942e-05,-2.577347409814937e-05,-4.438235946653573e-06,-0.00015483678062182184,0.0001246250705770189,-0.00015483678062182184,0.0001246250705770189
246,12.3,-2.9274655601874144e-05,-2.5256897357443896e-05,-4.017758244430248e-06,-0.00015513467333293964,0.0001258600177310655,-0.00015513467333293964,0.0001258600177310655
247,12.350000000000001,-2.731432912339571e-05,-2.4552499799846263e-05,-2.761829323549446e-06,-0.00015462182908916556,0.00012730749996576985,-0.00015462182908916556,0.00012730749996576985
248,12.4,-2.2540639489143643e-05,-2.394505425940932e-05,1.404414770265675e-06,-0.00015420128537429708,0.00013166064588515344,-0.00015420128537429708,0.00013166064588515344
249,12.450000000000001,-2.2303889827490764e-05,-2.39755582396248e-05,1.6716684121340368e-06,-0.0001493222118580861,0.00012701832203059534,-0.0001493222118580861,0.00012701832203059534
250,12.5,-2.1927667888110847e-05,-2.3295759362425346e-05,1.3680914743144998e-06,-0.00015381384053697042,0.00013188617264885957,-0.00015381384053697042,0.00013188617264885957
251,12.55,-2.1285344844246268e-05,-2.27426024273467e-05,1.4572575831004314e-06,-0.00015343259117526077,0.0001321472463310145,-0.00015343259117526077,0.0001321472463310145
252,12.600000000000001,-2.0589851774222012e-05,-2.221959616095941e-05,1.6297443867373978e-06,-0.00015307131647182125,0.00013248146469759924,-0.00015307131647182125,0.00013248146469759924
253,12.65,-1.859855766328522e-05,-2.171390259516204e-05,3.11534493187682e-06,-0.00015272208220934712,0.0001341235245460619,-0.00015272208220934712,0.0001341235245460619
254,12.700000000000001,-1.802826296670723e-05,-2.1230546634203555e-05,3.202283667496323e-06,-0.00015238813920710498,0.00013435987624039775,-0.00015238813920710498,0.00013435987624039775
255,12.75,-1.8807296949585606e-05,-2.120957202938241e-05,2.402275079796803e-06,-0.00015251046186021627,0.00013370316491063066,-0.00015251046186021627,0.00013370316491063066
256,12.8,-1.8974639940605442e-05,-2.076255684956541e-05,1.7879169089599672e-06,-0.00015216368764172852,0.00013318904770112308,-0.00015216368764172852,0.00013318904770112308
257,12.850000000000001,-1.916728251272204e-05,-2.0297871479801706e-05,1.130588967079667e-06,-0.00015179530594516043,0.0001326280234324384,-0.00015179530594516043,0.0001326280234324384
258,12.9,-1.853819959851677e-05,-1.9851395636278093e-05,1.3131960377613237e-06,-0.00015144131265751383,0.00013290311305899706,-0.00015144131265751383,0.00013290311305899706
259,12.950000000000001,-1.804529904325669e-05,-1.9422326846110837e-05,1.3770278028541459e-06,-0.00015110099222329402,0.00013305569318003733,-0.00015110099222329402,0.00013305569318003733
260,13.0,-1.822806243945152e-05,-1.9009655568257107e-05,7.815931288055867e-07,-0.0001507733986158048,0.00013254533617635327,-0.0001507733986158048,0.00013254533617635327
261,13.05,-1.8094796369050314e-05,-1.8612330747108962e-05,5.175343780586474e-07,-0.0001504575666290164,0.0001323627702599661,-0.0001504575666290164,0.0001323627702599661
262,13.100000000000001,-1.4606583377263505e-05,-1.664921237552457e-05,2.042628998261064e-06,-0.00014879440170839075,0.00013418781833112725,-0.00014879440170839075,0.00013418781833112725
263,13.15,-1.4586490952650522e-05,-1.6268516559487006e-05,1.682025606836484e-06,-0.00014850752457752815,0.00013392103362487763,-0.00014850752457752815,0.00013392103362487763
264,13.200000000000001,-1.4710197731027108e-05,-1.588653198556942e-05,1.176334254542312e-06,-0.00014824258202618482,0.00013353238429515772,-0.00014824258202618482,0.00013353238429515772
265,13.25,-1.5225655106032576e-05,-1.5906727758560216e-05,6.810726525276393e-07,-0.00014837529238550046,0.00013314963727946788,-0.00014837529238550046,0.00013314963727946788
266,13.3,-1.6028741425033743e-05,-1.620335186533056e-05,1.7461044029681703e-07,-0.00014878008853857564,0.0001327513471135419,-0.00014878008853857564,0.0001327513471135419
267,13.350000000000001,-1.5144174604797556e-05,-1.517394130653587e-05,2.9766701738314077e-08,-0.00014785462402975834,0.00013271044942496078,-0.00014785462402975834,0.00013271044942496078
268,13.4,-1.5220566911722244e-05,-1.4836859298094336e-05,-3.8370761362790786e-07,-0.0001476172582426045,0.00013239669133088225,-0.0001476172582426045,0.00013239669133088225
269,13.450000000000001,-1.4971304802546825e-05,-1.412664559654846e-05,-8.446592059983654e-07,-0.00014650377002882765,0.00013153246522628083,-0.00014650377002882765,0.00013153246522628083
270,13.5,-1.552244954927673e-05,-1.4544937865811718e-05,-9.775116834650106e-07,-0.0001474878719807954,0.00013196542243151867,-0.0001474878719807954,0.00013196542243151867
271,13.55,-1.4661361302126252e-05,-1.3480628309349159e-05,-1.1807329927770932e-06,-0.00014602049945051313,0.00013135913814838688,-0.00014602049945051313,0.00013135913814838688
272,13.600000000000001,-1.4504157726635825e-05,-1.3282344309721536e-05,-1.2218134169142885e-06,-0.0001463737042738526,0.00013186954654721678,-0.0001463737042738526,0.00013186954654721678
273,13.65,-1.480157829147899e-05,-1.2933784364743828e-05,-1.8677939267351614e-06,-0.000145622320252163,0.000130820741960684,-0.000145622320252163,0.000130820741960684
274,13.700000000000001,-1.5634774477746305e-05,-1.3205699702713372e-05,-2.4290747750329333e-06,-0.00014570460673083772,0.0001300698322530914,-0.00014570460673083772,0.0001300698322530914
275,13.75,-1.4404006019708149e-05,-1.2442188925066633e-05,-1.9618170946415156e-06,-0.00014546170917571112,0.00013105770315600298,-0.00014546170917571112,0.00013105770315600298
276,13.8,-1.4154950616296347e-05,-1.2993010504846019e-05,-1.1619401114503278e-06,-0.00014560738485110779,0.00013145243423481144,-0.00014560738485110779,0.00013145243423481144
277,13.850000000000001,-1.331108726287944e-05,-1.2227345026997724e-05,-1.0837422358817159e-06,-0.0001452914668604056,0.00013198037959752615,-0.0001452914668604056,0.00013198037959752615
278,13.9,-1.3067123025400917e-05,-1.1883810828602508e-05,-1.183312196798409e-06,-0.00014449055395021198,0.00013142343092481106,-0.00014449055395021198,0.00013142343092481106
279,13.950000000000001,-1.3190116631145443e-05,-1.1796775837228963e-05,-1.3933407939164803e-06,-0.00014484181014043438,0.00013165169350928894,-0.00014484181014043438,0.00013165169350928894
280,14.0,-1.2993720467147085e-05,-1.1535155780762309e-05,-1.4585646863847765e-06,-0.00014412638082785936,0.00013113266036071227,-0.00014412638082785936,0.00013113266036071227
281,14.05,-1.2053641919917979e-05,-1.0888498830963576e-05,-1.1651430889544034e-06,-0.00014390647143591888,0.0001318528295160009,-0.00014390647143591888,0.0001318528295160009
282,14.100000000000001,-1.1004286287308318e-05,-1.055352001337971e-05,-4.507662739286081e-07,-0.00014313370542501586,0.00013212941913770754,-0.00014313370542501586,0.00013212941913770754
283,14.15,-1.2200644345927714e-05,-1.1492961848727157e-05,-7.076824972005566e-07,-0.00014450063832478104,0.00013229999397885333,-0.00014450063832478104,0.00013229999397885333
284,14.200000000000001,-1.1249393570222921e-05,-1.079348663130984e-05,-4.559069389130809e-07,-0.0001433812745771711,0.00013213188100694818,-0.0001433812745771711,0.00013213188100694818
285,14.25,-1.193653145770135e-05,-1.0935999837178489e-05,-1.0005316205228607e-06,-0.0001439404917055327,0.00013200396024783134,-0.0001439404917055327,0.00013200396024783134
286,14.3,-1.1068848291273525e-05,-1.0543810406940498e-05,-5.250378843330278e-07,-0.00014311276017766198,0.00013204391188638846,-0.00014311276017766198,0.00013204391188638846
287,14.350000000000001,-1.0512603711765323e-05,-9.950789870713169e-06,-5.618138410521535e-07,-0.00014292037908265984,0.00013240777537089452,-0.00014292037908265984,0.00013240777537089452
288,14.4,-9.522639700110247e-06,-9.151778393433213e-06,-3.708613066770336e-07,-0.00014014500693190456,0.00013062236723179431,-0.00014014500693190456,0.00013062236723179431
289,14.450000000000001,-9.603993432305558e-06,-8.680843198893637e-06,-9.231502334119207e-07,-0.00014008248143025333,0.00013047848799794778,-0.00014008248143025333,0.00013047848799794778
290,14.5,-8.913241410279937e-06,-8.405315962980795e-06,-5.079254472991419e-07,-0.00013962123275924304,0.0001307079913489631,-0.00013962123275924304,0.0001307079913489631
291,14.55,-6.386653273793286e-06,-8.135228805401316e-06,1.7485755316080307e-06,-0.00013896446833008507,0.0001325778150562918,-0.00013896446833008507,0.0001325778150562918
292,14.600000000000001,-7.936127362606626e-06,-8.65687613662905e-06,7.207487740224233e-07,-0.00013986815217659462,0.000131932024813988,-0.00013986815217659462,0.000131932024813988
293,14.65,-7.235905865599079e-06,-8.613647927643186e-06,1.3777420620441066e-06,-0.00013984451503308118,0.0001326086091674821,-0.00013984451503308118,0.0001326086091674821
294,14.700000000000001,-6.855172210773475e-06,-7.79661565403359e-06,9.414434432601155e-07,-0.00013864270346200397,0.0001317875312512305,-0.00013864270346200397,0.0001317875312512305
295,14.75,-7.92633351687222e-06,-7.974219065414385e-06,4.7885548542165975e-08,-0.00013919277449515058,0.00013126644097827836,-0.00013919277449515058,0.00013126644097827836
296,14.8,-8.060581839108849e-06,-7.85497150791449e-06,-2.05610331194359e-07,-0.00013907962067733593,0.00013101903883822708,-0.00013907962067733593,0.00013101903883822708
297,14.850000000000001,-8.505626349908368e-06,-8.734540876559262e-06,2.28914526650894e-07,-0.00013957989843639987,0.0001310742720864915,-0.00013957989843639987,0.0001310742720864915
298,14.9,-8.346819069915412e-06,-7.684485260532836e-06,-6.623338093825757e-07,-0.00013890700969245782,0.0001305601906225424,-0.00013890700969245782,0.0001305601906225424
299,14.950000000000001,-8.470808742222502e-06,-7.660252533760651e-06,-8.105562084618505e-07,-0.00013889097393913032,0.00013042016519690782,-0.00013889097393913032,0.00013042016519690782
300,15.0,-8.087039453208433e-06,-7.4001779589422545e-06,-6.868614942661789e-07,-0.00013825932654073364,0.0001301722870875252,-0.00013825932654073364,0.0001301722870875252
301,15.05,-8.59812488673839e-06,-7.432774460749471e-06,-1.1653504259889185e-06,-0.0001386538194644707,0.0001300556945777323,-0.0001386538194644707,0.0001300556945777323
302,15.100000000000001,-9.840584415554687e-06,-8.119232301368435e-06,-1.7213521141862523e-06,-0.00013934320129119617,0.00012950261687564148,-0.00013934320129119617,0.00012950261687564148
303,15.15,-8.969438047623512e-06,-7.5701354527072835e-06,-1.399302594916229e-06,-0.00013842276859252477,0.00012945333054490126,-0.00013842276859252477,0.00012945333054490126
304,15.200000000000001,-8.709192970357549e-06,-7.858253767335789e-06,-8.509392030217601e-07,-0.00013908262158094715,0.0001303734286105896,-0.00013908262158094715,0.0001303734286105896
305,15.25,-6.515712287491482e-06,-7.551144482311809e-06,1.0354321948203268e-06,-0.00013840818776293293,0.00013189247547544145,-0.00013840818776293293,0.00013189247547544145
306,15.3,-6.781043718540047e-06,-7.365776734623909e-06,5.847330160838613e-07,-0.0001385618512654196,0.00013178080754687956,-0.0001385618512654196,0.00013178080754687956
307,15.350000000000001,-7.127924593675061e-06,-8.09307074029446e-06,9.651461466193985e-07,-0.00013930938312316037,0.0001321814585294853,-0.00013930938312316037,0.0001321814585294853
308,15.4,-7.461730779922959e-06,-7.668663233399627e-06,2.0693245347666818e-07,-0.0001385348904979006,0.00013107315971797764,-0.0001385348904979006,0.00013107315971797764
309,15.450000000000001,-7.669778948171668e-06,-7.890514998101324e-06,2.20736049929656e-07,-0.00013910926106611314,0.00013143948211794148,-0.00013910926106611314,0.00013143948211794148
310,15.5,-7.520397308002913e-06,-7.6043560492666906e-06,8.39587412637776e-08,-0.00013846489161577398,0.00013094449430777106,-0.00013846489161577398,0.00013094449430777106
311,15.55,-8.17912289563516e-06,-7.486104625690988e-06,-6.930182699441724e-07,-0.00013862744412277474,0.00013044832122713958,-0.00013862744412277474,0.00013044832122713958
312,15.600000000000001,-7.138622633906522e-06,-6.921757751880319e-06,-2.1686488202620283e-07,-0.00013807866750326086,0.00013094004486935434,-0.00013807866750326086,0.00013094004486935434
313,15.65,-7.557943074054663e-06,-7.1114175652685e-06,-4.465255087861631e-07,-0.00013791664159279156,0.0001303586985187369,-0.00013791664159279156,0.0001303586985187369
314,15.700000000000001,-7.709611646866676e-06,-7.310849894561482e-06,-3.987617523051941e-07,-0.0001384501315546735,0.00013074051990780681,-0.0001384501315546735,0.00013074051990780681
315,15.75,-7.581384736887742e-06,-7.048987456798917e-06,-5.323972800888246e-07,-0.00013784066292932514,0.0001302592781924374,-0.00013784066292932514,0.0001302592781924374
316,15.8,-7.420947858660654e-06,-6.459539452493239e-06,-9.614084061674144e-07,-0.00013754754312097624,0.0001301265952623156,-0.00013754754312097624,0.0001301265952623156
317,15.850000000000001,-7.535686179505063e-06,-6.986086971162051e-06,-5.495992083430122e-07,-0.00013808454635903065,0.0001305488601795256,-0.00013808454635903065,0.0001305488601795256
318,15.9,-7.417408251608748e-06,-6.745306858555618e-06,-6.721013930531303e-07,-0.00013750176858169286,0.0001300843603300841,-0.00013750176858169286,0.0001300843603300841
319,15.950000000000001,-7.082394272606152e-06,-6.239427035098967e-06,-8.429672375071846e-07,-0.00013728681349174649,0.00013020441921914033,-0.00013728681349174649,0.00013020441921914033
320,16.0,-7.579132734081284e-06,-6.572809592454594e-06,-1.00632314162669e-06,-0.00013730681044603376,0.00012972767771195247,-0.00013730681044603376,0.00012972767771195247
321,16.05,-7.460845863116461e-06,-6.521965150782959e-06,-9.388807123335022e-07,-0.00013754027930372816,0.0001300794334406117,-0.00013754027930372816,0.0001300794334406117
322,16.1,-6.523583818918155e-06,-6.008336727337403e-06,-5.152470915807516e-07,-0.00013671734998398264,0.0001301937661650645,-0.00013671734998398264,0.0001301937661650645
323,16.150000000000002,-7.4437275647820655e-06,-6.470350757716459e-06,-9.733768070656062e-07,-0.00013745719954145024,0.00013001347197666817,-0.00013745719954145024,0.00013001347197666817
324,16.2,-6.250084517711585e-06,-5.939343154350625e-06,-3.107413633609602e-07,-0.00013690726439008935,0.00013065717987237777,-0.00013690726439008935,0.00013065717987237777
325,16.25,-6.8039586729184975e-06,-6.589377573816309e-06,-2.1458109910218835e-07,-0.00013725423509529684,0.00013045027642237834,-0.00013725423509529684,0.00013045027642237834
326,16.3,-6.655917969222713e-06,-6.158756819401702e-06,-4.971611498210109e-07,-0.0001370906053794494,0.0001304346874102267,-0.0001370906053794494,0.0001304346874102267
327,16.35,-5.660276817920362e-06,-5.692684678124001e-06,3.240786020363861e-08,-0.00013632522043232457,0.0001306649436144042,-0.00013632522043232457,0.0001306649436144042
328,16.400000000000002,-6.765207717140953e-06,-6.0140340162687645e-06,-7.511737008721886e-07,-0.0001367985779691631,0.00013003337025202215,-0.0001367985779691631,0.00013003337025202215
329,16.45,-6.019329723550015e-06,-5.949565811776154e-06,-6.97639117738618e-08,-0.00013643923908306042,0.0001304199093595104,-0.00013643923908306042,0.0001304199093595104
330,16.5,-6.808263555591054e-06,-5.88713416003966e-06,-9.211293955513943e-07,-0.00013663091033223665,0.0001298226467766456,-0.00013663091033223665,0.0001298226467766456
331,16.55,-5.200314815878571e-06,-5.44153520585354e-06,2.412203899749693e-07,-0.00013589465812864878,0.0001306943433127702,-0.00013589465812864878,0.0001306943433127702
332,16.6,-6.436629560235829e-06,-5.788279058197484e-06,-6.48350502038345e-07,-0.00014039079528698647,0.00013395416572675064,-0.00014039079528698647,0.00013395416572675064
333,16.650000000000002,-5.961915394703254e-06,-5.489241679047679e-06,-4.7267371565557575e-07,-0.00013625553692337686,0.0001302936215286736,-0.00013625553692337686,0.0001302936215286736
334,16.7,-5.642996383947718e-06,-5.87107680323044e-06,2.280804192827216e-07,-0.0001402571485542448,0.00013461415217029708,-0.0001402571485542448,0.00013461415217029708
335,16.75,-5.60195097554228e-06,-5.419474374152649e-06,-1.8247660138963143e-07,-0.00013622452065816911,0.00013062256968262683,-0.00013622452065816911,0.00013062256968262683
336,16.8,-5.596630441084827e-06,-5.706730366486829e-06,1.1009992540200232e-07,-0.00014013827665711417,0.00013454164621602935,-0.00014013827665711417,0.00013454164621602935
337,16.85,-5.84407794157471e-06,-5.316289050625165e-06,-5.277888909495455e-07,-0.00014006936683587636,0.00013422528889430165,-0.00014006936683587636,0.00013422528889430165
338,16.900000000000002,-5.437686273479514e-06,-5.318905410352844e-06,-1.1878086312666972e-07,-0.0001359627377209415,0.00013052505144746197,-0.0001359627377209415,0.00013052505144746197
339,16.95,-6.052748170892741e-06,-5.519482099995146e-06,-5.332660708975953e-07,-0.00014032486483158478,0.00013427211666069204,-0.00014032486483158478,0.00013427211666069204
340,17.0,-5.618084367942089e-06,-5.15752852068707e-06,-4.6055584725501866e-07,-0.0001397514070953959,0.00013413332272745382,-0.0001397514070953959,0.00013413332272745382
341,17.05,-5.425629617361594e-06,-5.471702134593173e-06,4.6072517231579244e-08,-0.00013646506380285395,0.00013103943418549236,-0.00013646506380285395,0.00013103943418549236
342,17.1,-4.825421802578944e-06,-4.94985898098904e-06,1.2443717841009609e-07,-0.00013956611333444053,0.0001347406915318616,-0.00013956611333444053,0.0001347406915318616
343,17.150000000000002,-6.326453829919032e-06,-5.376673797118001e-06,-9.497800328010308e-07,-0.00014031246867029343,0.0001339860148403744,-0.00014031246867029343,0.0001339860148403744
344,17.2,-5.116140487038123e-06,-5.1335723355649316e-06,1.7431848526808275e-08,-0.0001361832289269019,0.0001310670884398638,-0.0001361832289269019,0.0001310670884398638
345,17.25,-4.869419269581954e-06,-4.884243429588338e-06,1.4824160006383901e-08,-0.00013958847337168645,0.0001347190541021045,-0.00013958847337168645,0.0001347190541021045
346,17.3,-5.425002058467854e-06,-4.667469690021421e-06,-7.575323684464326e-07,-0.00013965640948127662,0.00013423140742280877,-0.00013965640948127662,0.00013423140742280877
347,17.35,-3.4333313652101793e-06,-4.308684534924773e-06,8.753531697145934e-07,-0.00013517119171476828,0.0001317378603495581,-0.00013517119171476828,0.0001317378603495581
348,17.400000000000002,-4.1670482930911135e-06,-4.272619706901509e-06,1.0557141381039523e-07,-0.00013896943716511643,0.00013480238887202532,-0.00013896943716511643,0.00013480238887202532
349,17.45,-3.896351700394263e-06,-4.257236361586356e-06,3.6088466119209305e-07,-0.00013869374419305124,0.00013479739249265698,-0.00013869374419305124,0.00013479739249265698
350,17.5,-4.2989694239992104e-06,-4.2424948034617375e-06,-5.647462053747296e-08,-0.0001389640570004452,0.000134665087576446,-0.0001389640570004452,0.000134665087576446
351,17.55,-4.735087074880795e-06,-4.468579809114572e-06,-2.6650726576622293e-07,-0.00013519336858896602,0.00013045828151408523,-0.00013519336858896602,0.00013045828151408523
352,17.6,-4.679859285650068e-06,-4.135561049843674e-06,-5.442982358063937e-07,-0.00013880706970333164,0.00013412721041768157,-0.00013880706970333164,0.00013412721041768157
353,17.650000000000002,-4.796324502231997e-06,-4.336267414933503e-06,-4.600570872984935e-07,-0.00013894135220031764,0.00013414502769808564,-0.00013894135220031764,0.00013414502769808564
354,17.7,-4.0167630261933596e-06,-3.907893233957753e-06,-1.0886979223560691e-07,-0.00013830331356239224,0.00013428655053619889,-0.00013830331356239224,0.00013428655053619889
355,17.75,-5.137128741949937e-06,-4.187970166599973e-06,-9.491585753499639e-07,-0.00013872100760917974,0.0001335838788672298,-0.00013872100760917974,0.0001335838788672298
356,17.8,-4.9261740455719405e-06,-4.158235291690314e-06,-7.679387538816268e-07,-0.000134849399294812,0.00012992322524924005,-0.000134849399294812,0.00012992322524924005
357,17.85,-5.037150999864792e-06,-4.176025995631594e-06,-8.611250042331981e-07,-0.0001386463522533298,0.000133609201253465,-0.0001386463522533298,0.000133609201253465
358,17.900000000000002,-4.5002010535810655e-06,-3.846205623663129e-06,-6.539954299179366e-07,-0.00013837912488508583,0.00013387892383150477,-0.00013837912488508583,0.00013387892383150477
359,17.95,-4.533479676105401e-06,-3.970150968890565e-06,-5.633287072148357e-07,-0.00013828577514932467,0.00013375229547321927,-0.00013828577514932467,0.00013375229547321927
360,18.0,-4.1508905845866195e-06,-3.788790772239781e-06,-3.6209981234683844e-07,-0.00013832351843701625,0.00013417262785242964,-0.00013832351843701625,0.00013417262785242964
361,18.05,-4.6028154692123735e-06,-4.109105915702854e-06,-4.937095535095194e-07,-0.00013865050579383047,0.0001340476903246181,-0.00013865050579383047,0.0001340476903246181
362,18.1,-4.383455065148922e-06,-3.931997283325507e-06,-4.51457781823415e-07,-0.00013452337240785688,0.00013013991734270796,-0.00013452337240785688,0.00013013991734270796
363,18.150000000000002,-2.5828767999946933e-06,-3.7021494217971157e-06,1.1192726218024224e-06,-0.00013788722845196964,0.00013530435165197495,-0.00013788722845196964,0.00013530435165197495
364,18.2,-3.40314753244364e-06,-3.800218338677519e-06,3.970708062338791e-07,-0.00013831800359828385,0.0001349148560658402,-0.00013831800359828385,0.0001349148560658402
365,18.25,-2.672735196052045e-06,-3.848350719241186e-06,1.1756155231891407e-06,-0.00013825136712867267,0.00013557863193262062,-0.00013825136712867267,0.00013557863193262062
366,18.3,-3.3657570313039287e-06,-3.743531877352477e-06,3.7777484604854815e-07,-0.00013827769342704679,0.00013491193639574286,-0.00013827769342704679,0.00013491193639574286
367,18.35,-3.0170511342575423e-06,-3.6869212821160483e-06,6.69870147858506e-07,-0.00013810317012455934,0.0001350861189903018,-0.00013810317012455934,0.0001350861189903018
368,18.400000000000002,-2.7876878780919156e-06,-3.857927139895524e-06,1.0702392618036085e-06,-0.00013422930099607445,0.00013144161311798254,-0.00013422930099607445,0.00013144161311798254
369,18.45,-2.7074196258247696e-06,-3.617523807615748e-06,9.101041817909782e-07,-0.00013794336595336848,0.00013523594632754371,-0.00013794336595336848,0.00013523594632754371
370,18.5,-2.7656375076734463e-06,-3.6967336909331166e-06,9.310961832596703e-07,-0.0001380895818787626,0.00013532394437108916,-0.0001380895818787626,0.00013532394437108916
371,18.55,-3.00740018799317e-06,-3.4330930457019276e-06,4.256928577087576e-07,-0.00013783241001146646,0.0001348250098234733,-0.00013783241001146646,0.0001348250098234733
372,18.6,-1.9938927975360343e-06,-3.5864807690191784e-06,1.592587971483144e-06,-0.00013778780723183257,0.00013579391443429653,-0.00013778780723183257,0.00013579391443429653
373,18.650000000000002,-2.8153956568299776e-06,-3.3941560315078906e-06,5.78760374677913e-07,-0.0001377224943358184,0.00013490709867898843,-0.0001377224943358184,0.00013490709867898843
374,18.7,-3.519639961035992e-06,-3.7659813412598778e-06,2.463413802238859e-07,-0.00013424595032700352,0.00013072631036596753,-0.00013424595032700352,0.00013072631036596753
375,18.75,-2.619018730332101e-06,-3.407236168345973e-06,7.882174380138717e-07,-0.00013765514354556132,0.00013503612481522922,-0.00013765514354556132,0.00013503612481522922
376,18.8,-3.36858244764926e-06,-3.6619291046023863e-06,2.9334665695312643e-07,-0.00013782406127461409,0.00013445547882696483,-0.00013782406127461409,0.00013445547882696483
377,18.85,-2.686186019396075e-06,-3.357890296548182e-06,6.717042771521068e-07,-0.00013758306755109518,0.0001348968815316991,-0.00013758306755109518,0.0001348968815316991
378,18.900000000000002,-2.901273631561452e-06,-3.343516097547436e-06,4.42242465985984e-07,-0.0001376233814188959,0.00013472210778733444,-0.0001376233814188959,0.00013472210778733444
379,18.95,-2.897654314493181e-06,-3.122324766188523e-06,2.2467045169534185e-07,-0.00013763687822174571,0.00013473922390725253,-0.00013763687822174571,0.00013473922390725253
380,19.0,-2.972550171564947e-06,-3.433095212537696e-06,4.605450409727487e-07,-0.00013805718842921691,0.00013508463825765197,-0.00013805718842921691,0.00013508463825765197
381,19.05,-3.4387336107499777e-06,-3.3692732465200886e-06,-6.946036422988912e-08,-0.00013388872427886868,0.0001304499906681187,-0.00013388872427886868,0.0001304499906681187
382,19.1,-3.28342267930104e-06,-3.3023012486965944e-06,1.887856939555424e-08,-0.00013782268753822127,0.00013453926485892023,-0.00013782268753822127,0.00013453926485892023
383,19.150000000000002,-2.8406667720304313e-06,-3.117421854900003e-06,2.767550828695716e-07,-0.00013751119708344718,0.00013467053031141675,-0.00013751119708344718,0.00013467053031141675
384,19.200000000000003,-3.0829616317618047e-06,-3.203040298119815e-06,1.2007866635801015e-07,-0.00013764602808538276,0.00013456306645362096,-0.00013764602808538276,0.00013456306645362096
385,19.25,-2.857211487627964e-06,-3.01144059801524e-06,1.5422911038727582e-07,-0.00013738731856682788,0.00013453010707919992,-0.00013738731856682788,0.00013453010707919992
386,19.3,-2.8388655084476966e-06,-3.110526258143273e-06,2.7166074969557636e-07,-0.00013741459587370794,0.00013457573036526025,-0.00013741459587370794,0.00013457573036526025
387,19.35,-2.942812890260882e-06,-2.889965483417643e-06,-5.284740684323905e-08,-0.00013722882085852542,0.00013428600796826454,-0.00013722882085852542,0.00013428600796826454
388,19.400000000000002,-3.0220212536846702e-06,-3.264453672509616e-06,2.424324188249458e-07,-0.00013770814026837588,0.00013468611901469121,-0.00013770814026837588,0.00013468611901469121
389,19.450000000000003,-2.1861631527286818e-06,-2.8477524025356022e-06,6.615892498069204e-07,-0.00013716251277405144,0.00013497634962132275,-0.00013716251277405144,0.00013497634962132275
390,19.5,-3.1243515992152027e-06,-3.369990971483641e-06,2.456393722684382e-07,-0.00013374728303444493,0.00013062293143522972,-0.00013374728303444493,0.00013062293143522972
391,19.55,-2.3600884628827146e-06,-3.1515019619901083e-06,7.914134991073937e-07,-0.00013735729406618894,0.00013499720560330623,-0.00013735729406618894,0.00013499720560330623
392,19.6,-3.5202127743882983e-06,-3.4762781066704703e-06,-4.393466771782801e-08,-0.0001377854281088442,0.0001342652153344559,-0.0001377854281088442,0.0001342652153344559
393,19.650000000000002,-2.6986506649340214e-06,-3.03271590677746e-06,3.340652418434385e-07,-0.00013721268747319006,0.00013451403680825603,-0.00013721268747319006,0.00013451403680825603
394,19.700000000000003,-3.3853054000054783e-06,-3.5012225824224213e-06,1.1591718241694296e-07,-0.0001377838648121985,0.000134398559412193,-0.0001377838648121985,0.000134398559412193
395,19.75,-2.7932471065028608e-06,-2.979891018955449e-06,1.86643912452588e-07,-0.00013713157097416787,0.00013433832386766501,-0.00013713157097416787,0.00013433832386766501
396,19.8,-3.338868384661353e-06,-3.2946659093181882e-06,-4.4202475343164933e-08,-0.00013748031893398102,0.00013414145054931967,-0.00013748031893398102,0.00013414145054931967
397,19.85,-3.4326938882500713e-06,-3.4685257702215622e-06,3.583188197149096e-08,-0.0001376376931932944,0.00013420499930504433,-0.0001376376931932944,0.00013420499930504433
398,19.900000000000002,-2.944326137788167e-06,-2.883330659432015e-06,-6.099547835615177e-08,-0.0001369796678187155,0.00013403534168092733,-0.0001369796678187155,0.00013403534168092733
399,19.950000000000003,-3.841585988428875e-06,-3.6156454524980434e-06,-2.2594053593083162e-07,-0.00013781355200184064,0.00013397196601341177,-0.00013781355200184064,0.00013397196601341177
400,20.0,-3.6067023463370873e-06,-3.1966239483126827e-06,-4.100783980244046e-07,-0.00013327395856095245,0.00012966725621461536,-0.00013327395856095245,0.00012966725621461536
401,20.05,-3.506719306933803e-06,-3.308390349209045e-06,-1.98328957724758e-07,-0.00013724016664537822,0.00013373344733844442,-0.00013724016664537822,0.00013373344733844442
402,20.1,-3.1257474002455155e-06,-3.0583126757979177e-06,-6.743472444759778e-08,-0.0001369950482907604,0.00013386930089051487,-0.0001369950482907604,0.00013386930089051487
403,20.150000000000002,-3.400994381674849e-06,-2.8897428625323025e-06,-5.112515191425464e-07,-0.00013686229903898977,0.00013346130465731492,-0.00013686229903898977,0.00013346130465731492
404,20.200000000000003,-3.7159081207605027e-06,-3.2769903462740597e-06,-4.38917774486443e-07,-0.00013723386059061652,0.000133517952469856,-0.00013723386059061652,0.000133517952469856
405,20.25,-2.774195334342977e-06,-2.6363011757283126e-06,-1.3789415861466446e-07,-0.00013651968871979066,0.00013374549338544768,-0.00013651968871979066,0.00013374549338544768
406,20.3,-2.5370264695734335e-06,-3.3976711721483063e-06,8.606447025748728e-07,-0.0001373850327195486,0.00013484800624997517,-0.0001373850327195486,0.00013484800624997517
407,20.35,-2.176522055252761e-06,-2.5935278131111322e-06,4.1700575785837134e-07,-0.00013645120753041267,0.0001342746854751599,-0.00013645120753041267,0.0001342746854751599
408,20.400000000000002,-2.74650217968464e-06,-3.141097894220194e-06,3.9459571453555386e-07,-0.0001370369914532609,0.00013429048927357626,-0.0001370369914532609,0.00013429048927357626
409,20.450000000000003,-2.462435222616577e-06,-3.1022101518034423e-06,6.397749291868654e-07,-0.0001369822272461106,0.00013451979202349403,-0.0001369822272461106,0.00013451979202349403
410,20.5,-2.422975286187068e-06,-2.5649965125594873e-06,1.4202122637241942e-07,-0.00013636275184150914,0.00013393977655532207,-0.00013636275184150914,0.00013393977655532207
411,20.55,-2.7321626336895832e-06,-3.359606086490652e-06,6.274434528010689e-07,-0.00013726140685459983,0.00013452924422091024,-0.00013726140685459983,0.00013452924422091024
412,20.6,-2.5084391028773467e-06,-2.5098442518871906e-06,1.405149009843836e-09,-0.00013627225592550672,0.00013376381682262938,-0.00013627225592550672,0.00013376381682262938
413,20.650000000000002,-3.5926131713992504e-06,-3.3899617159843674e-06,-2.0265145541488305e-07,-0.00013320507182298458,0.00012961245865158533,-0.00013320507182298458,0.00012961245865158533
414,20.700000000000003,-2.7976296839149484e-06,-3.0505060350002103e-06,2.5287635108526194e-07,-0.00013676650641422167,0.00013396887673030672,-0.00013676650641422167,0.00013396887673030672
415,20.75,-2.101391546549536e-06,-2.4109729850210158e-06,3.095814384714799e-07,-0.00013592246956663204,0.0001338210780200825,-0.00013592246956663204,0.0001338210780200825
416,20.8,-2.8891649643814077e-06,-3.1861457504797273e-06,2.969807860983196e-07,-0.0001369200305952518,0.00013403086563087039,-0.0001369200305952518,0.00013403086563087039
417,20.85,-2.414152387997248e-06,-2.2648805659269465e-06,-1.4927182207030167e-07,-0.00013578832781934886,0.00013337417543135162,-0.00013578832781934886,0.00013337417543135162
418,20.900000000000002,-2.7189877869204793e-06,-2.84873882197418e-06,1.2975103505370057e-07,-0.00013631963480515555,0.00013360064701823507,-0.00013631963480515555,0.00013360064701823507
419,20.950000000000003,-2.475661627254766e-06,-2.1699803062811687e-06,-3.0568132097359734e-07,-0.00013556103629438414,0.00013308537466712937,-0.00013556103629438414,0.00013308537466712937
420,21.0,-3.1208295312445955e-06,-2.8997701132780814e-06,-2.210594179665141e-07,-0.00013639867144873546,0.00013327784191749086,-0.00013639867144873546,0.00013327784191749086
421,21.05,-2.6353190265560045e-06,-2.401757455030549e-06,-2.3356157152545542e-07,-0.00013575789724317878,0.00013312257821662278,-0.00013575789724317878,0.00013312257821662278
422,21.1,-2.9700215333772206e-06,-2.5906451066728713e-06,-3.7937642670434935e-07,-0.00013599498116669651,0.0001330249596333193,-0.00013599498116669651,0.0001330249596333193
423,21.150000000000002,-2.6975434008758015e-06,-2.298526727119577e-06,-3.990166737562244e-07,-0.0001356211940884619,0.0001329236506875861,-0.0001356211940884619,0.0001329236506875861
424,21.200000000000003,-3.0691348666955776e-06,-2.6338606932122355e-06,-4.352741734833421e-07,-0.0001360651343179627,0.00013299599945126712,-0.0001360651343179627,0.00013299599945126712
425,21.25,-3.7382987407852397e-06,-3.080008574337824e-06,-6.582901664474157e-07,-0.0001363659994547299,0.00013262770071394465,-0.0001363659994547299,0.00013262770071394465
426,21.3,-3.7573713784766483e-06,-3.143817781068216e-06,-6.135535974084322e-07,-0.00013637468674671628,0.00013261731536823963,-0.00013637468674671628,0.00013261731536823963
427,21.35,-4.007431886554613e-06,-3.210290051942498e-06,-7.971418346121154e-07,-0.00013627336329679343,0.00013226593141023882,-0.00013627336329679343,0.00013226593141023882
428,21.400000000000002,-3.970580321421835e-06,-3.080774737871147e-06,-8.898055835506878e-07,-0.00013585163166260846,0.00013188105134118663,-0.00013585163166260846,0.00013188105134118663
429,21.450000000000003,-4.633388053454368e-06,-3.5612537776552613e-06,-1.0721342757991068e-06,-0.0001364323842595238,0.00013179899620606943,-0.0001364323842595238,0.00013179899620606943
430,21.5,-4.299704295496198e-06,-3.1129350784975652e-06,-1.1867692169986332e-06,-0.000135746031485828,0.0001314463271903318,-0.000135746031485828,0.0001314463271903318
431,21.55,-5.141672096309335e-06,-4.097791592624679e-06,-1.0438805036846563e-06,-0.00013668139931931735,0.000131539727223008,-0.00013668139931931735,0.000131539727223008
432,21.6,-4.557050436782006e-06,-3.236319723949553e-06,-1.3207307128324533e-06,-0.00013563477241852786,0.00013107772198174585,-0.00013563477241852786,0.00013107772198174585
433,21.650000000000002,-5.6334080082987015e-06,-4.289702560146542e-06,-1.343705448152159e-06,-0.00013669861967725218,0.00013106521166895348,-0.00013669861967725218,0.00013106521166895348
434,21.700000000000003,-4.821067354443542e-06,-3.0223106074904205e-06,-1.7987567469531218e-06,-0.00013508446006071172,0.00013026339270626818,-0.00013508446006071172,0.00013026339270626818
435,21.75,-5.250143203960889e-06,-3.6773137859306676e-06,-1.572829418030221e-06,-0.00013577949013672633,0.00013052934693276544,-0.00013577949013672633,0.00013052934693276544
436,21.8,-5.55445061323212e-06,-3.800223531205288e-06,-1.7542270820268322e-06,-0.00013579817630442922,0.0001302437256911971,-0.00013579817630442922,0.0001302437256911971
437,21.85,-5.613443385898975e-06,-3.6149471116377898e-06,-1.9984962742611854e-06,-0.00013543044968611736,0.00012981700630021838,-0.00013543044968611736,0.00012981700630021838
438,21.900000000000002,-5.303716994475849e-06,-3.339255160242152e-06,-1.964461834233697e-06,-0.00013507799833699838,0.00012977428134252253,-0.00013507799833699838,0.00012977428134252253
439,21.950000000000003,-3.7901842089294036e-06,-2.9278585387800743e-06,-8.623256701493293e-07,-0.00013450403056284503,0.00013071384635391563,-0.00013450403056284503,0.00013071384635391563
440,22.0,-3.4909113009184978e-06,-3.5975881190637213e-06,1.0667681814522353e-07,-0.00013513061056721147,0.00013163969926629297,-0.00013513061056721147,0.00013163969926629297
441,22.05,-2.7147031476104644e-06,-2.6746775126596427e-06,-4.0025634950821654e-08,-0.00013393873139768618,0.00013122402825007572,-0.00013393873139768618,0.00013122402825007572
442,22.1,-3.333015542450468e-06,-3.7953236668202366e-06,4.6230812436976846e-07,-0.00013509551207806163,0.00013176249653561116,-0.00013509551207806163,0.00013176249653561116
443,22.150000000000002,-3.3384185778029263e-06,-3.4128823430040496e-06,7.446376520112336e-08,-0.00013461248727181626,0.00013127406869401333,-0.00013461248727181626,0.00013127406869401333
444,22.200000000000003,-2.8213008742561385e-06,-2.5342617272353216e-06,-2.870391470208169e-07,-0.00013375603303501847,0.00013093473216076233,-0.00013375603303501847,0.00013093473216076233
445,22.25,-2.584416134432388e-06,-3.124891128336788e-06,5.404749939043999e-07,-0.00013424275372065072,0.00013165833758621833,-0.00013424275372065072,0.00013165833758621833
446,22.3,-2.3866342644396354e-06,-2.4708014587873156e-06,8.416719434768011e-08,-0.00013348256950008582,0.0001310959352356462,-0.00013348256950008582,0.0001310959352356462
447,22.35,-2.4909450142551748e-06,-2.878502456279431e-06,3.8755744202425637e-07,-0.0001338419931973909,0.00013135104818313571,-0.0001338419931973909,0.00013135104818313571
448,22.400000000000002,-1.9611931538765504e-06,-2.5454846234090587e-06,5.842914695325084e-07,-0.00013333136100254428,0.00013137016784866773,-0.00013333136100254428,0.00013137016784866773
449,22.450000000000003,-2.565513988583845e-06,-2.7915271236052403e-06,2.2601313502139514e-07,-0.00013354676435506187,0.00013098125036647802,-0.00013354676435506187,0.00013098125036647802
450,22.5,-4.3274728949160846e-06,-3.4803760806547215e-06,-8.47096814261363e-07,-0.0001340638594286861,0.00012973638653377,-0.0001340638594286861,0.00012973638653377
451,22.55,-4.349962126726226e-06,-4.385690131435411e-06,3.572800470918498e-08,-0.00013454450228172747,0.00013019454015500125,-0.00013454450228172747,0.00013019454015500125
452,22.6,-4.294351498179694e-06,-3.262009008823344e-06,-1.0323424893563499e-06,-0.00013302192997415382,0.00012872757847597413,-0.00013302192997415382,0.00012872757847597413
453,22.650000000000002,-3.1001924338802667e-06,-4.3195640131084955e-06,1.2193715792282288e-06,-0.00013403216772231766,0.0001309319752884374,-0.00013403216772231766,0.0001309319752884374
454,22.700000000000003,-2.2555323777595504e-06,-3.8528465613171795e-06,1.5973141835576291e-06,-0.0001333892219732716,0.00013113368959551206,-0.0001333892219732716,0.00013113368959551206
455,22.75,-2.0544954104639856e-06,-3.6842692897669044e-06,1.6297738793029187e-06,-0.00013313344701185807,0.00013107895160139409,-0.00013313344701185807,0.00013107895160139409
456,22.8,-2.6755694531033214e-06,-3.2535230886122203e-06,5.779536355088989e-07,-0.00013250769287286582,0.0001298321234197625,-0.00013250769287286582,0.0001298321234197625
457,22.85,-3.0550995782085977e-06,-4.010307259210112e-06,9.552076810015145e-07,-0.0001331612920774882,0.0001301061924992796,-0.0001331612920774882,0.0001301061924992796
458,22.900000000000002,-3.5997993632630454e-06,-3.4306982538645644e-06,-1.6910110939848104e-07,-0.00012852819734272556,0.00012492839797946252,-0.00012852819734272556,0.00012492839797946252
459,22.950000000000003,-2.598666247521919e-06,-3.0842563508735558e-06,4.855901033516367e-07,-0.00013175760044459195,0.00012915893419707003,-0.00013175760044459195,0.00012915893419707003
460,23.0,-2.686820566699666e-06,-2.343370676916585e-06,-3.434498897830807e-07,-0.00013082088736745688,0.00012813406680075722,-0.00013082088736745688,0.00012813406680075722
461,23.05,-3.3693466372497483e-06,-3.577911842975822e-06,2.0856520572607356e-07,-0.00013202260050854136,0.0001286532538712916,-0.00013202260050854136,0.0001286532538712916
462,23.1,-2.5708808593094545e-06,-2.276391715060893e-06,-2.944891442485617e-07,-0.00013034135023250534,0.0001277704693731959,-0.00013034135023250534,0.0001277704693731959
463,23.150000000000002,-3.18275644906052e-06,-3.0483886567610462e-06,-1.3436779229947357e-07,-0.0001310721401358554,0.00012788938368679488,-0.0001310721401358554,0.00012788938368679488
464,23.200000000000003,-3.7603570952615684e-06,-3.4784538241396254e-06,-2.81903271121943e-07,-0.00013133849889341776,0.0001275781417981562,-0.00013133849889341776,0.0001275781417981562
465,23.25,-3.2662263287353e-06,-2.8749114086178158e-06,-3.913149201174842e-07,-0.00013051574457554276,0.00012724951824680746,-0.00013051574457554276,0.00012724951824680746
466,23.3,-3.422200261615771e-06,-2.7065621368965373e-06,-7.156381247192337e-07,-0.00013014221587350104,0.00012672001561188527,-0.00013014221587350104,0.00012672001561188527
467,23.35,-3.3615342538428905e-06,-2.8471591880781877e-06,-5.143750657647028e-07,-0.00013019065230903833,0.00012682911805519544,-0.00013019065230903833,0.00012682911805519544
468,23.400000000000002,-3.7780819663879583e-06,-3.2028053372640852e-06,-5.752766291238731e-07,-0.00013038490840853586,0.0001266068264421479,-0.00013038490840853586,0.0001266068264421479
469,23.450000000000003,-3.6292436047524745e-06,-3.7704075891708163e-06,1.4116398441834176e-07,-0.00013074303750480618,0.0001271137939000537,-0.00013074303750480618,0.0001271137939000537
470,23.5,-2.9788550324205687e-06,-2.1670729605062137e-06,-8.11782071914355e-07,-0.0001289232526116901,0.00012594439757926954,-0.0001289232526116901,0.00012594439757926954
471,23.55,-3.906689081345505e-06,-3.7156721796933844e-06,-1.9101690165212024e-07,-0.00013034330245053954,0.00012643661336919404,-0.00013034330245053954,0.00012643661336919404
472,23.6,-2.7720573227973944e-06,-2.5022588562299453e-06,-2.6979846656744906e-07,-0.00012899704895844878,0.0001262249916356514,-0.00012899704895844878,0.0001262249916356514
473,23.650000000000002,-3.882154385959069e-06,-3.5457758468766696e-06,-3.363785390823994e-07,-0.00012989001747238822,0.00012600786308642915,-0.00012989001747238822,0.00012600786308642915
474,23.700000000000003,-2.536103016481661e-06,-1.6961323732595457e-06,-8.399706432221155e-07,-0.0001277476607488424,0.00012521155773236075,-0.0001277476607488424,0.00012521155773236075
475,23.75,-3.894919070601688e-06,-3.6564681831640516e-06,-2.3845088743763626e-07,-0.00012966863685625498,0.0001257737177856533,-0.00012966863685625498,0.0001257737177856533
476,23.8,-2.8340944404625645e-06,-2.393827753441906e-06,-4.402666870206585e-07,-0.0001282072431695917,0.00012537314872912913,-0.0001282072431695917,0.00012537314872912913
477,23.85,-1.887585610926834e-06,-2.0232226080844448e-06,1.3563699715761068e-07,-0.00012764584826015425,0.0001257582626492274,-0.00012764584826015425,0.0001257582626492274
478,23.900000000000002,-3.596118198778697e-06,-3.254931630257658e-06,-3.411865685210394e-07,-0.00012864329084146295,0.00012504717264268426,-0.00012864329084146295,0.00012504717264268426
479,23.950000000000003,-1.9360876570839736e-06,-1.949554094315879e-06,1.3466437231905412e-08,-0.00012725418484479934,0.00012531809718771536,-0.00012725418484479934,0.00012531809718771536
480,24.0,-3.4526710146476347e-06,-2.847874655459763e-06,-6.047963591878716e-07,-0.00012792037446956813,0.0001244677034549205,-0.00012792037446956813,0.0001244677034549205
481,24.05,-2.423185705202613e-06,-2.1183846561984896e-06,-3.0480104900412327e-07,-0.00012710956425766707,0.00012468637855246446,-0.00012710956425766707,0.00012468637855246446
482,24.1,-3.6291367366825256e-06,-3.2236699009510704e-06,-4.0546683573145514e-07,-0.00012807399774225265,0.00012444486100557012,-0.00012807399774225265,0.00012444486100557012
483,24.150000000000002,-5.318969747314384e-06,-3.8120241865421336e-06,-1.5069455607722501e-06,-0.0001283980749635017,0.0001230791052161873,-0.0001283980749635017,0.0001230791052161873
484,24.200000000000003,-6.055511326596985e-06,-4.455812826466554e-06,-1.5996985001304314e-06,-0.00012894924598123492,0.00012289373465463794,-0.00012894924598123492,0.00012289373465463794
485,24.25,-5.498225635891529e-06,-3.9141091712093805e-06,-1.5841164646821489e-06,-0.0001281546423501211,0.00012265641671422957,-0.0001281546423501211,0.00012265641671422957
486,24.3,-2.3823282331303375e-06,-4.0204937492375664e-06,1.638165516107229e-06,-0.00012814963382116776,0.00012576730558803742,-0.00012814963382116776,0.00012576730558803742
487,24.35,-3.7496442160112053e-06,-4.2472312256274005e-06,4.975870096161952e-07,-0.00012823209577099846,0.00012448245155498725,-0.00012823209577099846,0.00012448245155498725
488,24.400000000000002,-3.6388267532494467e-06,-3.503821235187814e-06,-1.3500551806163254e-07,-0.00012724088771357665,0.0001236020609603272,-0.00012724088771357665,0.0001236020609603272
489,24.450000000000003,-4.0568212671399095e-06,-4.166786073453237e-06,1.0996480631332705e-07,-0.0001278219471592825,0.0001237651258921426,-0.0001278219471592825,0.0001237651258921426
490,24.5,-3.920051767192234e-06,-3.6285662985025855e-06,-2.914854686896486e-07,-0.00012703903383775203,0.0001231189820705598,-0.00012703903383775203,0.0001231189820705598
491,24.55,-4.119811997105316e-06,-3.8710018203921925e-06,-2.488101767131235e-07,-0.00012737215289316381,0.0001232523408960585,-0.00012737215289316381,0.0001232523408960585
492,24.6,-2.4212945242130246e-06,-2.891601587348497e-06,4.703070631354722e-07,-0.0001267765403935268,0.00012435524586931377,-0.0001267765403935268,0.00012435524586931377
493,24.650000000000002,-9.354827614549421e-06,-4.58264013857952e-06,-4.772187475969901e-06,-0.00013108821499133028,0.00012173338737678086,-0.00013108821499133028,0.00012173338737678086
494,24.700000000000003,5.547019532592401e-07,-1.707776844817709e-06,2.262478798076949e-06,-0.00012729076971240661,0.00012784547166566585,-0.00012729076971240661,0.00012784547166566585
495,24.75,-9.21945067733354e-06,-4.351271558891784e-06,-4.868179118441757e-06,-0.00013081129850104955,0.00012159184782371601,-0.00013081129850104955,0.00012159184782371601
496,24.8,1.2168146490409981e-08,-1.6508640750384836e-06,1.6630322215288936e-06,-0.00012723106366150082,0.00012724323180799123,-0.00012723106366150082,0.00012724323180799123
497,24.85,2.642326533131012e-07,-5.284648498329216e-07,7.926975031460228e-07,-0.00012588683002091102,0.00012615106267422412,-0.00012588683002091102,0.00012615106267422412
498,24.900000000000002,-8.355573664298177e-06,-5.01979757381811e-06,-3.3357760904800667e-06,-0.0001313865126366233,0.00012303093897232512,-0.0001313865126366233,0.00012303093897232512
499,24.950000000000003,6.304504593934723e-07,-7.254958920032475e-07,1.3559463513967199e-06,-0.0001258910766878751,0.00012652152714726856,-0.0001258910766878751,0.00012652152714726856
500,25.0,-7.710929649018539e-06,-4.770766446186376e-06,-2.940163202832163e-06,-0.0001309536066709078,0.00012324267702188926,-0.0001309536066709078,0.00012324267702188926
501,25.05,1.1530230945577813e-06,-7.302541768766235e-07,1.8832772714344047e-06,-0.0001256895003399945,0.00012684252343455227,-0.0001256895003399945,0.00012684252343455227
502,25.1,-7.737146384467763e-06,-4.322201907819733e-06,-3.4149444766480303e-06,-0.00013031445850382654,0.00012257731211935878,-0.00013031445850382654,0.00012257731211935878
503,25.150000000000002,7.782053585980719e-07,-1.5527381064048059e-06,2.330943465002878e-06,-0.00012639402322892063,0.0001271722285875187,-0.00012639402322892063,0.0001271722285875187
504,25.200000000000003,2.438215473077321e-06,-3.319662145648266e-07,2.7701816876421475e-06,-0.00012492148090191405,0.00012735969637499137,-0.00012492148090191405,0.00012735969637499137
505,25.25,-6.271444386252156e-06,-4.60373184332188e-06,-1.667712542930276e-06,-0.00013024450368553055,0.0001239730592992784,-0.00013024450368553055,0.0001239730592992784
506,25.3,2.4916071066360956e-06,-3.657894698213013e-07,2.8573965764573968e-06,-0.00012475225273102242,0.0001272438598376585,-0.00012475225273102242,0.0001272438598376585
507,25.35,-6.46407995441578e-06,-4.581554181610127e-06,-1.882525772805653e-06,-0.00013003848075554287,0.0001235744008011271,-0.00013003848075554287,0.0001235744008011271
508,25.400000000000002,1.6135620330981482e-06,-1.5007899128510855e-06,3.1143519459492337e-06,-0.0001252990480824652,0.00012691261011556334,-0.0001252990480824652,0.00012691261011556334
509,25.450000000000003,-5.4277132961466634e-06,-3.955490125696345e-06,-1.4722231704503183e-06,-0.00012907692213810762,0.00012364920884196096,-0.00012907692213810762,0.00012364920884196096
510,25.5,4.400891000511109e-07,-1.3162454716383447e-06,1.7563345716894556e-06,-0.00012484103061209407,0.00012528111971214518,-0.00012484103061209407,0.00012528111971214518
511,25.55,1.564948127308341e-06,-7.337598376417343e-07,2.298707964950075e-06,-0.00012402183851922154,0.00012558678664652988,-0.00012402183851922154,0.00012558678664652988
512,25.6,-7.084047904726276e-06,-4.581896850194843e-06,-2.5021510545314328e-06,-0.00012949027605801782,0.00012240622815329154,-0.00012949027605801782,0.00012240622815329154
513,25.650000000000002,1.2799297000043452e-06,-7.726437550768478e-07,2.052573455081193e-06,-0.00012387641039006853,0.00012515634009007288,-0.00012387641039006853,0.00012515634009007288
514,25.700000000000003,-6.4776381418774065e-06,-4.351553404498058e-06,-2.1260847373793487e-06,-0.00012910717378760382,0.00012262953564572642,-0.00012910717378760382,0.00012262953564572642
515,25.75,-5.743293596260912e-08,-1.0004725373542622e-06,9.430396013916531e-07,-0.0001240185712381913,0.00012396113830222868,-0.0001240185712381913,0.00012396113830222868
516,25.8,-5.18772657343014e-06,-4.2870722329977735e-06,-9.006543404323668e-07,-0.00012875828235952923,0.0001235705557860991,-0.00012875828235952923,0.0001235705557860991
517,25.85,-2.2638945105235564e-06,-1.2308351445748789e-06,-1.0330593659486775e-06,-0.00012403377410860066,0.0001217698795980771,-0.00012403377410860066,0.0001217698795980771
518,25.900000000000002,9.438727710531225e-07,-4.8877240942539e-07,1.4326451804785125e-06,-0.00012306114507741633,0.00012400501784846945,-0.00012306114507741633,0.00012400501784846945
519,25.950000000000003,-8.35891269490574e-06,-4.879224958616596e-06,-3.4796877362891443e-06,-0.00012917399217160166,0.00012081507947669592,-0.00012917399217160166,0.00012081507947669592
520,26.0,5.325087091279102e-07,-3.334818856101077e-07,8.659905947380179e-07,-0.0001227474882022611,0.000123279996911389,-0.0001227474882022611,0.000123279996911389
521,26.05,-3.938835940520136e-06,-4.610706789833137e-06,6.718708493130014e-07,-0.00012877895296259788,0.00012484011702207774,-0.00012877895296259788,0.00012484011702207774
522,26.1,-2.5193709030091327e-07,-9.180124407278723e-07,6.66075350426959e-07,-0.00012363854904452162,0.0001233866119542207,-0.00012363854904452162,0.0001233866119542207
523,26.150000000000002,-1.5183866794998835e-06,-4.0140166455479415e-06,2.495629966048058e-06,-0.00012834276448463885,0.00012682437780513897,-0.00012834276448463885,0.00012682437780513897
524,26.200000000000003,-2.15696156713463e-06,-9.655587668210496e-07,-1.1914028003135802e-06,-0.00012353242045719072,0.00012137545889005609,-0.00012353242045719072,0.00012137545889005609
525,26.25,2.4454921208061364e-06,-2.3414659913584933e-07,2.679638719941986e-06,-0.0001225967018164346,0.00012504219393724074,-0.0001225967018164346,0.00012504219393724074
526,26.3,-5.542763464205791e-06,-4.4454549554892016e-06,-1.0973085087165895e-06,-0.0001286151894470732,0.00012307242598286742,-0.0001286151894470732,0.00012307242598286742
527,26.35,1.1019798493716593e-06,-3.418546826398698e-07,1.4438345320115291e-06,-0.00012260455312383082,0.00012370653297320248,-0.00012260455312383082,0.00012370653297320248
528,26.400000000000002,-4.0927495112974555e-06,-4.4306305427362635e-06,3.3788103143880805e-07,-0.00012853894544829575,0.0001244461959369983,-0.00012853894544829575,0.0001244461959369983
529,26.450000000000003,-1.5112662117289233e-06,-8.382670221417919e-07,-6.729991895871313e-07,-0.00012304346856050364,0.00012153220234877471,-0.00012304346856050364,0.00012153220234877471
530,26.5,2.4030186127621533e-06,-1.316710366898005e-07,2.534689649451954e-06,-0.00012214186439195242,0.00012454488300471457,-0.00012214186439195242,0.00012454488300471457
531,26.55,-6.169381223664061e-06,-4.573833196961305e-06,-1.5955480267027559e-06,-0.0001284618770776867,0.00012229249585402264,-0.0001284618770776867,0.00012229249585402264
532,26.6,1.5774134014545638e-06,-6.393332046507803e-07,2.216746606105344e-06,-0.0001225221850409569,0.00012409959844241148,-0.0001225221850409569,0.00012409959844241148
533,26.650000000000002,-4.654558177774604e-06,-4.335031923463807e-06,-3.195262543107965e-07,-0.0001281289999003983,0.0001234744417226237,-0.0001281289999003983,0.0001234744417226237
534,26.700000000000003,-7.153330923159729e-07,-6.224273673219278e-07,-9.290572499404505e-08,-0.00012245443821596352,0.00012173910512364755,-0.00012245443821596352,0.00012173910512364755
535,26.75,-2.7493498437891617e-06,-3.906793179823665e-06,1.1574433360345037e-06,-0.00012751850292055234,0.00012476915307676318,-0.00012751850292055234,0.00012476915307676318
536,26.8,-2.4101243092378155e-06,-6.426751283846982e-07,-1.7674491808531173e-06,-0.00012236636861422877,0.00011995624430499095,-0.00012236636861422877,0.00011995624430499095
537,26.85,1.672555443699153e-06,2.3069067185607747e-08,1.6494863765135452e-06,-0.00012151835670169415,0.0001231909121453933,-0.00012151835670169415,0.0001231909121453933
538,26.900000000000002,-6.008945739877092e-06,-4.040676420967337e-06,-1.968269318909755e-06,-0.00012748066083249608,0.00012147171509261899,-0.00012748066083249608,0.00012147171509261899
539,26.950000000000003,2.693895322369855e-07,-3.686361923930038e-07,6.380257246299892e-07,-0.00012187444176072871,0.00012214383129296568,-0.00012187444176072871,0.00012214383129296568
540,27.0,-4.929167717104832e-06,-4.235293304321538e-06,-6.938744127832939e-07,-0.00012768545524012386,0.00012275628752301903,-0.00012768545524012386,0.00012275628752301903
541,27.05,-2.9210094276699294e-07,4.730540405865732e-08,-3.3940634682565026e-07,-0.00012130781526803269,0.00012101571432526569,-0.00012130781526803269,0.00012101571432526569
542,27.1,8.31802702272455e-07,-3.729282408957719e-08,8.690955263620322e-07,-0.00012144237806211893,0.00012227418076439137,-0.00012144237806211893,0.00012227418076439137
543,27.150000000000002,-5.297374067181337e-06,-3.519847554495095e-06,-1.7775265126862423e-06,-0.00012680748372567396,0.00012151010965849262,-0.00012680748372567396,0.00012151010965849262
544,27.200000000000003,-6.158440379877561e-08,-5.943775879839389e-07,5.327931841851633e-07,-0.00012197158579807592,0.00012191000139427714,-0.00012197158579807592,0.00012191000139427714
545,27.25,-5.3545781495412115e-06,-3.923970091514029e-06,-1.4306080580271827e-06,-0.00012711474472973117,0.00012176016658018996,-0.00012711474472973117,0.00012176016658018996
546,27.3,-5.235946218817844e-07,-6.259158264404042e-07,1.0232120455861982e-07,-0.00012167674339852975,0.00012115314877664797,-0.00012167674339852975,0.00012115314877664797
547,27.35,-4.420704574181755e-06,-4.178694225396501e-06,-2.42010348785254e-07,-0.00012705307026531634,0.0001226323656911346,-0.00012705307026531634,0.0001226323656911346
548,27.400000000000002,-3.6720098171016957e-06,-1.6636909669848034e-06,-2.0083188501168925e-06,-0.0001224282984852647,0.000118756288668163,-0.0001224282984852647,0.000118756288668163
549,27.450000000000003,-1.7727388734734006e-06,-1.321043812484493e-06,-4.516950609889077e-07,-0.00012364311934605457,0.00012187038047258117,-0.00012364311934605457,0.00012187038047258117
550,27.5,-7.164496883316218e-06,-4.60955204507909e-06,-2.554944838237128e-06,-0.00012702377340595352,0.0001198592765226373,-0.00012702377340595352,0.0001198592765226373
551,27.55,-2.6508935220270757e-06,-1.1256005544607905e-06,-1.5252929675662852e-06,-0.00012131464653436015,0.00011866375301233307,-0.00012131464653436015,0.00011866375301233307
552,27.6,-7.1158225678491505e-06,-4.8006681141855025e-06,-2.315154453663648e-06,-0.00012690667511191047,0.00011979085254406132,-0.00012690667511191047,0.00011979085254406132
553,27.650000000000002,-4.556215287943033e-06,-1.6117646894913938e-06,-2.944450598451639e-06,-0.00012150413913740965,0.00011694792384946662,-0.00012150413913740965,0.00011694792384946662
554,27.700000000000003,-4.36700576234017e-06,-2.2079076116875365e-06,-2.159098150652634e-06,-0.00012579087173791728,0.00012142386597557711,-0.00012579087173791728,0.00012142386597557711
555,27.75,-3.863351822008809e-06,-4.255243645313887e-06,3.9189182330507765e-07,-0.00012931128456837343,0.00012544793274636462,-0.00012931128456837343,0.00012544793274636462
556,27.8,-3.14876443385792e-06,-1.5344339699493447e-06,-1.6143304639085754e-06,-0.00012382917494386232,0.0001206804105100044,-0.00012382917494386232,0.0001206804105100044
557,27.85,-1.65749537672788e-06,-2.9254478043860435e-06,1.2679524276581635e-06,-0.00012830582155109977,0.0001266483261743719,-0.00012830582155109977,0.0001266483261743719
558,27.900000000000002,-2.0801127453839996e-06,-2.378211967390715e-06,2.9809922200671537e-07,-0.00012725234383750326,0.00012517223109211926,-0.00012725234383750326,0.00012517223109211926
559,27.950000000000003,-1.1273314173276816e-06,-2.777409237374125e-06,1.6500778200464433e-06,-0.00012799980404980252,0.00012687247263247484,-0.00012799980404980252,0.00012687247263247484
560,28.0,2.69861991419873e-07,-2.3002700204753497e-06,2.5701320118952227e-06,-0.0001270080576712935,0.00012727791966271338,-0.0001270080576712935,0.00012727791966271338
561,28.05,2.451216416510249e-07,-2.636492889425007e-06,2.8816145310760317e-06,-0.00012771119197866536,0.00012795631362031638,-0.00012771119197866536,0.00012795631362031638
562,28.1,-2.0658773491888383e-07,-2.11396156152349e-06,1.907373826604606e-06,-0.00012665799447146746,0.00012645140673654858,-0.00012665799447146746,0.00012645140673654858
563,28.150000000000002,-9.55836635618823e-07,-3.2537542065533342e-06,2.297917570934511e-06,-0.0001282699256640033,0.00012731408902838447,-0.0001282699256640033,0.00012731408902838447
564,28.200000000000003,-1.637288797873282e-07,-1.7324904646969045e-06,1.5687615849095763e-06,-0.0001260196932462509,0.00012585596436646358,-0.0001260196932462509,0.00012585596436646358
565,28.25,-9.040327326736985e-07,-2.6443099812175845e-06,1.740277248543886e-06,-0.0001275104333486003,0.0001266064006159266,-0.0001275104333486003,0.0001266064006159266
566,28.3,-5.590737857108508e-07,-1.67679456050415e-06,1.1177207747932992e-06,-0.00012580476389549363,0.00012524569010978278,-0.00012580476389549363,0.00012524569010978278
567,28.35,-1.335360132914687e-06,-2.5232667139947656e-06,1.1879065810800786e-06,-0.00012724141089855522,0.00012590605076564054,-0.00012724141089855522,0.00012590605076564054
568,28.400000000000002,-9.516882690796535e-07,-1.5541389574713627e-06,6.024506883917091e-07,-0.00012552546374971913,0.00012457377548063948,-0.00012552546374971913,0.00012457377548063948
569,28.450000000000003,-1.5495011462807184e-06,-2.4211389109497042e-06,8.716377646689858e-07,-0.0001269939668401217,0.000125444465693841,-0.0001269939668401217,0.000125444465693841
570,28.5,-1.4489919282212327e-06,-1.6890472063971047e-06,2.40055278175872e-07,-0.00012560704267110156,0.00012415805074288033,-0.00012560704267110156,0.00012415805074288033
571,28.55,-8.843116139356511e-07,-2.0937088003296213e-06,1.2093971863939702e-06,-0.00012644750301669732,0.00012556319140276167,-0.00012644750301669732,0.00012556319140276167
572,28.6,-1.6191017648825579e-06,-1.5819448948989015e-06,-3.7156869983656365e-08,-0.0001253840089666925,0.00012376490720180993,-0.0001253840089666925,0.00012376490720180993
573,28.650000000000002,-1.2042785437760273e-06,-2.0213150943395386e-06,8.170365505635113e-07,-0.00012626891043797123,0.0001250646318941952,-0.00012626891043797123,0.0001250646318941952
574,28.700000000000003,-1.8741465985794292e-06,-1.5344100270089846e-06,-3.397365715704446e-07,-0.00012522287577921727,0.00012334872918063784,-0.00012522287577921727,0.00012334872918063784
575,28.75,-1.4971596715707136e-06,-1.948426280474318e-06,4.512666089036044e-07,-0.00012609163664812907,0.00012459447697655835,-0.00012609163664812907,0.00012459447697655835
576,28.8,-1.749465051492649e-06,-1.4483870556471727e-06,-3.010779958454764e-07,-0.0001250252173013421,0.00012327575224984946,-0.0001250252173013421,0.00012327575224984946
577,28.85,-2.4983716480075913e-06,-2.5289255697950285e-06,3.055392178743719e-08,-0.00012666784632492985,0.00012416947467692226,-0.00012666784632492985,0.00012416947467692226
578,28.900000000000002,-1.264948238377528e-06,-1.2092197112668438e-06,-5.572852711068411e-08,-0.00012452266679616642,0.0001232577185577889,-0.00012452266679616642,0.0001232577185577889
579,28.950000000000003,-2.3131679423027407e-06,-1.934408556580153e-06,-3.7875938572258774e-07,-0.00012594303714931503,0.0001236298692070123,-0.00012594303714931503,0.0001236298692070123
580,29.0,-9.677240635497242e-07,-8.671667138453632e-07,-1.0055734970436095e-07,-0.0001242911122301876,0.00012332338816663788,-0.0001242911122301876,0.00012332338816663788
581,29.05,-2.5719270961843677e-06,-1.8553515495718177e-06,-7.165755466125499e-07,-0.00012591961926800712,0.00012334769217182276,-0.00012591961926800712,0.00012334769217182276
582,29.1,-2.140990050136793e-06,-1.1853564311555611e-06,-9.556336189812317e-07,-0.00012448370802221813,0.00012234271797208134,-0.00012448370802221813,0.00012234271797208134
583,29.150000000000002,-2.4018884825505182e-06,-1.5844448379238662e-06,-8.17443644626652e-07,-0.00012534037433851398,0.00012293848585596346,-0.00012534037433851398,0.00012293848585596346
584,29.200000000000003,-2.8970716190457324e-06,-1.6925840064357518e-06,-1.2044876126099806e-06,-0.0001253657093558784,0.00012246863773683267,-0.0001253657093558784,0.00012246863773683267
585,29.25,-1.7312200082386653e-06,-1.0692680479981558e-06,-6.619519602405095e-07,-0.0001239538060514887,0.00012222258604325004,-0.0001239538060514887,0.00012222258604325004
586,29.3,-2.184464675147879e-06,-1.4610343553293375e-06,-7.234303198185416e-07,-0.0001248275957868638,0.0001226431311117159,-0.0001248275957868638,0.0001226431311117159
587,29.35,-1.6834035487800492e-06,-1.008040632609028e-06,-6.753629161710211e-07,-0.00012361041483501166,0.0001219270112862316,-0.00012361041483501166,0.0001219270112862316
588,29.400000000000002,-5.614725047120572e-07,-1.532535271838467e-06,9.710627671264098e-07,-0.0001246558224994445,0.00012409434999473244,-0.0001246558224994445,0.00012409434999473244
589,29.450000000000003,7.59381995063535e-08,-7.912440019943976e-07,8.671822015007511e-07,-0.00012308076613626543,0.00012315670433577178,-0.00012308076613626543,0.00012315670433577178
590,29.5,-8.834577489569284e-07,-1.5157025291978602e-06,6.322447802409318e-07,-0.00012435893832431964,0.00012347548057536271,-0.00012435893832431964,0.00012347548057536271
591,29.55,-9.751568292859503e-07,-1.9713554393718497e-06,9.961986100858994e-07,-0.0001246965865082159,0.00012372142967892995,-0.0001246965865082159,0.00012372142967892995
592,29.6,-1.1242500375097109e-07,-7.55187485876521e-07,6.427624821255499e-07,-0.00012264513496728423,0.00012253270996353326,-0.00012264513496728423,0.00012253270996353326
593,29.650000000000002,-8.594821354623861e-07,-1.4092753770039763e-06,5.497932415415903e-07,-0.00012386655510384888,0.0001230070729683865,-0.00012386655510384888,0.0001230070729683865
594,29.700000000000003,-5.277766785827254e-07,-8.2711985652844e-07,2.993431779457147e-07,-0.00012247024948616725,0.00012194247280758453,-0.00012247024948616725,0.00012194247280758453
595,29.75,-2.2525302754150545e-06,-2.6012794186958313e-06,3.487491432807768e-07,-0.0001245654463310268,0.00012231291605561175,-0.0001245654463310268,0.00012231291605561175
596,29.8,-2.569362529181163e-06,-2.6634096162719966e-06,9.40470870908338e-08,-0.00012461065709168186,0.0001220412945625007,-0.00012461065709168186,0.0001220412945625007
597,29.85,-2.161788762222727e-06,-2.111511442929463e-06,-5.0277319293264154e-08,-0.00012329997964125025,0.00012113819087902753,-0.00012329997964125025,0.00012113819087902753
598,29.900000000000002,-2.3422148580642954e-06,-2.538731200116338e-06,1.9651634205204248e-07,-0.00012433322644869914,0.00012199101159063484,-0.00012433322644869914,0.00012199101159063484
599,29.950000000000003,-2.9377134611596745e-06,-2.543635728884538e-06,-3.940777322751365e-07,-0.00012502755823800874,0.00012208984477684906,-0.00012502755823800874,0.00012208984477684906
