time,kind,id,x,y
0.0000,agent,agent_00,0.200000,0.444444
0.0000,agent,agent_01,0.200000,1.333333
0.0000,agent,agent_02,0.200000,2.222222
0.0000,agent,agent_03,0.200000,3.111111
0.0000,agent,agent_04,0.200000,4.000000
0.0000,agent,agent_05,0.200000,4.888889
0.0000,agent,agent_06,0.200000,5.777778
0.0000,agent,agent_07,0.200000,6.666667
0.0000,agent,agent_08,0.200000,7.555556
0.0000,agent,agent_09,7.800000,0.444444
0.0000,agent,agent_10,7.800000,1.333333
0.0000,agent,agent_11,7.800000,2.222222
0.0000,agent,agent_12,7.800000,3.111111
0.0000,agent,agent_13,7.800000,4.000000
0.0000,agent,agent_14,7.800000,4.888889
0.0000,agent,agent_15,7.800000,5.777778
0.0000,agent,agent_16,7.800000,6.666667
0.0000,agent,agent_17,7.800000,7.555556
0.0000,cargo,cargo_0,4.000000,4.000000
0.0500,agent,agent_00,0.215000,0.444444
0.0500,agent,agent_01,0.215000,1.333333
0.0500,agent,agent_02,0.215000,2.222222
0.0500,agent,agent_03,0.215000,3.111111
0.0500,agent,agent_04,0.215000,4.000000
0.0500,agent,agent_05,0.215000,4.888889
0.0500,agent,agent_06,0.215000,5.777778
0.0500,agent,agent_07,0.215000,6.666667
0.0500,agent,agent_08,0.215000,7.555556
0.0500,agent,agent_09,7.785000,0.444444
0.0500,agent,agent_10,7.785000,1.333333
0.0500,agent,agent_11,7.785000,2.222222
0.0500,agent,agent_12,7.785000,3.111111
0.0500,agent,agent_13,7.785000,4.000000
0.0500,agent,agent_14,7.785000,4.888889
0.0500,agent,agent_15,7.785000,5.777778
0.0500,agent,agent_16,7.785000,6.666667
0.0500,agent,agent_17,7.785000,7.555556
0.0500,cargo,cargo_0,4.000000,4.000000
0.1000,agent,agent_00,0.230000,0.444444
0.1000,agent,agent_01,0.230000,1.333333
0.1000,agent,agent_02,0.230000,2.222222
0.1000,agent,agent_03,0.230000,3.111111
0.1000,agent,agent_04,0.230000,4.000000
0.1000,agent,agent_05,0.230000,4.888889
0.1000,agent,agent_06,0.230000,5.777778
0.1000,agent,agent_07,0.230000,6.666667
0.1000,agent,agent_08,0.230000,7.555556
0.1000,agent,agent_09,7.770000,0.444444
0.1000,agent,agent_10,7.770000,1.333333
0.1000,agent,agent_11,7.770000,2.222222
0.1000,agent,agent_12,7.770000,3.111111
0.1000,agent,agent_13,7.770000,4.000000
0.1000,agent,agent_14,7.770000,4.888889
0.1000,agent,agent_15,7.770000,5.777778
0.1000,agent,agent_16,7.770000,6.666667
0.1000,agent,agent_17,7.770000,7.555556
0.1000,cargo,cargo_0,4.000000,4.000000
0.1500,agent,agent_00,0.245000,0.444444
0.1500,agent,agent_01,0.245000,1.333333
0.1500,agent,agent_02,0.245000,2.222222
0.1500,agent,agent_03,0.245000,3.111111
0.1500,agent,agent_04,0.245000,4.000000
0.1500,agent,agent_05,0.245000,4.888889
0.1500,agent,agent_06,0.245000,5.777778
0.1500,agent,agent_07,0.245000,6.666667
0.1500,agent,agent_08,0.245000,7.555556
0.1500,agent,agent_09,7.755000,0.444444
0.1500,agent,agent_10,7.755000,1.333333
0.1500,agent,agent_11,7.755000,2.222222
0.1500,agent,agent_12,7.755000,3.111111
0.1500,agent,agent_13,7.755000,4.000000
0.1500,agent,agent_14,7.755000,4.888889
0.1500,agent,agent_15,7.755000,5.777778
0.1500,agent,agent_16,7.755000,6.666667
0.1500,agent,agent_17,7.755000,7.555556
0.1500,cargo,cargo_0,4.000000,4.000000
0.2000,agent,agent_00,0.260000,0.444444
0.2000,agent,agent_01,0.260000,1.333333
0.2000,agent,agent_02,0.260000,2.222222
0.2000,agent,agent_03,0.260000,3.111111
0.2000,agent,agent_04,0.260000,4.000000
0.2000,agent,agent_05,0.260000,4.888889
0.2000,agent,agent_06,0.260000,5.777778
0.2000,agent,agent_07,0.260000,6.666667
0.2000,agent,agent_08,0.260000,7.555556
0.2000,agent,agent_09,7.740000,0.444444
0.2000,agent,agent_10,7.740000,1.333333
0.2000,agent,agent_11,7.740000,2.222222
0.2000,agent,agent_12,7.740000,3.111111
0.2000,agent,agent_13,7.740000,4.000000
0.2000,agent,agent_14,7.740000,4.888889
0.2000,agent,agent_15,7.740000,5.777778
0.2000,agent,agent_16,7.740000,6.666667
0.2000,agent,agent_17,7.740000,7.555556
0.2000,cargo,cargo_0,4.000000,4.000000
0.2500,agent,agent_00,0.275000,0.444444
0.2500,agent,agent_01,0.275000,1.333333
0.2500,agent,agent_02,0.275000,2.222222
0.2500,agent,agent_03,0.275000,3.111111
0.2500,agent,agent_04,0.275000,4.000000
0.2500,agent,agent_05,0.275000,4.888889
0.2500,agent,agent_06,0.275000,5.777778
0.2500,agent,agent_07,0.275000,6.666667
0.2500,agent,agent_08,0.275000,7.555556
0.2500,agent,agent_09,7.725000,0.444444
0.2500,agent,agent_10,7.725000,1.333333
0.2500,agent,agent_11,7.725000,2.222222
0.2500,agent,agent_12,7.725000,3.111111
0.2500,agent,agent_13,7.725000,4.000000
0.2500,agent,agent_14,7.725000,4.888889
0.2500,agent,agent_15,7.725000,5.777778
0.2500,agent,agent_16,7.725000,6.666667
0.2500,agent,agent_17,7.725000,7.555556
0.2500,cargo,cargo_0,4.000000,4.000000
0.3000,agent,agent_00,0.290000,0.444444
0.3000,agent,agent_01,0.290000,1.333333
0.3000,agent,agent_02,0.290000,2.222222
0.3000,agent,agent_03,0.290000,3.111111
0.3000,agent,agent_04,0.290000,4.000000
0.3000,agent,agent_05,0.290000,4.888889
0.3000,agent,agent_06,0.290000,5.777778
0.3000,agent,agent_07,0.290000,6.666667
0.3000,agent,agent_08,0.290000,7.555556
0.3000,agent,agent_09,7.710000,0.444444
0.3000,agent,agent_10,7.710000,1.333333
0.3000,agent,agent_11,7.710000,2.222222
0.3000,agent,agent_12,7.710000,3.111111
0.3000,agent,agent_13,7.710000,4.000000
0.3000,agent,agent_14,7.710000,4.888889
0.3000,agent,agent_15,7.710000,5.777778
0.3000,agent,agent_16,7.710000,6.666667
0.3000,agent,agent_17,7.710000,7.555556
0.3000,cargo,cargo_0,4.000000,4.000000
0.3500,agent,agent_00,0.305000,0.444444
0.3500,agent,agent_01,0.305000,1.333333
0.3500,agent,agent_02,0.305000,2.222222
0.3500,agent,agent_03,0.305000,3.111111
0.3500,agent,agent_04,0.305000,4.000000
0.3500,agent,agent_05,0.305000,4.888889
0.3500,agent,agent_06,0.305000,5.777778
0.3500,agent,agent_07,0.305000,6.666667
0.3500,agent,agent_08,0.305000,7.555556
0.3500,agent,agent_09,7.695000,0.444444
0.3500,agent,agent_10,7.695000,1.333333
0.3500,agent,agent_11,7.695000,2.222222
0.3500,agent,agent_12,7.695000,3.111111
0.3500,agent,agent_13,7.695000,4.000000
0.3500,agent,agent_14,7.695000,4.888889
0.3500,agent,agent_15,7.695000,5.777778
0.3500,agent,agent_16,7.695000,6.666667
0.3500,agent,agent_17,7.695000,7.555556
0.3500,cargo,cargo_0,4.000000,4.000000
0.4000,agent,agent_00,0.320000,0.444444
0.4000,agent,agent_01,0.320000,1.333333
0.4000,agent,agent_02,0.320000,2.222222
0.4000,agent,agent_03,0.320000,3.111111
0.4000,agent,agent_04,0.320000,4.000000
0.4000,agent,agent_05,0.320000,4.888889
0.4000,agent,agent_06,0.320000,5.777778
0.4000,agent,agent_07,0.320000,6.666667
0.4000,agent,agent_08,0.320000,7.555556
0.4000,agent,agent_09,7.680000,0.444444
0.4000,agent,agent_10,7.680000,1.333333
0.4000,agent,agent_11,7.680000,2.222222
0.4000,agent,agent_12,7.680000,3.111111
0.4000,agent,agent_13,7.680000,4.000000
0.4000,agent,agent_14,7.680000,4.888889
0.4000,agent,agent_15,7.680000,5.777778
0.4000,agent,agent_16,7.680000,6.666667
0.4000,agent,agent_17,7.680000,7.555556
0.4000,cargo,cargo_0,4.000000,4.000000
0.4500,agent,agent_00,0.335000,0.444444
0.4500,agent,agent_01,0.335000,1.333333
0.4500,agent,agent_02,0.335000,2.222222
0.4500,agent,agent_03,0.335000,3.111111
0.4500,agent,agent_04,0.335000,4.000000
0.4500,agent,agent_05,0.335000,4.888889
0.4500,agent,agent_06,0.335000,5.777778
0.4500,agent,agent_07,0.335000,6.666667
0.4500,agent,agent_08,0.335000,7.555556
0.4500,agent,agent_09,7.665000,0.444444
0.4500,agent,agent_10,7.665000,1.333333
0.4500,agent,agent_11,7.665000,2.222222
0.4500,agent,agent_12,7.665000,3.111111
0.4500,agent,agent_13,7.665000,4.000000
0.4500,agent,agent_14,7.665000,4.888889
0.4500,agent,agent_15,7.665000,5.777778
0.4500,agent,agent_16,7.665000,6.666667
0.4500,agent,agent_17,7.665000,7.555556
0.4500,cargo,cargo_0,4.000000,4.000000
0.5000,agent,agent_00,0.350000,0.444444
0.5000,agent,agent_01,0.350000,1.333333
0.5000,agent,agent_02,0.350000,2.222222
0.5000,agent,agent_03,0.350000,3.111111
0.5000,agent,agent_04,0.350000,4.000000
0.5000,agent,agent_05,0.350000,4.888889
0.5000,agent,agent_06,0.350000,5.777778
0.5000,agent,agent_07,0.350000,6.666667
0.5000,agent,agent_08,0.350000,7.555556
0.5000,agent,agent_09,7.650000,0.444444
0.5000,agent,agent_10,7.650000,1.333333
0.5000,agent,agent_11,7.650000,2.222222
0.5000,agent,agent_12,7.650000,3.111111
0.5000,agent,agent_13,7.650000,4.000000
0.5000,agent,agent_14,7.650000,4.888889
0.5000,agent,agent_15,7.650000,5.777778
0.5000,agent,agent_16,7.650000,6.666667
0.5000,agent,agent_17,7.650000,7.555556
0.5000,cargo,cargo_0,4.000000,4.000000
0.5500,agent,agent_00,0.365000,0.444444
0.5500,agent,agent_01,0.365000,1.333333
0.5500,agent,agent_02,0.365000,2.222222
0.5500,agent,agent_03,0.365000,3.111111
0.5500,agent,agent_04,0.365000,4.000000
0.5500,agent,agent_05,0.365000,4.888889
0.5500,agent,agent_06,0.365000,5.777778
0.5500,agent,agent_07,0.365000,6.666667
0.5500,agent,agent_08,0.365000,7.555556
0.5500,agent,agent_09,7.635000,0.444444
0.5500,agent,agent_10,7.635000,1.333333
0.5500,agent,agent_11,7.635000,2.222222
0.5500,agent,agent_12,7.635000,3.111111
0.5500,agent,agent_13,7.635000,4.000000
0.5500,agent,agent_14,7.635000,4.888889
0.5500,agent,agent_15,7.635000,5.777778
0.5500,agent,agent_16,7.635000,6.666667
0.5500,agent,agent_17,7.635000,7.555556
0.5500,cargo,cargo_0,4.000000,4.000000
0.6000,agent,agent_00,0.380000,0.444444
0.6000,agent,agent_01,0.380000,1.333333
0.6000,agent,agent_02,0.380000,2.222222
0.6000,agent,agent_03,0.380000,3.111111
0.6000,agent,agent_04,0.380000,4.000000
0.6000,agent,agent_05,0.380000,4.888889
0.6000,agent,agent_06,0.380000,5.777778
0.6000,agent,agent_07,0.380000,6.666667
0.6000,agent,agent_08,0.380000,7.555556
0.6000,agent,agent_09,7.620000,0.444444
0.6000,agent,agent_10,7.620000,1.333333
0.6000,agent,agent_11,7.620000,2.222222
0.6000,agent,agent_12,7.620000,3.111111
0.6000,agent,agent_13,7.620000,4.000000
0.6000,agent,agent_14,7.620000,4.888889
0.6000,agent,agent_15,7.620000,5.777778
0.6000,agent,agent_16,7.620000,6.666667
0.6000,agent,agent_17,7.620000,7.555556
0.6000,cargo,cargo_0,4.000000,4.000000
0.6500,agent,agent_00,0.395000,0.444444
0.6500,agent,agent_01,0.395000,1.333333
0.6500,agent,agent_02,0.395000,2.222222
0.6500,agent,agent_03,0.395000,3.111111
0.6500,agent,agent_04,0.395000,4.000000
0.6500,agent,agent_05,0.395000,4.888889
0.6500,agent,agent_06,0.395000,5.777778
0.6500,agent,agent_07,0.395000,6.666667
0.6500,agent,agent_08,0.395000,7.555556
0.6500,agent,agent_09,7.605000,0.444444
0.6500,agent,agent_10,7.605000,1.333333
0.6500,agent,agent_11,7.605000,2.222222
0.6500,agent,agent_12,7.605000,3.111111
0.6500,agent,agent_13,7.605000,4.000000
0.6500,agent,agent_14,7.605000,4.888889
0.6500,agent,agent_15,7.605000,5.777778
0.6500,agent,agent_16,7.605000,6.666667
0.6500,agent,agent_17,7.605000,7.555556
0.6500,cargo,cargo_0,4.000000,4.000000
0.7000,agent,agent_00,0.410000,0.444444
0.7000,agent,agent_01,0.410000,1.333333
0.7000,agent,agent_02,0.410000,2.222222
0.7000,agent,agent_03,0.410000,3.111111
0.7000,agent,agent_04,0.410000,4.000000
0.7000,agent,agent_05,0.410000,4.888889
0.7000,agent,agent_06,0.410000,5.777778
0.7000,agent,agent_07,0.410000,6.666667
0.7000,agent,agent_08,0.410000,7.555556
0.7000,agent,agent_09,7.590000,0.444444
0.7000,agent,agent_10,7.590000,1.333333
0.7000,agent,agent_11,7.590000,2.222222
0.7000,agent,agent_12,7.590000,3.111111
0.7000,agent,agent_13,7.590000,4.000000
0.7000,agent,agent_14,7.590000,4.888889
0.7000,agent,agent_15,7.590000,5.777778
0.7000,agent,agent_16,7.590000,6.666667
0.7000,agent,agent_17,7.590000,7.555556
0.7000,cargo,cargo_0,4.000000,4.000000
0.7500,agent,agent_00,0.425000,0.444444
0.7500,agent,agent_01,0.425000,1.333333
0.7500,agent,agent_02,0.425000,2.222222
0.7500,agent,agent_03,0.425000,3.111111
0.7500,agent,agent_04,0.425000,4.000000
0.7500,agent,agent_05,0.425000,4.888889
0.7500,agent,agent_06,0.425000,5.777778
0.7500,agent,agent_07,0.425000,6.666667
0.7500,agent,agent_08,0.425000,7.555556
0.7500,agent,agent_09,7.575000,0.444444
0.7500,agent,agent_10,7.575000,1.333333
0.7500,agent,agent_11,7.575000,2.222222
0.7500,agent,agent_12,7.575000,3.111111
0.7500,agent,agent_13,7.575000,4.000000
0.7500,agent,agent_14,7.575000,4.888889
0.7500,agent,agent_15,7.575000,5.777778
0.7500,agent,agent_16,7.575000,6.666667
0.7500,agent,agent_17,7.575000,7.555556
0.7500,cargo,cargo_0,4.000000,4.000000
0.8000,agent,agent_00,0.440000,0.444444
0.8000,agent,agent_01,0.440000,1.333333
0.8000,agent,agent_02,0.440000,2.222222
0.8000,agent,agent_03,0.440000,3.111111
0.8000,agent,agent_04,0.440000,4.000000
0.8000,agent,agent_05,0.440000,4.888889
0.8000,agent,agent_06,0.440000,5.777778
0.8000,agent,agent_07,0.440000,6.666667
0.8000,agent,agent_08,0.440000,7.555556
0.8000,agent,agent_09,7.560000,0.444444
0.8000,agent,agent_10,7.560000,1.333333
0.8000,agent,agent_11,7.560000,2.222222
0.8000,agent,agent_12,7.560000,3.111111
0.8000,agent,agent_13,7.560000,4.000000
0.8000,agent,agent_14,7.560000,4.888889
0.8000,agent,agent_15,7.560000,5.777778
0.8000,agent,agent_16,7.560000,6.666667
0.8000,agent,agent_17,7.560000,7.555556
0.8000,cargo,cargo_0,4.000000,4.000000
0.8500,agent,agent_00,0.455000,0.444444
0.8500,agent,agent_01,0.455000,1.333333
0.8500,agent,agent_02,0.455000,2.222222
0.8500,agent,agent_03,0.455000,3.111111
0.8500,agent,agent_04,0.455000,4.000000
0.8500,agent,agent_05,0.455000,4.888889
0.8500,agent,agent_06,0.455000,5.777778
0.8500,agent,agent_07,0.455000,6.666667
0.8500,agent,agent_08,0.455000,7.555556
0.8500,agent,agent_09,7.545000,0.444444
0.8500,agent,agent_10,7.545000,1.333333
0.8500,agent,agent_11,7.545000,2.222222
0.8500,agent,agent_12,7.545000,3.111111
0.8500,agent,agent_13,7.545000,4.000000
0.8500,agent,agent_14,7.545000,4.888889
0.8500,agent,agent_15,7.545000,5.777778
0.8500,agent,agent_16,7.545000,6.666667
0.8500,agent,agent_17,7.545000,7.555556
0.8500,cargo,cargo_0,4.000000,4.000000
0.9000,agent,agent_00,0.470000,0.444444
0.9000,agent,agent_01,0.470000,1.333333
0.9000,agent,agent_02,0.470000,2.222222
0.9000,agent,agent_03,0.470000,3.111111
0.9000,agent,agent_04,0.470000,4.000000
0.9000,agent,agent_05,0.470000,4.888889
0.9000,agent,agent_06,0.470000,5.777778
0.9000,agent,agent_07,0.470000,6.666667
0.9000,agent,agent_08,0.470000,7.555556
0.9000,agent,agent_09,7.530000,0.444444
0.9000,agent,agent_10,7.530000,1.333333
0.9000,agent,agent_11,7.530000,2.222222
0.9000,agent,agent_12,7.530000,3.111111
0.9000,agent,agent_13,7.530000,4.000000
0.9000,agent,agent_14,7.530000,4.888889
0.9000,agent,agent_15,7.530000,5.777778
0.9000,agent,agent_16,7.530000,6.666667
0.9000,agent,agent_17,7.530000,7.555556
0.9000,cargo,cargo_0,4.000000,4.000000
0.9500,agent,agent_00,0.485000,0.444444
0.9500,agent,agent_01,0.485000,1.333333
0.9500,agent,agent_02,0.485000,2.222222
0.9500,agent,agent_03,0.485000,3.111111
0.9500,agent,agent_04,0.485000,4.000000
0.9500,agent,agent_05,0.485000,4.888889
0.9500,agent,agent_06,0.485000,5.777778
0.9500,agent,agent_07,0.485000,6.666667
0.9500,agent,agent_08,0.485000,7.555556
0.9500,agent,agent_09,7.515000,0.444444
0.9500,agent,agent_10,7.515000,1.333333
0.9500,agent,agent_11,7.515000,2.222222
0.9500,agent,agent_12,7.515000,3.111111
0.9500,agent,agent_13,7.515000,4.000000
0.9500,agent,agent_14,7.515000,4.888889
0.9500,agent,agent_15,7.515000,5.777778
0.9500,agent,agent_16,7.515000,6.666667
0.9500,agent,agent_17,7.515000,7.555556
0.9500,cargo,cargo_0,4.000000,4.000000
1.0000,agent,agent_00,0.500000,0.444444
1.0000,agent,agent_01,0.500000,1.333333
1.0000,agent,agent_02,0.500000,2.222222
1.0000,agent,agent_03,0.500000,3.111111
1.0000,agent,agent_04,0.500000,4.000000
1.0000,agent,agent_05,0.500000,4.888889
1.0000,agent,agent_06,0.500000,5.777778
1.0000,agent,agent_07,0.500000,6.666667
1.0000,agent,agent_08,0.500000,7.555556
1.0000,agent,agent_09,7.500000,0.444444
1.0000,agent,agent_10,7.500000,1.333333
1.0000,agent,agent_11,7.500000,2.222222
1.0000,agent,agent_12,7.500000,3.111111
1.0000,agent,agent_13,7.500000,4.000000
1.0000,agent,agent_14,7.500000,4.888889
1.0000,agent,agent_15,7.500000,5.777778
1.0000,agent,agent_16,7.500000,6.666667
1.0000,agent,agent_17,7.500000,7.555556
1.0000,cargo,cargo_0,4.000000,4.000000
1.0500,agent,agent_00,0.515000,0.444444
1.0500,agent,agent_01,0.515000,1.333333
1.0500,agent,agent_02,0.515000,2.222222
1.0500,agent,agent_03,0.515000,3.111111
1.0500,agent,agent_04,0.515000,4.000000
1.0500,agent,agent_05,0.515000,4.888889
1.0500,agent,agent_06,0.515000,5.777778
1.0500,agent,agent_07,0.515000,6.666667
1.0500,agent,agent_08,0.515000,7.555556
1.0500,agent,agent_09,7.485000,0.444444
1.0500,agent,agent_10,7.485000,1.333333
1.0500,agent,agent_11,7.485000,2.222222
1.0500,agent,agent_12,7.485000,3.111111
1.0500,agent,agent_13,7.485000,4.000000
1.0500,agent,agent_14,7.485000,4.888889
1.0500,agent,agent_15,7.485000,5.777778
1.0500,agent,agent_16,7.485000,6.666667
1.0500,agent,agent_17,7.485000,7.555556
1.0500,cargo,cargo_0,4.000000,4.000000
1.1000,agent,agent_00,0.530000,0.444444
1.1000,agent,agent_01,0.530000,1.333333
1.1000,agent,agent_02,0.530000,2.222222
1.1000,agent,agent_03,0.530000,3.111111
1.1000,agent,agent_04,0.530000,4.000000
1.1000,agent,agent_05,0.530000,4.888889
1.1000,agent,agent_06,0.530000,5.777778
1.1000,agent,agent_07,0.530000,6.666667
1.1000,agent,agent_08,0.530000,7.555556
1.1000,agent,agent_09,7.470000,0.444444
1.1000,agent,agent_10,7.470000,1.333333
1.1000,agent,agent_11,7.470000,2.222222
1.1000,agent,agent_12,7.470000,3.111111
1.1000,agent,agent_13,7.470000,4.000000
1.1000,agent,agent_14,7.470000,4.888889
1.1000,agent,agent_15,7.470000,5.777778
1.1000,agent,agent_16,7.470000,6.666667
1.1000,agent,agent_17,7.470000,7.555556
1.1000,cargo,cargo_0,4.000000,4.000000
1.1500,agent,agent_00,0.545000,0.444444
1.1500,agent,agent_01,0.545000,1.333333
1.1500,agent,agent_02,0.545000,2.222222
1.1500,agent,agent_03,0.545000,3.111111
1.1500,agent,agent_04,0.545000,4.000000
1.1500,agent,agent_05,0.545000,4.888889
1.1500,agent,agent_06,0.545000,5.777778
1.1500,agent,agent_07,0.545000,6.666667
1.1500,agent,agent_08,0.545000,7.555556
1.1500,agent,agent_09,7.455000,0.444444
1.1500,agent,agent_10,7.455000,1.333333
1.1500,agent,agent_11,7.455000,2.222222
1.1500,agent,agent_12,7.455000,3.111111
1.1500,agent,agent_13,7.455000,4.000000
1.1500,agent,agent_14,7.455000,4.888889
1.1500,agent,agent_15,7.455000,5.777778
1.1500,agent,agent_16,7.455000,6.666667
1.1500,agent,agent_17,7.455000,7.555556
1.1500,cargo,cargo_0,4.000000,4.000000
1.2000,agent,agent_00,0.560000,0.444444
1.2000,agent,agent_01,0.560000,1.333333
1.2000,agent,agent_02,0.560000,2.222222
1.2000,agent,agent_03,0.560000,3.111111
1.2000,agent,agent_04,0.560000,4.000000
1.2000,agent,agent_05,0.560000,4.888889
1.2000,agent,agent_06,0.560000,5.777778
1.2000,agent,agent_07,0.560000,6.666667
1.2000,agent,agent_08,0.560000,7.555556
1.2000,agent,agent_09,7.440000,0.444444
1.2000,agent,agent_10,7.440000,1.333333
1.2000,agent,agent_11,7.440000,2.222222
1.2000,agent,agent_12,7.440000,3.111111
1.2000,agent,agent_13,7.440000,4.000000
1.2000,agent,agent_14,7.440000,4.888889
1.2000,agent,agent_15,7.440000,5.777778
1.2000,agent,agent_16,7.440000,6.666667
1.2000,agent,agent_17,7.440000,7.555556
1.2000,cargo,cargo_0,4.000000,4.000000
1.2500,agent,agent_00,0.575000,0.444444
1.2500,agent,agent_01,0.575000,1.333333
1.2500,agent,agent_02,0.575000,2.222222
1.2500,agent,agent_03,0.575000,3.111111
1.2500,agent,agent_04,0.575000,4.000000
1.2500,agent,agent_05,0.575000,4.888889
1.2500,agent,agent_06,0.575000,5.777778
1.2500,agent,agent_07,0.575000,6.666667
1.2500,agent,agent_08,0.575000,7.555556
1.2500,agent,agent_09,7.425000,0.444444
1.2500,agent,agent_10,7.425000,1.333333
1.2500,agent,agent_11,7.425000,2.222222
1.2500,agent,agent_12,7.425000,3.111111
1.2500,agent,agent_13,7.425000,4.000000
1.2500,agent,agent_14,7.425000,4.888889
1.2500,agent,agent_15,7.425000,5.777778
1.2500,agent,agent_16,7.425000,6.666667
1.2500,agent,agent_17,7.425000,7.555556
1.2500,cargo,cargo_0,4.000000,4.000000
1.3000,agent,agent_00,0.590000,0.444444
1.3000,agent,agent_01,0.590000,1.333333
1.3000,agent,agent_02,0.590000,2.222222
1.3000,agent,agent_03,0.590000,3.111111
1.3000,agent,agent_04,0.590000,4.000000
1.3000,agent,agent_05,0.590000,4.888889
1.3000,agent,agent_06,0.590000,5.777778
1.3000,agent,agent_07,0.590000,6.666667
1.3000,agent,agent_08,0.590000,7.555556
1.3000,agent,agent_09,7.410000,0.444444
1.3000,agent,agent_10,7.410000,1.333333
1.3000,agent,agent_11,7.410000,2.222222
1.3000,agent,agent_12,7.410000,3.111111
1.3000,agent,agent_13,7.410000,4.000000
1.3000,agent,agent_14,7.410000,4.888889
1.3000,agent,agent_15,7.410000,5.777778
1.3000,agent,agent_16,7.410000,6.666667
1.3000,agent,agent_17,7.410000,7.555556
1.3000,cargo,cargo_0,4.000000,4.000000
1.3500,agent,agent_00,0.605000,0.444444
1.3500,agent,agent_01,0.605000,1.333333
1.3500,agent,agent_02,0.605000,2.222222
1.3500,agent,agent_03,0.605000,3.111111
1.3500,agent,agent_04,0.605000,4.000000
1.3500,agent,agent_05,0.605000,4.888889
1.3500,agent,agent_06,0.605000,5.777778
1.3500,agent,agent_07,0.605000,6.666667
1.3500,agent,agent_08,0.605000,7.555556
1.3500,agent,agent_09,7.395000,0.444444
1.3500,agent,agent_10,7.395000,1.333333
1.3500,agent,agent_11,7.395000,2.222222
1.3500,agent,agent_12,7.395000,3.111111
1.3500,agent,agent_13,7.395000,4.000000
1.3500,agent,agent_14,7.395000,4.888889
1.3500,agent,agent_15,7.395000,5.777778
1.3500,agent,agent_16,7.395000,6.666667
1.3500,agent,agent_17,7.395000,7.555556
1.3500,cargo,cargo_0,4.000000,4.000000
1.4000,agent,agent_00,0.620000,0.444444
1.4000,agent,agent_01,0.620000,1.333333
1.4000,agent,agent_02,0.620000,2.222222
1.4000,agent,agent_03,0.620000,3.111111
1.4000,agent,agent_04,0.620000,4.000000
1.4000,agent,agent_05,0.620000,4.888889
1.4000,agent,agent_06,0.620000,5.777778
1.4000,agent,agent_07,0.620000,6.666667
1.4000,agent,agent_08,0.620000,7.555556
1.4000,agent,agent_09,7.380000,0.444444
1.4000,agent,agent_10,7.380000,1.333333
1.4000,agent,agent_11,7.380000,2.222222
1.4000,agent,agent_12,7.380000,3.111111
1.4000,agent,agent_13,7.380000,4.000000
1.4000,agent,agent_14,7.380000,4.888889
1.4000,agent,agent_15,7.380000,5.777778
1.4000,agent,agent_16,7.380000,6.666667
1.4000,agent,agent_17,7.380000,7.555556
1.4000,cargo,cargo_0,4.000000,4.000000
1.4500,agent,agent_00,0.635000,0.444444
1.4500,agent,agent_01,0.635000,1.333333
1.4500,agent,agent_02,0.635000,2.222222
1.4500,agent,agent_03,0.635000,3.111111
1.4500,agent,agent_04,0.635000,4.000000
1.4500,agent,agent_05,0.635000,4.888889
1.4500,agent,agent_06,0.635000,5.777778
1.4500,agent,agent_07,0.635000,6.666667
1.4500,agent,agent_08,0.635000,7.555556
1.4500,agent,agent_09,7.365000,0.444444
1.4500,agent,agent_10,7.365000,1.333333
1.4500,agent,agent_11,7.365000,2.222222
1.4500,agent,agent_12,7.365000,3.111111
1.4500,agent,agent_13,7.365000,4.000000
1.4500,agent,agent_14,7.365000,4.888889
1.4500,agent,agent_15,7.365000,5.777778
1.4500,agent,agent_16,7.365000,6.666667
1.4500,agent,agent_17,7.365000,7.555556
1.4500,cargo,cargo_0,4.000000,4.000000
1.5000,agent,agent_00,0.650000,0.444444
1.5000,agent,agent_01,0.650000,1.333333
1.5000,agent,agent_02,0.650000,2.222222
1.5000,agent,agent_03,0.650000,3.111111
1.5000,agent,agent_04,0.650000,4.000000
1.5000,agent,agent_05,0.650000,4.888889
1.5000,agent,agent_06,0.650000,5.777778
1.5000,agent,agent_07,0.650000,6.666667
1.5000,agent,agent_08,0.650000,7.555556
1.5000,agent,agent_09,7.350000,0.444444
1.5000,agent,agent_10,7.350000,1.333333
1.5000,agent,agent_11,7.350000,2.222222
1.5000,agent,agent_12,7.350000,3.111111
1.5000,agent,agent_13,7.350000,4.000000
1.5000,agent,agent_14,7.350000,4.888889
1.5000,agent,agent_15,7.350000,5.777778
1.5000,agent,agent_16,7.350000,6.666667
1.5000,agent,agent_17,7.350000,7.555556
1.5000,cargo,cargo_0,4.000000,4.000000
1.5500,agent,agent_00,0.665000,0.444444
1.5500,agent,agent_01,0.665000,1.333333
1.5500,agent,agent_02,0.665000,2.222222
1.5500,agent,agent_03,0.665000,3.111111
1.5500,agent,agent_04,0.665000,4.000000
1.5500,agent,agent_05,0.665000,4.888889
1.5500,agent,agent_06,0.665000,5.777778
1.5500,agent,agent_07,0.665000,6.666667
1.5500,agent,agent_08,0.665000,7.555556
1.5500,agent,agent_09,7.335000,0.444444
1.5500,agent,agent_10,7.335000,1.333333
1.5500,agent,agent_11,7.335000,2.222222
1.5500,agent,agent_12,7.335000,3.111111
1.5500,agent,agent_13,7.335000,4.000000
1.5500,agent,agent_14,7.335000,4.888889
1.5500,agent,agent_15,7.335000,5.777778
1.5500,agent,agent_16,7.335000,6.666667
1.5500,agent,agent_17,7.335000,7.555556
1.5500,cargo,cargo_0,4.000000,4.000000
1.6000,agent,agent_00,0.680000,0.444444
1.6000,agent,agent_01,0.680000,1.333333
1.6000,agent,agent_02,0.680000,2.222222
1.6000,agent,agent_03,0.680000,3.111111
1.6000,agent,agent_04,0.680000,4.000000
1.6000,agent,agent_05,0.680000,4.888889
1.6000,agent,agent_06,0.680000,5.777778
1.6000,agent,agent_07,0.680000,6.666667
1.6000,agent,agent_08,0.680000,7.555556
1.6000,agent,agent_09,7.320000,0.444444
1.6000,agent,agent_10,7.320000,1.333333
1.6000,agent,agent_11,7.320000,2.222222
1.6000,agent,agent_12,7.320000,3.111111
1.6000,agent,agent_13,7.320000,4.000000
1.6000,agent,agent_14,7.320000,4.888889
1.6000,agent,agent_15,7.320000,5.777778
1.6000,agent,agent_16,7.320000,6.666667
1.6000,agent,agent_17,7.320000,7.555556
1.6000,cargo,cargo_0,4.000000,4.000000
1.6500,agent,agent_00,0.695000,0.444444
1.6500,agent,agent_01,0.695000,1.333333
1.6500,agent,agent_02,0.695000,2.222222
1.6500,agent,agent_03,0.695000,3.111111
1.6500,agent,agent_04,0.695000,4.000000
1.6500,agent,agent_05,0.695000,4.888889
1.6500,agent,agent_06,0.695000,5.777778
1.6500,agent,agent_07,0.695000,6.666667
1.6500,agent,agent_08,0.695000,7.555556
1.6500,agent,agent_09,7.305000,0.444444
1.6500,agent,agent_10,7.305000,1.333333
1.6500,agent,agent_11,7.305000,2.222222
1.6500,agent,agent_12,7.305000,3.111111
1.6500,agent,agent_13,7.305000,4.000000
1.6500,agent,agent_14,7.305000,4.888889
1.6500,agent,agent_15,7.305000,5.777778
1.6500,agent,agent_16,7.305000,6.666667
1.6500,agent,agent_17,7.305000,7.555556
1.6500,cargo,cargo_0,4.000000,4.000000
1.7000,agent,agent_00,0.710000,0.444444
1.7000,agent,agent_01,0.710000,1.333333
1.7000,agent,agent_02,0.710000,2.222222
1.7000,agent,agent_03,0.710000,3.111111
1.7000,agent,agent_04,0.710000,4.000000
1.7000,agent,agent_05,0.710000,4.888889
1.7000,agent,agent_06,0.710000,5.777778
1.7000,agent,agent_07,0.710000,6.666667
1.7000,agent,agent_08,0.710000,7.555556
1.7000,agent,agent_09,7.290000,0.444444
1.7000,agent,agent_10,7.290000,1.333333
1.7000,agent,agent_11,7.290000,2.222222
1.7000,agent,agent_12,7.290000,3.111111
1.7000,agent,agent_13,7.290000,4.000000
1.7000,agent,agent_14,7.290000,4.888889
1.7000,agent,agent_15,7.290000,5.777778
1.7000,agent,agent_16,7.290000,6.666667
1.7000,agent,agent_17,7.290000,7.555556
1.7000,cargo,cargo_0,4.000000,4.000000
1.7500,agent,agent_00,0.725000,0.444444
1.7500,agent,agent_01,0.725000,1.333333
1.7500,agent,agent_02,0.725000,2.222222
1.7500,agent,agent_03,0.725000,3.111111
1.7500,agent,agent_04,0.725000,4.000000
1.7500,agent,agent_05,0.725000,4.888889
1.7500,agent,agent_06,0.725000,5.777778
1.7500,agent,agent_07,0.725000,6.666667
1.7500,agent,agent_08,0.725000,7.555556
1.7500,agent,agent_09,7.275000,0.444444
1.7500,agent,agent_10,7.275000,1.333333
1.7500,agent,agent_11,7.275000,2.222222
1.7500,agent,agent_12,7.275000,3.111111
1.7500,agent,agent_13,7.275000,4.000000
1.7500,agent,agent_14,7.275000,4.888889
1.7500,agent,agent_15,7.275000,5.777778
1.7500,agent,agent_16,7.275000,6.666667
1.7500,agent,agent_17,7.275000,7.555556
1.7500,cargo,cargo_0,4.000000,4.000000
1.8000,agent,agent_00,0.740000,0.444444
1.8000,agent,agent_01,0.740000,1.333333
1.8000,agent,agent_02,0.740000,2.222222
1.8000,agent,agent_03,0.740000,3.111111
1.8000,agent,agent_04,0.740000,4.000000
1.8000,agent,agent_05,0.740000,4.888889
1.8000,agent,agent_06,0.740000,5.777778
1.8000,agent,agent_07,0.740000,6.666667
1.8000,agent,agent_08,0.740000,7.555556
1.8000,agent,agent_09,7.260000,0.444444
1.8000,agent,agent_10,7.260000,1.333333
1.8000,agent,agent_11,7.260000,2.222222
1.8000,agent,agent_12,7.260000,3.111111
1.8000,agent,agent_13,7.260000,4.000000
1.8000,agent,agent_14,7.260000,4.888889
1.8000,agent,agent_15,7.260000,5.777778
1.8000,agent,agent_16,7.260000,6.666667
1.8000,agent,agent_17,7.260000,7.555556
1.8000,cargo,cargo_0,4.000000,4.000000
1.8500,agent,agent_00,0.755000,0.444444
1.8500,agent,agent_01,0.755000,1.333333
1.8500,agent,agent_02,0.755000,2.222222
1.8500,agent,agent_03,0.755000,3.111111
1.8500,agent,agent_04,0.755000,4.000000
1.8500,agent,agent_05,0.755000,4.888889
1.8500,agent,agent_06,0.755000,5.777778
1.8500,agent,agent_07,0.755000,6.666667
1.8500,agent,agent_08,0.755000,7.555556
1.8500,agent,agent_09,7.245000,0.444444
1.8500,agent,agent_10,7.245000,1.333333
1.8500,agent,agent_11,7.245000,2.222222
1.8500,agent,agent_12,7.245000,3.111111
1.8500,agent,agent_13,7.245000,4.000000
1.8500,agent,agent_14,7.245000,4.888889
1.8500,agent,agent_15,7.245000,5.777778
1.8500,agent,agent_16,7.245000,6.666667
1.8500,agent,agent_17,7.245000,7.555556
1.8500,cargo,cargo_0,4.000000,4.000000
1.9000,agent,agent_00,0.770000,0.444444
1.9000,agent,agent_01,0.770000,1.333333
1.9000,agent,agent_02,0.770000,2.222222
1.9000,agent,agent_03,0.770000,3.111111
1.9000,agent,agent_04,0.770000,4.000000
1.9000,agent,agent_05,0.770000,4.888889
1.9000,agent,agent_06,0.770000,5.777778
1.9000,agent,agent_07,0.770000,6.666667
1.9000,agent,agent_08,0.770000,7.555556
1.9000,agent,agent_09,7.230000,0.444444
1.9000,agent,agent_10,7.230000,1.333333
1.9000,agent,agent_11,7.230000,2.222222
1.9000,agent,agent_12,7.230000,3.111111
1.9000,agent,agent_13,7.230000,4.000000
1.9000,agent,agent_14,7.230000,4.888889
1.9000,agent,agent_15,7.230000,5.777778
1.9000,agent,agent_16,7.230000,6.666667
1.9000,agent,agent_17,7.230000,7.555556
1.9000,cargo,cargo_0,4.000000,4.000000
1.9500,agent,agent_00,0.785000,0.444444
1.9500,agent,agent_01,0.785000,1.333333
1.9500,agent,agent_02,0.785000,2.222222
1.9500,agent,agent_03,0.785000,3.111111
1.9500,agent,agent_04,0.785000,4.000000
1.9500,agent,agent_05,0.785000,4.888889
1.9500,agent,agent_06,0.785000,5.777778
1.9500,agent,agent_07,0.785000,6.666667
1.9500,agent,agent_08,0.785000,7.555556
1.9500,agent,agent_09,7.215000,0.444444
1.9500,agent,agent_10,7.215000,1.333333
1.9500,agent,agent_11,7.215000,2.222222
1.9500,agent,agent_12,7.215000,3.111111
1.9500,agent,agent_13,7.215000,4.000000
1.9500,agent,agent_14,7.215000,4.888889
1.9500,agent,agent_15,7.215000,5.777778
1.9500,agent,agent_16,7.215000,6.666667
1.9500,agent,agent_17,7.215000,7.555556
1.9500,cargo,cargo_0,4.000000,4.000000
2.0000,agent,agent_00,0.800000,0.444444
2.0000,agent,agent_01,0.800000,1.333333
2.0000,agent,agent_02,0.800000,2.222222
2.0000,agent,agent_03,0.800000,3.111111
2.0000,agent,agent_04,0.800000,4.000000
2.0000,agent,agent_05,0.800000,4.888889
2.0000,agent,agent_06,0.800000,5.777778
2.0000,agent,agent_07,0.800000,6.666667
2.0000,agent,agent_08,0.800000,7.555556
2.0000,agent,agent_09,7.200000,0.444444
2.0000,agent,agent_10,7.200000,1.333333
2.0000,agent,agent_11,7.200000,2.222222
2.0000,agent,agent_12,7.200000,3.111111
2.0000,agent,agent_13,7.200000,4.000000
2.0000,agent,agent_14,7.200000,4.888889
2.0000,agent,agent_15,7.200000,5.777778
2.0000,agent,agent_16,7.200000,6.666667
2.0000,agent,agent_17,7.200000,7.555556
2.0000,cargo,cargo_0,4.000000,4.000000
2.0500,agent,agent_00,0.815000,0.444444
2.0500,agent,agent_01,0.815000,1.333333
2.0500,agent,agent_02,0.815000,2.222222
2.0500,agent,agent_03,0.815000,3.111111
2.0500,agent,agent_04,0.815000,4.000000
2.0500,agent,agent_05,0.815000,4.888889
2.0500,agent,agent_06,0.815000,5.777778
2.0500,agent,agent_07,0.815000,6.666667
2.0500,agent,agent_08,0.815000,7.555556
2.0500,agent,agent_09,7.185000,0.444444
2.0500,agent,agent_10,7.185000,1.333333
2.0500,agent,agent_11,7.185000,2.222222
2.0500,agent,agent_12,7.185000,3.111111
2.0500,agent,agent_13,7.185000,4.000000
2.0500,agent,agent_14,7.185000,4.888889
2.0500,agent,agent_15,7.185000,5.777778
2.0500,agent,agent_16,7.185000,6.666667
2.0500,agent,agent_17,7.185000,7.555556
2.0500,cargo,cargo_0,4.000000,4.000000
2.1000,agent,agent_00,0.830000,0.444444
2.1000,agent,agent_01,0.830000,1.333333
2.1000,agent,agent_02,0.830000,2.222222
2.1000,agent,agent_03,0.830000,3.111111
2.1000,agent,agent_04,0.830000,4.000000
2.1000,agent,agent_05,0.830000,4.888889
2.1000,agent,agent_06,0.830000,5.777778
2.1000,agent,agent_07,0.830000,6.666667
2.1000,agent,agent_08,0.830000,7.555556
2.1000,agent,agent_09,7.170000,0.444444
2.1000,agent,agent_10,7.170000,1.333333
2.1000,agent,agent_11,7.170000,2.222222
2.1000,agent,agent_12,7.170000,3.111111
2.1000,agent,agent_13,7.170000,4.000000
2.1000,agent,agent_14,7.170000,4.888889
2.1000,agent,agent_15,7.170000,5.777778
2.1000,agent,agent_16,7.170000,6.666667
2.1000,agent,agent_17,7.170000,7.555556
2.1000,cargo,cargo_0,4.000000,4.000000
2.1500,agent,agent_00,0.845000,0.444444
2.1500,agent,agent_01,0.845000,1.333333
2.1500,agent,agent_02,0.845000,2.222222
2.1500,agent,agent_03,0.845000,3.111111
2.1500,agent,agent_04,0.845000,4.000000
2.1500,agent,agent_05,0.845000,4.888889
2.1500,agent,agent_06,0.845000,5.777778
2.1500,agent,agent_07,0.845000,6.666667
2.1500,agent,agent_08,0.845000,7.555556
2.1500,agent,agent_09,7.155000,0.444444
2.1500,agent,agent_10,7.155000,1.333333
2.1500,agent,agent_11,7.155000,2.222222
2.1500,agent,agent_12,7.155000,3.111111
2.1500,agent,agent_13,7.155000,4.000000
2.1500,agent,agent_14,7.155000,4.888889
2.1500,agent,agent_15,7.155000,5.777778
2.1500,agent,agent_16,7.155000,6.666667
2.1500,agent,agent_17,7.155000,7.555556
2.1500,cargo,cargo_0,4.000000,4.000000
2.2000,agent,agent_00,0.860000,0.444444
2.2000,agent,agent_01,0.860000,1.333333
2.2000,agent,agent_02,0.860000,2.222222
2.2000,agent,agent_03,0.860000,3.111111
2.2000,agent,agent_04,0.860000,4.000000
2.2000,agent,agent_05,0.860000,4.888889
2.2000,agent,agent_06,0.860000,5.777778
2.2000,agent,agent_07,0.860000,6.666667
2.2000,agent,agent_08,0.860000,7.555556
2.2000,agent,agent_09,7.140000,0.444444
2.2000,agent,agent_10,7.140000,1.333333
2.2000,agent,agent_11,7.140000,2.222222
2.2000,agent,agent_12,7.140000,3.111111
2.2000,agent,agent_13,7.140000,4.000000
2.2000,agent,agent_14,7.140000,4.888889
2.2000,agent,agent_15,7.140000,5.777778
2.2000,agent,agent_16,7.140000,6.666667
2.2000,agent,agent_17,7.140000,7.555556
2.2000,cargo,cargo_0,4.000000,4.000000
2.2500,agent,agent_00,0.875000,0.444444
2.2500,agent,agent_01,0.875000,1.333333
2.2500,agent,agent_02,0.875000,2.222222
2.2500,agent,agent_03,0.875000,3.111111
2.2500,agent,agent_04,0.875000,4.000000
2.2500,agent,agent_05,0.875000,4.888889
2.2500,agent,agent_06,0.875000,5.777778
2.2500,agent,agent_07,0.875000,6.666667
2.2500,agent,agent_08,0.875000,7.555556
2.2500,agent,agent_09,7.125000,0.444444
2.2500,agent,agent_10,7.125000,1.333333
2.2500,agent,agent_11,7.125000,2.222222
2.2500,agent,agent_12,7.125000,3.111111
2.2500,agent,agent_13,7.125000,4.000000
2.2500,agent,agent_14,7.125000,4.888889
2.2500,agent,agent_15,7.125000,5.777778
2.2500,agent,agent_16,7.125000,6.666667
2.2500,agent,agent_17,7.125000,7.555556
2.2500,cargo,cargo_0,4.000000,4.000000
2.3000,agent,agent_00,0.890000,0.444444
2.3000,agent,agent_01,0.890000,1.333333
2.3000,agent,agent_02,0.890000,2.222222
2.3000,agent,agent_03,0.890000,3.111111
2.3000,agent,agent_04,0.890000,4.000000
2.3000,agent,agent_05,0.890000,4.888889
2.3000,agent,agent_06,0.890000,5.777778
2.3000,agent,agent_07,0.890000,6.666667
2.3000,agent,agent_08,0.890000,7.555556
2.3000,agent,agent_09,7.110000,0.444444
2.3000,agent,agent_10,7.110000,1.333333
2.3000,agent,agent_11,7.110000,2.222222
2.3000,agent,agent_12,7.110000,3.111111
2.3000,agent,agent_13,7.110000,4.000000
2.3000,agent,agent_14,7.110000,4.888889
2.3000,agent,agent_15,7.110000,5.777778
2.3000,agent,agent_16,7.110000,6.666667
2.3000,agent,agent_17,7.110000,7.555556
2.3000,cargo,cargo_0,4.000000,4.000000
2.3500,agent,agent_00,0.905000,0.444444
2.3500,agent,agent_01,0.905000,1.333333
2.3500,agent,agent_02,0.905000,2.222222
2.3500,agent,agent_03,0.905000,3.111111
2.3500,agent,agent_04,0.905000,4.000000
2.3500,agent,agent_05,0.905000,4.888889
2.3500,agent,agent_06,0.905000,5.777778
2.3500,agent,agent_07,0.905000,6.666667
2.3500,agent,agent_08,0.905000,7.555556
2.3500,agent,agent_09,7.095000,0.444444
2.3500,agent,agent_10,7.095000,1.333333
2.3500,agent,agent_11,7.095000,2.222222
2.3500,agent,agent_12,7.095000,3.111111
2.3500,agent,agent_13,7.095000,4.000000
2.3500,agent,agent_14,7.095000,4.888889
2.3500,agent,agent_15,7.095000,5.777778
2.3500,agent,agent_16,7.095000,6.666667
2.3500,agent,agent_17,7.095000,7.555556
2.3500,cargo,cargo_0,4.000000,4.000000
2.4000,agent,agent_00,0.920000,0.444444
2.4000,agent,agent_01,0.920000,1.333333
2.4000,agent,agent_02,0.920000,2.222222
2.4000,agent,agent_03,0.920000,3.111111
2.4000,agent,agent_04,0.920000,4.000000
2.4000,agent,agent_05,0.920000,4.888889
2.4000,agent,agent_06,0.920000,5.777778
2.4000,agent,agent_07,0.920000,6.666667
2.4000,agent,agent_08,0.920000,7.555556
2.4000,agent,agent_09,7.080000,0.444444
2.4000,agent,agent_10,7.080000,1.333333
2.4000,agent,agent_11,7.080000,2.222222
2.4000,agent,agent_12,7.080000,3.111111
2.4000,agent,agent_13,7.080000,4.000000
2.4000,agent,agent_14,7.080000,4.888889
2.4000,agent,agent_15,7.080000,5.777778
2.4000,agent,agent_16,7.080000,6.666667
2.4000,agent,agent_17,7.080000,7.555556
2.4000,cargo,cargo_0,4.000000,4.000000
2.4500,agent,agent_00,0.935000,0.444444
2.4500,agent,agent_01,0.935000,1.333333
2.4500,agent,agent_02,0.935000,2.222222
2.4500,agent,agent_03,0.935000,3.111111
2.4500,agent,agent_04,0.935000,4.000000
2.4500,agent,agent_05,0.935000,4.888889
2.4500,agent,agent_06,0.935000,5.777778
2.4500,agent,agent_07,0.935000,6.666667
2.4500,agent,agent_08,0.935000,7.555556
2.4500,agent,agent_09,7.065000,0.444444
2.4500,agent,agent_10,7.065000,1.333333
2.4500,agent,agent_11,7.065000,2.222222
2.4500,agent,agent_12,7.065000,3.111111
2.4500,agent,agent_13,7.065000,4.000000
2.4500,agent,agent_14,7.065000,4.888889
2.4500,agent,agent_15,7.065000,5.777778
2.4500,agent,agent_16,7.065000,6.666667
2.4500,agent,agent_17,7.065000,7.555556
2.4500,cargo,cargo_0,4.000000,4.000000
2.5000,agent,agent_00,0.950000,0.444444
2.5000,agent,agent_01,0.950000,1.333333
2.5000,agent,agent_02,0.950000,2.222222
2.5000,agent,agent_03,0.950000,3.111111
2.5000,agent,agent_04,0.950000,4.000000
2.5000,agent,agent_05,0.950000,4.888889
2.5000,agent,agent_06,0.950000,5.777778
2.5000,agent,agent_07,0.950000,6.666667
2.5000,agent,agent_08,0.950000,7.555556
2.5000,agent,agent_09,7.050000,0.444444
2.5000,agent,agent_10,7.050000,1.333333
2.5000,agent,agent_11,7.050000,2.222222
2.5000,agent,agent_12,7.050000,3.111111
2.5000,agent,agent_13,7.050000,4.000000
2.5000,agent,agent_14,7.050000,4.888889
2.5000,agent,agent_15,7.050000,5.777778
2.5000,agent,agent_16,7.050000,6.666667
2.5000,agent,agent_17,7.050000,7.555556
2.5000,cargo,cargo_0,4.000000,4.000000
2.5500,agent,agent_00,0.965000,0.444444
2.5500,agent,agent_01,0.965000,1.333333
2.5500,agent,agent_02,0.965000,2.222222
2.5500,agent,agent_03,0.965000,3.111111
2.5500,agent,agent_04,0.965000,4.000000
2.5500,agent,agent_05,0.965000,4.888889
2.5500,agent,agent_06,0.965000,5.777778
2.5500,agent,agent_07,0.965000,6.666667
2.5500,agent,agent_08,0.965000,7.555556
2.5500,agent,agent_09,7.035000,0.444444
2.5500,agent,agent_10,7.035000,1.333333
2.5500,agent,agent_11,7.035000,2.222222
2.5500,agent,agent_12,7.035000,3.111111
2.5500,agent,agent_13,7.035000,4.000000
2.5500,agent,agent_14,7.035000,4.888889
2.5500,agent,agent_15,7.035000,5.777778
2.5500,agent,agent_16,7.035000,6.666667
2.5500,agent,agent_17,7.035000,7.555556
2.5500,cargo,cargo_0,4.000000,4.000000
2.6000,agent,agent_00,0.980000,0.444444
2.6000,agent,agent_01,0.980000,1.333333
2.6000,agent,agent_02,0.980000,2.222222
2.6000,agent,agent_03,0.980000,3.111111
2.6000,agent,agent_04,0.980000,4.000000
2.6000,agent,agent_05,0.980000,4.888889
2.6000,agent,agent_06,0.980000,5.777778
2.6000,agent,agent_07,0.980000,6.666667
2.6000,agent,agent_08,0.980000,7.555556
2.6000,agent,agent_09,7.020000,0.444444
2.6000,agent,agent_10,7.020000,1.333333
2.6000,agent,agent_11,7.020000,2.222222
2.6000,agent,agent_12,7.020000,3.111111
2.6000,agent,agent_13,7.020000,4.000000
2.6000,agent,agent_14,7.020000,4.888889
2.6000,agent,agent_15,7.020000,5.777778
2.6000,agent,agent_16,7.020000,6.666667
2.6000,agent,agent_17,7.020000,7.555556
2.6000,cargo,cargo_0,4.000000,4.000000
2.6500,agent,agent_00,0.995000,0.444444
2.6500,agent,agent_01,0.995000,1.333333
2.6500,agent,agent_02,0.995000,2.222222
2.6500,agent,agent_03,0.995000,3.111111
2.6500,agent,agent_04,0.995000,4.000000
2.6500,agent,agent_05,0.995000,4.888889
2.6500,agent,agent_06,0.995000,5.777778
2.6500,agent,agent_07,0.995000,6.666667
2.6500,agent,agent_08,0.995000,7.555556
2.6500,agent,agent_09,7.005000,0.444444
2.6500,agent,agent_10,7.005000,1.333333
2.6500,agent,agent_11,7.005000,2.222222
2.6500,agent,agent_12,7.005000,3.111111
2.6500,agent,agent_13,7.005000,4.000000
2.6500,agent,agent_14,7.005000,4.888889
2.6500,agent,agent_15,7.005000,5.777778
2.6500,agent,agent_16,7.005000,6.666667
2.6500,agent,agent_17,7.005000,7.555556
2.6500,cargo,cargo_0,4.000000,4.000000
2.7000,agent,agent_00,1.010000,0.444444
2.7000,agent,agent_01,1.010000,1.333333
2.7000,agent,agent_02,1.010000,2.222222
2.7000,agent,agent_03,1.010000,3.111111
2.7000,agent,agent_04,1.010000,4.000000
2.7000,agent,agent_05,1.010000,4.888889
2.7000,agent,agent_06,1.010000,5.777778
2.7000,agent,agent_07,1.010000,6.666667
2.7000,agent,agent_08,1.010000,7.555556
2.7000,agent,agent_09,6.990000,0.444444
2.7000,agent,agent_10,6.990000,1.333333
2.7000,agent,agent_11,6.990000,2.222222
2.7000,agent,agent_12,6.990000,3.111111
2.7000,agent,agent_13,6.990000,4.000000
2.7000,agent,agent_14,6.990000,4.888889
2.7000,agent,agent_15,6.990000,5.777778
2.7000,agent,agent_16,6.990000,6.666667
2.7000,agent,agent_17,6.990000,7.555556
2.7000,cargo,cargo_0,4.000000,4.000000
2.7500,agent,agent_00,1.025000,0.444444
2.7500,agent,agent_01,1.025000,1.333333
2.7500,agent,agent_02,1.025000,2.222222
2.7500,agent,agent_03,1.025000,3.111111
2.7500,agent,agent_04,1.025000,4.000000
2.7500,agent,agent_05,1.025000,4.888889
2.7500,agent,agent_06,1.025000,5.777778
2.7500,agent,agent_07,1.025000,6.666667
2.7500,agent,agent_08,1.025000,7.555556
2.7500,agent,agent_09,6.975000,0.444444
2.7500,agent,agent_10,6.975000,1.333333
2.7500,agent,agent_11,6.975000,2.222222
2.7500,agent,agent_12,6.975000,3.111111
2.7500,agent,agent_13,6.975000,4.000000
2.7500,agent,agent_14,6.975000,4.888889
2.7500,agent,agent_15,6.975000,5.777778
2.7500,agent,agent_16,6.975000,6.666667
2.7500,agent,agent_17,6.975000,7.555556
2.7500,cargo,cargo_0,4.000000,4.000000
2.8000,agent,agent_00,1.040000,0.444444
2.8000,agent,agent_01,1.040000,1.333333
2.8000,agent,agent_02,1.040000,2.222222
2.8000,agent,agent_03,1.040000,3.111111
2.8000,agent,agent_04,1.040000,4.000000
2.8000,agent,agent_05,1.040000,4.888889
2.8000,agent,agent_06,1.040000,5.777778
2.8000,agent,agent_07,1.040000,6.666667
2.8000,agent,agent_08,1.040000,7.555556
2.8000,agent,agent_09,6.960000,0.444444
2.8000,agent,agent_10,6.960000,1.333333
2.8000,agent,agent_11,6.960000,2.222222
2.8000,agent,agent_12,6.960000,3.111111
2.8000,agent,agent_13,6.960000,4.000000
2.8000,agent,agent_14,6.960000,4.888889
2.8000,agent,agent_15,6.960000,5.777778
2.8000,agent,agent_16,6.960000,6.666667
2.8000,agent,agent_17,6.960000,7.555556
2.8000,cargo,cargo_0,4.000000,4.000000
2.8500,agent,agent_00,1.055000,0.444444
2.8500,agent,agent_01,1.055000,1.333333
2.8500,agent,agent_02,1.055000,2.222222
2.8500,agent,agent_03,1.055000,3.111111
2.8500,agent,agent_04,1.055000,4.000000
2.8500,agent,agent_05,1.055000,4.888889
2.8500,agent,agent_06,1.055000,5.777778
2.8500,agent,agent_07,1.055000,6.666667
2.8500,agent,agent_08,1.055000,7.555556
2.8500,agent,agent_09,6.945000,0.444444
2.8500,agent,agent_10,6.945000,1.333333
2.8500,agent,agent_11,6.945000,2.222222
2.8500,agent,agent_12,6.945000,3.111111
2.8500,agent,agent_13,6.945000,4.000000
2.8500,agent,agent_14,6.945000,4.888889
2.8500,agent,agent_15,6.945000,5.777778
2.8500,agent,agent_16,6.945000,6.666667
2.8500,agent,agent_17,6.945000,7.555556
2.8500,cargo,cargo_0,4.000000,4.000000
2.9000,agent,agent_00,1.070000,0.444444
2.9000,agent,agent_01,1.070000,1.333333
2.9000,agent,agent_02,1.070000,2.222222
2.9000,agent,agent_03,1.070000,3.111111
2.9000,agent,agent_04,1.070000,4.000000
2.9000,agent,agent_05,1.070000,4.888889
2.9000,agent,agent_06,1.070000,5.777778
2.9000,agent,agent_07,1.070000,6.666667
2.9000,agent,agent_08,1.070000,7.555556
2.9000,agent,agent_09,6.930000,0.444444
2.9000,agent,agent_10,6.930000,1.333333
2.9000,agent,agent_11,6.930000,2.222222
2.9000,agent,agent_12,6.930000,3.111111
2.9000,agent,agent_13,6.930000,4.000000
2.9000,agent,agent_14,6.930000,4.888889
2.9000,agent,agent_15,6.930000,5.777778
2.9000,agent,agent_16,6.930000,6.666667
2.9000,agent,agent_17,6.930000,7.555556
2.9000,cargo,cargo_0,4.000000,4.000000
2.9500,agent,agent_00,1.085000,0.444444
2.9500,agent,agent_01,1.085000,1.333333
2.9500,agent,agent_02,1.085000,2.222222
2.9500,agent,agent_03,1.085000,3.111111
2.9500,agent,agent_04,1.085000,4.000000
2.9500,agent,agent_05,1.085000,4.888889
2.9500,agent,agent_06,1.085000,5.777778
2.9500,agent,agent_07,1.085000,6.666667
2.9500,agent,agent_08,1.085000,7.555556
2.9500,agent,agent_09,6.915000,0.444444
2.9500,agent,agent_10,6.915000,1.333333
2.9500,agent,agent_11,6.915000,2.222222
2.9500,agent,agent_12,6.915000,3.111111
2.9500,agent,agent_13,6.915000,4.000000
2.9500,agent,agent_14,6.915000,4.888889
2.9500,agent,agent_15,6.915000,5.777778
2.9500,agent,agent_16,6.915000,6.666667
2.9500,agent,agent_17,6.915000,7.555556
2.9500,cargo,cargo_0,4.000000,4.000000
3.0000,agent,agent_00,1.100000,0.444444
3.0000,agent,agent_01,1.100000,1.333333
3.0000,agent,agent_02,1.100000,2.222222
3.0000,agent,agent_03,1.100000,3.111111
3.0000,agent,agent_04,1.100000,4.000000
3.0000,agent,agent_05,1.100000,4.888889
3.0000,agent,agent_06,1.100000,5.777778
3.0000,agent,agent_07,1.100000,6.666667
3.0000,agent,agent_08,1.100000,7.555556
3.0000,agent,agent_09,6.900000,0.444444
3.0000,agent,agent_10,6.900000,1.333333
3.0000,agent,agent_11,6.900000,2.222222
3.0000,agent,agent_12,6.900000,3.111111
3.0000,agent,agent_13,6.900000,4.000000
3.0000,agent,agent_14,6.900000,4.888889
3.0000,agent,agent_15,6.900000,5.777778
3.0000,agent,agent_16,6.900000,6.666667
3.0000,agent,agent_17,6.900000,7.555556
3.0000,cargo,cargo_0,4.000000,4.000000
3.0500,agent,agent_00,1.115000,0.444444
3.0500,agent,agent_01,1.115000,1.333333
3.0500,agent,agent_02,1.115000,2.222222
3.0500,agent,agent_03,1.115000,3.111111
3.0500,agent,agent_04,1.115000,4.000000
3.0500,agent,agent_05,1.115000,4.888889
3.0500,agent,agent_06,1.115000,5.777778
3.0500,agent,agent_07,1.115000,6.666667
3.0500,agent,agent_08,1.115000,7.555556
3.0500,agent,agent_09,6.885000,0.444444
3.0500,agent,agent_10,6.885000,1.333333
3.0500,agent,agent_11,6.885000,2.222222
3.0500,agent,agent_12,6.885000,3.111111
3.0500,agent,agent_13,6.885000,4.000000
3.0500,agent,agent_14,6.885000,4.888889
3.0500,agent,agent_15,6.885000,5.777778
3.0500,agent,agent_16,6.885000,6.666667
3.0500,agent,agent_17,6.885000,7.555556
3.0500,cargo,cargo_0,4.000000,4.000000
3.1000,agent,agent_00,1.130000,0.444444
3.1000,agent,agent_01,1.130000,1.333333
3.1000,agent,agent_02,1.130000,2.222222
3.1000,agent,agent_03,1.130000,3.111111
3.1000,agent,agent_04,1.130000,4.000000
3.1000,agent,agent_05,1.130000,4.888889
3.1000,agent,agent_06,1.130000,5.777778
3.1000,agent,agent_07,1.130000,6.666667
3.1000,agent,agent_08,1.130000,7.555556
3.1000,agent,agent_09,6.870000,0.444444
3.1000,agent,agent_10,6.870000,1.333333
3.1000,agent,agent_11,6.870000,2.222222
3.1000,agent,agent_12,6.870000,3.111111
3.1000,agent,agent_13,6.870000,4.000000
3.1000,agent,agent_14,6.870000,4.888889
3.1000,agent,agent_15,6.870000,5.777778
3.1000,agent,agent_16,6.870000,6.666667
3.1000,agent,agent_17,6.870000,7.555556
3.1000,cargo,cargo_0,4.000000,4.000000
3.1500,agent,agent_00,1.145000,0.444444
3.1500,agent,agent_01,1.145000,1.333333
3.1500,agent,agent_02,1.145000,2.222222
3.1500,agent,agent_03,1.145000,3.111111
3.1500,agent,agent_04,1.145000,4.000000
3.1500,agent,agent_05,1.145000,4.888889
3.1500,agent,agent_06,1.145000,5.777778
3.1500,agent,agent_07,1.145000,6.666667
3.1500,agent,agent_08,1.145000,7.555556
3.1500,agent,agent_09,6.855000,0.444444
3.1500,agent,agent_10,6.855000,1.333333
3.1500,agent,agent_11,6.855000,2.222222
3.1500,agent,agent_12,6.855000,3.111111
3.1500,agent,agent_13,6.855000,4.000000
3.1500,agent,agent_14,6.855000,4.888889
3.1500,agent,agent_15,6.855000,5.777778
3.1500,agent,agent_16,6.855000,6.666667
3.1500,agent,agent_17,6.855000,7.555556
3.1500,cargo,cargo_0,4.000000,4.000000
3.2000,agent,agent_00,1.160000,0.444444
3.2000,agent,agent_01,1.160000,1.333333
3.2000,agent,agent_02,1.160000,2.222222
3.2000,agent,agent_03,1.160000,3.111111
3.2000,agent,agent_04,1.160000,4.000000
3.2000,agent,agent_05,1.160000,4.888889
3.2000,agent,agent_06,1.160000,5.777778
3.2000,agent,agent_07,1.160000,6.666667
3.2000,agent,agent_08,1.160000,7.555556
3.2000,agent,agent_09,6.840000,0.444444
3.2000,agent,agent_10,6.840000,1.333333
3.2000,agent,agent_11,6.840000,2.222222
3.2000,agent,agent_12,6.840000,3.111111
3.2000,agent,agent_13,6.840000,4.000000
3.2000,agent,agent_14,6.840000,4.888889
3.2000,agent,agent_15,6.840000,5.777778
3.2000,agent,agent_16,6.840000,6.666667
3.2000,agent,agent_17,6.840000,7.555556
3.2000,cargo,cargo_0,4.000000,4.000000
3.2500,agent,agent_00,1.175000,0.444444
3.2500,agent,agent_01,1.175000,1.333333
3.2500,agent,agent_02,1.175000,2.222222
3.2500,agent,agent_03,1.175000,3.111111
3.2500,agent,agent_04,1.175000,4.000000
3.2500,agent,agent_05,1.175000,4.888889
3.2500,agent,agent_06,1.175000,5.777778
3.2500,agent,agent_07,1.175000,6.666667
3.2500,agent,agent_08,1.175000,7.555556
3.2500,agent,agent_09,6.825000,0.444444
3.2500,agent,agent_10,6.825000,1.333333
3.2500,agent,agent_11,6.825000,2.222222
3.2500,agent,agent_12,6.825000,3.111111
3.2500,agent,agent_13,6.825000,4.000000
3.2500,agent,agent_14,6.825000,4.888889
3.2500,agent,agent_15,6.825000,5.777778
3.2500,agent,agent_16,6.825000,6.666667
3.2500,agent,agent_17,6.825000,7.555556
3.2500,cargo,cargo_0,4.000000,4.000000
3.3000,agent,agent_00,1.190000,0.444444
3.3000,agent,agent_01,1.190000,1.333333
3.3000,agent,agent_02,1.190000,2.222222
3.3000,agent,agent_03,1.190000,3.111111
3.3000,agent,agent_04,1.190000,4.000000
3.3000,agent,agent_05,1.190000,4.888889
3.3000,agent,agent_06,1.190000,5.777778
3.3000,agent,agent_07,1.190000,6.666667
3.3000,agent,agent_08,1.190000,7.555556
3.3000,agent,agent_09,6.810000,0.444444
3.3000,agent,agent_10,6.810000,1.333333
3.3000,agent,agent_11,6.810000,2.222222
3.3000,agent,agent_12,6.810000,3.111111
3.3000,agent,agent_13,6.810000,4.000000
3.3000,agent,agent_14,6.810000,4.888889
3.3000,agent,agent_15,6.810000,5.777778
3.3000,agent,agent_16,6.810000,6.666667
3.3000,agent,agent_17,6.810000,7.555556
3.3000,cargo,cargo_0,4.000000,4.000000
3.3500,agent,agent_00,1.205000,0.444444
3.3500,agent,agent_01,1.205000,1.333333
3.3500,agent,agent_02,1.205000,2.222222
3.3500,agent,agent_03,1.205000,3.111111
3.3500,agent,agent_04,1.205000,4.000000
3.3500,agent,agent_05,1.205000,4.888889
3.3500,agent,agent_06,1.205000,5.777778
3.3500,agent,agent_07,1.205000,6.666667
3.3500,agent,agent_08,1.205000,7.555556
3.3500,agent,agent_09,6.795000,0.444444
3.3500,agent,agent_10,6.795000,1.333333
3.3500,agent,agent_11,6.795000,2.222222
3.3500,agent,agent_12,6.795000,3.111111
3.3500,agent,agent_13,6.795000,4.000000
3.3500,agent,agent_14,6.795000,4.888889
3.3500,agent,agent_15,6.795000,5.777778
3.3500,agent,agent_16,6.795000,6.666667
3.3500,agent,agent_17,6.795000,7.555556
3.3500,cargo,cargo_0,4.000000,4.000000
3.4000,agent,agent_00,1.220000,0.444444
3.4000,agent,agent_01,1.220000,1.333333
3.4000,agent,agent_02,1.220000,2.222222
3.4000,agent,agent_03,1.220000,3.111111
3.4000,agent,agent_04,1.220000,4.000000
3.4000,agent,agent_05,1.220000,4.888889
3.4000,agent,agent_06,1.220000,5.777778
3.4000,agent,agent_07,1.220000,6.666667
3.4000,agent,agent_08,1.220000,7.555556
3.4000,agent,agent_09,6.780000,0.444444
3.4000,agent,agent_10,6.780000,1.333333
3.4000,agent,agent_11,6.780000,2.222222
3.4000,agent,agent_12,6.780000,3.111111
3.4000,agent,agent_13,6.780000,4.000000
3.4000,agent,agent_14,6.780000,4.888889
3.4000,agent,agent_15,6.780000,5.777778
3.4000,agent,agent_16,6.780000,6.666667
3.4000,agent,agent_17,6.780000,7.555556
3.4000,cargo,cargo_0,4.000000,4.000000
3.4500,agent,agent_00,1.235000,0.444444
3.4500,agent,agent_01,1.235000,1.333333
3.4500,agent,agent_02,1.235000,2.222222
3.4500,agent,agent_03,1.235000,3.111111
3.4500,agent,agent_04,1.235000,4.000000
3.4500,agent,agent_05,1.235000,4.888889
3.4500,agent,agent_06,1.235000,5.777778
3.4500,agent,agent_07,1.235000,6.666667
3.4500,agent,agent_08,1.235000,7.555556
3.4500,agent,agent_09,6.765000,0.444444
3.4500,agent,agent_10,6.765000,1.333333
3.4500,agent,agent_11,6.765000,2.222222
3.4500,agent,agent_12,6.765000,3.111111
3.4500,agent,agent_13,6.765000,4.000000
3.4500,agent,agent_14,6.765000,4.888889
3.4500,agent,agent_15,6.765000,5.777778
3.4500,agent,agent_16,6.765000,6.666667
3.4500,agent,agent_17,6.765000,7.555556
3.4500,cargo,cargo_0,4.000000,4.000000
3.5000,agent,agent_00,1.250000,0.444444
3.5000,agent,agent_01,1.250000,1.333333
3.5000,agent,agent_02,1.250000,2.222222
3.5000,agent,agent_03,1.250000,3.111111
3.5000,agent,agent_04,1.250000,4.000000
3.5000,agent,agent_05,1.250000,4.888889
3.5000,agent,agent_06,1.250000,5.777778
3.5000,agent,agent_07,1.250000,6.666667
3.5000,agent,agent_08,1.250000,7.555556
3.5000,agent,agent_09,6.750000,0.444444
3.5000,agent,agent_10,6.750000,1.333333
3.5000,agent,agent_11,6.750000,2.222222
3.5000,agent,agent_12,6.750000,3.111111
3.5000,agent,agent_13,6.750000,4.000000
3.5000,agent,agent_14,6.750000,4.888889
3.5000,agent,agent_15,6.750000,5.777778
3.5000,agent,agent_16,6.750000,6.666667
3.5000,agent,agent_17,6.750000,7.555556
3.5000,cargo,cargo_0,4.000000,4.000000
3.5500,agent,agent_00,1.265000,0.444444
3.5500,agent,agent_01,1.265000,1.333333
3.5500,agent,agent_02,1.265000,2.222222
3.5500,agent,agent_03,1.265000,3.111111
3.5500,agent,agent_04,1.265000,4.000000
3.5500,agent,agent_05,1.265000,4.888889
3.5500,agent,agent_06,1.265000,5.777778
3.5500,agent,agent_07,1.265000,6.666667
3.5500,agent,agent_08,1.265000,7.555556
3.5500,agent,agent_09,6.735000,0.444444
3.5500,agent,agent_10,6.735000,1.333333
3.5500,agent,agent_11,6.735000,2.222222
3.5500,agent,agent_12,6.735000,3.111111
3.5500,agent,agent_13,6.735000,4.000000
3.5500,agent,agent_14,6.735000,4.888889
3.5500,agent,agent_15,6.735000,5.777778
3.5500,agent,agent_16,6.735000,6.666667
3.5500,agent,agent_17,6.735000,7.555556
3.5500,cargo,cargo_0,4.000000,4.000000
3.6000,agent,agent_00,1.280000,0.444444
3.6000,agent,agent_01,1.280000,1.333333
3.6000,agent,agent_02,1.280000,2.222222
3.6000,agent,agent_03,1.280000,3.111111
3.6000,agent,agent_04,1.280000,4.000000
3.6000,agent,agent_05,1.280000,4.888889
3.6000,agent,agent_06,1.280000,5.777778
3.6000,agent,agent_07,1.280000,6.666667
3.6000,agent,agent_08,1.280000,7.555556
3.6000,agent,agent_09,6.720000,0.444444
3.6000,agent,agent_10,6.720000,1.333333
3.6000,agent,agent_11,6.720000,2.222222
3.6000,agent,agent_12,6.720000,3.111111
3.6000,agent,agent_13,6.720000,4.000000
3.6000,agent,agent_14,6.720000,4.888889
3.6000,agent,agent_15,6.720000,5.777778
3.6000,agent,agent_16,6.720000,6.666667
3.6000,agent,agent_17,6.720000,7.555556
3.6000,cargo,cargo_0,4.000000,4.000000
3.6500,agent,agent_00,1.295000,0.444444
3.6500,agent,agent_01,1.295000,1.333333
3.6500,agent,agent_02,1.295000,2.222222
3.6500,agent,agent_03,1.295000,3.111111
3.6500,agent,agent_04,1.295000,4.000000
3.6500,agent,agent_05,1.295000,4.888889
3.6500,agent,agent_06,1.295000,5.777778
3.6500,agent,agent_07,1.295000,6.666667
3.6500,agent,agent_08,1.295000,7.555556
3.6500,agent,agent_09,6.705000,0.444444
3.6500,agent,agent_10,6.705000,1.333333
3.6500,agent,agent_11,6.705000,2.222222
3.6500,agent,agent_12,6.705000,3.111111
3.6500,agent,agent_13,6.705000,4.000000
3.6500,agent,agent_14,6.705000,4.888889
3.6500,agent,agent_15,6.705000,5.777778
3.6500,agent,agent_16,6.705000,6.666667
3.6500,agent,agent_17,6.705000,7.555556
3.6500,cargo,cargo_0,4.000000,4.000000
3.7000,agent,agent_00,1.310000,0.444444
3.7000,agent,agent_01,1.310000,1.333333
3.7000,agent,agent_02,1.310000,2.222222
3.7000,agent,agent_03,1.310000,3.111111
3.7000,agent,agent_04,1.310000,4.000000
3.7000,agent,agent_05,1.310000,4.888889
3.7000,agent,agent_06,1.310000,5.777778
3.7000,agent,agent_07,1.310000,6.666667
3.7000,agent,agent_08,1.310000,7.555556
3.7000,agent,agent_09,6.690000,0.444444
3.7000,agent,agent_10,6.690000,1.333333
3.7000,agent,agent_11,6.690000,2.222222
3.7000,agent,agent_12,6.690000,3.111111
3.7000,agent,agent_13,6.690000,4.000000
3.7000,agent,agent_14,6.690000,4.888889
3.7000,agent,agent_15,6.690000,5.777778
3.7000,agent,agent_16,6.690000,6.666667
3.7000,agent,agent_17,6.690000,7.555556
3.7000,cargo,cargo_0,4.000000,4.000000
3.7500,agent,agent_00,1.325000,0.444444
3.7500,agent,agent_01,1.325000,1.333333
3.7500,agent,agent_02,1.325000,2.222222
3.7500,agent,agent_03,1.325000,3.111111
3.7500,agent,agent_04,1.325000,4.000000
3.7500,agent,agent_05,1.325000,4.888889
3.7500,agent,agent_06,1.325000,5.777778
3.7500,agent,agent_07,1.325000,6.666667
3.7500,agent,agent_08,1.325000,7.555556
3.7500,agent,agent_09,6.675000,0.444444
3.7500,agent,agent_10,6.675000,1.333333
3.7500,agent,agent_11,6.675000,2.222222
3.7500,agent,agent_12,6.675000,3.111111
3.7500,agent,agent_13,6.675000,4.000000
3.7500,agent,agent_14,6.675000,4.888889
3.7500,agent,agent_15,6.675000,5.777778
3.7500,agent,agent_16,6.675000,6.666667
3.7500,agent,agent_17,6.675000,7.555556
3.7500,cargo,cargo_0,4.000000,4.000000
3.8000,agent,agent_00,1.340000,0.444444
3.8000,agent,agent_01,1.340000,1.333333
3.8000,agent,agent_02,1.340000,2.222222
3.8000,agent,agent_03,1.340000,3.111111
3.8000,agent,agent_04,1.340000,4.000000
3.8000,agent,agent_05,1.340000,4.888889
3.8000,agent,agent_06,1.340000,5.777778
3.8000,agent,agent_07,1.340000,6.666667
3.8000,agent,agent_08,1.340000,7.555556
3.8000,agent,agent_09,6.660000,0.444444
3.8000,agent,agent_10,6.660000,1.333333
3.8000,agent,agent_11,6.660000,2.222222
3.8000,agent,agent_12,6.660000,3.111111
3.8000,agent,agent_13,6.660000,4.000000
3.8000,agent,agent_14,6.660000,4.888889
3.8000,agent,agent_15,6.660000,5.777778
3.8000,agent,agent_16,6.660000,6.666667
3.8000,agent,agent_17,6.660000,7.555556
3.8000,cargo,cargo_0,4.000000,4.000000
3.8500,agent,agent_00,1.355000,0.444444
3.8500,agent,agent_01,1.355000,1.333333
3.8500,agent,agent_02,1.355000,2.222222
3.8500,agent,agent_03,1.355000,3.111111
3.8500,agent,agent_04,1.355000,4.000000
3.8500,agent,agent_05,1.355000,4.888889
3.8500,agent,agent_06,1.355000,5.777778
3.8500,agent,agent_07,1.355000,6.666667
3.8500,agent,agent_08,1.355000,7.555556
3.8500,agent,agent_09,6.645000,0.444444
3.8500,agent,agent_10,6.645000,1.333333
3.8500,agent,agent_11,6.645000,2.222222
3.8500,agent,agent_12,6.645000,3.111111
3.8500,agent,agent_13,6.645000,4.000000
3.8500,agent,agent_14,6.645000,4.888889
3.8500,agent,agent_15,6.645000,5.777778
3.8500,agent,agent_16,6.645000,6.666667
3.8500,agent,agent_17,6.645000,7.555556
3.8500,cargo,cargo_0,4.000000,4.000000
3.9000,agent,agent_00,1.370000,0.444444
3.9000,agent,agent_01,1.370000,1.333333
3.9000,agent,agent_02,1.370000,2.222222
3.9000,agent,agent_03,1.370000,3.111111
3.9000,agent,agent_04,1.370000,4.000000
3.9000,agent,agent_05,1.370000,4.888889
3.9000,agent,agent_06,1.370000,5.777778
3.9000,agent,agent_07,1.370000,6.666667
3.9000,agent,agent_08,1.370000,7.555556
3.9000,agent,agent_09,6.630000,0.444444
3.9000,agent,agent_10,6.630000,1.333333
3.9000,agent,agent_11,6.630000,2.222222
3.9000,agent,agent_12,6.630000,3.111111
3.9000,agent,agent_13,6.630000,4.000000
3.9000,agent,agent_14,6.630000,4.888889
3.9000,agent,agent_15,6.630000,5.777778
3.9000,agent,agent_16,6.630000,6.666667
3.9000,agent,agent_17,6.630000,7.555556
3.9000,cargo,cargo_0,4.000000,4.000000
3.9500,agent,agent_00,1.385000,0.444444
3.9500,agent,agent_01,1.385000,1.333333
3.9500,agent,agent_02,1.385000,2.222222
3.9500,agent,agent_03,1.385000,3.111111
3.9500,agent,agent_04,1.385000,4.000000
3.9500,agent,agent_05,1.385000,4.888889
3.9500,agent,agent_06,1.385000,5.777778
3.9500,agent,agent_07,1.385000,6.666667
3.9500,agent,agent_08,1.385000,7.555556
3.9500,agent,agent_09,6.615000,0.444444
3.9500,agent,agent_10,6.615000,1.333333
3.9500,agent,agent_11,6.615000,2.222222
3.9500,agent,agent_12,6.615000,3.111111
3.9500,agent,agent_13,6.615000,4.000000
3.9500,agent,agent_14,6.615000,4.888889
3.9500,agent,agent_15,6.615000,5.777778
3.9500,agent,agent_16,6.615000,6.666667
3.9500,agent,agent_17,6.615000,7.555556
3.9500,cargo,cargo_0,4.000000,4.000000
4.0000,agent,agent_00,1.400000,0.444444
4.0000,agent,agent_01,1.400000,1.333333
4.0000,agent,agent_02,1.400000,2.222222
4.0000,agent,agent_03,1.400000,3.111111
4.0000,agent,agent_04,1.400000,4.000000
4.0000,agent,agent_05,1.400000,4.888889
4.0000,agent,agent_06,1.400000,5.777778
4.0000,agent,agent_07,1.400000,6.666667
4.0000,agent,agent_08,1.400000,7.555556
4.0000,agent,agent_09,6.600000,0.444444
4.0000,agent,agent_10,6.600000,1.333333
4.0000,agent,agent_11,6.600000,2.222222
4.0000,agent,agent_12,6.600000,3.111111
4.0000,agent,agent_13,6.600000,4.000000
4.0000,agent,agent_14,6.600000,4.888889
4.0000,agent,agent_15,6.600000,5.777778
4.0000,agent,agent_16,6.600000,6.666667
4.0000,agent,agent_17,6.600000,7.555556
4.0000,cargo,cargo_0,4.000000,4.000000
4.0500,agent,agent_00,1.415000,0.444444
4.0500,agent,agent_01,1.415000,1.333333
4.0500,agent,agent_02,1.415000,2.222222
4.0500,agent,agent_03,1.415000,3.111111
4.0500,agent,agent_04,1.415000,4.000000
4.0500,agent,agent_05,1.415000,4.888889
4.0500,agent,agent_06,1.415000,5.777778
4.0500,agent,agent_07,1.415000,6.666667
4.0500,agent,agent_08,1.415000,7.555556
4.0500,agent,agent_09,6.585000,0.444444
4.0500,agent,agent_10,6.585000,1.333333
4.0500,agent,agent_11,6.585000,2.222222
4.0500,agent,agent_12,6.585000,3.111111
4.0500,agent,agent_13,6.585000,4.000000
4.0500,agent,agent_14,6.585000,4.888889
4.0500,agent,agent_15,6.585000,5.777778
4.0500,agent,agent_16,6.585000,6.666667
4.0500,agent,agent_17,6.585000,7.555556
4.0500,cargo,cargo_0,4.000000,4.000000
4.1000,agent,agent_00,1.430000,0.444444
4.1000,agent,agent_01,1.430000,1.333333
4.1000,agent,agent_02,1.430000,2.222222
4.1000,agent,agent_03,1.430000,3.111111
4.1000,agent,agent_04,1.430000,4.000000
4.1000,agent,agent_05,1.430000,4.888889
4.1000,agent,agent_06,1.430000,5.777778
4.1000,agent,agent_07,1.430000,6.666667
4.1000,agent,agent_08,1.430000,7.555556
4.1000,agent,agent_09,6.570000,0.444444
4.1000,agent,agent_10,6.570000,1.333333
4.1000,agent,agent_11,6.570000,2.222222
4.1000,agent,agent_12,6.570000,3.111111
4.1000,agent,agent_13,6.570000,4.000000
4.1000,agent,agent_14,6.570000,4.888889
4.1000,agent,agent_15,6.570000,5.777778
4.1000,agent,agent_16,6.570000,6.666667
4.1000,agent,agent_17,6.570000,7.555556
4.1000,cargo,cargo_0,4.000000,4.000000
4.1500,agent,agent_00,1.445000,0.444444
4.1500,agent,agent_01,1.445000,1.333333
4.1500,agent,agent_02,1.445000,2.222222
4.1500,agent,agent_03,1.445000,3.111111
4.1500,agent,agent_04,1.445000,4.000000
4.1500,agent,agent_05,1.445000,4.888889
4.1500,agent,agent_06,1.445000,5.777778
4.1500,agent,agent_07,1.445000,6.666667
4.1500,agent,agent_08,1.445000,7.555556
4.1500,agent,agent_09,6.555000,0.444444
4.1500,agent,agent_10,6.555000,1.333333
4.1500,agent,agent_11,6.555000,2.222222
4.1500,agent,agent_12,6.555000,3.111111
4.1500,agent,agent_13,6.555000,4.000000
4.1500,agent,agent_14,6.555000,4.888889
4.1500,agent,agent_15,6.555000,5.777778
4.1500,agent,agent_16,6.555000,6.666667
4.1500,agent,agent_17,6.555000,7.555556
4.1500,cargo,cargo_0,4.000000,4.000000
4.2000,agent,agent_00,1.460000,0.444444
4.2000,agent,agent_01,1.460000,1.333333
4.2000,agent,agent_02,1.460000,2.222222
4.2000,agent,agent_03,1.460000,3.111111
4.2000,agent,agent_04,1.460000,4.000000
4.2000,agent,agent_05,1.460000,4.888889
4.2000,agent,agent_06,1.460000,5.777778
4.2000,agent,agent_07,1.460000,6.666667
4.2000,agent,agent_08,1.460000,7.555556
4.2000,agent,agent_09,6.540000,0.444444
4.2000,agent,agent_10,6.540000,1.333333
4.2000,agent,agent_11,6.540000,2.222222
4.2000,agent,agent_12,6.540000,3.111111
4.2000,agent,agent_13,6.540000,4.000000
4.2000,agent,agent_14,6.540000,4.888889
4.2000,agent,agent_15,6.540000,5.777778
4.2000,agent,agent_16,6.540000,6.666667
4.2000,agent,agent_17,6.540000,7.555556
4.2000,cargo,cargo_0,4.000000,4.000000
4.2500,agent,agent_00,1.475000,0.444444
4.2500,agent,agent_01,1.475000,1.333333
4.2500,agent,agent_02,1.475000,2.222222
4.2500,agent,agent_03,1.475000,3.111111
4.2500,agent,agent_04,1.475000,4.000000
4.2500,agent,agent_05,1.475000,4.888889
4.2500,agent,agent_06,1.475000,5.777778
4.2500,agent,agent_07,1.475000,6.666667
4.2500,agent,agent_08,1.475000,7.555556
4.2500,agent,agent_09,6.525000,0.444444
4.2500,agent,agent_10,6.525000,1.333333
4.2500,agent,agent_11,6.525000,2.222222
4.2500,agent,agent_12,6.525000,3.111111
4.2500,agent,agent_13,6.525000,4.000000
4.2500,agent,agent_14,6.525000,4.888889
4.2500,agent,agent_15,6.525000,5.777778
4.2500,agent,agent_16,6.525000,6.666667
4.2500,agent,agent_17,6.525000,7.555556
4.2500,cargo,cargo_0,4.000000,4.000000
4.3000,agent,agent_00,1.490000,0.444444
4.3000,agent,agent_01,1.490000,1.333333
4.3000,agent,agent_02,1.490000,2.222222
4.3000,agent,agent_03,1.490000,3.111111
4.3000,agent,agent_04,1.490000,4.000000
4.3000,agent,agent_05,1.490000,4.888889
4.3000,agent,agent_06,1.490000,5.777778
4.3000,agent,agent_07,1.490000,6.666667
4.3000,agent,agent_08,1.490000,7.555556
4.3000,agent,agent_09,6.510000,0.444444
4.3000,agent,agent_10,6.510000,1.333333
4.3000,agent,agent_11,6.510000,2.222222
4.3000,agent,agent_12,6.510000,3.111111
4.3000,agent,agent_13,6.510000,4.000000
4.3000,agent,agent_14,6.510000,4.888889
4.3000,agent,agent_15,6.510000,5.777778
4.3000,agent,agent_16,6.510000,6.666667
4.3000,agent,agent_17,6.510000,7.555556
4.3000,cargo,cargo_0,4.000000,4.000000
4.3500,agent,agent_00,1.505000,0.444444
4.3500,agent,agent_01,1.505000,1.333333
4.3500,agent,agent_02,1.505000,2.222222
4.3500,agent,agent_03,1.505000,3.111111
4.3500,agent,agent_04,1.505000,4.000000
4.3500,agent,agent_05,1.505000,4.888889
4.3500,agent,agent_06,1.505000,5.777778
4.3500,agent,agent_07,1.505000,6.666667
4.3500,agent,agent_08,1.505000,7.555556
4.3500,agent,agent_09,6.495000,0.444444
4.3500,agent,agent_10,6.495000,1.333333
4.3500,agent,agent_11,6.495000,2.222222
4.3500,agent,agent_12,6.495000,3.111111
4.3500,agent,agent_13,6.495000,4.000000
4.3500,agent,agent_14,6.495000,4.888889
4.3500,agent,agent_15,6.495000,5.777778
4.3500,agent,agent_16,6.495000,6.666667
4.3500,agent,agent_17,6.495000,7.555556
4.3500,cargo,cargo_0,4.000000,4.000000
4.4000,agent,agent_00,1.520000,0.444444
4.4000,agent,agent_01,1.520000,1.333333
4.4000,agent,agent_02,1.520000,2.222222
4.4000,agent,agent_03,1.520000,3.111111
4.4000,agent,agent_04,1.520000,4.000000
4.4000,agent,agent_05,1.520000,4.888889
4.4000,agent,agent_06,1.520000,5.777778
4.4000,agent,agent_07,1.520000,6.666667
4.4000,agent,agent_08,1.520000,7.555556
4.4000,agent,agent_09,6.480000,0.444444
4.4000,agent,agent_10,6.480000,1.333333
4.4000,agent,agent_11,6.480000,2.222222
4.4000,agent,agent_12,6.480000,3.111111
4.4000,agent,agent_13,6.480000,4.000000
4.4000,agent,agent_14,6.480000,4.888889
4.4000,agent,agent_15,6.480000,5.777778
4.4000,agent,agent_16,6.480000,6.666667
4.4000,agent,agent_17,6.480000,7.555556
4.4000,cargo,cargo_0,4.000000,4.000000
4.4500,agent,agent_00,1.535000,0.444444
4.4500,agent,agent_01,1.535000,1.333333
4.4500,agent,agent_02,1.535000,2.222222
4.4500,agent,agent_03,1.535000,3.111111
4.4500,agent,agent_04,1.535000,4.000000
4.4500,agent,agent_05,1.535000,4.888889
4.4500,agent,agent_06,1.535000,5.777778
4.4500,agent,agent_07,1.535000,6.666667
4.4500,agent,agent_08,1.535000,7.555556
4.4500,agent,agent_09,6.465000,0.444444
4.4500,agent,agent_10,6.465000,1.333333
4.4500,agent,agent_11,6.465000,2.222222
4.4500,agent,agent_12,6.465000,3.111111
4.4500,agent,agent_13,6.465000,4.000000
4.4500,agent,agent_14,6.465000,4.888889
4.4500,agent,agent_15,6.465000,5.777778
4.4500,agent,agent_16,6.465000,6.666667
4.4500,agent,agent_17,6.465000,7.555556
4.4500,cargo,cargo_0,4.000000,4.000000
4.5000,agent,agent_00,1.550000,0.444444
4.5000,agent,agent_01,1.550000,1.333333
4.5000,agent,agent_02,1.550000,2.222222
4.5000,agent,agent_03,1.550000,3.111111
4.5000,agent,agent_04,1.550000,4.000000
4.5000,agent,agent_05,1.550000,4.888889
4.5000,agent,agent_06,1.550000,5.777778
4.5000,agent,agent_07,1.550000,6.666667
4.5000,agent,agent_08,1.550000,7.555556
4.5000,agent,agent_09,6.450000,0.444444
4.5000,agent,agent_10,6.450000,1.333333
4.5000,agent,agent_11,6.450000,2.222222
4.5000,agent,agent_12,6.450000,3.111111
4.5000,agent,agent_13,6.450000,4.000000
4.5000,agent,agent_14,6.450000,4.888889
4.5000,agent,agent_15,6.450000,5.777778
4.5000,agent,agent_16,6.450000,6.666667
4.5000,agent,agent_17,6.450000,7.555556
4.5000,cargo,cargo_0,4.000000,4.000000
4.5500,agent,agent_00,1.565000,0.444444
4.5500,agent,agent_01,1.565000,1.333333
4.5500,agent,agent_02,1.565000,2.222222
4.5500,agent,agent_03,1.565000,3.111111
4.5500,agent,agent_04,1.565000,4.000000
4.5500,agent,agent_05,1.565000,4.888889
4.5500,agent,agent_06,1.565000,5.777778
4.5500,agent,agent_07,1.565000,6.666667
4.5500,agent,agent_08,1.565000,7.555556
4.5500,agent,agent_09,6.435000,0.444444
4.5500,agent,agent_10,6.435000,1.333333
4.5500,agent,agent_11,6.435000,2.222222
4.5500,agent,agent_12,6.435000,3.111111
4.5500,agent,agent_13,6.435000,4.000000
4.5500,agent,agent_14,6.435000,4.888889
4.5500,agent,agent_15,6.435000,5.777778
4.5500,agent,agent_16,6.435000,6.666667
4.5500,agent,agent_17,6.435000,7.555556
4.5500,cargo,cargo_0,4.000000,4.000000
4.6000,agent,agent_00,1.580000,0.444444
4.6000,agent,agent_01,1.580000,1.333333
4.6000,agent,agent_02,1.580000,2.222222
4.6000,agent,agent_03,1.580000,3.111111
4.6000,agent,agent_04,1.580000,4.000000
4.6000,agent,agent_05,1.580000,4.888889
4.6000,agent,agent_06,1.580000,5.777778
4.6000,agent,agent_07,1.580000,6.666667
4.6000,agent,agent_08,1.580000,7.555556
4.6000,agent,agent_09,6.420000,0.444444
4.6000,agent,agent_10,6.420000,1.333333
4.6000,agent,agent_11,6.420000,2.222222
4.6000,agent,agent_12,6.420000,3.111111
4.6000,agent,agent_13,6.420000,4.000000
4.6000,agent,agent_14,6.420000,4.888889
4.6000,agent,agent_15,6.420000,5.777778
4.6000,agent,agent_16,6.420000,6.666667
4.6000,agent,agent_17,6.420000,7.555556
4.6000,cargo,cargo_0,4.000000,4.000000
4.6500,agent,agent_00,1.595000,0.444444
4.6500,agent,agent_01,1.595000,1.333333
4.6500,agent,agent_02,1.595000,2.222222
4.6500,agent,agent_03,1.595000,3.111111
4.6500,agent,agent_04,1.595000,4.000000
4.6500,agent,agent_05,1.595000,4.888889
4.6500,agent,agent_06,1.595000,5.777778
4.6500,agent,agent_07,1.595000,6.666667
4.6500,agent,agent_08,1.595000,7.555556
4.6500,agent,agent_09,6.405000,0.444444
4.6500,agent,agent_10,6.405000,1.333333
4.6500,agent,agent_11,6.405000,2.222222
4.6500,agent,agent_12,6.405000,3.111111
4.6500,agent,agent_13,6.405000,4.000000
4.6500,agent,agent_14,6.405000,4.888889
4.6500,agent,agent_15,6.405000,5.777778
4.6500,agent,agent_16,6.405000,6.666667
4.6500,agent,agent_17,6.405000,7.555556
4.6500,cargo,cargo_0,4.000000,4.000000
4.7000,agent,agent_00,1.610000,0.444444
4.7000,agent,agent_01,1.610000,1.333333
4.7000,agent,agent_02,1.610000,2.222222
4.7000,agent,agent_03,1.610000,3.111111
4.7000,agent,agent_04,1.610000,4.000000
4.7000,agent,agent_05,1.610000,4.888889
4.7000,agent,agent_06,1.610000,5.777778
4.7000,agent,agent_07,1.610000,6.666667
4.7000,agent,agent_08,1.610000,7.555556
4.7000,agent,agent_09,6.390000,0.444444
4.7000,agent,agent_10,6.390000,1.333333
4.7000,agent,agent_11,6.390000,2.222222
4.7000,agent,agent_12,6.390000,3.111111
4.7000,agent,agent_13,6.390000,4.000000
4.7000,agent,agent_14,6.390000,4.888889
4.7000,agent,agent_15,6.390000,5.777778
4.7000,agent,agent_16,6.390000,6.666667
4.7000,agent,agent_17,6.390000,7.555556
4.7000,cargo,cargo_0,4.000000,4.000000
4.7500,agent,agent_00,1.625000,0.444444
4.7500,agent,agent_01,1.625000,1.333333
4.7500,agent,agent_02,1.625000,2.222222
4.7500,agent,agent_03,1.625000,3.111111
4.7500,agent,agent_04,1.625000,4.000000
4.7500,agent,agent_05,1.625000,4.888889
4.7500,agent,agent_06,1.625000,5.777778
4.7500,agent,agent_07,1.625000,6.666667
4.7500,agent,agent_08,1.625000,7.555556
4.7500,agent,agent_09,6.375000,0.444444
4.7500,agent,agent_10,6.375000,1.333333
4.7500,agent,agent_11,6.375000,2.222222
4.7500,agent,agent_12,6.375000,3.111111
4.7500,agent,agent_13,6.375000,4.000000
4.7500,agent,agent_14,6.375000,4.888889
4.7500,agent,agent_15,6.375000,5.777778
4.7500,agent,agent_16,6.375000,6.666667
4.7500,agent,agent_17,6.375000,7.555556
4.7500,cargo,cargo_0,4.000000,4.000000
4.8000,agent,agent_00,1.640000,0.444444
4.8000,agent,agent_01,1.640000,1.333333
4.8000,agent,agent_02,1.640000,2.222222
4.8000,agent,agent_03,1.640000,3.111111
4.8000,agent,agent_04,1.640000,4.000000
4.8000,agent,agent_05,1.640000,4.888889
4.8000,agent,agent_06,1.640000,5.777778
4.8000,agent,agent_07,1.640000,6.666667
4.8000,agent,agent_08,1.640000,7.555556
4.8000,agent,agent_09,6.360000,0.444444
4.8000,agent,agent_10,6.360000,1.333333
4.8000,agent,agent_11,6.360000,2.222222
4.8000,agent,agent_12,6.360000,3.111111
4.8000,agent,agent_13,6.360000,4.000000
4.8000,agent,agent_14,6.360000,4.888889
4.8000,agent,agent_15,6.360000,5.777778
4.8000,agent,agent_16,6.360000,6.666667
4.8000,agent,agent_17,6.360000,7.555556
4.8000,cargo,cargo_0,4.000000,4.000000
4.8500,agent,agent_00,1.655000,0.444444
4.8500,agent,agent_01,1.655000,1.333333
4.8500,agent,agent_02,1.655000,2.222222
4.8500,agent,agent_03,1.655000,3.111111
4.8500,agent,agent_04,1.655000,4.000000
4.8500,agent,agent_05,1.655000,4.888889
4.8500,agent,agent_06,1.655000,5.777778
4.8500,agent,agent_07,1.655000,6.666667
4.8500,agent,agent_08,1.655000,7.555556
4.8500,agent,agent_09,6.345000,0.444444
4.8500,agent,agent_10,6.345000,1.333333
4.8500,agent,agent_11,6.345000,2.222222
4.8500,agent,agent_12,6.345000,3.111111
4.8500,agent,agent_13,6.345000,4.000000
4.8500,agent,agent_14,6.345000,4.888889
4.8500,agent,agent_15,6.345000,5.777778
4.8500,agent,agent_16,6.345000,6.666667
4.8500,agent,agent_17,6.345000,7.555556
4.8500,cargo,cargo_0,4.000000,4.000000
4.9000,agent,agent_00,1.670000,0.444444
4.9000,agent,agent_01,1.670000,1.333333
4.9000,agent,agent_02,1.670000,2.222222
4.9000,agent,agent_03,1.670000,3.111111
4.9000,agent,agent_04,1.670000,4.000000
4.9000,agent,agent_05,1.670000,4.888889
4.9000,agent,agent_06,1.670000,5.777778
4.9000,agent,agent_07,1.670000,6.666667
4.9000,agent,agent_08,1.670000,7.555556
4.9000,agent,agent_09,6.330000,0.444444
4.9000,agent,agent_10,6.330000,1.333333
4.9000,agent,agent_11,6.330000,2.222222
4.9000,agent,agent_12,6.330000,3.111111
4.9000,agent,agent_13,6.330000,4.000000
4.9000,agent,agent_14,6.330000,4.888889
4.9000,agent,agent_15,6.330000,5.777778
4.9000,agent,agent_16,6.330000,6.666667
4.9000,agent,agent_17,6.330000,7.555556
4.9000,cargo,cargo_0,4.000000,4.000000
4.9500,agent,agent_00,1.685000,0.444444
4.9500,agent,agent_01,1.685000,1.333333
4.9500,agent,agent_02,1.685000,2.222222
4.9500,agent,agent_03,1.685000,3.111111
4.9500,agent,agent_04,1.685000,4.000000
4.9500,agent,agent_05,1.685000,4.888889
4.9500,agent,agent_06,1.685000,5.777778
4.9500,agent,agent_07,1.685000,6.666667
4.9500,agent,agent_08,1.685000,7.555556
4.9500,agent,agent_09,6.315000,0.444444
4.9500,agent,agent_10,6.315000,1.333333
4.9500,agent,agent_11,6.315000,2.222222
4.9500,agent,agent_12,6.315000,3.111111
4.9500,agent,agent_13,6.315000,4.000000
4.9500,agent,agent_14,6.315000,4.888889
4.9500,agent,agent_15,6.315000,5.777778
4.9500,agent,agent_16,6.315000,6.666667
4.9500,agent,agent_17,6.315000,7.555556
4.9500,cargo,cargo_0,4.000000,4.000000
5.0000,agent,agent_00,1.700000,0.444444
5.0000,agent,agent_01,1.700000,1.333333
5.0000,agent,agent_02,1.700000,2.222222
5.0000,agent,agent_03,1.700000,3.111111
5.0000,agent,agent_04,1.700000,4.000000
5.0000,agent,agent_05,1.700000,4.888889
5.0000,agent,agent_06,1.700000,5.777778
5.0000,agent,agent_07,1.700000,6.666667
5.0000,agent,agent_08,1.700000,7.555556
5.0000,agent,agent_09,6.300000,0.444444
5.0000,agent,agent_10,6.300000,1.333333
5.0000,agent,agent_11,6.300000,2.222222
5.0000,agent,agent_12,6.300000,3.111111
5.0000,agent,agent_13,6.300000,4.000000
5.0000,agent,agent_14,6.300000,4.888889
5.0000,agent,agent_15,6.300000,5.777778
5.0000,agent,agent_16,6.300000,6.666667
5.0000,agent,agent_17,6.300000,7.555556
5.0000,cargo,cargo_0,4.000000,4.000000
5.0500,agent,agent_00,1.715000,0.444444
5.0500,agent,agent_01,1.715000,1.333333
5.0500,agent,agent_02,1.715000,2.222222
5.0500,agent,agent_03,1.715000,3.111111
5.0500,agent,agent_04,1.715000,4.000000
5.0500,agent,agent_05,1.715000,4.888889
5.0500,agent,agent_06,1.715000,5.777778
5.0500,agent,agent_07,1.715000,6.666667
5.0500,agent,agent_08,1.715000,7.555556
5.0500,agent,agent_09,6.285000,0.444444
5.0500,agent,agent_10,6.285000,1.333333
5.0500,agent,agent_11,6.285000,2.222222
5.0500,agent,agent_12,6.285000,3.111111
5.0500,agent,agent_13,6.285000,4.000000
5.0500,agent,agent_14,6.285000,4.888889
5.0500,agent,agent_15,6.285000,5.777778
5.0500,agent,agent_16,6.285000,6.666667
5.0500,agent,agent_17,6.285000,7.555556
5.0500,cargo,cargo_0,4.000000,4.000000
5.1000,agent,agent_00,1.730000,0.444444
5.1000,agent,agent_01,1.730000,1.333333
5.1000,agent,agent_02,1.730000,2.222222
5.1000,agent,agent_03,1.730000,3.111111
5.1000,agent,agent_04,1.730000,4.000000
5.1000,agent,agent_05,1.730000,4.888889
5.1000,agent,agent_06,1.730000,5.777778
5.1000,agent,agent_07,1.730000,6.666667
5.1000,agent,agent_08,1.730000,7.555556
5.1000,agent,agent_09,6.270000,0.444444
5.1000,agent,agent_10,6.270000,1.333333
5.1000,agent,agent_11,6.270000,2.222222
5.1000,agent,agent_12,6.270000,3.111111
5.1000,agent,agent_13,6.270000,4.000000
5.1000,agent,agent_14,6.270000,4.888889
5.1000,agent,agent_15,6.270000,5.777778
5.1000,agent,agent_16,6.270000,6.666667
5.1000,agent,agent_17,6.270000,7.555556
5.1000,cargo,cargo_0,4.000000,4.000000
5.1500,agent,agent_00,1.745000,0.444444
5.1500,agent,agent_01,1.745000,1.333333
5.1500,agent,agent_02,1.745000,2.222222
5.1500,agent,agent_03,1.745000,3.111111
5.1500,agent,agent_04,1.745000,4.000000
5.1500,agent,agent_05,1.745000,4.888889
5.1500,agent,agent_06,1.745000,5.777778
5.1500,agent,agent_07,1.745000,6.666667
5.1500,agent,agent_08,1.745000,7.555556
5.1500,agent,agent_09,6.255000,0.444444
5.1500,agent,agent_10,6.255000,1.333333
5.1500,agent,agent_11,6.255000,2.222222
5.1500,agent,agent_12,6.255000,3.111111
5.1500,agent,agent_13,6.255000,4.000000
5.1500,agent,agent_14,6.255000,4.888889
5.1500,agent,agent_15,6.255000,5.777778
5.1500,agent,agent_16,6.255000,6.666667
5.1500,agent,agent_17,6.255000,7.555556
5.1500,cargo,cargo_0,4.000000,4.000000
5.2000,agent,agent_00,1.760000,0.444444
5.2000,agent,agent_01,1.760000,1.333333
5.2000,agent,agent_02,1.760000,2.222222
5.2000,agent,agent_03,1.760000,3.111111
5.2000,agent,agent_04,1.760000,4.000000
5.2000,agent,agent_05,1.760000,4.888889
5.2000,agent,agent_06,1.760000,5.777778
5.2000,agent,agent_07,1.760000,6.666667
5.2000,agent,agent_08,1.760000,7.555556
5.2000,agent,agent_09,6.240000,0.444444
5.2000,agent,agent_10,6.240000,1.333333
5.2000,agent,agent_11,6.240000,2.222222
5.2000,agent,agent_12,6.240000,3.111111
5.2000,agent,agent_13,6.240000,4.000000
5.2000,agent,agent_14,6.240000,4.888889
5.2000,agent,agent_15,6.240000,5.777778
5.2000,agent,agent_16,6.240000,6.666667
5.2000,agent,agent_17,6.240000,7.555556
5.2000,cargo,cargo_0,4.000000,4.000000
5.2500,agent,agent_00,1.775000,0.444444
5.2500,agent,agent_01,1.775000,1.333333
5.2500,agent,agent_02,1.775000,2.222222
5.2500,agent,agent_03,1.775000,3.111111
5.2500,agent,agent_04,1.775000,4.000000
5.2500,agent,agent_05,1.775000,4.888889
5.2500,agent,agent_06,1.775000,5.777778
5.2500,agent,agent_07,1.775000,6.666667
5.2500,agent,agent_08,1.775000,7.555556
5.2500,agent,agent_09,6.225000,0.444444
5.2500,agent,agent_10,6.225000,1.333333
5.2500,agent,agent_11,6.225000,2.222222
5.2500,agent,agent_12,6.225000,3.111111
5.2500,agent,agent_13,6.225000,4.000000
5.2500,agent,agent_14,6.225000,4.888889
5.2500,agent,agent_15,6.225000,5.777778
5.2500,agent,agent_16,6.225000,6.666667
5.2500,agent,agent_17,6.225000,7.555556
5.2500,cargo,cargo_0,4.000000,4.000000
5.3000,agent,agent_00,1.790000,0.444444
5.3000,agent,agent_01,1.790000,1.333333
5.3000,agent,agent_02,1.790000,2.222222
5.3000,agent,agent_03,1.790000,3.111111
5.3000,agent,agent_04,1.790000,4.000000
5.3000,agent,agent_05,1.790000,4.888889
5.3000,agent,agent_06,1.790000,5.777778
5.3000,agent,agent_07,1.790000,6.666667
5.3000,agent,agent_08,1.790000,7.555556
5.3000,agent,agent_09,6.210000,0.444444
5.3000,agent,agent_10,6.210000,1.333333
5.3000,agent,agent_11,6.210000,2.222222
5.3000,agent,agent_12,6.210000,3.111111
5.3000,agent,agent_13,6.210000,4.000000
5.3000,agent,agent_14,6.210000,4.888889
5.3000,agent,agent_15,6.210000,5.777778
5.3000,agent,agent_16,6.210000,6.666667
5.3000,agent,agent_17,6.210000,7.555556
5.3000,cargo,cargo_0,4.000000,4.000000
5.3500,agent,agent_00,1.805000,0.444444
5.3500,agent,agent_01,1.805000,1.333333
5.3500,agent,agent_02,1.805000,2.222222
5.3500,agent,agent_03,1.805000,3.111111
5.3500,agent,agent_04,1.805000,4.000000
5.3500,agent,agent_05,1.805000,4.888889
5.3500,agent,agent_06,1.805000,5.777778
5.3500,agent,agent_07,1.805000,6.666667
5.3500,agent,agent_08,1.805000,7.555556
5.3500,agent,agent_09,6.195000,0.444444
5.3500,agent,agent_10,6.195000,1.333333
5.3500,agent,agent_11,6.195000,2.222222
5.3500,agent,agent_12,6.195000,3.111111
5.3500,agent,agent_13,6.195000,4.000000
5.3500,agent,agent_14,6.195000,4.888889
5.3500,agent,agent_15,6.195000,5.777778
5.3500,agent,agent_16,6.195000,6.666667
5.3500,agent,agent_17,6.195000,7.555556
5.3500,cargo,cargo_0,4.000000,4.000000
5.4000,agent,agent_00,1.820000,0.444444
5.4000,agent,agent_01,1.820000,1.333333
5.4000,agent,agent_02,1.820000,2.222222
5.4000,agent,agent_03,1.820000,3.111111
5.4000,agent,agent_04,1.820000,4.000000
5.4000,agent,agent_05,1.820000,4.888889
5.4000,agent,agent_06,1.820000,5.777778
5.4000,agent,agent_07,1.820000,6.666667
5.4000,agent,agent_08,1.820000,7.555556
5.4000,agent,agent_09,6.180000,0.444444
5.4000,agent,agent_10,6.180000,1.333333
5.4000,agent,agent_11,6.180000,2.222222
5.4000,agent,agent_12,6.180000,3.111111
5.4000,agent,agent_13,6.180000,4.000000
5.4000,agent,agent_14,6.180000,4.888889
5.4000,agent,agent_15,6.180000,5.777778
5.4000,agent,agent_16,6.180000,6.666667
5.4000,agent,agent_17,6.180000,7.555556
5.4000,cargo,cargo_0,4.000000,4.000000
5.4500,agent,agent_00,1.835000,0.444444
5.4500,agent,agent_01,1.835000,1.333333
5.4500,agent,agent_02,1.835000,2.222222
5.4500,agent,agent_03,1.835000,3.111111
5.4500,agent,agent_04,1.835000,4.000000
5.4500,agent,agent_05,1.835000,4.888889
5.4500,agent,agent_06,1.835000,5.777778
5.4500,agent,agent_07,1.835000,6.666667
5.4500,agent,agent_08,1.835000,7.555556
5.4500,agent,agent_09,6.165000,0.444444
5.4500,agent,agent_10,6.165000,1.333333
5.4500,agent,agent_11,6.165000,2.222222
5.4500,agent,agent_12,6.165000,3.111111
5.4500,agent,agent_13,6.165000,4.000000
5.4500,agent,agent_14,6.165000,4.888889
5.4500,agent,agent_15,6.165000,5.777778
5.4500,agent,agent_16,6.165000,6.666667
5.4500,agent,agent_17,6.165000,7.555556
5.4500,cargo,cargo_0,4.000000,4.000000
5.5000,agent,agent_00,1.850000,0.444444
5.5000,agent,agent_01,1.850000,1.333333
5.5000,agent,agent_02,1.850000,2.222222
5.5000,agent,agent_03,1.850000,3.111111
5.5000,agent,agent_04,1.850000,4.000000
5.5000,agent,agent_05,1.850000,4.888889
5.5000,agent,agent_06,1.850000,5.777778
5.5000,agent,agent_07,1.850000,6.666667
5.5000,agent,agent_08,1.850000,7.555556
5.5000,agent,agent_09,6.150000,0.444444
5.5000,agent,agent_10,6.150000,1.333333
5.5000,agent,agent_11,6.150000,2.222222
5.5000,agent,agent_12,6.150000,3.111111
5.5000,agent,agent_13,6.150000,4.000000
5.5000,agent,agent_14,6.150000,4.888889
5.5000,agent,agent_15,6.150000,5.777778
5.5000,agent,agent_16,6.150000,6.666667
5.5000,agent,agent_17,6.150000,7.555556
5.5000,cargo,cargo_0,4.000000,4.000000
5.5500,agent,agent_00,1.865000,0.444444
5.5500,agent,agent_01,1.865000,1.333333
5.5500,agent,agent_02,1.865000,2.222222
5.5500,agent,agent_03,1.865000,3.111111
5.5500,agent,agent_04,1.865000,4.000000
5.5500,agent,agent_05,1.865000,4.888889
5.5500,agent,agent_06,1.865000,5.777778
5.5500,agent,agent_07,1.865000,6.666667
5.5500,agent,agent_08,1.865000,7.555556
5.5500,agent,agent_09,6.135000,0.444444
5.5500,agent,agent_10,6.135000,1.333333
5.5500,agent,agent_11,6.135000,2.222222
5.5500,agent,agent_12,6.135000,3.111111
5.5500,agent,agent_13,6.135000,4.000000
5.5500,agent,agent_14,6.135000,4.888889
5.5500,agent,agent_15,6.135000,5.777778
5.5500,agent,agent_16,6.135000,6.666667
5.5500,agent,agent_17,6.135000,7.555556
5.5500,cargo,cargo_0,4.000000,4.000000
5.6000,agent,agent_00,1.880000,0.444444
5.6000,agent,agent_01,1.880000,1.333333
5.6000,agent,agent_02,1.880000,2.222222
5.6000,agent,agent_03,1.880000,3.111111
5.6000,agent,agent_04,1.880000,4.000000
5.6000,agent,agent_05,1.880000,4.888889
5.6000,agent,agent_06,1.880000,5.777778
5.6000,agent,agent_07,1.880000,6.666667
5.6000,agent,agent_08,1.880000,7.555556
5.6000,agent,agent_09,6.120000,0.444444
5.6000,agent,agent_10,6.120000,1.333333
5.6000,agent,agent_11,6.120000,2.222222
5.6000,agent,agent_12,6.120000,3.111111
5.6000,agent,agent_13,6.120000,4.000000
5.6000,agent,agent_14,6.120000,4.888889
5.6000,agent,agent_15,6.120000,5.777778
5.6000,agent,agent_16,6.120000,6.666667
5.6000,agent,agent_17,6.120000,7.555556
5.6000,cargo,cargo_0,4.000000,4.000000
5.6500,agent,agent_00,1.895000,0.444444
5.6500,agent,agent_01,1.895000,1.333333
5.6500,agent,agent_02,1.895000,2.222222
5.6500,agent,agent_03,1.895000,3.111111
5.6500,agent,agent_04,1.895000,4.000000
5.6500,agent,agent_05,1.895000,4.888889
5.6500,agent,agent_06,1.895000,5.777778
5.6500,agent,agent_07,1.895000,6.666667
5.6500,agent,agent_08,1.895000,7.555556
5.6500,agent,agent_09,6.105000,0.444444
5.6500,agent,agent_10,6.105000,1.333333
5.6500,agent,agent_11,6.105000,2.222222
5.6500,agent,agent_12,6.105000,3.111111
5.6500,agent,agent_13,6.105000,4.000000
5.6500,agent,agent_14,6.105000,4.888889
5.6500,agent,agent_15,6.105000,5.777778
5.6500,agent,agent_16,6.105000,6.666667
5.6500,agent,agent_17,6.105000,7.555556
5.6500,cargo,cargo_0,4.000000,4.000000
5.7000,agent,agent_00,1.910000,0.444444
5.7000,agent,agent_01,1.910000,1.333333
5.7000,agent,agent_02,1.910000,2.222222
5.7000,agent,agent_03,1.910000,3.111111
5.7000,agent,agent_04,1.910000,4.000000
5.7000,agent,agent_05,1.910000,4.888889
5.7000,agent,agent_06,1.910000,5.777778
5.7000,agent,agent_07,1.910000,6.666667
5.7000,agent,agent_08,1.910000,7.555556
5.7000,agent,agent_09,6.090000,0.444444
5.7000,agent,agent_10,6.090000,1.333333
5.7000,agent,agent_11,6.090000,2.222222
5.7000,agent,agent_12,6.090000,3.111111
5.7000,agent,agent_13,6.090000,4.000000
5.7000,agent,agent_14,6.090000,4.888889
5.7000,agent,agent_15,6.090000,5.777778
5.7000,agent,agent_16,6.090000,6.666667
5.7000,agent,agent_17,6.090000,7.555556
5.7000,cargo,cargo_0,4.000000,4.000000
5.7500,agent,agent_00,1.925000,0.444444
5.7500,agent,agent_01,1.925000,1.333333
5.7500,agent,agent_02,1.925000,2.222222
5.7500,agent,agent_03,1.925000,3.111111
5.7500,agent,agent_04,1.925000,4.000000
5.7500,agent,agent_05,1.925000,4.888889
5.7500,agent,agent_06,1.925000,5.777778
5.7500,agent,agent_07,1.925000,6.666667
5.7500,agent,agent_08,1.925000,7.555556
5.7500,agent,agent_09,6.075000,0.444444
5.7500,agent,agent_10,6.075000,1.333333
5.7500,agent,agent_11,6.075000,2.222222
5.7500,agent,agent_12,6.075000,3.111111
5.7500,agent,agent_13,6.075000,4.000000
5.7500,agent,agent_14,6.075000,4.888889
5.7500,agent,agent_15,6.075000,5.777778
5.7500,agent,agent_16,6.075000,6.666667
5.7500,agent,agent_17,6.075000,7.555556
5.7500,cargo,cargo_0,4.000000,4.000000
5.8000,agent,agent_00,1.940000,0.444444
5.8000,agent,agent_01,1.940000,1.333333
5.8000,agent,agent_02,1.940000,2.222222
5.8000,agent,agent_03,1.940000,3.111111
5.8000,agent,agent_04,1.940000,4.000000
5.8000,agent,agent_05,1.940000,4.888889
5.8000,agent,agent_06,1.940000,5.777778
5.8000,agent,agent_07,1.940000,6.666667
5.8000,agent,agent_08,1.940000,7.555556
5.8000,agent,agent_09,6.060000,0.444444
5.8000,agent,agent_10,6.060000,1.333333
5.8000,agent,agent_11,6.060000,2.222222
5.8000,agent,agent_12,6.060000,3.111111
5.8000,agent,agent_13,6.060000,4.000000
5.8000,agent,agent_14,6.060000,4.888889
5.8000,agent,agent_15,6.060000,5.777778
5.8000,agent,agent_16,6.060000,6.666667
5.8000,agent,agent_17,6.060000,7.555556
5.8000,cargo,cargo_0,4.000000,4.000000
5.8500,agent,agent_00,1.955000,0.444444
5.8500,agent,agent_01,1.955000,1.333333
5.8500,agent,agent_02,1.955000,2.222222
5.8500,agent,agent_03,1.955000,3.111111
5.8500,agent,agent_04,1.955000,4.000000
5.8500,agent,agent_05,1.955000,4.888889
5.8500,agent,agent_06,1.955000,5.777778
5.8500,agent,agent_07,1.955000,6.666667
5.8500,agent,agent_08,1.955000,7.555556
5.8500,agent,agent_09,6.045000,0.444444
5.8500,agent,agent_10,6.045000,1.333333
5.8500,agent,agent_11,6.045000,2.222222
5.8500,agent,agent_12,6.045000,3.111111
5.8500,agent,agent_13,6.045000,4.000000
5.8500,agent,agent_14,6.045000,4.888889
5.8500,agent,agent_15,6.045000,5.777778
5.8500,agent,agent_16,6.045000,6.666667
5.8500,agent,agent_17,6.045000,7.555556
5.8500,cargo,cargo_0,4.000000,4.000000
5.9000,agent,agent_00,1.970000,0.444444
5.9000,agent,agent_01,1.970000,1.333333
5.9000,agent,agent_02,1.970000,2.222222
5.9000,agent,agent_03,1.970000,3.111111
5.9000,agent,agent_04,1.970000,4.000000
5.9000,agent,agent_05,1.970000,4.888889
5.9000,agent,agent_06,1.970000,5.777778
5.9000,agent,agent_07,1.970000,6.666667
5.9000,agent,agent_08,1.970000,7.555556
5.9000,agent,agent_09,6.030000,0.444444
5.9000,agent,agent_10,6.030000,1.333333
5.9000,agent,agent_11,6.030000,2.222222
5.9000,agent,agent_12,6.030000,3.111111
5.9000,agent,agent_13,6.030000,4.000000
5.9000,agent,agent_14,6.030000,4.888889
5.9000,agent,agent_15,6.030000,5.777778
5.9000,agent,agent_16,6.030000,6.666667
5.9000,agent,agent_17,6.030000,7.555556
5.9000,cargo,cargo_0,4.000000,4.000000
5.9500,agent,agent_00,1.985000,0.444444
5.9500,agent,agent_01,1.985000,1.333333
5.9500,agent,agent_02,1.985000,2.222222
5.9500,agent,agent_03,1.985000,3.111111
5.9500,agent,agent_04,1.985000,4.000000
5.9500,agent,agent_05,1.985000,4.888889
5.9500,agent,agent_06,1.985000,5.777778
5.9500,agent,agent_07,1.985000,6.666667
5.9500,agent,agent_08,1.985000,7.555556
5.9500,agent,agent_09,6.015000,0.444444
5.9500,agent,agent_10,6.015000,1.333333
5.9500,agent,agent_11,6.015000,2.222222
5.9500,agent,agent_12,6.015000,3.111111
5.9500,agent,agent_13,6.015000,4.000000
5.9500,agent,agent_14,6.015000,4.888889
5.9500,agent,agent_15,6.015000,5.777778
5.9500,agent,agent_16,6.015000,6.666667
5.9500,agent,agent_17,6.015000,7.555556
5.9500,cargo,cargo_0,4.000000,4.000000
6.0000,agent,agent_00,2.000000,0.444444
6.0000,agent,agent_01,2.000000,1.333333
6.0000,agent,agent_02,2.000000,2.222222
6.0000,agent,agent_03,2.000000,3.111111
6.0000,agent,agent_04,2.000000,4.000000
6.0000,agent,agent_05,2.000000,4.888889
6.0000,agent,agent_06,2.000000,5.777778
6.0000,agent,agent_07,2.000000,6.666667
6.0000,agent,agent_08,2.000000,7.555556
6.0000,agent,agent_09,6.000000,0.444444
6.0000,agent,agent_10,6.000000,1.333333
6.0000,agent,agent_11,6.000000,2.222222
6.0000,agent,agent_12,6.000000,3.111111
6.0000,agent,agent_13,6.000000,4.000000
6.0000,agent,agent_14,6.000000,4.888889
6.0000,agent,agent_15,6.000000,5.777778
6.0000,agent,agent_16,6.000000,6.666667
6.0000,agent,agent_17,6.000000,7.555556
6.0000,cargo,cargo_0,4.000000,4.000000
6.0500,agent,agent_00,2.015000,0.444444
6.0500,agent,agent_01,2.015000,1.333333
6.0500,agent,agent_02,2.015000,2.222222
6.0500,agent,agent_03,2.015000,3.111111
6.0500,agent,agent_04,2.015000,4.000000
6.0500,agent,agent_05,2.015000,4.888889
6.0500,agent,agent_06,2.015000,5.777778
6.0500,agent,agent_07,2.015000,6.666667
6.0500,agent,agent_08,2.015000,7.555556
6.0500,agent,agent_09,5.985000,0.444444
6.0500,agent,agent_10,5.985000,1.333333
6.0500,agent,agent_11,5.985000,2.222222
6.0500,agent,agent_12,5.985000,3.111111
6.0500,agent,agent_13,5.985000,4.000000
6.0500,agent,agent_14,5.985000,4.888889
6.0500,agent,agent_15,5.985000,5.777778
6.0500,agent,agent_16,5.985000,6.666667
6.0500,agent,agent_17,5.985000,7.555556
6.0500,cargo,cargo_0,4.000000,4.000000
6.1000,agent,agent_00,2.030000,0.444444
6.1000,agent,agent_01,2.030000,1.333333
6.1000,agent,agent_02,2.030000,2.222222
6.1000,agent,agent_03,2.030000,3.111111
6.1000,agent,agent_04,2.030000,4.000000
6.1000,agent,agent_05,2.030000,4.888889
6.1000,agent,agent_06,2.030000,5.777778
6.1000,agent,agent_07,2.030000,6.666667
6.1000,agent,agent_08,2.030000,7.555556
6.1000,agent,agent_09,5.970000,0.444444
6.1000,agent,agent_10,5.970000,1.333333
6.1000,agent,agent_11,5.970000,2.222222
6.1000,agent,agent_12,5.970000,3.111111
6.1000,agent,agent_13,5.970000,4.000000
6.1000,agent,agent_14,5.970000,4.888889
6.1000,agent,agent_15,5.970000,5.777778
6.1000,agent,agent_16,5.970000,6.666667
6.1000,agent,agent_17,5.970000,7.555556
6.1000,cargo,cargo_0,4.000000,4.000000
6.1500,agent,agent_00,2.045000,0.444444
6.1500,agent,agent_01,2.045000,1.333333
6.1500,agent,agent_02,2.045000,2.222222
6.1500,agent,agent_03,2.045000,3.111111
6.1500,agent,agent_04,2.045000,4.000000
6.1500,agent,agent_05,2.045000,4.888889
6.1500,agent,agent_06,2.045000,5.777778
6.1500,agent,agent_07,2.045000,6.666667
6.1500,agent,agent_08,2.045000,7.555556
6.1500,agent,agent_09,5.955000,0.444444
6.1500,agent,agent_10,5.955000,1.333333
6.1500,agent,agent_11,5.955000,2.222222
6.1500,agent,agent_12,5.955000,3.111111
6.1500,agent,agent_13,5.955000,4.000000
6.1500,agent,agent_14,5.955000,4.888889
6.1500,agent,agent_15,5.955000,5.777778
6.1500,agent,agent_16,5.955000,6.666667
6.1500,agent,agent_17,5.955000,7.555556
6.1500,cargo,cargo_0,4.000000,4.000000
6.2000,agent,agent_00,2.060000,0.444444
6.2000,agent,agent_01,2.060000,1.333333
6.2000,agent,agent_02,2.060000,2.222222
6.2000,agent,agent_03,2.060000,3.111111
6.2000,agent,agent_04,2.060000,4.000000
6.2000,agent,agent_05,2.060000,4.888889
6.2000,agent,agent_06,2.060000,5.777778
6.2000,agent,agent_07,2.060000,6.666667
6.2000,agent,agent_08,2.060000,7.555556
6.2000,agent,agent_09,5.940000,0.444444
6.2000,agent,agent_10,5.940000,1.333333
6.2000,agent,agent_11,5.940000,2.222222
6.2000,agent,agent_12,5.940000,3.111111
6.2000,agent,agent_13,5.940000,4.000000
6.2000,agent,agent_14,5.940000,4.888889
6.2000,agent,agent_15,5.940000,5.777778
6.2000,agent,agent_16,5.940000,6.666667
6.2000,agent,agent_17,5.940000,7.555556
6.2000,cargo,cargo_0,4.000000,4.000000
6.2500,agent,agent_00,2.075000,0.444444
6.2500,agent,agent_01,2.075000,1.333333
6.2500,agent,agent_02,2.075000,2.222222
6.2500,agent,agent_03,2.075000,3.111111
6.2500,agent,agent_04,2.075000,4.000000
6.2500,agent,agent_05,2.075000,4.888889
6.2500,agent,agent_06,2.075000,5.777778
6.2500,agent,agent_07,2.075000,6.666667
6.2500,agent,agent_08,2.075000,7.555556
6.2500,agent,agent_09,5.925000,0.444444
6.2500,agent,agent_10,5.925000,1.333333
6.2500,agent,agent_11,5.925000,2.222222
6.2500,agent,agent_12,5.925000,3.111111
6.2500,agent,agent_13,5.925000,4.000000
6.2500,agent,agent_14,5.925000,4.888889
6.2500,agent,agent_15,5.925000,5.777778
6.2500,agent,agent_16,5.925000,6.666667
6.2500,agent,agent_17,5.925000,7.555556
6.2500,cargo,cargo_0,4.000000,4.000000
6.3000,agent,agent_00,2.090000,0.444444
6.3000,agent,agent_01,2.090000,1.333333
6.3000,agent,agent_02,2.090000,2.222222
6.3000,agent,agent_03,2.090000,3.111111
6.3000,agent,agent_04,2.090000,4.000000
6.3000,agent,agent_05,2.090000,4.888889
6.3000,agent,agent_06,2.090000,5.777778
6.3000,agent,agent_07,2.090000,6.666667
6.3000,agent,agent_08,2.090000,7.555556
6.3000,agent,agent_09,5.910000,0.444444
6.3000,agent,agent_10,5.910000,1.333333
6.3000,agent,agent_11,5.910000,2.222222
6.3000,agent,agent_12,5.910000,3.111111
6.3000,agent,agent_13,5.910000,4.000000
6.3000,agent,agent_14,5.910000,4.888889
6.3000,agent,agent_15,5.910000,5.777778
6.3000,agent,agent_16,5.910000,6.666667
6.3000,agent,agent_17,5.910000,7.555556
6.3000,cargo,cargo_0,4.000000,4.000000
6.3500,agent,agent_00,2.105000,0.444444
6.3500,agent,agent_01,2.105000,1.333333
6.3500,agent,agent_02,2.105000,2.222222
6.3500,agent,agent_03,2.105000,3.111111
6.3500,agent,agent_04,2.105000,4.000000
6.3500,agent,agent_05,2.105000,4.888889
6.3500,agent,agent_06,2.105000,5.777778
6.3500,agent,agent_07,2.105000,6.666667
6.3500,agent,agent_08,2.105000,7.555556
6.3500,agent,agent_09,5.895000,0.444444
6.3500,agent,agent_10,5.895000,1.333333
6.3500,agent,agent_11,5.895000,2.222222
6.3500,agent,agent_12,5.895000,3.111111
6.3500,agent,agent_13,5.895000,4.000000
6.3500,agent,agent_14,5.895000,4.888889
6.3500,agent,agent_15,5.895000,5.777778
6.3500,agent,agent_16,5.895000,6.666667
6.3500,agent,agent_17,5.895000,7.555556
6.3500,cargo,cargo_0,4.000000,4.000000
6.4000,agent,agent_00,2.120000,0.444444
6.4000,agent,agent_01,2.120000,1.333333
6.4000,agent,agent_02,2.120000,2.222222
6.4000,agent,agent_03,2.120000,3.111111
6.4000,agent,agent_04,2.120000,4.000000
6.4000,agent,agent_05,2.120000,4.888889
6.4000,agent,agent_06,2.120000,5.777778
6.4000,agent,agent_07,2.120000,6.666667
6.4000,agent,agent_08,2.120000,7.555556
6.4000,agent,agent_09,5.880000,0.444444
6.4000,agent,agent_10,5.880000,1.333333
6.4000,agent,agent_11,5.880000,2.222222
6.4000,agent,agent_12,5.880000,3.111111
6.4000,agent,agent_13,5.880000,4.000000
6.4000,agent,agent_14,5.880000,4.888889
6.4000,agent,agent_15,5.880000,5.777778
6.4000,agent,agent_16,5.880000,6.666667
6.4000,agent,agent_17,5.880000,7.555556
6.4000,cargo,cargo_0,4.000000,4.000000
6.4500,agent,agent_00,2.135000,0.444444
6.4500,agent,agent_01,2.135000,1.333333
6.4500,agent,agent_02,2.135000,2.222222
6.4500,agent,agent_03,2.135000,3.111111
6.4500,agent,agent_04,2.135000,4.000000
6.4500,agent,agent_05,2.135000,4.888889
6.4500,agent,agent_06,2.135000,5.777778
6.4500,agent,agent_07,2.135000,6.666667
6.4500,agent,agent_08,2.135000,7.555556
6.4500,agent,agent_09,5.865000,0.444444
6.4500,agent,agent_10,5.865000,1.333333
6.4500,agent,agent_11,5.865000,2.222222
6.4500,agent,agent_12,5.865000,3.111111
6.4500,agent,agent_13,5.865000,4.000000
6.4500,agent,agent_14,5.865000,4.888889
6.4500,agent,agent_15,5.865000,5.777778
6.4500,agent,agent_16,5.865000,6.666667
6.4500,agent,agent_17,5.865000,7.555556
6.4500,cargo,cargo_0,4.000000,4.000000
6.5000,agent,agent_00,2.150000,0.444444
6.5000,agent,agent_01,2.150000,1.333333
6.5000,agent,agent_02,2.150000,2.222222
6.5000,agent,agent_03,2.150000,3.111111
6.5000,agent,agent_04,2.150000,4.000000
6.5000,agent,agent_05,2.150000,4.888889
6.5000,agent,agent_06,2.150000,5.777778
6.5000,agent,agent_07,2.150000,6.666667
6.5000,agent,agent_08,2.150000,7.555556
6.5000,agent,agent_09,5.850000,0.444444
6.5000,agent,agent_10,5.850000,1.333333
6.5000,agent,agent_11,5.850000,2.222222
6.5000,agent,agent_12,5.850000,3.111111
6.5000,agent,agent_13,5.850000,4.000000
6.5000,agent,agent_14,5.850000,4.888889
6.5000,agent,agent_15,5.850000,5.777778
6.5000,agent,agent_16,5.850000,6.666667
6.5000,agent,agent_17,5.850000,7.555556
6.5000,cargo,cargo_0,4.000000,4.000000
6.5500,agent,agent_00,2.165000,0.444444
6.5500,agent,agent_01,2.165000,1.333333
6.5500,agent,agent_02,2.165000,2.222222
6.5500,agent,agent_03,2.165000,3.111111
6.5500,agent,agent_04,2.165000,4.000000
6.5500,agent,agent_05,2.165000,4.888889
6.5500,agent,agent_06,2.165000,5.777778
6.5500,agent,agent_07,2.165000,6.666667
6.5500,agent,agent_08,2.165000,7.555556
6.5500,agent,agent_09,5.835000,0.444444
6.5500,agent,agent_10,5.835000,1.333333
6.5500,agent,agent_11,5.835000,2.222222
6.5500,agent,agent_12,5.835000,3.111111
6.5500,agent,agent_13,5.835000,4.000000
6.5500,agent,agent_14,5.835000,4.888889
6.5500,agent,agent_15,5.835000,5.777778
6.5500,agent,agent_16,5.835000,6.666667
6.5500,agent,agent_17,5.835000,7.555556
6.5500,cargo,cargo_0,4.000000,4.000000
6.6000,agent,agent_00,2.180000,0.444444
6.6000,agent,agent_01,2.180000,1.333333
6.6000,agent,agent_02,2.180000,2.222222
6.6000,agent,agent_03,2.180000,3.111111
6.6000,agent,agent_04,2.180000,4.000000
6.6000,agent,agent_05,2.180000,4.888889
6.6000,agent,agent_06,2.180000,5.777778
6.6000,agent,agent_07,2.180000,6.666667
6.6000,agent,agent_08,2.180000,7.555556
6.6000,agent,agent_09,5.820000,0.444444
6.6000,agent,agent_10,5.820000,1.333333
6.6000,agent,agent_11,5.820000,2.222222
6.6000,agent,agent_12,5.820000,3.111111
6.6000,agent,agent_13,5.820000,4.000000
6.6000,agent,agent_14,5.820000,4.888889
6.6000,agent,agent_15,5.820000,5.777778
6.6000,agent,agent_16,5.820000,6.666667
6.6000,agent,agent_17,5.820000,7.555556
6.6000,cargo,cargo_0,4.000000,4.000000
6.6500,agent,agent_00,2.195000,0.444444
6.6500,agent,agent_01,2.195000,1.333333
6.6500,agent,agent_02,2.195000,2.222222
6.6500,agent,agent_03,2.195000,3.111111
6.6500,agent,agent_04,2.195000,4.000000
6.6500,agent,agent_05,2.195000,4.888889
6.6500,agent,agent_06,2.195000,5.777778
6.6500,agent,agent_07,2.195000,6.666667
6.6500,agent,agent_08,2.195000,7.555556
6.6500,agent,agent_09,5.805000,0.444444
6.6500,agent,agent_10,5.805000,1.333333
6.6500,agent,agent_11,5.805000,2.222222
6.6500,agent,agent_12,5.805000,3.111111
6.6500,agent,agent_13,5.805000,4.000000
6.6500,agent,agent_14,5.805000,4.888889
6.6500,agent,agent_15,5.805000,5.777778
6.6500,agent,agent_16,5.805000,6.666667
6.6500,agent,agent_17,5.805000,7.555556
6.6500,cargo,cargo_0,4.000000,4.000000
6.7000,agent,agent_00,2.210000,0.444444
6.7000,agent,agent_01,2.210000,1.333333
6.7000,agent,agent_02,2.210000,2.222222
6.7000,agent,agent_03,2.210000,3.111111
6.7000,agent,agent_04,2.210000,4.000000
6.7000,agent,agent_05,2.210000,4.888889
6.7000,agent,agent_06,2.210000,5.777778
6.7000,agent,agent_07,2.210000,6.666667
6.7000,agent,agent_08,2.210000,7.555556
6.7000,agent,agent_09,5.790000,0.444444
6.7000,agent,agent_10,5.790000,1.333333
6.7000,agent,agent_11,5.790000,2.222222
6.7000,agent,agent_12,5.790000,3.111111
6.7000,agent,agent_13,5.790000,4.000000
6.7000,agent,agent_14,5.790000,4.888889
6.7000,agent,agent_15,5.790000,5.777778
6.7000,agent,agent_16,5.790000,6.666667
6.7000,agent,agent_17,5.790000,7.555556
6.7000,cargo,cargo_0,4.000000,4.000000
6.7500,agent,agent_00,2.225000,0.444444
6.7500,agent,agent_01,2.225000,1.333333
6.7500,agent,agent_02,2.225000,2.222222
6.7500,agent,agent_03,2.225000,3.111111
6.7500,agent,agent_04,2.225000,4.000000
6.7500,agent,agent_05,2.225000,4.888889
6.7500,agent,agent_06,2.225000,5.777778
6.7500,agent,agent_07,2.225000,6.666667
6.7500,agent,agent_08,2.225000,7.555556
6.7500,agent,agent_09,5.775000,0.444444
6.7500,agent,agent_10,5.775000,1.333333
6.7500,agent,agent_11,5.775000,2.222222
6.7500,agent,agent_12,5.775000,3.111111
6.7500,agent,agent_13,5.775000,4.000000
6.7500,agent,agent_14,5.775000,4.888889
6.7500,agent,agent_15,5.775000,5.777778
6.7500,agent,agent_16,5.775000,6.666667
6.7500,agent,agent_17,5.775000,7.555556
6.7500,cargo,cargo_0,4.000000,4.000000
6.8000,agent,agent_00,2.240000,0.444444
6.8000,agent,agent_01,2.240000,1.333333
6.8000,agent,agent_02,2.240000,2.222222
6.8000,agent,agent_03,2.240000,3.111111
6.8000,agent,agent_04,2.240000,4.000000
6.8000,agent,agent_05,2.240000,4.888889
6.8000,agent,agent_06,2.240000,5.777778
6.8000,agent,agent_07,2.240000,6.666667
6.8000,agent,agent_08,2.240000,7.555556
6.8000,agent,agent_09,5.760000,0.444444
6.8000,agent,agent_10,5.760000,1.333333
6.8000,agent,agent_11,5.760000,2.222222
6.8000,agent,agent_12,5.760000,3.111111
6.8000,agent,agent_13,5.760000,4.000000
6.8000,agent,agent_14,5.760000,4.888889
6.8000,agent,agent_15,5.760000,5.777778
6.8000,agent,agent_16,5.760000,6.666667
6.8000,agent,agent_17,5.760000,7.555556
6.8000,cargo,cargo_0,4.000000,4.000000
6.8500,agent,agent_00,2.255000,0.444444
6.8500,agent,agent_01,2.255000,1.333333
6.8500,agent,agent_02,2.255000,2.222222
6.8500,agent,agent_03,2.255000,3.111111
6.8500,agent,agent_04,2.255000,4.000000
6.8500,agent,agent_05,2.255000,4.888889
6.8500,agent,agent_06,2.255000,5.777778
6.8500,agent,agent_07,2.255000,6.666667
6.8500,agent,agent_08,2.255000,7.555556
6.8500,agent,agent_09,5.745000,0.444444
6.8500,agent,agent_10,5.745000,1.333333
6.8500,agent,agent_11,5.745000,2.222222
6.8500,agent,agent_12,5.745000,3.111111
6.8500,agent,agent_13,5.745000,4.000000
6.8500,agent,agent_14,5.745000,4.888889
6.8500,agent,agent_15,5.745000,5.777778
6.8500,agent,agent_16,5.745000,6.666667
6.8500,agent,agent_17,5.745000,7.555556
6.8500,cargo,cargo_0,4.000000,4.000000
6.9000,agent,agent_00,2.270000,0.444444
6.9000,agent,agent_01,2.270000,1.333333
6.9000,agent,agent_02,2.270000,2.222222
6.9000,agent,agent_03,2.270000,3.111111
6.9000,agent,agent_04,2.270000,4.000000
6.9000,agent,agent_05,2.270000,4.888889
6.9000,agent,agent_06,2.270000,5.777778
6.9000,agent,agent_07,2.270000,6.666667
6.9000,agent,agent_08,2.270000,7.555556
6.9000,agent,agent_09,5.730000,0.444444
6.9000,agent,agent_10,5.730000,1.333333
6.9000,agent,agent_11,5.730000,2.222222
6.9000,agent,agent_12,5.730000,3.111111
6.9000,agent,agent_13,5.730000,4.000000
6.9000,agent,agent_14,5.730000,4.888889
6.9000,agent,agent_15,5.730000,5.777778
6.9000,agent,agent_16,5.730000,6.666667
6.9000,agent,agent_17,5.730000,7.555556
6.9000,cargo,cargo_0,4.000000,4.000000
6.9500,agent,agent_00,2.285000,0.444444
6.9500,agent,agent_01,2.285000,1.333333
6.9500,agent,agent_02,2.285000,2.222222
6.9500,agent,agent_03,2.285000,3.111111
6.9500,agent,agent_04,2.285000,4.000000
6.9500,agent,agent_05,2.285000,4.888889
6.9500,agent,agent_06,2.285000,5.777778
6.9500,agent,agent_07,2.285000,6.666667
6.9500,agent,agent_08,2.285000,7.555556
6.9500,agent,agent_09,5.715000,0.444444
6.9500,agent,agent_10,5.715000,1.333333
6.9500,agent,agent_11,5.715000,2.222222
6.9500,agent,agent_12,5.715000,3.111111
6.9500,agent,agent_13,5.715000,4.000000
6.9500,agent,agent_14,5.715000,4.888889
6.9500,agent,agent_15,5.715000,5.777778
6.9500,agent,agent_16,5.715000,6.666667
6.9500,agent,agent_17,5.715000,7.555556
6.9500,cargo,cargo_0,4.000000,4.000000
7.0000,agent,agent_00,2.300000,0.444444
7.0000,agent,agent_01,2.300000,1.333333
7.0000,agent,agent_02,2.300000,2.222222
7.0000,agent,agent_03,2.300000,3.111111
7.0000,agent,agent_04,2.300000,4.000000
7.0000,agent,agent_05,2.300000,4.888889
7.0000,agent,agent_06,2.300000,5.777778
7.0000,agent,agent_07,2.300000,6.666667
7.0000,agent,agent_08,2.300000,7.555556
7.0000,agent,agent_09,5.700000,0.444444
7.0000,agent,agent_10,5.700000,1.333333
7.0000,agent,agent_11,5.700000,2.222222
7.0000,agent,agent_12,5.700000,3.111111
7.0000,agent,agent_13,5.700000,4.000000
7.0000,agent,agent_14,5.700000,4.888889
7.0000,agent,agent_15,5.700000,5.777778
7.0000,agent,agent_16,5.700000,6.666667
7.0000,agent,agent_17,5.700000,7.555556
7.0000,cargo,cargo_0,4.000000,4.000000
7.0500,agent,agent_00,2.315000,0.444444
7.0500,agent,agent_01,2.315000,1.333333
7.0500,agent,agent_02,2.315000,2.222222
7.0500,agent,agent_03,2.315000,3.111111
7.0500,agent,agent_04,2.315000,4.000000
7.0500,agent,agent_05,2.315000,4.888889
7.0500,agent,agent_06,2.315000,5.777778
7.0500,agent,agent_07,2.315000,6.666667
7.0500,agent,agent_08,2.315000,7.555556
7.0500,agent,agent_09,5.685000,0.444444
7.0500,agent,agent_10,5.685000,1.333333
7.0500,agent,agent_11,5.685000,2.222222
7.0500,agent,agent_12,5.685000,3.111111
7.0500,agent,agent_13,5.685000,4.000000
7.0500,agent,agent_14,5.685000,4.888889
7.0500,agent,agent_15,5.685000,5.777778
7.0500,agent,agent_16,5.685000,6.666667
7.0500,agent,agent_17,5.685000,7.555556
7.0500,cargo,cargo_0,4.000000,4.000000
7.1000,agent,agent_00,2.330000,0.444444
7.1000,agent,agent_01,2.330000,1.333333
7.1000,agent,agent_02,2.330000,2.222222
7.1000,agent,agent_03,2.330000,3.111111
7.1000,agent,agent_04,2.330000,4.000000
7.1000,agent,agent_05,2.330000,4.888889
7.1000,agent,agent_06,2.330000,5.777778
7.1000,agent,agent_07,2.330000,6.666667
7.1000,agent,agent_08,2.330000,7.555556
7.1000,agent,agent_09,5.670000,0.444444
7.1000,agent,agent_10,5.670000,1.333333
7.1000,agent,agent_11,5.670000,2.222222
7.1000,agent,agent_12,5.670000,3.111111
7.1000,agent,agent_13,5.670000,4.000000
7.1000,agent,agent_14,5.670000,4.888889
7.1000,agent,agent_15,5.670000,5.777778
7.1000,agent,agent_16,5.670000,6.666667
7.1000,agent,agent_17,5.670000,7.555556
7.1000,cargo,cargo_0,4.000000,4.000000
7.1500,agent,agent_00,2.345000,0.444444
7.1500,agent,agent_01,2.345000,1.333333
7.1500,agent,agent_02,2.345000,2.222222
7.1500,agent,agent_03,2.345000,3.111111
7.1500,agent,agent_04,2.345000,4.000000
7.1500,agent,agent_05,2.345000,4.888889
7.1500,agent,agent_06,2.345000,5.777778
7.1500,agent,agent_07,2.345000,6.666667
7.1500,agent,agent_08,2.345000,7.555556
7.1500,agent,agent_09,5.655000,0.444444
7.1500,agent,agent_10,5.655000,1.333333
7.1500,agent,agent_11,5.655000,2.222222
7.1500,agent,agent_12,5.655000,3.111111
7.1500,agent,agent_13,5.655000,4.000000
7.1500,agent,agent_14,5.655000,4.888889
7.1500,agent,agent_15,5.655000,5.777778
7.1500,agent,agent_16,5.655000,6.666667
7.1500,agent,agent_17,5.655000,7.555556
7.1500,cargo,cargo_0,4.000000,4.000000
7.2000,agent,agent_00,2.360000,0.444444
7.2000,agent,agent_01,2.360000,1.333333
7.2000,agent,agent_02,2.360000,2.222222
7.2000,agent,agent_03,2.360000,3.111111
7.2000,agent,agent_04,2.360000,4.000000
7.2000,agent,agent_05,2.360000,4.888889
7.2000,agent,agent_06,2.360000,5.777778
7.2000,agent,agent_07,2.360000,6.666667
7.2000,agent,agent_08,2.360000,7.555556
7.2000,agent,agent_09,5.640000,0.444444
7.2000,agent,agent_10,5.640000,1.333333
7.2000,agent,agent_11,5.640000,2.222222
7.2000,agent,agent_12,5.640000,3.111111
7.2000,agent,agent_13,5.640000,4.000000
7.2000,agent,agent_14,5.640000,4.888889
7.2000,agent,agent_15,5.640000,5.777778
7.2000,agent,agent_16,5.640000,6.666667
7.2000,agent,agent_17,5.640000,7.555556
7.2000,cargo,cargo_0,4.000000,4.000000
7.2500,agent,agent_00,2.375000,0.444444
7.2500,agent,agent_01,2.375000,1.333333
7.2500,agent,agent_02,2.375000,2.222222
7.2500,agent,agent_03,2.375000,3.111111
7.2500,agent,agent_04,2.375000,4.000000
7.2500,agent,agent_05,2.375000,4.888889
7.2500,agent,agent_06,2.375000,5.777778
7.2500,agent,agent_07,2.375000,6.666667
7.2500,agent,agent_08,2.375000,7.555556
7.2500,agent,agent_09,5.625000,0.444444
7.2500,agent,agent_10,5.625000,1.333333
7.2500,agent,agent_11,5.625000,2.222222
7.2500,agent,agent_12,5.625000,3.111111
7.2500,agent,agent_13,5.625000,4.000000
7.2500,agent,agent_14,5.625000,4.888889
7.2500,agent,agent_15,5.625000,5.777778
7.2500,agent,agent_16,5.625000,6.666667
7.2500,agent,agent_17,5.625000,7.555556
7.2500,cargo,cargo_0,4.000000,4.000000
7.3000,agent,agent_00,2.390000,0.444444
7.3000,agent,agent_01,2.390000,1.333333
7.3000,agent,agent_02,2.390000,2.222222
7.3000,agent,agent_03,2.390000,3.111111
7.3000,agent,agent_04,2.390000,4.000000
7.3000,agent,agent_05,2.390000,4.888889
7.3000,agent,agent_06,2.390000,5.777778
7.3000,agent,agent_07,2.390000,6.666667
7.3000,agent,agent_08,2.390000,7.555556
7.3000,agent,agent_09,5.610000,0.444444
7.3000,agent,agent_10,5.610000,1.333333
7.3000,agent,agent_11,5.610000,2.222222
7.3000,agent,agent_12,5.610000,3.111111
7.3000,agent,agent_13,5.610000,4.000000
7.3000,agent,agent_14,5.610000,4.888889
7.3000,agent,agent_15,5.610000,5.777778
7.3000,agent,agent_16,5.610000,6.666667
7.3000,agent,agent_17,5.610000,7.555556
7.3000,cargo,cargo_0,4.000000,4.000000
7.3500,agent,agent_00,2.405000,0.444444
7.3500,agent,agent_01,2.405000,1.333333
7.3500,agent,agent_02,2.405000,2.222222
7.3500,agent,agent_03,2.405000,3.111111
7.3500,agent,agent_04,2.405000,4.000000
7.3500,agent,agent_05,2.405000,4.888889
7.3500,agent,agent_06,2.405000,5.777778
7.3500,agent,agent_07,2.405000,6.666667
7.3500,agent,agent_08,2.405000,7.555556
7.3500,agent,agent_09,5.595000,0.444444
7.3500,agent,agent_10,5.595000,1.333333
7.3500,agent,agent_11,5.595000,2.222222
7.3500,agent,agent_12,5.595000,3.111111
7.3500,agent,agent_13,5.595000,4.000000
7.3500,agent,agent_14,5.595000,4.888889
7.3500,agent,agent_15,5.595000,5.777778
7.3500,agent,agent_16,5.595000,6.666667
7.3500,agent,agent_17,5.595000,7.555556
7.3500,cargo,cargo_0,4.000000,4.000000
7.4000,agent,agent_00,2.420000,0.444444
7.4000,agent,agent_01,2.420000,1.333333
7.4000,agent,agent_02,2.420000,2.222222
7.4000,agent,agent_03,2.420000,3.111111
7.4000,agent,agent_04,2.420000,4.000000
7.4000,agent,agent_05,2.420000,4.888889
7.4000,agent,agent_06,2.420000,5.777778
7.4000,agent,agent_07,2.420000,6.666667
7.4000,agent,agent_08,2.420000,7.555556
7.4000,agent,agent_09,5.580000,0.444444
7.4000,agent,agent_10,5.580000,1.333333
7.4000,agent,agent_11,5.580000,2.222222
7.4000,agent,agent_12,5.580000,3.111111
7.4000,agent,agent_13,5.580000,4.000000
7.4000,agent,agent_14,5.580000,4.888889
7.4000,agent,agent_15,5.580000,5.777778
7.4000,agent,agent_16,5.580000,6.666667
7.4000,agent,agent_17,5.580000,7.555556
7.4000,cargo,cargo_0,4.000000,4.000000
7.4500,agent,agent_00,2.435000,0.444444
7.4500,agent,agent_01,2.435000,1.333333
7.4500,agent,agent_02,2.435000,2.222222
7.4500,agent,agent_03,2.435000,3.111111
7.4500,agent,agent_04,2.435000,4.000000
7.4500,agent,agent_05,2.435000,4.888889
7.4500,agent,agent_06,2.435000,5.777778
7.4500,agent,agent_07,2.435000,6.666667
7.4500,agent,agent_08,2.435000,7.555556
7.4500,agent,agent_09,5.565000,0.444444
7.4500,agent,agent_10,5.565000,1.333333
7.4500,agent,agent_11,5.565000,2.222222
7.4500,agent,agent_12,5.565000,3.111111
7.4500,agent,agent_13,5.565000,4.000000
7.4500,agent,agent_14,5.565000,4.888889
7.4500,agent,agent_15,5.565000,5.777778
7.4500,agent,agent_16,5.565000,6.666667
7.4500,agent,agent_17,5.565000,7.555556
7.4500,cargo,cargo_0,4.000000,4.000000
7.5000,agent,agent_00,2.450000,0.444444
7.5000,agent,agent_01,2.450000,1.333333
7.5000,agent,agent_02,2.450000,2.222222
7.5000,agent,agent_03,2.450000,3.111111
7.5000,agent,agent_04,2.450000,4.000000
7.5000,agent,agent_05,2.450000,4.888889
7.5000,agent,agent_06,2.450000,5.777778
7.5000,agent,agent_07,2.450000,6.666667
7.5000,agent,agent_08,2.450000,7.555556
7.5000,agent,agent_09,5.550000,0.444444
7.5000,agent,agent_10,5.550000,1.333333
7.5000,agent,agent_11,5.550000,2.222222
7.5000,agent,agent_12,5.550000,3.111111
7.5000,agent,agent_13,5.550000,4.000000
7.5000,agent,agent_14,5.550000,4.888889
7.5000,agent,agent_15,5.550000,5.777778
7.5000,agent,agent_16,5.550000,6.666667
7.5000,agent,agent_17,5.550000,7.555556
7.5000,cargo,cargo_0,4.000000,4.000000
7.5500,agent,agent_00,2.465000,0.444444
7.5500,agent,agent_01,2.465000,1.333333
7.5500,agent,agent_02,2.465000,2.222222
7.5500,agent,agent_03,2.465000,3.111111
7.5500,agent,agent_04,2.465000,4.000000
7.5500,agent,agent_05,2.465000,4.888889
7.5500,agent,agent_06,2.465000,5.777778
7.5500,agent,agent_07,2.465000,6.666667
7.5500,agent,agent_08,2.465000,7.555556
7.5500,agent,agent_09,5.535000,0.444444
7.5500,agent,agent_10,5.535000,1.333333
7.5500,agent,agent_11,5.535000,2.222222
7.5500,agent,agent_12,5.535000,3.111111
7.5500,agent,agent_13,5.535000,4.000000
7.5500,agent,agent_14,5.535000,4.888889
7.5500,agent,agent_15,5.535000,5.777778
7.5500,agent,agent_16,5.535000,6.666667
7.5500,agent,agent_17,5.535000,7.555556
7.5500,cargo,cargo_0,4.000000,4.000000
7.6000,agent,agent_00,2.480000,0.444444
7.6000,agent,agent_01,2.480000,1.333333
7.6000,agent,agent_02,2.480000,2.222222
7.6000,agent,agent_03,2.480000,3.111111
7.6000,agent,agent_04,2.480000,4.000000
7.6000,agent,agent_05,2.480000,4.888889
7.6000,agent,agent_06,2.480000,5.777778
7.6000,agent,agent_07,2.480000,6.666667
7.6000,agent,agent_08,2.480000,7.555556
7.6000,agent,agent_09,5.520000,0.444444
7.6000,agent,agent_10,5.520000,1.333333
7.6000,agent,agent_11,5.520000,2.222222
7.6000,agent,agent_12,5.520000,3.111111
7.6000,agent,agent_13,5.520000,4.000000
7.6000,agent,agent_14,5.520000,4.888889
7.6000,agent,agent_15,5.520000,5.777778
7.6000,agent,agent_16,5.520000,6.666667
7.6000,agent,agent_17,5.520000,7.555556
7.6000,cargo,cargo_0,4.000000,4.000000
7.6500,agent,agent_00,2.495000,0.444444
7.6500,agent,agent_01,2.495000,1.333333
7.6500,agent,agent_02,2.495000,2.222222
7.6500,agent,agent_03,2.495000,3.111111
7.6500,agent,agent_04,2.495000,4.000000
7.6500,agent,agent_05,2.495000,4.888889
7.6500,agent,agent_06,2.495000,5.777778
7.6500,agent,agent_07,2.495000,6.666667
7.6500,agent,agent_08,2.495000,7.555556
7.6500,agent,agent_09,5.505000,0.444444
7.6500,agent,agent_10,5.505000,1.333333
7.6500,agent,agent_11,5.505000,2.222222
7.6500,agent,agent_12,5.505000,3.111111
7.6500,agent,agent_13,5.505000,4.000000
7.6500,agent,agent_14,5.505000,4.888889
7.6500,agent,agent_15,5.505000,5.777778
7.6500,agent,agent_16,5.505000,6.666667
7.6500,agent,agent_17,5.505000,7.555556
7.6500,cargo,cargo_0,4.000000,4.000000
7.7000,agent,agent_00,2.510000,0.444444
7.7000,agent,agent_01,2.510000,1.333333
7.7000,agent,agent_02,2.510000,2.222222
7.7000,agent,agent_03,2.510000,3.111111
7.7000,agent,agent_04,2.510000,4.000000
7.7000,agent,agent_05,2.510000,4.888889
7.7000,agent,agent_06,2.510000,5.777778
7.7000,agent,agent_07,2.510000,6.666667
7.7000,agent,agent_08,2.510000,7.555556
7.7000,agent,agent_09,5.490000,0.444444
7.7000,agent,agent_10,5.490000,1.333333
7.7000,agent,agent_11,5.490000,2.222222
7.7000,agent,agent_12,5.490000,3.111111
7.7000,agent,agent_13,5.490000,4.000000
7.7000,agent,agent_14,5.490000,4.888889
7.7000,agent,agent_15,5.490000,5.777778
7.7000,agent,agent_16,5.490000,6.666667
7.7000,agent,agent_17,5.490000,7.555556
7.7000,cargo,cargo_0,4.000000,4.000000
7.7500,agent,agent_00,2.525000,0.444444
7.7500,agent,agent_01,2.525000,1.333333
7.7500,agent,agent_02,2.525000,2.222222
7.7500,agent,agent_03,2.525000,3.111111
7.7500,agent,agent_04,2.525000,4.000000
7.7500,agent,agent_05,2.525000,4.888889
7.7500,agent,agent_06,2.525000,5.777778
7.7500,agent,agent_07,2.525000,6.666667
7.7500,agent,agent_08,2.525000,7.555556
7.7500,agent,agent_09,5.475000,0.444444
7.7500,agent,agent_10,5.475000,1.333333
7.7500,agent,agent_11,5.475000,2.222222
7.7500,agent,agent_12,5.475000,3.111111
7.7500,agent,agent_13,5.475000,4.000000
7.7500,agent,agent_14,5.475000,4.888889
7.7500,agent,agent_15,5.475000,5.777778
7.7500,agent,agent_16,5.475000,6.666667
7.7500,agent,agent_17,5.475000,7.555556
7.7500,cargo,cargo_0,4.000000,4.000000
7.8000,agent,agent_00,2.540000,0.444444
7.8000,agent,agent_01,2.540000,1.333333
7.8000,agent,agent_02,2.540000,2.222222
7.8000,agent,agent_03,2.540000,3.111111
7.8000,agent,agent_04,2.540000,4.000000
7.8000,agent,agent_05,2.540000,4.888889
7.8000,agent,agent_06,2.540000,5.777778
7.8000,agent,agent_07,2.540000,6.666667
7.8000,agent,agent_08,2.540000,7.555556
7.8000,agent,agent_09,5.460000,0.444444
7.8000,agent,agent_10,5.460000,1.333333
7.8000,agent,agent_11,5.460000,2.222222
7.8000,agent,agent_12,5.460000,3.111111
7.8000,agent,agent_13,5.460000,4.000000
7.8000,agent,agent_14,5.460000,4.888889
7.8000,agent,agent_15,5.460000,5.777778
7.8000,agent,agent_16,5.460000,6.666667
7.8000,agent,agent_17,5.460000,7.555556
7.8000,cargo,cargo_0,4.000000,4.000000
7.8500,agent,agent_00,2.555000,0.444444
7.8500,agent,agent_01,2.555000,1.333333
7.8500,agent,agent_02,2.555000,2.222222
7.8500,agent,agent_03,2.555000,3.111111
7.8500,agent,agent_04,2.555000,4.000000
7.8500,agent,agent_05,2.555000,4.888889
7.8500,agent,agent_06,2.555000,5.777778
7.8500,agent,agent_07,2.555000,6.666667
7.8500,agent,agent_08,2.555000,7.555556
7.8500,agent,agent_09,5.445000,0.444444
7.8500,agent,agent_10,5.445000,1.333333
7.8500,agent,agent_11,5.445000,2.222222
7.8500,agent,agent_12,5.445000,3.111111
7.8500,agent,agent_13,5.445000,4.000000
7.8500,agent,agent_14,5.445000,4.888889
7.8500,agent,agent_15,5.445000,5.777778
7.8500,agent,agent_16,5.445000,6.666667
7.8500,agent,agent_17,5.445000,7.555556
7.8500,cargo,cargo_0,4.000000,4.000000
7.9000,agent,agent_00,2.570000,0.444444
7.9000,agent,agent_01,2.570000,1.333333
7.9000,agent,agent_02,2.570000,2.222222
7.9000,agent,agent_03,2.570000,3.111111
7.9000,agent,agent_04,2.570000,4.000000
7.9000,agent,agent_05,2.570000,4.888889
7.9000,agent,agent_06,2.570000,5.777778
7.9000,agent,agent_07,2.570000,6.666667
7.9000,agent,agent_08,2.570000,7.555556
7.9000,agent,agent_09,5.430000,0.444444
7.9000,agent,agent_10,5.430000,1.333333
7.9000,agent,agent_11,5.430000,2.222222
7.9000,agent,agent_12,5.430000,3.111111
7.9000,agent,agent_13,5.430000,4.000000
7.9000,agent,agent_14,5.430000,4.888889
7.9000,agent,agent_15,5.430000,5.777778
7.9000,agent,agent_16,5.430000,6.666667
7.9000,agent,agent_17,5.430000,7.555556
7.9000,cargo,cargo_0,4.000000,4.000000
7.9500,agent,agent_00,2.585000,0.444444
7.9500,agent,agent_01,2.585000,1.333333
7.9500,agent,agent_02,2.585000,2.222222
7.9500,agent,agent_03,2.585000,3.111111
7.9500,agent,agent_04,2.585000,4.000000
7.9500,agent,agent_05,2.585000,4.888889
7.9500,agent,agent_06,2.585000,5.777778
7.9500,agent,agent_07,2.585000,6.666667
7.9500,agent,agent_08,2.585000,7.555556
7.9500,agent,agent_09,5.415000,0.444444
7.9500,agent,agent_10,5.415000,1.333333
7.9500,agent,agent_11,5.415000,2.222222
7.9500,agent,agent_12,5.415000,3.111111
7.9500,agent,agent_13,5.415000,4.000000
7.9500,agent,agent_14,5.415000,4.888889
7.9500,agent,agent_15,5.415000,5.777778
7.9500,agent,agent_16,5.415000,6.666667
7.9500,agent,agent_17,5.415000,7.555556
7.9500,cargo,cargo_0,4.000000,4.000000
8.0000,agent,agent_00,2.600000,0.444444
8.0000,agent,agent_01,2.600000,1.333333
8.0000,agent,agent_02,2.600000,2.222222
8.0000,agent,agent_03,2.607226,3.114609
8.0000,agent,agent_04,2.600000,4.000000
8.0000,agent,agent_05,2.607494,4.889395
8.0000,agent,agent_06,2.600000,5.777778
8.0000,agent,agent_07,2.600000,6.666667
8.0000,agent,agent_08,2.600000,7.555556
8.0000,agent,agent_09,5.400000,0.444444
8.0000,agent,agent_10,5.400000,1.333333
8.0000,agent,agent_11,5.400000,2.222222
8.0000,agent,agent_12,5.394909,3.121241
8.0000,agent,agent_13,5.400000,4.000000
8.0000,agent,agent_14,5.403048,4.869826
8.0000,agent,agent_15,5.400000,5.777778
8.0000,agent,agent_16,5.400000,6.666667
8.0000,agent,agent_17,5.400000,7.555556
8.0000,cargo,cargo_0,4.000000,4.000000
8.0500,agent,agent_00,2.615000,0.444444
8.0500,agent,agent_01,2.615000,1.333333
8.0500,agent,agent_02,2.615000,2.222222
8.0500,agent,agent_03,2.629453,3.118107
8.0500,agent,agent_04,2.615000,4.000000
8.0500,agent,agent_05,2.629989,4.889902
8.0500,agent,agent_06,2.615000,5.777778
8.0500,agent,agent_07,2.615000,6.666667
8.0500,agent,agent_08,2.615000,7.555556
8.0500,agent,agent_09,5.385000,0.444444
8.0500,agent,agent_10,5.385000,1.333333
8.0500,agent,agent_11,5.385000,2.222222
8.0500,agent,agent_12,5.374818,3.131371
8.0500,agent,agent_13,5.385000,4.000000
8.0500,agent,agent_14,5.391095,4.850763
8.0500,agent,agent_15,5.385000,5.777778
8.0500,agent,agent_16,5.385000,6.666667
8.0500,agent,agent_17,5.385000,7.555556
8.0500,cargo,cargo_0,4.000000,4.000000
8.1000,agent,agent_00,2.630000,0.444444
8.1000,agent,agent_01,2.630000,1.333333
8.1000,agent,agent_02,2.630000,2.222222
8.1000,agent,agent_03,2.651679,3.121606
8.1000,agent,agent_04,2.630000,4.000000
8.1000,agent,agent_05,2.652483,4.890409
8.1000,agent,agent_06,2.630000,5.777778
8.1000,agent,agent_07,2.630000,6.666667
8.1000,agent,agent_08,2.630000,7.555556
8.1000,agent,agent_09,5.370000,0.444444
8.1000,agent,agent_10,5.370000,1.333333
8.1000,agent,agent_11,5.370000,2.222222
8.1000,agent,agent_12,5.354728,3.141500
8.1000,agent,agent_13,5.370000,4.000000
8.1000,agent,agent_14,5.379143,4.831700
8.1000,agent,agent_15,5.370000,5.777778
8.1000,agent,agent_16,5.370000,6.666667
8.1000,agent,agent_17,5.370000,7.555556
8.1000,cargo,cargo_0,4.000000,4.000000
8.1500,agent,agent_00,2.645000,0.444444
8.1500,agent,agent_01,2.645000,1.333333
8.1500,agent,agent_02,2.645000,2.222222
8.1500,agent,agent_03,2.673674,3.126345
8.1500,agent,agent_04,2.645000,4.000000
8.1500,agent,agent_05,2.674977,4.890933
8.1500,agent,agent_06,2.645000,5.777778
8.1500,agent,agent_07,2.645000,6.666667
8.1500,agent,agent_08,2.645000,7.555556
8.1500,agent,agent_09,5.355000,0.444444
8.1500,agent,agent_10,5.355000,1.333333
8.1500,agent,agent_11,5.355000,2.222222
8.1500,agent,agent_12,5.334509,3.151371
8.1500,agent,agent_13,5.355000,4.000000
8.1500,agent,agent_14,5.367724,4.812314
8.1500,agent,agent_15,5.355000,5.777778
8.1500,agent,agent_16,5.355000,6.666667
8.1500,agent,agent_17,5.355000,7.555556
8.1500,cargo,cargo_0,4.000000,4.000000
8.2000,agent,agent_00,2.660000,0.444444
8.2000,agent,agent_01,2.660000,1.333333
8.2000,agent,agent_02,2.660000,2.222222
8.2000,agent,agent_03,2.695669,3.131085
8.2000,agent,agent_04,2.660000,4.000000
8.2000,agent,agent_05,2.697471,4.891458
8.2000,agent,agent_06,2.660000,5.777778
8.2000,agent,agent_07,2.660000,6.666667
8.2000,agent,agent_08,2.660000,7.555556
8.2000,agent,agent_09,5.340000,0.444444
8.2000,agent,agent_10,5.340000,1.333333
8.2000,agent,agent_11,5.340000,2.222222
8.2000,agent,agent_12,5.314289,3.161242
8.2000,agent,agent_13,5.340000,4.000000
8.2000,agent,agent_14,5.356304,4.792927
8.2000,agent,agent_15,5.340000,5.777778
8.2000,agent,agent_16,5.340000,6.666667
8.2000,agent,agent_17,5.340000,7.555556
8.2000,cargo,cargo_0,4.000000,4.000000
8.2500,agent,agent_00,2.675000,0.444444
8.2500,agent,agent_01,2.675000,1.333333
8.2500,agent,agent_02,2.675000,2.222222
8.2500,agent,agent_03,2.717665,3.135824
8.2500,agent,agent_04,2.675000,4.000000
8.2500,agent,agent_05,2.719965,4.891982
8.2500,agent,agent_06,2.675000,5.777778
8.2500,agent,agent_07,2.675000,6.666667
8.2500,agent,agent_08,2.675000,7.555556
8.2500,agent,agent_09,5.325000,0.444444
8.2500,agent,agent_10,5.325000,1.333333
8.2500,agent,agent_11,5.325000,2.222222
8.2500,agent,agent_12,5.294070,3.171113
8.2500,agent,agent_13,5.325000,4.000000
8.2500,agent,agent_14,5.344885,4.773540
8.2500,agent,agent_15,5.325000,5.777778
8.2500,agent,agent_16,5.325000,6.666667
8.2500,agent,agent_17,5.325000,7.555556
8.2500,cargo,cargo_0,4.000000,4.000000
8.3000,agent,agent_00,2.690000,0.444444
8.3000,agent,agent_01,2.690000,1.333333
8.3000,agent,agent_02,2.679470,2.244274
8.3000,agent,agent_03,2.739629,3.140706
8.3000,agent,agent_04,2.690000,4.000000
8.3000,agent,agent_05,2.742434,4.893157
8.3000,agent,agent_06,2.682776,5.756664
8.3000,agent,agent_07,2.690000,6.666667
8.3000,agent,agent_08,2.690000,7.555556
8.3000,agent,agent_09,5.310000,0.444444
8.3000,agent,agent_10,5.310000,1.333333
8.3000,agent,agent_11,5.320461,2.244260
8.3000,agent,agent_12,5.273501,3.180232
8.3000,agent,agent_13,5.310000,4.000000
8.3000,agent,agent_14,5.333810,4.753954
8.3000,agent,agent_15,5.305197,5.767096
8.3000,agent,agent_16,5.310000,6.666667
8.3000,agent,agent_17,5.310000,7.555556
8.3000,cargo,cargo_0,4.000000,4.000000
8.3500,agent,agent_00,2.705000,0.444444
8.3500,agent,agent_01,2.705000,1.333333
8.3500,agent,agent_02,2.683940,2.266325
8.3500,agent,agent_03,2.761593,3.145588
8.3500,agent,agent_04,2.705000,4.000000
8.3500,agent,agent_05,2.764903,4.894332
8.3500,agent,agent_06,2.690551,5.735550
8.3500,agent,agent_07,2.705000,6.666667
8.3500,agent,agent_08,2.705000,7.555556
8.3500,agent,agent_09,5.295000,0.444444
8.3500,agent,agent_10,5.295000,1.333333
8.3500,agent,agent_11,5.315923,2.266297
8.3500,agent,agent_12,5.252931,3.189350
8.3500,agent,agent_13,5.295000,4.000000
8.3500,agent,agent_14,5.322736,4.734368
8.3500,agent,agent_15,5.285395,5.756414
8.3500,agent,agent_16,5.295000,6.666667
8.3500,agent,agent_17,5.295000,7.555556
8.3500,cargo,cargo_0,4.000000,4.000000
8.4000,agent,agent_00,2.720000,0.444444
8.4000,agent,agent_01,2.720000,1.333333
8.4000,agent,agent_02,2.688410,2.288377
8.4000,agent,agent_03,2.783557,3.150470
8.4000,agent,agent_04,2.720000,4.000000
8.4000,agent,agent_05,2.787372,4.895507
8.4000,agent,agent_06,2.698327,5.714437
8.4000,agent,agent_07,2.720000,6.666667
8.4000,agent,agent_08,2.720000,7.555556
8.4000,agent,agent_09,5.280000,0.444444
8.4000,agent,agent_10,5.280000,1.333333
8.4000,agent,agent_11,5.311384,2.288335
8.4000,agent,agent_12,5.232362,3.198469
8.4000,agent,agent_13,5.280000,4.000000
8.4000,agent,agent_14,5.311661,4.714782
8.4000,agent,agent_15,5.265592,5.745732
8.4000,agent,agent_16,5.280000,6.666667
8.4000,agent,agent_17,5.280000,7.555556
8.4000,cargo,cargo_0,4.000000,4.000000
8.4500,agent,agent_00,2.735000,0.444444
8.4500,agent,agent_01,2.735000,1.333333
8.4500,agent,agent_02,2.692641,2.310475
8.4500,agent,agent_03,2.805408,3.155835
8.4500,agent,agent_04,2.735000,4.000000
8.4500,agent,agent_05,2.809750,4.897848
8.4500,agent,agent_06,2.706508,5.693477
8.4500,agent,agent_07,2.735000,6.666667
8.4500,agent,agent_08,2.735000,7.555556
8.4500,agent,agent_09,5.265000,0.444444
8.4500,agent,agent_10,5.265000,1.333333
8.4500,agent,agent_11,5.307185,2.310439
8.4500,agent,agent_12,5.211271,3.206306
8.4500,agent,agent_13,5.265000,4.000000
8.4500,agent,agent_14,5.301264,4.694829
8.4500,agent,agent_15,5.245652,5.735308
8.4500,agent,agent_16,5.265000,6.666667
8.4500,agent,agent_17,5.265000,7.555556
8.4500,cargo,cargo_0,4.000000,4.000000
8.5000,agent,agent_00,2.750000,0.444444
8.5000,agent,agent_01,2.750000,1.333333
8.5000,agent,agent_02,2.696872,2.332574
8.5000,agent,agent_03,2.827259,3.161200
8.5000,agent,agent_04,2.750000,4.000000
8.5000,agent,agent_05,2.832128,4.900189
8.5000,agent,agent_06,2.714690,5.672517
8.5000,agent,agent_07,2.750000,6.666667
8.5000,agent,agent_08,2.750000,7.555556
8.5000,agent,agent_09,5.250000,0.444444
8.5000,agent,agent_10,5.250000,1.333333
8.5000,agent,agent_11,5.302987,2.332544
8.5000,agent,agent_12,5.190180,3.214143
8.5000,agent,agent_13,5.250000,4.000000
8.5000,agent,agent_14,5.290866,4.674876
8.5000,agent,agent_15,5.225713,5.724884
8.5000,agent,agent_16,5.250000,6.666667
8.5000,agent,agent_17,5.250000,7.555556
8.5000,cargo,cargo_0,4.000000,4.000000
8.5500,agent,agent_00,2.765000,0.444444
8.5500,agent,agent_01,2.765000,1.333333
8.5500,agent,agent_02,2.701103,2.354673
8.5500,agent,agent_03,2.849110,3.166565
8.5500,agent,agent_04,2.765000,4.000000
8.5500,agent,agent_05,2.854506,4.902530
8.5500,agent,agent_06,2.722872,5.651557
8.5500,agent,agent_07,2.765000,6.666667
8.5500,agent,agent_08,2.765000,7.555556
8.5500,agent,agent_09,5.235000,0.444444
8.5500,agent,agent_10,5.235000,1.333333
8.5500,agent,agent_11,5.298788,2.354649
8.5500,agent,agent_12,5.169089,3.221980
8.5500,agent,agent_13,5.235000,4.000000
8.5500,agent,agent_14,5.280468,4.654923
8.5500,agent,agent_15,5.205773,5.714460
8.5500,agent,agent_16,5.235000,6.666667
8.5500,agent,agent_17,5.235000,7.555556
8.5500,cargo,cargo_0,4.000000,4.000000
8.6000,agent,agent_00,2.780000,0.444444
8.6000,agent,agent_01,2.768652,1.355535
8.6000,agent,agent_02,2.704757,2.376874
8.6000,agent,agent_03,2.870696,3.172913
8.6000,agent,agent_04,2.780000,4.000000
8.6000,agent,agent_05,2.876934,4.904328
8.6000,agent,agent_06,2.731484,5.630771
8.6000,agent,agent_07,2.765068,6.644167
8.6000,agent,agent_08,2.780000,7.555556
8.6000,agent,agent_09,5.220000,0.444444
8.6000,agent,agent_10,5.230848,1.355447
8.6000,agent,agent_11,5.295612,2.376924
8.6000,agent,agent_12,5.147853,3.229417
8.6000,agent,agent_13,5.220000,4.000000
8.6000,agent,agent_14,5.270591,4.634706
8.6000,agent,agent_15,5.186529,5.702802
8.6000,agent,agent_16,5.236488,6.644216
8.6000,agent,agent_17,5.220000,7.555556
8.6000,cargo,cargo_0,4.000000,4.000000
8.6500,agent,agent_00,2.795000,0.444444
8.6500,agent,agent_01,2.772304,1.377737
8.6500,agent,agent_02,2.708410,2.399075
8.6500,agent,agent_03,2.892281,3.179262
8.6500,agent,agent_04,2.795000,4.000000
8.6500,agent,agent_05,2.899362,4.906126
8.6500,agent,agent_06,2.740096,5.609984
8.6500,agent,agent_07,2.765136,6.621667
8.6500,agent,agent_08,2.795000,7.555556
8.6500,agent,agent_09,5.205000,0.444444
8.6500,agent,agent_10,5.226697,1.377561
8.6500,agent,agent_11,5.292436,2.399198
8.6500,agent,agent_12,5.126618,3.236853
8.6500,agent,agent_13,5.205000,4.000000
8.6500,agent,agent_14,5.260715,4.614489
8.6500,agent,agent_15,5.167285,5.691144
8.6500,agent,agent_16,5.237975,6.621765
8.6500,agent,agent_17,5.205000,7.555556
8.6500,cargo,cargo_0,4.000000,4.000000
8.7000,agent,agent_00,2.810000,0.444444
8.7000,agent,agent_01,2.775956,1.399938
8.7000,agent,agent_02,2.712063,2.421277
8.7000,agent,agent_03,2.913867,3.185610
8.7000,agent,agent_04,2.810000,4.000000
8.7000,agent,agent_05,2.921790,4.907924
8.7000,agent,agent_06,2.748708,5.589197
8.7000,agent,agent_07,2.765205,6.599167
8.7000,agent,agent_08,2.810000,7.555556
8.7000,agent,agent_09,5.190000,0.444444
8.7000,agent,agent_10,5.222545,1.399674
8.7000,agent,agent_11,5.289261,2.421473
8.7000,agent,agent_12,5.105383,3.244290
8.7000,agent,agent_13,5.190000,4.000000
8.7000,agent,agent_14,5.250839,4.594273
8.7000,agent,agent_15,5.148040,5.679486
8.7000,agent,agent_16,5.239463,6.599314
8.7000,agent,agent_17,5.190000,7.555556
8.7000,cargo,cargo_0,4.000000,4.000000
8.7500,agent,agent_00,2.825000,0.444444
8.7500,agent,agent_01,2.780466,1.421982
8.7500,agent,agent_02,2.715198,2.443557
8.7500,agent,agent_03,2.935307,3.192436
8.7500,agent,agent_04,2.825000,4.000000
8.7500,agent,agent_05,2.943838,4.912412
8.7500,agent,agent_06,2.757965,5.568690
8.7500,agent,agent_07,2.764732,6.576672
8.7500,agent,agent_08,2.825000,7.555556
8.7500,agent,agent_09,5.175000,0.444444
8.7500,agent,agent_10,5.218016,1.421714
8.7500,agent,agent_11,5.287509,2.443905
8.7500,agent,agent_12,5.083912,3.251017
8.7500,agent,agent_13,5.175000,4.000000
8.7500,agent,agent_14,5.241586,4.573763
8.7500,agent,agent_15,5.128723,5.667949
8.7500,agent,agent_16,5.241155,6.576878
8.7500,agent,agent_17,5.175000,7.555556
8.7500,cargo,cargo_0,4.000000,4.000000
8.8000,agent,agent_00,2.840000,0.444444
8.8000,agent,agent_01,2.784976,1.444025
8.8000,agent,agent_02,2.718333,2.465838
8.8000,agent,agent_03,2.956746,3.199262
8.8000,agent,agent_04,2.840000,4.000000
8.8000,agent,agent_05,2.965886,4.916899
8.8000,agent,agent_06,2.767223,5.548183
8.8000,agent,agent_07,2.764260,6.554177
8.8000,agent,agent_08,2.840000,7.555556
8.8000,agent,agent_09,5.160000,0.444444
8.8000,agent,agent_10,5.213488,1.443753
8.8000,agent,agent_11,5.285757,2.466337
8.8000,agent,agent_12,5.062441,3.257745
8.8000,agent,agent_13,5.160000,4.000000
8.8000,agent,agent_14,5.232334,4.553254
8.8000,agent,agent_15,5.109406,5.656413
8.8000,agent,agent_16,5.242846,6.554442
8.8000,agent,agent_17,5.160000,7.555556
8.8000,cargo,cargo_0,4.000000,4.000000
8.8500,agent,agent_00,2.855000,0.444444
8.8500,agent,agent_01,2.789487,1.466068
8.8500,agent,agent_02,2.721467,2.488118
8.8500,agent,agent_03,2.978186,3.206088
8.8500,agent,agent_04,2.855000,4.000000
8.8500,agent,agent_05,2.987934,4.921386
8.8500,agent,agent_06,2.776480,5.527676
8.8500,agent,agent_07,2.763788,6.531682
8.8500,agent,agent_08,2.855000,7.555556
8.8500,agent,agent_09,5.145000,0.444444
8.8500,agent,agent_10,5.208959,1.465793
8.8500,agent,agent_11,5.284005,2.488768
8.8500,agent,agent_12,5.040970,3.264472
8.8500,agent,agent_13,5.145000,4.000000
8.8500,agent,agent_14,5.223081,4.532744
8.8500,agent,agent_15,5.090088,5.644877
8.8500,agent,agent_16,5.244538,6.532005
8.8500,agent,agent_17,5.145000,7.555556
8.8500,cargo,cargo_0,4.000000,4.000000
8.9000,agent,agent_00,2.870000,0.444444
8.9000,agent,agent_01,2.794918,1.487903
8.9000,agent,agent_02,2.724251,2.510446
8.9000,agent,agent_03,2.999472,3.213378
8.9000,agent,agent_04,2.870000,4.000000
8.9000,agent,agent_05,3.009857,4.926448
8.9000,agent,agent_06,2.786368,5.507465
8.9000,agent,agent_07,2.762821,6.509203
8.9000,agent,agent_08,2.870000,7.555556
8.9000,agent,agent_09,5.130000,0.444444
8.9000,agent,agent_10,5.204045,1.487750
8.9000,agent,agent_11,5.283520,2.511263
8.9000,agent,agent_12,5.019282,3.270460
8.9000,agent,agent_13,5.130000,4.000000
8.9000,agent,agent_14,5.214477,4.511954
8.9000,agent,agent_15,5.070766,5.633349
8.9000,agent,agent_16,5.246419,6.509584
8.9000,agent,agent_17,5.130000,7.555556
8.9000,cargo,cargo_0,4.000000,4.000000
8.9500,agent,agent_00,2.885000,0.444444
8.9500,agent,agent_01,2.800350,1.509737
8.9500,agent,agent_02,2.727034,2.532773
8.9500,agent,agent_03,3.020759,3.220667
8.9500,agent,agent_04,2.885000,4.000000
8.9500,agent,agent_05,3.031781,4.931510
8.9500,agent,agent_06,2.796256,5.487254
8.9500,agent,agent_07,2.761855,6.486723
8.9500,agent,agent_08,2.885000,7.555556
8.9500,agent,agent_09,5.115000,0.444444
8.9500,agent,agent_10,5.199131,1.509707
8.9500,agent,agent_11,5.283035,2.533758
8.9500,agent,agent_12,4.997593,3.276449
8.9500,agent,agent_13,5.115000,4.000000
8.9500,agent,agent_14,5.205874,4.491164
8.9500,agent,agent_15,5.051443,5.621821
8.9500,agent,agent_16,5.248299,6.487163
8.9500,agent,agent_17,5.115000,7.555556
8.9500,cargo,cargo_0,4.000000,4.000000
9.0000,agent,agent_00,2.900000,0.444444
9.0000,agent,agent_01,2.805782,1.531572
9.0000,agent,agent_02,2.729818,2.555100
9.0000,agent,agent_03,3.042045,3.227957
9.0000,agent,agent_04,2.900000,4.000000
9.0000,agent,agent_05,3.053704,4.936572
9.0000,agent,agent_06,2.806144,5.467043
9.0000,agent,agent_07,2.760889,6.464244
9.0000,agent,agent_08,2.900000,7.555556
9.0000,agent,agent_09,5.100000,0.444444
9.0000,agent,agent_10,5.194218,1.531664
9.0000,agent,agent_11,5.282550,2.556253
9.0000,agent,agent_12,4.975905,3.282438
9.0000,agent,agent_13,5.100000,4.000000
9.0000,agent,agent_14,5.197270,4.470374
9.0000,agent,agent_15,5.032121,5.610293
9.0000,agent,agent_16,5.250180,6.464742
9.0000,agent,agent_17,5.100000,7.555556
9.0000,cargo,cargo_0,4.000000,4.000000
9.0500,agent,agent_00,2.909020,0.465057
9.0500,agent,agent_01,2.812125,1.553159
9.0500,agent,agent_02,2.732599,2.577427
9.0500,agent,agent_03,3.062980,3.236201
9.0500,agent,agent_04,2.915000,4.000000
9.0500,agent,agent_05,3.075852,4.940535
9.0500,agent,agent_06,2.816279,5.446955
9.0500,agent,agent_07,2.760147,6.441756
9.0500,agent,agent_08,2.909858,7.535330
9.0500,agent,agent_09,5.089359,0.464269
9.0500,agent,agent_10,5.188801,1.553502
9.0500,agent,agent_11,5.282851,2.578751
9.0500,agent,agent_12,4.953957,3.287390
9.0500,agent,agent_13,5.085000,4.000000
9.0500,agent,agent_14,5.189852,4.451469
9.0500,agent,agent_15,5.013489,5.597679
9.0500,agent,agent_16,5.252083,6.442322
9.0500,agent,agent_17,5.091080,7.534899
9.0500,cargo,cargo_0,4.000000,4.000000
9.1000,agent,agent_00,2.918041,0.485670
9.1000,agent,agent_01,2.818468,1.574746
9.1000,agent,agent_02,2.735379,2.599755
9.1000,agent,agent_03,3.083915,3.244446
9.1000,agent,agent_04,2.930000,4.000000
9.1000,agent,agent_05,3.098000,4.944499
9.1000,agent,agent_06,2.826415,5.426867
9.1000,agent,agent_07,2.759405,6.419269
9.1000,agent,agent_08,2.919716,7.515105
9.1000,agent,agent_09,5.078718,0.484094
9.1000,agent,agent_10,5.183385,1.575340
9.1000,agent,agent_11,5.283153,2.601249
9.1000,agent,agent_12,4.932009,3.292343
9.1000,agent,agent_13,5.070000,4.000000
9.1000,agent,agent_14,5.182922,4.434425
9.1000,agent,agent_15,4.994858,5.585065
9.1000,agent,agent_16,5.253987,6.419903
9.1000,agent,agent_17,5.082161,7.514242
9.1000,cargo,cargo_0,4.000000,4.000000
9.1500,agent,agent_00,2.927061,0.506282
9.1500,agent,agent_01,2.824812,1.596334
9.1500,agent,agent_02,2.738160,2.622083
9.1500,agent,agent_03,3.104851,3.252690
9.1500,agent,agent_04,2.945000,4.000000
9.1500,agent,agent_05,3.120148,4.948462
9.1500,agent,agent_06,2.836551,5.406780
9.1500,agent,agent_07,2.758663,6.396781
9.1500,agent,agent_08,2.929574,7.494879
9.1500,agent,agent_09,5.068077,0.503919
9.1500,agent,agent_10,5.177969,1.597179
9.1500,agent,agent_11,5.283455,2.623747
9.1500,agent,agent_12,4.910060,3.297295
9.1500,agent,agent_13,5.055000,4.000000
9.1500,agent,agent_14,5.176525,4.419005
9.1500,agent,agent_15,4.976226,5.572451
9.1500,agent,agent_16,5.255890,6.397484
9.1500,agent,agent_17,5.073241,7.493586
9.1500,cargo,cargo_0,4.000000,4.000000
9.2000,agent,agent_00,2.935860,0.526991
9.2000,agent,agent_01,2.832140,1.617607
9.2000,agent,agent_02,2.740603,2.644449
9.2000,agent,agent_03,3.125593,3.261407
9.2000,agent,agent_04,2.960000,4.000000
9.2000,agent,agent_05,3.142054,4.953599
9.2000,agent,agent_06,2.847193,5.386956
9.2000,agent,agent_07,2.757907,6.374294
9.2000,agent,agent_08,2.939582,7.474728
9.2000,agent,agent_09,5.057542,0.523800
9.2000,agent,agent_10,5.172157,1.618915
9.2000,agent,agent_11,5.285012,2.646193
9.2000,agent,agent_12,4.887910,3.301247
9.2000,agent,agent_13,5.040000,4.000000
9.2000,agent,agent_14,5.171315,4.404799
9.2000,agent,agent_15,4.957550,5.559903
9.2000,agent,agent_16,5.257936,6.375077
9.2000,agent,agent_17,5.064551,7.472832
9.2000,cargo,cargo_0,4.000000,4.000000
9.2500,agent,agent_00,2.944659,0.547699
9.2500,agent,agent_01,2.839468,1.638880
9.2500,agent,agent_02,2.743046,2.666816
9.2500,agent,agent_03,3.146336,3.270124
9.2500,agent,agent_04,2.975000,4.000000
9.2500,agent,agent_05,3.163960,4.958736
9.2500,agent,agent_06,2.857835,5.367131
9.2500,agent,agent_07,2.757151,6.351806
9.2500,agent,agent_08,2.949590,7.454576
9.2500,agent,agent_09,5.047007,0.543681
9.2500,agent,agent_10,5.166344,1.640651
9.2500,agent,agent_11,5.286569,2.668639
9.2500,agent,agent_12,4.865760,3.305198
9.2500,agent,agent_13,5.025000,4.000000
9.2500,agent,agent_14,5.166718,4.391732
9.2500,agent,agent_15,4.938874,5.547355
9.2500,agent,agent_16,5.259982,6.352670
9.2500,agent,agent_17,5.055860,7.452078
9.2500,cargo,cargo_0,4.000000,4.000000
9.3000,agent,agent_00,2.953457,0.568407
9.3000,agent,agent_01,2.846797,1.660153
9.3000,agent,agent_02,2.745489,2.689183
9.3000,agent,agent_03,3.167079,3.278841
9.3000,agent,agent_04,2.990000,4.000000
9.3000,agent,agent_05,3.185866,4.963873
9.3000,agent,agent_06,2.868477,5.347307
9.3000,agent,agent_07,2.756395,6.329319
9.3000,agent,agent_08,2.959598,7.434424
9.3000,agent,agent_09,5.036471,0.563562
9.3000,agent,agent_10,5.160532,1.662388
9.3000,agent,agent_11,5.288126,2.691085
9.3000,agent,agent_12,4.843609,3.309149
9.3000,agent,agent_13,5.010000,4.000000
9.3000,agent,agent_14,5.162755,4.379570
9.3000,agent,agent_15,4.920197,5.534807
9.3000,agent,agent_16,5.262028,6.330263
9.3000,agent,agent_17,5.047170,7.431324
9.3000,cargo,cargo_0,4.000000,4.000000
9.3500,agent,agent_00,2.962021,0.589214
9.3500,agent,agent_01,2.855134,1.681051
9.3500,agent,agent_02,2.747585,2.711586
9.3500,agent,agent_03,3.187739,3.287753
9.3500,agent,agent_04,3.005000,4.000000
9.3500,agent,agent_05,3.207437,4.970272
9.3500,agent,agent_06,2.879524,5.328045
9.3500,agent,agent_07,2.755155,6.306853
9.3500,agent,agent_08,2.969745,7.414342
9.3500,agent,agent_09,5.026075,0.583516
9.3500,agent,agent_10,5.154316,1.684012
9.3500,agent,agent_11,5.290639,2.713444
9.3500,agent,agent_12,4.821276,3.311883
9.3500,agent,agent_13,4.995000,4.000000
9.3500,agent,agent_14,5.160189,4.367783
9.3500,agent,agent_15,4.901573,5.522183
9.3500,agent,agent_16,5.264192,6.307868
9.3500,agent,agent_17,5.038722,7.410471
9.3500,cargo,cargo_0,4.000000,4.000000
9.4000,agent,agent_00,2.970584,0.610021
9.4000,agent,agent_01,2.863472,1.701949
9.4000,agent,agent_02,2.749681,2.733988
9.4000,agent,agent_03,3.208399,3.296664
9.4000,agent,agent_04,3.020000,4.000000
9.4000,agent,agent_05,3.229007,4.976671
9.4000,agent,agent_06,2.889810,5.309591
9.4000,agent,agent_07,2.753914,6.284387
9.4000,agent,agent_08,2.979891,7.394259
9.4000,agent,agent_09,5.015679,0.603470
9.4000,agent,agent_10,5.148099,1.705636
9.4000,agent,agent_11,5.293152,2.735803
9.4000,agent,agent_12,4.798943,3.314616
9.4000,agent,agent_13,4.980000,4.000000
9.4000,agent,agent_14,5.158264,4.356407
9.4000,agent,agent_15,4.882948,5.509559
9.4000,agent,agent_16,5.266357,6.285472
9.4000,agent,agent_17,5.030273,7.389617
9.4000,cargo,cargo_0,4.000000,4.000000
9.4500,agent,agent_00,2.979147,0.630827
9.4500,agent,agent_01,2.871810,1.722848
9.4500,agent,agent_02,2.751776,2.756390
9.4500,agent,agent_03,3.229059,3.305576
9.4500,agent,agent_04,3.035000,4.000000
9.4500,agent,agent_05,3.250578,4.983070
9.4500,agent,agent_06,2.899473,5.291645
9.4500,agent,agent_07,2.752674,6.261922
9.4500,agent,agent_08,2.990037,7.374177
9.4500,agent,agent_09,5.005283,0.623425
9.4500,agent,agent_10,5.141883,1.727260
9.4500,agent,agent_11,5.295665,2.758162
9.4500,agent,agent_12,4.776609,3.317350
9.4500,agent,agent_13,4.965000,4.000000
9.4500,agent,agent_14,5.156952,4.345221
9.4500,agent,agent_15,4.864323,5.496935
9.4500,agent,agent_16,5.268522,6.263076
9.4500,agent,agent_17,5.021825,7.368763
9.4500,cargo,cargo_0,4.000000,4.000000
9.5000,agent,agent_00,2.987413,0.651754
9.5000,agent,agent_01,2.882088,1.742863
9.5000,agent,agent_02,2.753429,2.778829
9.5000,agent,agent_03,3.250061,3.313649
9.5000,agent,agent_04,3.050000,4.000000
9.5000,agent,agent_05,3.272760,4.986840
9.5000,agent,agent_06,2.909087,5.274399
9.5000,agent,agent_07,2.751441,6.239455
9.5000,agent,agent_08,3.000659,7.354342
9.5000,agent,agent_09,4.995009,0.643442
9.5000,agent,agent_10,5.135148,1.748729
9.5000,agent,agent_11,5.297317,2.780602
9.5000,agent,agent_12,4.754189,3.319236
9.5000,agent,agent_13,4.950000,4.000000
9.5000,agent,agent_14,5.156471,4.333867
9.5000,agent,agent_15,4.845912,5.484000
9.5000,agent,agent_16,5.270540,6.240667
9.5000,agent,agent_17,5.013729,7.347770
9.5000,cargo,cargo_0,4.000000,4.000000
9.5500,agent,agent_00,2.995679,0.672681
9.5500,agent,agent_01,2.892366,1.762878
9.5500,agent,agent_02,2.755081,2.801268
9.5500,agent,agent_03,3.271062,3.321723
9.5500,agent,agent_04,3.065000,4.000000
9.5500,agent,agent_05,3.294942,4.990610
9.5500,agent,agent_06,2.918567,5.257066
9.5500,agent,agent_07,2.750208,6.216989
9.5500,agent,agent_08,3.011281,7.334507
9.5500,agent,agent_09,4.984735,0.663459
9.5500,agent,agent_10,5.128413,1.770197
9.5500,agent,agent_11,5.298969,2.803041
9.5500,agent,agent_12,4.731768,3.321122
9.5500,agent,agent_13,4.935000,4.000000
9.5500,agent,agent_14,5.156483,4.322275
9.5500,agent,agent_15,4.827502,5.471066
9.5500,agent,agent_16,5.272558,6.218258
9.5500,agent,agent_17,5.005632,7.326778
9.5500,cargo,cargo_0,4.000000,4.000000
9.6000,agent,agent_00,3.003944,0.693608
9.6000,agent,agent_01,2.902644,1.782894
9.6000,agent,agent_02,2.756734,2.823708
9.6000,agent,agent_03,3.292064,3.329797
9.6000,agent,agent_04,3.080000,4.000000
9.6000,agent,agent_05,3.317124,4.994380
9.6000,agent,agent_06,2.928086,5.239514
9.6000,agent,agent_07,2.748975,6.194523
9.6000,agent,agent_08,3.021903,7.314672
9.6000,agent,agent_09,4.974461,0.683477
9.6000,agent,agent_10,5.121679,1.791665
9.6000,agent,agent_11,5.300621,2.825480
9.6000,agent,agent_12,4.709347,3.323007
9.6000,agent,agent_13,4.920000,4.000000
9.6000,agent,agent_14,5.156899,4.310263
9.6000,agent,agent_15,4.809091,5.458132
9.6000,agent,agent_16,5.274576,6.195848
9.6000,agent,agent_17,4.997536,7.305785
9.6000,cargo,cargo_0,4.000000,4.000000
9.6500,agent,agent_00,3.011951,0.714635
9.6500,agent,agent_01,2.913914,1.802368
9.6500,agent,agent_02,2.757904,2.846177
9.6500,agent,agent_03,3.312724,3.338708
9.6500,agent,agent_04,3.095000,4.000000
9.6500,agent,agent_05,3.337430,5.003827
9.6500,agent,agent_06,2.938185,5.222220
9.6500,agent,agent_07,2.747560,6.172068
9.6500,agent,agent_08,3.032639,7.294899
9.6500,agent,agent_09,4.964399,0.703601
9.6500,agent,agent_10,5.114443,1.812970
9.6500,agent,agent_11,5.303010,2.847853
9.6500,agent,agent_12,4.686878,3.324192
9.6500,agent,agent_13,4.905000,4.000000
9.6500,agent,agent_14,5.157837,4.297494
9.6500,agent,agent_15,4.789056,5.447892
9.6500,agent,agent_16,5.276544,6.173435
9.6500,agent,agent_17,4.989702,7.284693
9.6500,cargo,cargo_0,4.000000,4.000000
9.7000,agent,agent_00,3.019959,0.735662
9.7000,agent,agent_01,2.925183,1.821842
9.7000,agent,agent_02,2.759074,2.868647
9.7000,agent,agent_03,3.333384,3.347619
9.7000,agent,agent_04,3.110000,4.000000
9.7000,agent,agent_05,3.357735,5.013274
9.7000,agent,agent_06,2.948267,5.204741
9.7000,agent,agent_07,2.746146,6.149612
9.7000,agent,agent_08,3.043374,7.275125
9.7000,agent,agent_09,4.954337,0.723726
9.7000,agent,agent_10,5.107207,1.834275
9.7000,agent,agent_11,5.305398,2.870226
9.7000,agent,agent_12,4.664409,3.325377
9.7000,agent,agent_13,4.890000,4.000000
9.7000,agent,agent_14,5.158923,4.283991
9.7000,agent,agent_15,4.769021,5.437653
9.7000,agent,agent_16,5.278511,6.151021
9.7000,agent,agent_17,4.981868,7.263601
9.7000,cargo,cargo_0,4.000000,4.000000
9.7500,agent,agent_00,3.027966,0.756689
9.7500,agent,agent_01,2.936453,1.841316
9.7500,agent,agent_02,2.760244,2.891116
9.7500,agent,agent_03,3.354044,3.356530
9.7500,agent,agent_04,3.125000,4.000000
9.7500,agent,agent_05,3.378041,5.022721
9.7500,agent,agent_06,2.958598,5.186960
9.7500,agent,agent_07,2.744731,6.127157
9.7500,agent,agent_08,3.054110,7.255352
9.7500,agent,agent_09,4.944275,0.743851
9.7500,agent,agent_10,5.099972,1.855580
9.7500,agent,agent_11,5.307787,2.892599
9.7500,agent,agent_12,4.641941,3.326562
9.7500,agent,agent_13,4.875000,4.000000
9.7500,agent,agent_14,5.160007,4.269643
9.7500,agent,agent_15,4.748986,5.427413
9.7500,agent,agent_16,5.280479,6.128607
9.7500,agent,agent_17,4.974033,7.242508
9.7500,cargo,cargo_0,4.000000,4.000000
9.8000,agent,agent_00,3.035702,0.777817
9.8000,agent,agent_01,2.948790,1.860132
9.8000,agent,agent_02,2.760914,2.913606
9.8000,agent,agent_03,3.374410,3.366095
9.8000,agent,agent_04,3.140000,4.000000
9.8000,agent,agent_05,3.393445,5.030902
9.8000,agent,agent_06,2.969658,5.169368
9.8000,agent,agent_07,2.743449,6.104693
9.8000,agent,agent_08,3.064944,7.235631
9.8000,agent,agent_09,4.934468,0.764101
9.8000,agent,agent_10,5.092275,1.876723
9.8000,agent,agent_11,5.310710,2.914908
9.8000,agent,agent_12,4.619442,3.326805
9.8000,agent,agent_13,4.860000,4.000000
9.8000,agent,agent_14,5.161165,4.254120
9.8000,agent,agent_15,4.728990,5.417097
9.8000,agent,agent_16,5.282260,6.106178
9.8000,agent,agent_17,4.966474,7.221316
9.8000,cargo,cargo_0,4.000000,4.000000
9.8500,agent,agent_00,3.043438,0.798945
9.8500,agent,agent_01,2.961128,1.878948
9.8500,agent,agent_02,2.761585,2.936096
9.8500,agent,agent_03,3.394776,3.375660
9.8500,agent,agent_04,3.155000,4.000000
9.8500,agent,agent_05,3.408848,5.039083
9.8500,agent,agent_06,2.980883,5.151595
9.8500,agent,agent_07,2.742166,6.082230
9.8500,agent,agent_08,3.075777,7.215911
9.8500,agent,agent_09,4.924661,0.784352
9.8500,agent,agent_10,5.084579,1.897866
9.8500,agent,agent_11,5.313634,2.937217
9.8500,agent,agent_12,4.596943,3.327048
9.8500,agent,agent_13,4.845000,4.000000
9.8500,agent,agent_14,5.161960,4.237610
9.8500,agent,agent_15,4.708994,5.406782
9.8500,agent,agent_16,5.284041,6.083748
9.8500,agent,agent_17,4.958915,7.200124
9.8500,cargo,cargo_0,4.000000,4.000000
9.9000,agent,agent_00,3.051174,0.820074
9.9000,agent,agent_01,2.973465,1.897764
9.9000,agent,agent_02,2.762255,2.958586
9.9000,agent,agent_03,3.415141,3.385224
9.9000,agent,agent_04,3.170000,4.000000
9.9000,agent,agent_05,3.424252,5.047264
9.9000,agent,agent_06,2.992502,5.133605
9.9000,agent,agent_07,2.740883,6.059766
9.9000,agent,agent_08,3.086611,7.196191
9.9000,agent,agent_09,4.914855,0.804602
9.9000,agent,agent_10,5.076883,1.919008
9.9000,agent,agent_11,5.316557,2.959527
9.9000,agent,agent_12,4.574445,3.327291
9.9000,agent,agent_13,4.830000,4.000000
9.9000,agent,agent_14,5.162214,4.220101
9.9000,agent,agent_15,4.688998,5.396466
9.9000,agent,agent_16,5.285823,6.061319
9.9000,agent,agent_17,4.951356,7.178932
9.9000,cargo,cargo_0,4.000000,4.000000
9.9500,agent,agent_00,3.059029,0.841158
9.9500,agent,agent_01,2.989705,1.913337
9.9500,agent,agent_02,2.766762,2.980630
9.9500,agent,agent_03,3.435096,3.395619
9.9500,agent,agent_04,3.185000,4.000000
9.9500,agent,agent_05,3.446316,5.048396
9.9500,agent,agent_06,3.004937,5.116452
9.9500,agent,agent_07,2.740427,6.037271
9.9500,agent,agent_08,3.097632,7.176575
9.9500,agent,agent_09,4.905136,0.824895
9.9500,agent,agent_10,5.066800,1.939123
9.9500,agent,agent_11,5.309528,2.980901
9.9500,agent,agent_12,4.551947,3.327592
9.9500,agent,agent_13,4.815000,4.000000
9.9500,agent,agent_14,5.159504,4.205014
9.9500,agent,agent_15,4.669547,5.385157
9.9500,agent,agent_16,5.284921,6.038837
9.9500,agent,agent_17,4.943798,7.157739
9.9500,cargo,cargo_0,4.000000,4.000000
10.0000,agent,agent_00,3.066884,0.862242
10.0000,agent,agent_01,3.005945,1.928910
10.0000,agent,agent_02,2.771269,3.002674
10.0000,agent,agent_03,3.455051,3.406014
10.0000,agent,agent_04,3.200000,4.000000
10.0000,agent,agent_05,3.468379,5.049529
10.0000,agent,agent_06,3.018717,5.099012
10.0000,agent,agent_07,2.739970,6.014776
10.0000,agent,agent_08,3.108653,7.156959
10.0000,agent,agent_09,4.895418,0.845188
10.0000,agent,agent_10,5.056717,1.959237
10.0000,agent,agent_11,5.302499,3.002275
10.0000,agent,agent_12,4.529449,3.327893
10.0000,agent,agent_13,4.800000,4.000000
10.0000,agent,agent_14,5.156294,4.189123
10.0000,agent,agent_15,4.650096,5.373847
10.0000,agent,agent_16,5.284019,6.016355
10.0000,agent,agent_17,4.936239,7.136547
10.0000,cargo,cargo_0,4.000000,4.000000
10.0500,agent,agent_00,3.074740,0.883326
10.0500,agent,agent_01,3.022184,1.944483
10.0500,agent,agent_02,2.775777,3.024718
10.0500,agent,agent_03,3.475006,3.416409
10.0500,agent,agent_04,3.215000,4.000000
10.0500,agent,agent_05,3.490443,5.050661
10.0500,agent,agent_06,3.032864,5.081516
10.0500,agent,agent_07,2.739513,5.992280
10.0500,agent,agent_08,3.119674,7.137343
10.0500,agent,agent_09,4.885699,0.865481
10.0500,agent,agent_10,5.046634,1.979351
10.0500,agent,agent_11,5.295471,3.023649
10.0500,agent,agent_12,4.506951,3.328194
10.0500,agent,agent_13,4.785000,4.000000
10.0500,agent,agent_14,5.152471,4.172457
10.0500,agent,agent_15,4.630645,5.362537
10.0500,agent,agent_16,5.283117,5.993873
10.0500,agent,agent_17,4.928681,7.115354
10.0500,cargo,cargo_0,4.000000,4.000000
10.1000,agent,agent_00,3.082299,0.904518
10.1000,agent,agent_01,3.038905,1.959538
10.1000,agent,agent_02,2.779823,3.046851
10.1000,agent,agent_03,3.494638,3.427402
10.1000,agent,agent_04,3.230000,4.000000
10.1000,agent,agent_05,3.505128,5.050771
10.1000,agent,agent_06,3.047522,5.064446
10.1000,agent,agent_07,2.738998,5.969786
10.1000,agent,agent_08,3.130756,7.117762
10.1000,agent,agent_09,4.876331,0.885938
10.1000,agent,agent_10,5.036154,1.999261
10.1000,agent,agent_11,5.289380,3.045309
10.1000,agent,agent_12,4.484468,3.327307
10.1000,agent,agent_13,4.770000,4.000000
10.1000,agent,agent_14,5.148035,4.154838
10.1000,agent,agent_15,4.611443,5.350810
10.1000,agent,agent_16,5.281898,5.971406
10.1000,agent,agent_17,4.921422,7.094057
10.1000,cargo,cargo_0,4.000000,4.000000
10.1500,agent,agent_00,3.089858,0.925711
10.1500,agent,agent_01,3.055626,1.974594
10.1500,agent,agent_02,2.783869,3.068985
10.1500,agent,agent_03,3.514269,3.438395
10.1500,agent,agent_04,3.245000,4.000000
10.1500,agent,agent_05,3.519812,5.050882
10.1500,agent,agent_06,3.062180,5.047376
10.1500,agent,agent_07,2.738483,5.947292
10.1500,agent,agent_08,3.141839,7.098180
10.1500,agent,agent_09,4.866962,0.906394
10.1500,agent,agent_10,5.025673,2.019171
10.1500,agent,agent_11,5.283290,3.066969
10.1500,agent,agent_12,4.461986,3.326419
10.1500,agent,agent_13,4.755000,4.000000
10.1500,agent,agent_14,5.142759,4.136546
10.1500,agent,agent_15,4.592241,5.339082
10.1500,agent,agent_16,5.280679,5.948939
10.1500,agent,agent_17,4.914163,7.072761
10.1500,cargo,cargo_0,4.000000,4.000000
10.2000,agent,agent_00,3.097417,0.946903
10.2000,agent,agent_01,3.072347,1.989649
10.2000,agent,agent_02,2.787915,3.091118
10.2000,agent,agent_03,3.528018,3.442899
10.2000,agent,agent_04,3.260000,4.000000
10.2000,agent,agent_05,3.534497,5.050992
10.2000,agent,agent_06,3.076838,5.030306
10.2000,agent,agent_07,2.737968,5.924798
10.2000,agent,agent_08,3.152921,7.078599
10.2000,agent,agent_09,4.857594,0.926851
10.2000,agent,agent_10,5.015193,2.039081
10.2000,agent,agent_11,5.277199,3.088629
10.2000,agent,agent_12,4.439503,3.325531
10.2000,agent,agent_13,4.740000,4.000000
10.2000,agent,agent_14,5.136552,4.117661
10.2000,agent,agent_15,4.573039,5.327355
10.2000,agent,agent_16,5.279460,5.926472
10.2000,agent,agent_17,4.906904,7.051464
10.2000,cargo,cargo_0,4.002589,4.002426
10.2500,agent,agent_00,3.104668,0.968202
10.2500,agent,agent_01,3.089556,2.004144
10.2500,agent,agent_02,2.791622,3.113310
10.2500,agent,agent_03,3.535431,3.441497
10.2500,agent,agent_04,3.272348,4.000000
10.2500,agent,agent_05,3.543792,5.051846
10.2500,agent,agent_06,3.092288,5.013949
10.2500,agent,agent_07,2.737342,5.902307
10.2500,agent,agent_08,3.164043,7.059040
10.2500,agent,agent_09,4.848634,0.947490
10.2500,agent,agent_10,5.004318,2.058779
10.2500,agent,agent_11,5.272074,3.110537
10.2500,agent,agent_12,4.417077,3.323714
10.2500,agent,agent_13,4.732992,3.999967
10.2500,agent,agent_14,5.129425,4.097973
10.2500,agent,agent_15,4.554046,5.315292
10.2500,agent,agent_16,5.278054,5.904016
10.2500,agent,agent_17,4.899956,7.030064
10.2500,cargo,cargo_0,4.006896,4.003470
10.3000,agent,agent_00,3.111920,0.989502
10.3000,agent,agent_01,3.106764,2.018640
10.3000,agent,agent_02,2.795330,3.135503
10.3000,agent,agent_03,3.540424,3.437390
10.3000,agent,agent_04,3.272532,3.999980
10.3000,agent,agent_05,3.553087,5.052700
10.3000,agent,agent_06,3.107738,4.997592
10.3000,agent,agent_07,2.736716,5.879815
10.3000,agent,agent_08,3.175165,7.039481
10.3000,agent,agent_09,4.839674,0.968129
10.3000,agent,agent_10,4.993443,2.078476
10.3000,agent,agent_11,5.266948,3.132445
10.3000,agent,agent_12,4.394650,3.321896
10.3000,agent,agent_13,4.733175,3.999903
10.3000,agent,agent_14,5.122176,4.078138
10.3000,agent,agent_15,4.535053,5.303230
10.3000,agent,agent_16,5.276649,5.881560
10.3000,agent,agent_17,4.893007,7.008663
10.3000,cargo,cargo_0,4.006795,4.003723
10.3500,agent,agent_00,3.119171,1.010801
10.3500,agent,agent_01,3.123973,2.033135
10.3500,agent,agent_02,2.799037,3.157695
10.3500,agent,agent_03,3.546043,3.433078
10.3500,agent,agent_04,3.272716,3.999938
10.3500,agent,agent_05,3.562382,5.053554
10.3500,agent,agent_06,3.123188,4.981235
10.3500,agent,agent_07,2.736090,5.857324
10.3500,agent,agent_08,3.186287,7.019923
10.3500,agent,agent_09,4.830714,0.988768
10.3500,agent,agent_10,4.982568,2.098173
10.3500,agent,agent_11,5.261823,3.154354
10.3500,agent,agent_12,4.372224,3.320079
10.3500,agent,agent_13,4.733357,3.999840
10.3500,agent,agent_14,5.115572,4.058328
10.3500,agent,agent_15,4.516059,5.291167
10.3500,agent,agent_16,5.275243,5.859104
10.3500,agent,agent_17,4.886058,6.987263
10.3500,cargo,cargo_0,4.006688,4.004006
10.4000,agent,agent_00,3.127678,1.031631
10.4000,agent,agent_01,3.141258,2.047539
10.4000,agent,agent_02,2.803371,3.179774
10.4000,agent,agent_03,3.553747,3.431935
10.4000,agent,agent_04,3.276791,3.999942
10.4000,agent,agent_05,3.570149,5.049832
10.4000,agent,agent_06,3.139828,4.966091
10.4000,agent,agent_07,2.738248,5.834928
10.4000,agent,agent_08,3.198049,7.000741
10.4000,agent,agent_09,4.819436,1.008238
10.4000,agent,agent_10,4.971516,2.117772
10.4000,agent,agent_11,5.257138,3.176361
10.4000,agent,agent_12,4.349844,3.317755
10.4000,agent,agent_13,4.737379,3.999014
10.4000,agent,agent_14,5.109449,4.038099
10.4000,agent,agent_15,4.497707,5.278150
10.4000,agent,agent_16,5.271938,5.836848
10.4000,agent,agent_17,4.878222,6.966172
10.4000,cargo,cargo_0,4.011723,4.005058
10.4500,agent,agent_00,3.136186,1.052461
10.4500,agent,agent_01,3.158543,2.061943
10.4500,agent,agent_02,2.807705,3.201852
10.4500,agent,agent_03,3.559386,3.428191
10.4500,agent,agent_04,3.277319,3.999911
10.4500,agent,agent_05,3.577917,5.046110
10.4500,agent,agent_06,3.156469,4.950946
10.4500,agent,agent_07,2.740406,5.812531
10.4500,agent,agent_08,3.209810,6.981560
10.4500,agent,agent_09,4.808157,1.027707
10.4500,agent,agent_10,4.960464,2.137370
10.4500,agent,agent_11,5.252453,3.198368
10.4500,agent,agent_12,4.327464,3.315432
10.4500,agent,agent_13,4.737866,3.998327
10.4500,agent,agent_14,5.104034,4.017810
10.4500,agent,agent_15,4.479355,5.265133
10.4500,agent,agent_16,5.268632,5.814592
10.4500,agent,agent_17,4.870385,6.945081
10.4500,cargo,cargo_0,4.011830,4.005185
10.5000,agent,agent_00,3.144694,1.073290
10.5000,agent,agent_01,3.175828,2.076347
10.5000,agent,agent_02,2.812039,3.223931
10.5000,agent,agent_03,3.565843,3.424267
10.5000,agent,agent_04,3.277847,3.999842
10.5000,agent,agent_05,3.585684,5.042387
10.5000,agent,agent_06,3.173109,4.935802
10.5000,agent,agent_07,2.742564,5.790135
10.5000,agent,agent_08,3.221571,6.962379
10.5000,agent,agent_09,4.796879,1.047176
10.5000,agent,agent_10,4.949411,2.156969
10.5000,agent,agent_11,5.247769,3.220375
10.5000,agent,agent_12,4.305085,3.313108
10.5000,agent,agent_13,4.738354,3.997639
10.5000,agent,agent_14,5.098584,3.997337
10.5000,agent,agent_15,4.461003,5.252116
10.5000,agent,agent_16,5.265327,5.792336
10.5000,agent,agent_17,4.862548,6.923990
10.5000,cargo,cargo_0,4.011834,4.005288
10.5500,agent,agent_00,3.152882,1.094247
10.5500,agent,agent_01,3.193844,2.089825
10.5500,agent,agent_02,2.816048,3.246071
10.5500,agent,agent_03,3.572981,3.422945
10.5500,agent,agent_04,3.282239,3.999852
10.5500,agent,agent_05,3.587386,5.038537
10.5500,agent,agent_06,3.190261,4.921240
10.5500,agent,agent_07,2.745016,5.767769
10.5500,agent,agent_08,3.233337,6.943200
10.5500,agent,agent_09,4.786008,1.066875
10.5500,agent,agent_10,4.937980,2.176348
10.5500,agent,agent_11,5.244059,3.242567
10.5500,agent,agent_12,4.282886,3.309436
10.5500,agent,agent_13,4.742709,3.996808
10.5500,agent,agent_14,5.092895,3.976493
10.5500,agent,agent_15,4.442850,5.238822
10.5500,agent,agent_16,5.260663,5.770325
10.5500,agent,agent_17,4.855046,6.902778
10.5500,cargo,cargo_0,4.017182,4.006247
10.6000,agent,agent_00,3.161070,1.115205
10.6000,agent,agent_01,3.211860,2.103304
10.6000,agent,agent_02,2.820058,3.268211
10.6000,agent,agent_03,3.578719,3.419679
10.6000,agent,agent_04,3.283112,3.999863
10.6000,agent,agent_05,3.589088,5.034686
10.6000,agent,agent_06,3.207413,4.906678
10.6000,agent,agent_07,2.747468,5.745403
10.6000,agent,agent_08,3.245102,6.924021
10.6000,agent,agent_09,4.775137,1.086575
10.6000,agent,agent_10,4.926549,2.195728
10.6000,agent,agent_11,5.240349,3.264759
10.6000,agent,agent_12,4.260688,3.305765
10.6000,agent,agent_13,4.743524,3.996127
10.6000,agent,agent_14,5.087283,3.955485
10.6000,agent,agent_15,4.424697,5.225528
10.6000,agent,agent_16,5.255999,5.748314
10.6000,agent,agent_17,4.847543,6.881565
10.6000,cargo,cargo_0,4.017494,4.006386
10.6500,agent,agent_00,3.169258,1.136162
10.6500,agent,agent_01,3.229877,2.116782
10.6500,agent,agent_02,2.824067,3.290351
10.6500,agent,agent_03,3.584468,3.416411
10.6500,agent,agent_04,3.283984,3.999876
10.6500,agent,agent_05,3.590790,5.030835
10.6500,agent,agent_06,3.224053,4.891944
10.6500,agent,agent_07,2.749920,5.723037
10.6500,agent,agent_08,3.256867,6.904842
10.6500,agent,agent_09,4.764266,1.106274
10.6500,agent,agent_10,4.915117,2.215108
10.6500,agent,agent_11,5.236639,3.286951
10.6500,agent,agent_12,4.238489,3.302093
10.6500,agent,agent_13,4.744341,3.995456
10.6500,agent,agent_14,5.081015,3.934381
10.6500,agent,agent_15,4.406544,5.212234
10.6500,agent,agent_16,5.251336,5.726302
10.6500,agent,agent_17,4.840040,6.860353
10.6500,cargo,cargo_0,4.017437,4.007030
10.7000,agent,agent_00,3.177116,1.157245
10.7000,agent,agent_01,3.248201,2.129839
10.7000,agent,agent_02,2.828179,3.312472
10.7000,agent,agent_03,3.590953,3.415945
10.7000,agent,agent_04,3.288179,3.999883
10.7000,agent,agent_05,3.588932,5.027180
10.7000,agent,agent_06,3.240069,4.877335
10.7000,agent,agent_07,2.752219,5.700655
10.7000,agent,agent_08,3.268608,6.885648
10.7000,agent,agent_09,4.753865,1.126226
10.7000,agent,agent_10,4.903336,2.234277
10.7000,agent,agent_11,5.233066,3.309165
10.7000,agent,agent_12,4.216662,3.296635
10.7000,agent,agent_13,4.748702,4.001623
10.7000,agent,agent_14,5.073908,3.913077
10.7000,agent,agent_15,4.388562,5.198711
10.7000,agent,agent_16,5.245888,5.704472
10.7000,agent,agent_17,4.832882,6.839022
10.7000,cargo,cargo_0,4.022028,4.011552
10.7500,agent,agent_00,3.184974,1.178328
10.7500,agent,agent_01,3.266525,2.142895
10.7500,agent,agent_02,2.832291,3.334593
10.7500,agent,agent_03,3.595972,3.413446
10.7500,agent,agent_04,3.289319,3.999877
10.7500,agent,agent_05,3.587073,5.023525
10.7500,agent,agent_06,3.255446,4.862371
10.7500,agent,agent_07,2.754518,5.678273
10.7500,agent,agent_08,3.280348,6.866454
10.7500,agent,agent_09,4.743464,1.146178
10.7500,agent,agent_10,4.891555,2.253446
10.7500,agent,agent_11,5.229494,3.331380
10.7500,agent,agent_12,4.194834,3.291177
10.7500,agent,agent_13,4.749808,4.001256
10.7500,agent,agent_14,5.066527,3.891822
10.7500,agent,agent_15,4.370579,5.185187
10.7500,agent,agent_16,5.240440,5.682641
10.7500,agent,agent_17,4.825724,6.817691
10.7500,cargo,cargo_0,4.022272,4.011924
10.8000,agent,agent_00,3.192832,1.199411
10.8000,agent,agent_01,3.284849,2.155952
10.8000,agent,agent_02,2.836402,3.356714
10.8000,agent,agent_03,3.601000,3.410945
10.8000,agent,agent_04,3.290460,3.999855
10.8000,agent,agent_05,3.585214,5.019870
10.8000,agent,agent_06,3.270430,4.847090
10.8000,agent,agent_07,2.756818,5.655891
10.8000,agent,agent_08,3.292089,6.847260
10.8000,agent,agent_09,4.733064,1.166130
10.8000,agent,agent_10,4.879773,2.272615
10.8000,agent,agent_11,5.225922,3.353594
10.8000,agent,agent_12,4.173006,3.285718
10.8000,agent,agent_13,4.750913,4.000749
10.8000,agent,agent_14,5.059145,3.870567
10.8000,agent,agent_15,4.352597,5.171664
10.8000,agent,agent_16,5.234992,5.660811
10.8000,agent,agent_17,4.818566,6.796360
10.8000,cargo,cargo_0,4.022815,4.012214
10.8500,agent,agent_00,3.200673,1.220501
10.8500,agent,agent_01,3.302994,2.169256
10.8500,agent,agent_02,2.840678,3.378804
10.8500,agent,agent_03,3.599575,3.408938
10.8500,agent,agent_04,3.293952,3.999766
10.8500,agent,agent_05,3.599023,5.002484
10.8500,agent,agent_06,3.285113,4.831806
10.8500,agent,agent_07,2.759497,5.633551
10.8500,agent,agent_08,3.305324,6.829064
10.8500,agent,agent_09,4.723417,1.186457
10.8500,agent,agent_10,4.867596,2.291535
10.8500,agent,agent_11,5.222669,3.375858
10.8500,agent,agent_12,4.180815,3.286547
10.8500,agent,agent_13,4.754012,4.002655
10.8500,agent,agent_14,5.054985,3.866148
10.8500,agent,agent_15,4.335234,5.157354
10.8500,agent,agent_16,5.229958,5.638881
10.8500,agent,agent_17,4.811204,6.775098
10.8500,cargo,cargo_0,4.024709,4.013065
10.9000,agent,agent_00,3.208513,1.241591
10.9000,agent,agent_01,3.321139,2.182561
10.9000,agent,agent_02,2.844954,3.400894
10.9000,agent,agent_03,3.598150,3.406931
10.9000,agent,agent_04,3.295275,3.999660
10.9000,agent,agent_05,3.612832,4.985097
10.9000,agent,agent_06,3.299506,4.816381
10.9000,agent,agent_07,2.762177,5.611211
10.9000,agent,agent_08,3.318558,6.810868
10.9000,agent,agent_09,4.713771,1.206784
10.9000,agent,agent_10,4.855420,2.310455
10.9000,agent,agent_11,5.219416,3.398122
10.9000,agent,agent_12,4.188624,3.287375
10.9000,agent,agent_13,4.755268,4.001796
10.9000,agent,agent_14,5.051212,3.861506
10.9000,agent,agent_15,4.317871,5.143044
10.9000,agent,agent_16,5.224924,5.616952
10.9000,agent,agent_17,4.803843,6.753837
10.9000,cargo,cargo_0,4.025299,4.012851
10.9500,agent,agent_00,3.216353,1.262681
10.9500,agent,agent_01,3.339284,2.195866
10.9500,agent,agent_02,2.849230,3.422984
10.9500,agent,agent_03,3.596726,3.404925
10.9500,agent,agent_04,3.296602,3.999470
10.9500,agent,agent_05,3.626641,4.967711
10.9500,agent,agent_06,3.313646,4.800840
10.9500,agent,agent_07,2.764857,5.588871
10.9500,agent,agent_08,3.331793,6.792672
10.9500,agent,agent_09,4.704125,1.227112
10.9500,agent,agent_10,4.843243,2.329376
10.9500,agent,agent_11,5.216390,3.419762
10.9500,agent,agent_12,4.196434,3.288203
10.9500,agent,agent_13,4.756561,4.001993
10.9500,agent,agent_14,5.047728,3.856689
10.9500,agent,agent_15,4.300508,5.128734
10.9500,agent,agent_16,5.219890,5.595022
10.9500,agent,agent_17,4.796481,6.732575
10.9500,cargo,cargo_0,4.026214,4.012941
11.0000,agent,agent_00,3.223848,1.283896
11.0000,agent,agent_01,3.357634,2.208885
11.0000,agent,agent_02,2.853053,3.445157
11.0000,agent,agent_03,3.595478,3.403440
11.0000,agent,agent_04,3.297357,3.999238
11.0000,agent,agent_05,3.638068,4.952582
11.0000,agent,agent_06,3.327421,4.785468
11.0000,agent,agent_07,2.767856,5.566572
11.0000,agent,agent_08,3.344985,6.774445
11.0000,agent,agent_09,4.695083,1.247715
11.0000,agent,agent_10,4.830646,2.348019
11.0000,agent,agent_11,5.214173,3.438959
11.0000,agent,agent_12,4.202962,3.289255
11.0000,agent,agent_13,4.757310,4.001757
11.0000,agent,agent_14,5.043414,3.849780
11.0000,agent,agent_15,4.283426,5.114090
11.0000,agent,agent_16,5.213526,5.573441
11.0000,agent,agent_17,4.789470,6.711195
11.0000,cargo,cargo_0,4.026862,4.012877
11.0500,agent,agent_00,3.231342,1.305111
11.0500,agent,agent_01,3.375985,2.221905
11.0500,agent,agent_02,2.856875,3.467330
11.0500,agent,agent_03,3.594229,3.401956
11.0500,agent,agent_04,3.298648,3.999009
11.0500,agent,agent_05,3.649494,4.937453
11.0500,agent,agent_06,3.341036,4.769988
11.0500,agent,agent_07,2.770855,5.544273
11.0500,agent,agent_08,3.358177,6.756218
11.0500,agent,agent_09,4.686042,1.268319
11.0500,agent,agent_10,4.818048,2.366662
11.0500,agent,agent_11,5.212990,3.455885
11.0500,agent,agent_12,4.209490,3.290307
11.0500,agent,agent_13,4.758609,4.003006
11.0500,agent,agent_14,5.039066,3.842791
11.0500,agent,agent_15,4.266344,5.099445
11.0500,agent,agent_16,5.207163,5.551859
11.0500,agent,agent_17,4.782459,6.689816
11.0500,cargo,cargo_0,4.028322,4.013384
11.1000,agent,agent_00,3.238836,1.326326
11.1000,agent,agent_01,3.394335,2.234924
11.1000,agent,agent_02,2.860698,3.489503
11.1000,agent,agent_03,3.592981,3.400472
11.1000,agent,agent_04,3.299939,3.998776
11.1000,agent,agent_05,3.660921,4.922324
11.1000,agent,agent_06,3.354516,4.754412
11.1000,agent,agent_07,2.773855,5.521973
11.1000,agent,agent_08,3.371368,6.737991
11.1000,agent,agent_09,4.677000,1.288922
11.1000,agent,agent_10,4.805451,2.385304
11.1000,agent,agent_11,5.212874,3.470840
11.1000,agent,agent_12,4.216018,3.291360
11.1000,agent,agent_13,4.759914,4.004449
11.1000,agent,agent_14,5.034571,3.835763
11.1000,agent,agent_15,4.249262,5.084801
11.1000,agent,agent_16,5.200799,5.530278
11.1000,agent,agent_17,4.775447,6.668436
11.1000,cargo,cargo_0,4.029800,4.013938
11.1500,agent,agent_00,3.245975,1.347664
11.1500,agent,agent_01,3.412811,2.247766
11.1500,agent,agent_02,2.872995,3.492524
11.1500,agent,agent_03,3.592042,3.398913
11.1500,agent,agent_04,3.300909,3.998469
11.1500,agent,agent_05,3.670855,4.909767
11.1500,agent,agent_06,3.356982,4.743086
11.1500,agent,agent_07,2.776934,5.499685
11.1500,agent,agent_08,3.384484,6.719709
11.1500,agent,agent_09,4.668638,1.309810
11.1500,agent,agent_10,4.792442,2.403662
11.1500,agent,agent_11,5.195084,3.465408
11.1500,agent,agent_12,4.221328,3.292303
11.1500,agent,agent_13,4.760880,4.005416
11.1500,agent,agent_14,5.028927,3.827180
11.1500,agent,agent_15,4.253389,5.065295
11.1500,agent,agent_16,5.194202,5.508767
11.1500,agent,agent_17,4.768796,6.646942
11.1500,cargo,cargo_0,4.030573,4.014193
11.2000,agent,agent_00,3.253114,1.369001
11.2000,agent,agent_01,3.431286,2.260608
11.2000,agent,agent_02,2.885292,3.495545
11.2000,agent,agent_03,3.591103,3.397355
11.2000,agent,agent_04,3.302124,3.998163
11.2000,agent,agent_05,3.680789,4.897210
11.2000,agent,agent_06,3.359448,4.731761
11.2000,agent,agent_07,2.780013,5.477397
11.2000,agent,agent_08,3.397600,6.701427
11.2000,agent,agent_09,4.660276,1.330699
11.2000,agent,agent_10,4.779433,2.422020
11.2000,agent,agent_11,5.177295,3.459975
11.2000,agent,agent_12,4.226638,3.293246
11.2000,agent,agent_13,4.762112,4.006810
11.2000,agent,agent_14,5.022958,3.818662
11.2000,agent,agent_15,4.257516,5.045789
11.2000,agent,agent_16,5.187604,5.487256
11.2000,agent,agent_17,4.762144,6.625447
11.2000,cargo,cargo_0,4.031761,4.014587
11.2500,agent,agent_00,3.260253,1.390339
11.2500,agent,agent_01,3.449761,2.273450
11.2500,agent,agent_02,2.897590,3.498567
11.2500,agent,agent_03,3.590164,3.395796
11.2500,agent,agent_04,3.303339,3.997855
11.2500,agent,agent_05,3.690723,4.884653
11.2500,agent,agent_06,3.361914,4.720435
11.2500,agent,agent_07,2.783092,5.455108
11.2500,agent,agent_08,3.410716,6.683146
11.2500,agent,agent_09,4.651914,1.351587
11.2500,agent,agent_10,4.766424,2.440378
11.2500,agent,agent_11,5.159505,3.454543
11.2500,agent,agent_12,4.231948,3.294188
11.2500,agent,agent_13,4.763341,4.008151
11.2500,agent,agent_14,5.016632,3.810255
11.2500,agent,agent_15,4.261643,5.026283
11.2500,agent,agent_16,5.181007,5.465745
11.2500,agent,agent_17,4.755492,6.603953
11.2500,cargo,cargo_0,4.033052,4.014816
11.3000,agent,agent_00,3.267026,1.411795
11.3000,agent,agent_01,3.467948,2.286697
11.3000,agent,agent_02,2.908662,3.502100
11.3000,agent,agent_03,3.589830,3.394575
11.3000,agent,agent_04,3.304105,3.997606
11.3000,agent,agent_05,3.698968,4.874219
11.3000,agent,agent_06,3.363843,4.709840
11.3000,agent,agent_07,2.786230,5.432828
11.3000,agent,agent_08,3.423639,6.664727
11.3000,agent,agent_09,4.644224,1.372732
11.3000,agent,agent_10,4.753123,2.458526
11.3000,agent,agent_11,5.142280,3.450339
11.3000,agent,agent_12,4.236308,3.295220
11.3000,agent,agent_13,4.764067,4.008780
11.3000,agent,agent_14,5.010896,3.803213
11.3000,agent,agent_15,4.265776,5.009436
11.3000,agent,agent_16,5.172161,5.445056
11.3000,agent,agent_17,4.749414,6.582290
11.3000,cargo,cargo_0,4.033618,4.014970
11.3500,agent,agent_00,3.273799,1.433251
11.3500,agent,agent_01,3.486135,2.299944
11.3500,agent,agent_02,2.919734,3.505632
11.3500,agent,agent_03,3.589497,3.393354
11.3500,agent,agent_04,3.305232,3.997362
11.3500,agent,agent_05,3.707213,4.863785
11.3500,agent,agent_06,3.365772,4.699246
11.3500,agent,agent_07,2.789368,5.410548
11.3500,agent,agent_08,3.436562,6.646308
11.3500,agent,agent_09,4.636534,1.393877
11.3500,agent,agent_10,4.739822,2.476673
11.3500,agent,agent_11,5.125055,3.446135
11.3500,agent,agent_12,4.240669,3.296252
11.3500,agent,agent_13,4.765204,4.009907
11.3500,agent,agent_14,5.004902,3.796255
11.3500,agent,agent_15,4.269908,4.992589
11.3500,agent,agent_16,5.163316,5.424368
11.3500,agent,agent_17,4.743336,6.560626
11.3500,cargo,cargo_0,4.034733,4.015160
11.4000,agent,agent_00,3.280572,1.454708
11.4000,agent,agent_01,3.504322,2.313191
11.4000,agent,agent_02,2.930806,3.509165
11.4000,agent,agent_03,3.589164,3.392133
11.4000,agent,agent_04,3.306360,3.997115
11.4000,agent,agent_05,3.715458,4.853351
11.4000,agent,agent_06,3.367701,4.688651
11.4000,agent,agent_07,2.792506,5.388268
11.4000,agent,agent_08,3.449485,6.627889
11.4000,agent,agent_09,4.628843,1.415022
11.4000,agent,agent_10,4.726521,2.494821
11.4000,agent,agent_11,5.107830,3.441931
11.4000,agent,agent_12,4.245029,3.297283
11.4000,agent,agent_13,4.766340,4.010980
11.4000,agent,agent_14,4.998625,3.789414
11.4000,agent,agent_15,4.274041,4.975742
11.4000,agent,agent_16,5.154471,5.403680
11.4000,agent,agent_17,4.737258,6.538963
11.4000,cargo,cargo_0,4.036000,4.015340
11.4500,agent,agent_00,3.286974,1.476278
11.4500,agent,agent_01,3.522657,2.326232
11.4500,agent,agent_02,2.939548,3.513020
11.4500,agent,agent_03,3.589636,3.390581
11.4500,agent,agent_04,3.307016,3.997065
11.4500,agent,agent_05,3.721843,4.844358
11.4500,agent,agent_06,3.369906,4.679735
11.4500,agent,agent_07,2.795632,5.365986
11.4500,agent,agent_08,3.462250,6.609361
11.4500,agent,agent_09,4.622010,1.436459
11.4500,agent,agent_10,4.712756,2.512619
11.4500,agent,agent_11,5.091638,3.440211
11.4500,agent,agent_12,4.248082,3.298003
11.4500,agent,agent_13,4.766986,4.011481
11.4500,agent,agent_14,4.992824,3.783508
11.4500,agent,agent_15,4.277857,4.961019
11.4500,agent,agent_16,5.143984,5.383773
11.4500,agent,agent_17,4.731558,6.517197
11.4500,cargo,cargo_0,4.036465,4.015464
11.5000,agent,agent_00,3.293375,1.497848
11.5000,agent,agent_01,3.540992,2.339274
11.5000,agent,agent_02,2.948291,3.516875
11.5000,agent,agent_03,3.590108,3.389029
11.5000,agent,agent_04,3.308108,3.997017
11.5000,agent,agent_05,3.728227,4.835365
11.5000,agent,agent_06,3.372110,4.670820
11.5000,agent,agent_07,2.798758,5.343705
11.5000,agent,agent_08,3.475016,6.590833
11.5000,agent,agent_09,4.615176,1.457896
11.5000,agent,agent_10,4.698991,2.530417
11.5000,agent,agent_11,5.075445,3.438490
11.5000,agent,agent_12,4.251136,3.298724
11.5000,agent,agent_13,4.768089,4.012427
11.5000,agent,agent_14,4.986804,3.777691
11.5000,agent,agent_15,4.281673,4.946296
11.5000,agent,agent_16,5.133497,5.363867
11.5000,agent,agent_17,4.725858,6.495431
11.5000,cargo,cargo_0,4.037558,4.015560
11.5500,agent,agent_00,3.299776,1.519418
11.5500,agent,agent_01,3.559327,2.352315
11.5500,agent,agent_02,2.957034,3.520731
11.5500,agent,agent_03,3.590580,3.387477
11.5500,agent,agent_04,3.309200,3.996970
11.5500,agent,agent_05,3.734611,4.826372
11.5500,agent,agent_06,3.374315,4.661904
11.5500,agent,agent_07,2.801883,5.321423
11.5500,agent,agent_08,3.487781,6.572305
11.5500,agent,agent_09,4.608342,1.479334
11.5500,agent,agent_10,4.685227,2.548216
11.5500,agent,agent_11,5.059252,3.436770
11.5500,agent,agent_12,4.254190,3.299444
11.5500,agent,agent_13,4.769191,4.013322
11.5500,agent,agent_14,4.980546,3.771991
11.5500,agent,agent_15,4.285489,4.931574
11.5500,agent,agent_16,5.123009,5.343960
11.5500,agent,agent_17,4.720158,6.473665
11.5500,cargo,cargo_0,4.038819,4.015803
11.6000,agent,agent_00,3.305780,1.541102
11.6000,agent,agent_01,3.556164,2.374592
11.6000,agent,agent_02,2.964956,3.524037
11.6000,agent,agent_03,3.591732,3.386497
11.6000,agent,agent_04,3.309757,3.997083
11.6000,agent,agent_05,3.740294,4.819200
11.6000,agent,agent_06,3.376912,4.654301
11.6000,agent,agent_07,2.809454,5.300235
11.6000,agent,agent_08,3.500340,6.553636
11.6000,agent,agent_09,4.602450,1.501048
11.6000,agent,agent_10,4.679138,2.562274
11.6000,agent,agent_11,5.046724,3.433944
11.6000,agent,agent_12,4.256031,3.300272
11.6000,agent,agent_13,4.769759,4.013701
11.6000,agent,agent_14,4.975607,3.767785
11.6000,agent,agent_15,4.287924,4.919727
11.6000,agent,agent_16,5.108333,5.326906
11.6000,agent,agent_17,4.714850,6.451800
11.6000,cargo,cargo_0,4.039167,4.015893
11.6500,agent,agent_00,3.311785,1.562786
11.6500,agent,agent_01,3.553001,2.396868
11.6500,agent,agent_02,2.972879,3.527344
11.6500,agent,agent_03,3.592885,3.385518
11.6500,agent,agent_04,3.310798,3.997176
11.6500,agent,agent_05,3.745977,4.812027
11.6500,agent,agent_06,3.379508,4.646698
11.6500,agent,agent_07,2.817024,5.279046
11.6500,agent,agent_08,3.512899,6.534967
11.6500,agent,agent_09,4.596558,1.522763
11.6500,agent,agent_10,4.673050,2.576333
11.6500,agent,agent_11,5.034196,3.431119
11.6500,agent,agent_12,4.257872,3.301099
11.6500,agent,agent_13,4.770811,4.014484
11.6500,agent,agent_14,4.970536,3.763638
11.6500,agent,agent_15,4.290359,4.907880
11.6500,agent,agent_16,5.093656,5.309852
11.6500,agent,agent_17,4.709543,6.429934
11.6500,cargo,cargo_0,4.040206,4.016021
11.7000,agent,agent_00,3.317789,1.584470
11.7000,agent,agent_01,3.549838,2.419145
11.7000,agent,agent_02,2.980801,3.530651
11.7000,agent,agent_03,3.594037,3.384538
11.7000,agent,agent_04,3.311840,3.997248
11.7000,agent,agent_05,3.751660,4.804855
11.7000,agent,agent_06,3.382104,4.639094
11.7000,agent,agent_07,2.824595,5.257858
11.7000,agent,agent_08,3.525457,6.516298
11.7000,agent,agent_09,4.590665,1.544478
11.7000,agent,agent_10,4.666961,2.590391
11.7000,agent,agent_11,5.021668,3.428293
11.7000,agent,agent_12,4.259712,3.301926
11.7000,agent,agent_13,4.771862,4.015235
11.7000,agent,agent_14,4.965884,3.760019
11.7000,agent,agent_15,4.292794,4.896032
11.7000,agent,agent_16,5.078980,5.292797
11.7000,agent,agent_17,4.704236,6.408069
11.7000,cargo,cargo_0,4.041429,4.016218
11.7500,agent,agent_00,3.323261,1.606295
11.7500,agent,agent_01,3.565271,2.435518
11.7500,agent,agent_02,2.988575,3.533649
11.7500,agent,agent_03,3.594652,3.383976
11.7500,agent,agent_04,3.312246,3.997344
11.7500,agent,agent_05,3.756567,4.798990
11.7500,agent,agent_06,3.383719,4.631997
11.7500,agent,agent_07,2.832217,5.236689
11.7500,agent,agent_08,3.537771,6.497467
11.7500,agent,agent_09,4.585444,1.566364
11.7500,agent,agent_10,4.660716,2.606046
11.7500,agent,agent_11,5.009644,3.425798
11.7500,agent,agent_12,4.261466,3.302949
11.7500,agent,agent_13,4.772301,4.015495
11.7500,agent,agent_14,4.961855,3.757030
11.7500,agent,agent_15,4.296756,4.884413
11.7500,agent,agent_16,5.074521,5.270743
11.7500,agent,agent_17,4.699208,6.386138
11.7500,cargo,cargo_0,4.041614,4.016255
11.8000,agent,agent_00,3.328733,1.628119
11.8000,agent,agent_01,3.580703,2.451892
11.8000,agent,agent_02,2.996349,3.536647
11.8000,agent,agent_03,3.595266,3.383414
11.8000,agent,agent_04,3.313228,3.997439
11.8000,agent,agent_05,3.761474,4.793124
11.8000,agent,agent_06,3.385334,4.624899
11.8000,agent,agent_07,2.839840,5.215519
11.8000,agent,agent_08,3.550085,6.478635
11.8000,agent,agent_09,4.580222,1.588249
11.8000,agent,agent_10,4.654470,2.621701
11.8000,agent,agent_11,4.997621,3.423304
11.8000,agent,agent_12,4.263219,3.303971
11.8000,agent,agent_13,4.773287,4.016158
11.8000,agent,agent_14,4.958113,3.754346
11.8000,agent,agent_15,4.300719,4.872794
11.8000,agent,agent_16,5.070062,5.248690
11.8000,agent,agent_17,4.694180,6.364207
11.8000,cargo,cargo_0,4.042609,4.016398
11.8500,agent,agent_00,3.334205,1.649944
11.8500,agent,agent_01,3.596135,2.468266
11.8500,agent,agent_02,3.004123,3.539645
11.8500,agent,agent_03,3.595880,3.382853
11.8500,agent,agent_04,3.314209,3.997533
11.8500,agent,agent_05,3.766381,4.787259
11.8500,agent,agent_06,3.386949,4.617801
11.8500,agent,agent_07,2.847463,5.194350
11.8500,agent,agent_08,3.562398,6.459804
11.8500,agent,agent_09,4.575001,1.610135
11.8500,agent,agent_10,4.648224,2.637356
11.8500,agent,agent_11,4.985598,3.420809
11.8500,agent,agent_12,4.264973,3.304994
11.8500,agent,agent_13,4.774273,4.016803
11.8500,agent,agent_14,4.954696,3.751985
11.8500,agent,agent_15,4.304682,4.861174
11.8500,agent,agent_16,5.065604,5.226636
11.8500,agent,agent_17,4.689152,6.342276
11.8500,cargo,cargo_0,4.043766,4.016591
11.9000,agent,agent_00,3.339404,1.671835
11.9000,agent,agent_01,3.602467,2.487331
11.9000,agent,agent_02,3.010145,3.543022
11.9000,agent,agent_03,3.597114,3.382178
11.9000,agent,agent_04,3.314694,3.997613
11.9000,agent,agent_05,3.770370,4.782900
11.9000,agent,agent_06,3.388445,4.611373
11.9000,agent,agent_07,2.855162,5.173208
11.9000,agent,agent_08,3.574414,6.440781
11.9000,agent,agent_09,4.571018,1.632280
11.9000,agent,agent_10,4.640742,2.649859
11.9000,agent,agent_11,4.973956,3.419589
11.9000,agent,agent_12,4.265930,3.305789
11.9000,agent,agent_13,4.774708,4.017056
11.9000,agent,agent_14,4.951501,3.749851
11.9000,agent,agent_15,4.307855,4.851516
11.9000,agent,agent_16,5.059453,5.204993
11.9000,agent,agent_17,4.684693,6.320222
11.9000,cargo,cargo_0,4.043996,4.016631
11.9500,agent,agent_00,3.344603,1.693726
11.9500,agent,agent_01,3.608799,2.506397
11.9500,agent,agent_02,3.016168,3.546399
11.9500,agent,agent_03,3.598348,3.381502
11.9500,agent,agent_04,3.315757,3.997683
11.9500,agent,agent_05,3.774358,4.778541
11.9500,agent,agent_06,3.389941,4.604945
11.9500,agent,agent_07,2.862862,5.152067
11.9500,agent,agent_08,3.586430,6.421758
11.9500,agent,agent_09,4.567034,1.654424
11.9500,agent,agent_10,4.633260,2.662361
11.9500,agent,agent_11,4.962313,3.418368
11.9500,agent,agent_12,4.266887,3.306585
11.9500,agent,agent_13,4.775776,4.017728
11.9500,agent,agent_14,4.948745,3.748063
11.9500,agent,agent_15,4.311028,4.841857
11.9500,agent,agent_16,5.053303,5.183350
11.9500,agent,agent_17,4.680234,6.298169
11.9500,cargo,cargo_0,4.045149,4.016907
12.0000,agent,agent_00,3.349802,1.715617
12.0000,agent,agent_01,3.615130,2.525463
12.0000,agent,agent_02,3.022190,3.549776
12.0000,agent,agent_03,3.599583,3.380827
12.0000,agent,agent_04,3.316821,3.997741
12.0000,agent,agent_05,3.778346,4.774181
12.0000,agent,agent_06,3.391437,4.598517
12.0000,agent,agent_07,2.870561,5.130925
12.0000,agent,agent_08,3.598445,6.402735
12.0000,agent,agent_09,4.563051,1.676569
12.0000,agent,agent_10,4.625778,2.674864
12.0000,agent,agent_11,4.950671,3.417148
12.0000,agent,agent_12,4.267844,3.307380
12.0000,agent,agent_13,4.776845,4.018382
12.0000,agent,agent_14,4.946286,3.746516
12.0000,agent,agent_15,4.314201,4.832198
12.0000,agent,agent_16,5.047152,5.161707
12.0000,agent,agent_17,4.675775,6.276115
12.0000,cargo,cargo_0,4.046414,4.017157
12.0500,agent,agent_00,3.356241,1.737176
12.0500,agent,agent_01,3.620972,2.545447
12.0500,agent,agent_02,3.027782,3.551952
12.0500,agent,agent_03,3.600452,3.380798
12.0500,agent,agent_04,3.317267,3.997847
12.0500,agent,agent_05,3.781605,4.770929
12.0500,agent,agent_06,3.391656,4.592608
12.0500,agent,agent_07,2.878255,5.109781
12.0500,agent,agent_08,3.602680,6.380637
12.0500,agent,agent_09,4.560092,1.698873
12.0500,agent,agent_10,4.619269,2.687497
12.0500,agent,agent_11,4.939628,3.417815
12.0500,agent,agent_12,4.268915,3.308603
12.0500,agent,agent_13,4.777262,4.018617
12.0500,agent,agent_14,4.944013,3.745126
12.0500,agent,agent_15,4.317443,4.823338
12.0500,agent,agent_16,5.039809,5.140439
12.0500,agent,agent_17,4.666056,6.255823
12.0500,cargo,cargo_0,4.046589,4.017181
12.1000,agent,agent_00,3.362680,1.758735
12.1000,agent,agent_01,3.626813,2.565431
12.1000,agent,agent_02,3.033373,3.554127
12.1000,agent,agent_03,3.601322,3.380770
12.1000,agent,agent_04,3.318233,3.997946
12.1000,agent,agent_05,3.784864,4.767676
12.1000,agent,agent_06,3.391876,4.586700
12.1000,agent,agent_07,2.885949,5.088638
12.1000,agent,agent_08,3.606916,6.358539
12.1000,agent,agent_09,4.557133,1.721178
12.1000,agent,agent_10,4.612760,2.700130
12.1000,agent,agent_11,4.928584,3.418481
12.1000,agent,agent_12,4.269987,3.309825
12.1000,agent,agent_13,4.778231,4.019187
12.1000,agent,agent_14,4.942280,3.744089
12.1000,agent,agent_15,4.320686,4.814478
12.1000,agent,agent_16,5.032465,5.119171
12.1000,agent,agent_17,4.656336,6.235530
12.1000,cargo,cargo_0,4.047569,4.017418
12.1500,agent,agent_00,3.369120,1.780294
12.1500,agent,agent_01,3.632655,2.585414
12.1500,agent,agent_02,3.038964,3.556303
12.1500,agent,agent_03,3.602191,3.380741
12.1500,agent,agent_04,3.319199,3.998038
12.1500,agent,agent_05,3.788123,4.764423
12.1500,agent,agent_06,3.392095,4.580791
12.1500,agent,agent_07,2.893643,5.067494
12.1500,agent,agent_08,3.611151,6.336441
12.1500,agent,agent_09,4.554174,1.743483
12.1500,agent,agent_10,4.606251,2.712763
12.1500,agent,agent_11,4.917541,3.419148
12.1500,agent,agent_12,4.271058,3.311047
12.1500,agent,agent_13,4.779201,4.019748
12.1500,agent,agent_14,4.940925,3.743299
12.1500,agent,agent_15,4.323928,4.805618
12.1500,agent,agent_16,5.025122,5.097903
12.1500,agent,agent_17,4.646617,6.215238
12.1500,cargo,cargo_0,4.048702,4.017641
12.2000,agent,agent_00,3.375526,1.801862
12.2000,agent,agent_01,3.639926,2.600823
12.2000,agent,agent_02,3.044401,3.558157
12.2000,agent,agent_03,3.603012,3.381328
12.2000,agent,agent_04,3.319534,3.998130
12.2000,agent,agent_05,3.791429,4.761957
12.2000,agent,agent_06,3.392146,4.575891
12.2000,agent,agent_07,2.901190,5.046298
12.2000,agent,agent_08,3.618404,6.315143
12.2000,agent,agent_09,4.545238,1.764132
12.2000,agent,agent_10,4.600136,2.724645
12.2000,agent,agent_11,4.908017,3.420254
12.2000,agent,agent_12,4.271654,3.312414
12.2000,agent,agent_13,4.779541,4.019933
12.2000,agent,agent_14,4.939815,3.742663
12.2000,agent,agent_15,4.326679,4.797769
12.2000,agent,agent_16,5.018100,5.077741
12.2000,agent,agent_17,4.637208,6.194799
12.2000,cargo,cargo_0,4.048829,4.017655
12.2500,agent,agent_00,3.381933,1.823431
12.2500,agent,agent_01,3.647196,2.616233
12.2500,agent,agent_02,3.049838,3.560011
12.2500,agent,agent_03,3.603832,3.381915
12.2500,agent,agent_04,3.320481,3.998206
12.2500,agent,agent_05,3.794735,4.759491
12.2500,agent,agent_06,3.392196,4.570992
12.2500,agent,agent_07,2.908736,5.025101
12.2500,agent,agent_08,3.625657,6.293844
12.2500,agent,agent_09,4.536303,1.784782
12.2500,agent,agent_10,4.594021,2.736527
12.2500,agent,agent_11,4.898492,3.421360
12.2500,agent,agent_12,4.272250,3.313781
12.2500,agent,agent_13,4.780490,4.020472
12.2500,agent,agent_14,4.938964,3.742182
12.2500,agent,agent_15,4.329430,4.789919
12.2500,agent,agent_16,5.011077,5.057578
12.2500,agent,agent_17,4.627799,6.174361
12.2500,cargo,cargo_0,4.049663,4.018066
12.3000,agent,agent_00,3.388339,1.845000
12.3000,agent,agent_01,3.654467,2.631642
12.3000,agent,agent_02,3.055275,3.561865
12.3000,agent,agent_03,3.604653,3.382502
12.3000,agent,agent_04,3.321429,3.998264
12.3000,agent,agent_05,3.798041,4.757024
12.3000,agent,agent_06,3.392247,4.566092
12.3000,agent,agent_07,2.916282,5.003904
12.3000,agent,agent_08,3.632911,6.272545
12.3000,agent,agent_09,4.527367,1.805431
12.3000,agent,agent_10,4.587906,2.748409
12.3000,agent,agent_11,4.888968,3.422467
12.3000,agent,agent_12,4.272846,3.315147
12.3000,agent,agent_13,4.781440,4.021004
12.3000,agent,agent_14,4.938268,3.741794
12.3000,agent,agent_15,4.332181,4.782070
12.3000,agent,agent_16,5.004055,5.037416
12.3000,agent,agent_17,4.618391,6.153923
12.3000,cargo,cargo_0,4.050591,4.018595
12.3500,agent,agent_00,3.396804,1.865847
12.3500,agent,agent_01,3.660013,2.646684
12.3500,agent,agent_02,3.060499,3.563596
12.3500,agent,agent_03,3.605798,3.382887
12.3500,agent,agent_04,3.321451,3.998345
12.3500,agent,agent_05,3.801208,4.754776
12.3500,agent,agent_06,3.392383,4.561426
12.3500,agent,agent_07,2.923866,4.982721
12.3500,agent,agent_08,3.640374,6.251319
12.3500,agent,agent_09,4.518661,1.826179
12.3500,agent,agent_10,4.583028,2.760562
12.3500,agent,agent_11,4.880910,3.423023
12.3500,agent,agent_12,4.273501,3.316874
12.3500,agent,agent_13,4.781443,4.020999
12.3500,agent,agent_14,4.937644,3.741450
12.3500,agent,agent_15,4.334157,4.775257
12.3500,agent,agent_16,4.996852,5.019532
12.3500,agent,agent_17,4.608292,6.133816
12.3500,cargo,cargo_0,4.050946,4.019042
12.4000,agent,agent_00,3.405269,1.886694
12.4000,agent,agent_01,3.665559,2.661727
12.4000,agent,agent_02,3.065724,3.565328
12.4000,agent,agent_03,3.606944,3.383272
12.4000,agent,agent_04,3.322417,3.998404
12.4000,agent,agent_05,3.804376,4.752528
12.4000,agent,agent_06,3.392520,4.556761
12.4000,agent,agent_07,2.931451,4.961537
12.4000,agent,agent_08,3.647837,6.230093
12.4000,agent,agent_09,4.509955,1.846926
12.4000,agent,agent_10,4.578149,2.772714
12.4000,agent,agent_11,4.872851,3.423579
12.4000,agent,agent_12,4.274155,3.318601
12.4000,agent,agent_13,4.782411,4.021535
12.4000,agent,agent_14,4.936971,3.741079
12.4000,agent,agent_15,4.336133,4.768444
12.4000,agent,agent_16,4.989649,5.001649
12.4000,agent,agent_17,4.598194,6.113710
12.4000,cargo,cargo_0,4.051739,4.020230
12.4500,agent,agent_00,3.413734,1.907541
12.4500,agent,agent_01,3.671106,2.676770
12.4500,agent,agent_02,3.070949,3.567060
12.4500,agent,agent_03,3.608090,3.383657
12.4500,agent,agent_04,3.323383,3.998437
12.4500,agent,agent_05,3.807544,4.750280
12.4500,agent,agent_06,3.392656,4.552095
12.4500,agent,agent_07,2.939035,4.940354
12.4500,agent,agent_08,3.655300,6.208867
12.4500,agent,agent_09,4.501249,1.867673
12.4500,agent,agent_10,4.573271,2.784866
12.4500,agent,agent_11,4.864793,3.424134
12.4500,agent,agent_12,4.274809,3.320328
12.4500,agent,agent_13,4.783380,4.022064
12.4500,agent,agent_14,4.936215,3.740667
12.4500,agent,agent_15,4.338109,4.761631
12.4500,agent,agent_16,4.982446,4.983765
12.4500,agent,agent_17,4.588095,6.093603
12.4500,cargo,cargo_0,4.052748,4.021843
12.5000,agent,agent_00,3.423544,1.927789
12.5000,agent,agent_01,3.676217,2.691581
12.5000,agent,agent_02,3.075840,3.568808
12.5000,agent,agent_03,3.609538,3.383812
12.5000,agent,agent_04,3.323726,3.998492
12.5000,agent,agent_05,3.810020,4.748256
12.5000,agent,agent_06,3.392930,4.548449
12.5000,agent,agent_07,2.945965,4.934457
12.5000,agent,agent_08,3.662668,6.187607
12.5000,agent,agent_09,4.492331,1.888331
12.5000,agent,agent_10,4.568187,2.794590
12.5000,agent,agent_11,4.857035,3.424813
12.5000,agent,agent_12,4.274512,3.322214
12.5000,agent,agent_13,4.783537,4.022146
12.5000,agent,agent_14,4.935358,3.740205
12.5000,agent,agent_15,4.339867,4.755963
12.5000,agent,agent_16,4.975083,4.967680
12.5000,agent,agent_17,4.588523,6.071107
12.5000,cargo,cargo_0,4.052831,4.022584
12.5500,agent,agent_00,3.433355,1.948038
12.5500,agent,agent_01,3.681328,2.706391
12.5500,agent,agent_02,3.080731,3.570556
12.5500,agent,agent_03,3.610986,3.383967
12.5500,agent,agent_04,3.324679,3.998493
12.5500,agent,agent_05,3.812496,4.746233
12.5500,agent,agent_06,3.393204,4.544803
12.5500,agent,agent_07,2.952895,4.928559
12.5500,agent,agent_08,3.670037,6.166348
12.5500,agent,agent_09,4.483413,1.908988
12.5500,agent,agent_10,4.563103,2.804314
12.5500,agent,agent_11,4.849278,3.425492
12.5500,agent,agent_12,4.274214,3.324099
12.5500,agent,agent_13,4.784486,4.022653
12.5500,agent,agent_14,4.934423,3.739705
12.5500,agent,agent_15,4.341626,4.750294
12.5500,agent,agent_16,4.967720,4.951595
12.5500,agent,agent_17,4.588951,6.048611
12.5500,cargo,cargo_0,4.053225,4.023669
12.6000,agent,agent_00,3.443165,1.968286
12.6000,agent,agent_01,3.686439,2.721202
12.6000,agent,agent_02,3.085622,3.572303
12.6000,agent,agent_03,3.612434,3.384122
12.6000,agent,agent_04,3.325634,3.998415
12.6000,agent,agent_05,3.814971,4.744209
12.6000,agent,agent_06,3.393478,4.541157
12.6000,agent,agent_07,2.959826,4.922662
12.6000,agent,agent_08,3.677405,6.145089
12.6000,agent,agent_09,4.474495,1.929645
12.6000,agent,agent_10,4.558020,2.814038
12.6000,agent,agent_11,4.841521,3.426171
12.6000,agent,agent_12,4.273916,3.325985
12.6000,agent,agent_13,4.785434,4.023153
12.6000,agent,agent_14,4.933390,3.739161
12.6000,agent,agent_15,4.343384,4.744626
12.6000,agent,agent_16,4.960358,4.935510
12.6000,agent,agent_17,4.589379,6.026115
12.6000,cargo,cargo_0,4.053861,4.025167
12.6500,agent,agent_00,3.442559,1.990778
12.6500,agent,agent_01,3.693015,2.735202
12.6500,agent,agent_02,3.090310,3.573900
12.6500,agent,agent_03,3.613440,3.384740
12.6500,agent,agent_04,3.325011,3.997705
12.6500,agent,agent_05,3.816755,4.742623
12.6500,agent,agent_06,3.394453,4.538179
12.6500,agent,agent_07,2.967274,4.916022
12.6500,agent,agent_08,3.674729,6.122748
12.6500,agent,agent_09,4.465782,1.950390
12.6500,agent,agent_10,4.552587,2.823540
12.6500,agent,agent_11,4.833752,3.427468
12.6500,agent,agent_12,4.273523,3.327187
12.6500,agent,agent_13,4.784535,4.022680
12.6500,agent,agent_14,4.932246,3.738568
12.6500,agent,agent_15,4.344944,4.739601
12.6500,agent,agent_16,4.953333,4.919770
12.6500,agent,agent_17,4.589731,6.003618
12.6500,cargo,cargo_0,4.053706,4.025731
12.7000,agent,agent_00,3.441953,2.013270
12.7000,agent,agent_01,3.699591,2.749202
12.7000,agent,agent_02,3.094998,3.575496
12.7000,agent,agent_03,3.614447,3.385358
12.7000,agent,agent_04,3.325928,3.997047
12.7000,agent,agent_05,3.818539,4.741038
12.7000,agent,agent_06,3.395429,4.535200
12.7000,agent,agent_07,2.974721,4.909383
12.7000,agent,agent_08,3.672054,6.100408
12.7000,agent,agent_09,4.457069,1.971134
12.7000,agent,agent_10,4.547153,2.833043
12.7000,agent,agent_11,4.825984,3.428766
12.7000,agent,agent_12,4.273129,3.328389
12.7000,agent,agent_13,4.785397,4.023126
12.7000,agent,agent_14,4.931102,3.737977
12.7000,agent,agent_15,4.346503,4.734577
12.7000,agent,agent_16,4.946309,4.904029
12.7000,agent,agent_17,4.590083,5.981121
12.7000,cargo,cargo_0,4.053951,4.026796
12.7500,agent,agent_00,3.441347,2.035762
12.7500,agent,agent_01,3.706167,2.763202
12.7500,agent,agent_02,3.099686,3.577092
12.7500,agent,agent_03,3.615453,3.385976
12.7500,agent,agent_04,3.326846,3.996389
12.7500,agent,agent_05,3.820323,4.739452
12.7500,agent,agent_06,3.396405,4.532222
12.7500,agent,agent_07,2.982169,4.902743
12.7500,agent,agent_08,3.669378,6.078068
12.7500,agent,agent_09,4.448356,1.991879
12.7500,agent,agent_10,4.541720,2.842546
12.7500,agent,agent_11,4.818216,3.430064
12.7500,agent,agent_12,4.272736,3.329591
12.7500,agent,agent_13,4.786260,4.023564
12.7500,agent,agent_14,4.929920,3.737376
12.7500,agent,agent_15,4.348063,4.729552
12.7500,agent,agent_16,4.939285,4.888289
12.7500,agent,agent_17,4.590435,5.958624
12.7500,cargo,cargo_0,4.054465,4.028028
12.8000,agent,agent_00,3.455803,2.053004
12.8000,agent,agent_01,3.712283,2.775801
12.8000,agent,agent_02,3.104006,3.578825
12.8000,agent,agent_03,3.616519,3.386854
12.8000,agent,agent_04,3.325606,3.995005
12.8000,agent,agent_05,3.821694,4.738366
12.8000,agent,agent_06,3.397685,4.529389
12.8000,agent,agent_07,2.989004,4.895314
12.8000,agent,agent_08,3.681015,6.058811
12.8000,agent,agent_09,4.439947,2.012748
12.8000,agent,agent_10,4.537833,2.852143
12.8000,agent,agent_11,4.811589,3.430296
12.8000,agent,agent_12,4.272203,3.330518
12.8000,agent,agent_13,4.784967,4.022911
12.8000,agent,agent_14,4.928678,3.736756
12.8000,agent,agent_15,4.350016,4.724846
12.8000,agent,agent_16,4.933367,4.875476
12.8000,agent,agent_17,4.590896,5.936128
12.8000,cargo,cargo_0,4.054077,4.028615
12.8500,agent,agent_00,3.470259,2.070245
12.8500,agent,agent_01,3.718399,2.788400
12.8500,agent,agent_02,3.108327,3.580558
12.8500,agent,agent_03,3.617586,3.387732
12.8500,agent,agent_04,3.326546,3.993451
12.8500,agent,agent_05,3.823064,4.737280
12.8500,agent,agent_06,3.398966,4.526555
12.8500,agent,agent_07,2.995839,4.887884
12.8500,agent,agent_08,3.692653,6.039554
12.8500,agent,agent_09,4.431538,2.033618
12.8500,agent,agent_10,4.533947,2.861740
12.8500,agent,agent_11,4.804962,3.430527
12.8500,agent,agent_12,4.271671,3.331444
12.8500,agent,agent_13,4.785687,4.023270
12.8500,agent,agent_14,4.927264,3.736048
12.8500,agent,agent_15,4.351970,4.720140
12.8500,agent,agent_16,4.927449,4.862664
12.8500,agent,agent_17,4.591357,5.913633
12.8500,cargo,cargo_0,4.054227,4.029795
12.9000,agent,agent_00,3.484715,2.087487
12.9000,agent,agent_01,3.724515,2.800999
12.9000,agent,agent_02,3.112648,3.582291
12.9000,agent,agent_03,3.618652,3.388610
12.9000,agent,agent_04,3.327478,3.991872
12.9000,agent,agent_05,3.824435,4.736194
12.9000,agent,agent_06,3.400246,4.523722
12.9000,agent,agent_07,3.002674,4.880455
12.9000,agent,agent_08,3.704290,6.020298
12.9000,agent,agent_09,4.423129,2.054487
12.9000,agent,agent_10,4.530060,2.871337
12.9000,agent,agent_11,4.798335,3.430759
12.9000,agent,agent_12,4.271138,3.332370
12.9000,agent,agent_13,4.786406,4.023621
12.9000,agent,agent_14,4.925674,3.735268
12.9000,agent,agent_15,4.353923,4.715434
12.9000,agent,agent_16,4.921532,4.849851
12.9000,agent,agent_17,4.591817,5.891138
12.9000,cargo,cargo_0,4.054594,4.030875
12.9500,agent,agent_00,3.499202,2.104703
12.9500,agent,agent_01,3.727318,2.810663
12.9500,agent,agent_02,3.115955,3.583430
12.9500,agent,agent_03,3.619635,3.389702
12.9500,agent,agent_04,3.326090,3.990693
12.9500,agent,agent_05,3.825584,4.735561
12.9500,agent,agent_06,3.401467,4.520972
12.9500,agent,agent_07,3.007578,4.872308
12.9500,agent,agent_08,3.715767,6.000945
12.9500,agent,agent_09,4.427445,2.076569
12.9500,agent,agent_10,4.526140,2.878340
12.9500,agent,agent_11,4.792070,3.432301
12.9500,agent,agent_12,4.270261,3.333534
12.9500,agent,agent_13,4.784871,4.022876
12.9500,agent,agent_14,4.924478,3.734694
12.9500,agent,agent_15,4.355604,4.711265
12.9500,agent,agent_16,4.915874,4.838347
12.9500,agent,agent_17,4.592409,5.868646
12.9500,cargo,cargo_0,4.053762,4.032229
13.0000,agent,agent_00,3.513690,2.121918
13.0000,agent,agent_01,3.730120,2.820327
13.0000,agent,agent_02,3.119263,3.584568
13.0000,agent,agent_03,3.620617,3.390794
13.0000,agent,agent_04,3.326810,3.989364
13.0000,agent,agent_05,3.826733,4.734928
13.0000,agent,agent_06,3.402687,4.518221
13.0000,agent,agent_07,3.012481,4.864160
13.0000,agent,agent_08,3.727244,5.981592
13.0000,agent,agent_09,4.431761,2.098652
13.0000,agent,agent_10,4.522220,2.885343
13.0000,agent,agent_11,4.785804,3.433842
13.0000,agent,agent_12,4.269383,3.334697
13.0000,agent,agent_13,4.785392,4.023126
13.0000,agent,agent_14,4.923285,3.734119
13.0000,agent,agent_15,4.357285,4.707097
13.0000,agent,agent_16,4.910216,4.826843
13.0000,agent,agent_17,4.593001,5.846153
13.0000,cargo,cargo_0,4.053946,4.032719
13.0500,agent,agent_00,3.528177,2.139133
13.0500,agent,agent_01,3.732923,2.829991
13.0500,agent,agent_02,3.122571,3.585706
13.0500,agent,agent_03,3.621600,3.391886
13.0500,agent,agent_04,3.327576,3.987814
13.0500,agent,agent_05,3.827882,4.734295
13.0500,agent,agent_06,3.403908,4.515470
13.0500,agent,agent_07,3.017385,4.856013
13.0500,agent,agent_08,3.738721,5.962239
13.0500,agent,agent_09,4.436077,2.120734
13.0500,agent,agent_10,4.518300,2.892347
13.0500,agent,agent_11,4.779539,3.435384
13.0500,agent,agent_12,4.268607,3.335517
13.0500,agent,agent_13,4.785913,4.023371
13.0500,agent,agent_14,4.922080,3.733547
13.0500,agent,agent_15,4.358966,4.702929
13.0500,agent,agent_16,4.904558,4.815339
13.0500,agent,agent_17,4.593593,5.823661
13.0500,cargo,cargo_0,4.054094,4.032715
13.1000,agent,agent_00,3.542682,2.156334
13.1000,agent,agent_01,3.736564,2.839222
13.1000,agent,agent_02,3.125447,3.585829
13.1000,agent,agent_03,3.623235,3.392508
13.1000,agent,agent_04,3.326038,3.986251
13.1000,agent,agent_05,3.828916,4.733898
13.1000,agent,agent_06,3.405296,4.512845
13.1000,agent,agent_07,3.022563,4.848802
13.1000,agent,agent_08,3.750444,5.943035
13.1000,agent,agent_09,4.440437,2.142807
13.1000,agent,agent_10,4.514589,2.899236
13.1000,agent,agent_11,4.773747,3.436565
13.1000,agent,agent_12,4.268083,3.335688
13.1000,agent,agent_13,4.784245,4.022584
13.1000,agent,agent_14,4.920722,3.732912
13.1000,agent,agent_15,4.359635,4.699981
13.1000,agent,agent_16,4.898972,4.804827
13.1000,agent,agent_17,4.595118,5.801213
13.1000,cargo,cargo_0,4.053334,4.032629
13.1500,agent,agent_00,3.557186,2.173535
13.1500,agent,agent_01,3.740205,2.848453
13.1500,agent,agent_02,3.128322,3.585952
13.1500,agent,agent_03,3.624871,3.393130
13.1500,agent,agent_04,3.326658,3.984880
13.1500,agent,agent_05,3.829950,4.733501
13.1500,agent,agent_06,3.406683,4.510220
13.1500,agent,agent_07,3.027740,4.841591
13.1500,agent,agent_08,3.762168,5.923830
13.1500,agent,agent_09,4.444798,2.164881
13.1500,agent,agent_10,4.510878,2.906125
13.1500,agent,agent_11,4.767955,3.437746
13.1500,agent,agent_12,4.267443,3.336255
13.1500,agent,agent_13,4.784659,4.022777
13.1500,agent,agent_14,4.919367,3.732276
13.1500,agent,agent_15,4.360532,4.697565
13.1500,agent,agent_16,4.893386,4.794314
13.1500,agent,agent_17,4.596642,5.778765
13.1500,cargo,cargo_0,4.053263,4.032656
13.2000,agent,agent_00,3.571691,2.190735
13.2000,agent,agent_01,3.743846,2.857683
13.2000,agent,agent_02,3.131198,3.586075
13.2000,agent,agent_03,3.626506,3.393751
13.2000,agent,agent_04,3.327279,3.983509
13.2000,agent,agent_05,3.830984,4.733104
13.2000,agent,agent_06,3.408071,4.507595
13.2000,agent,agent_07,3.032918,4.834380
13.2000,agent,agent_08,3.773892,5.904626
13.2000,agent,agent_09,4.449159,2.186954
13.2000,agent,agent_10,4.507168,2.913014
13.2000,agent,agent_11,4.762163,3.438927
13.2000,agent,agent_12,4.266803,3.336823
13.2000,agent,agent_13,4.785073,4.022967
13.2000,agent,agent_14,4.918000,3.731644
13.2000,agent,agent_15,4.362570,4.697718
13.2000,agent,agent_16,4.887801,4.783802
13.2000,agent,agent_17,4.598167,5.756316
13.2000,cargo,cargo_0,4.053289,4.032733
13.2500,agent,agent_00,3.586202,2.207931
13.2500,agent,agent_01,3.747813,2.866398
13.2500,agent,agent_02,3.133847,3.586285
13.2500,agent,agent_03,3.627017,3.394782
13.2500,agent,agent_04,3.325474,3.982206
13.2500,agent,agent_05,3.832227,4.733030
13.2500,agent,agent_06,3.409689,4.505089
13.2500,agent,agent_07,3.037256,4.827372
13.2500,agent,agent_08,3.785617,5.885423
13.2500,agent,agent_09,4.453513,2.209029
13.2500,agent,agent_10,4.503814,2.919795
13.2500,agent,agent_11,4.757115,3.440237
13.2500,agent,agent_12,4.266707,3.335343
13.2500,agent,agent_13,4.783283,4.022148
13.2500,agent,agent_14,4.916622,3.731018
13.2500,agent,agent_15,4.362587,4.695217
13.2500,agent,agent_16,4.882742,4.774968
13.2500,agent,agent_17,4.599619,5.733863
13.2500,cargo,cargo_0,4.051774,4.031689
13.3000,agent,agent_00,3.600712,2.225127
13.3000,agent,agent_01,3.751780,2.875114
13.3000,agent,agent_02,3.136495,3.586494
13.3000,agent,agent_03,3.627527,3.395812
13.3000,agent,agent_04,3.325903,3.981095
13.3000,agent,agent_05,3.833469,4.732956
13.3000,agent,agent_06,3.411307,4.502582
13.3000,agent,agent_07,3.041595,4.820363
13.3000,agent,agent_08,3.797343,5.866220
13.3000,agent,agent_09,4.457868,2.231103
13.3000,agent,agent_10,4.500460,2.926576
13.3000,agent,agent_11,4.752067,3.441546
13.3000,agent,agent_12,4.266065,3.335747
13.3000,agent,agent_13,4.783553,4.022269
13.3000,agent,agent_14,4.915248,3.730391
13.3000,agent,agent_15,4.363700,4.695271
13.3000,agent,agent_16,4.877683,4.766133
13.3000,agent,agent_17,4.601071,5.711410
13.3000,cargo,cargo_0,4.051722,4.031714
13.3500,agent,agent_00,3.615223,2.242322
13.3500,agent,agent_01,3.755747,2.883829
13.3500,agent,agent_02,3.139144,3.586703
13.3500,agent,agent_03,3.628038,3.396843
13.3500,agent,agent_04,3.326333,3.979983
13.3500,agent,agent_05,3.834712,4.732882
13.3500,agent,agent_06,3.412924,4.500076
13.3500,agent,agent_07,3.045933,4.813355
13.3500,agent,agent_08,3.809068,5.847017
13.3500,agent,agent_09,4.462223,2.253178
13.3500,agent,agent_10,4.497106,2.933357
13.3500,agent,agent_11,4.747020,3.442855
13.3500,agent,agent_12,4.265422,3.336151
13.3500,agent,agent_13,4.783823,4.022389
13.3500,agent,agent_14,4.913862,3.729768
13.3500,agent,agent_15,4.364909,4.695541
13.3500,agent,agent_16,4.872625,4.757299
13.3500,agent,agent_17,4.602523,5.688957
13.3500,cargo,cargo_0,4.051808,4.031856
13.4000,agent,agent_00,3.629772,2.259486
13.4000,agent,agent_01,3.759800,2.892150
13.4000,agent,agent_02,3.141786,3.586673
13.4000,agent,agent_03,3.628706,3.397551
13.4000,agent,agent_04,3.323948,3.981276
13.4000,agent,agent_05,3.835856,4.732889
13.4000,agent,agent_06,3.414189,4.497692
13.4000,agent,agent_07,3.050387,4.806764
13.4000,agent,agent_08,3.820788,5.827810
13.4000,agent,agent_09,4.448955,2.271349
13.4000,agent,agent_10,4.494419,2.939524
13.4000,agent,agent_11,4.742341,3.443804
13.4000,agent,agent_12,4.264583,3.333949
13.4000,agent,agent_13,4.781833,4.027050
13.4000,agent,agent_14,4.912582,3.729201
13.4000,agent,agent_15,4.364885,4.692978
13.4000,agent,agent_16,4.867758,4.748947
13.4000,agent,agent_17,4.603439,5.666476
13.4000,cargo,cargo_0,4.050278,4.030862
13.4500,agent,agent_00,3.644321,2.276649
13.4500,agent,agent_01,3.763852,2.900471
13.4500,agent,agent_02,3.144428,3.586644
13.4500,agent,agent_03,3.629375,3.398258
13.4500,agent,agent_04,3.323696,3.982736
13.4500,agent,agent_05,3.837000,4.732895
13.4500,agent,agent_06,3.415454,4.495308
13.4500,agent,agent_07,3.054842,4.800172
13.4500,agent,agent_08,3.832508,5.808603
13.4500,agent,agent_09,4.435687,2.289521
13.4500,agent,agent_10,4.491732,2.945691
13.4500,agent,agent_11,4.737662,3.444753
13.4500,agent,agent_12,4.263137,3.333901
13.4500,agent,agent_13,4.782100,4.031667
13.4500,agent,agent_14,4.910991,3.729329
13.4500,agent,agent_15,4.365613,4.692132
13.4500,agent,agent_16,4.862891,4.740596
13.4500,agent,agent_17,4.604355,5.643994
13.4500,cargo,cargo_0,4.050249,4.030889
13.5000,agent,agent_00,3.658870,2.293812
13.5000,agent,agent_01,3.767904,2.908792
13.5000,agent,agent_02,3.147070,3.586615
13.5000,agent,agent_03,3.630043,3.398966
13.5000,agent,agent_04,3.323445,3.984196
13.5000,agent,agent_05,3.838144,4.732902
13.5000,agent,agent_06,3.416719,4.492925
13.5000,agent,agent_07,3.059296,4.793581
13.5000,agent,agent_08,3.844228,5.789396
13.5000,agent,agent_09,4.422419,2.307693
13.5000,agent,agent_10,4.489044,2.951858
13.5000,agent,agent_11,4.732983,3.445702
13.5000,agent,agent_12,4.261691,3.333853
13.5000,agent,agent_13,4.782366,4.036284
13.5000,agent,agent_14,4.909192,3.729925
13.5000,agent,agent_15,4.366715,4.692141
13.5000,agent,agent_16,4.858025,4.732244
13.5000,agent,agent_17,4.605271,5.621513
13.5000,cargo,cargo_0,4.050249,4.030889
13.5500,agent,agent_00,3.654060,2.315791
13.5500,agent,agent_01,3.770463,2.915639
13.5500,agent,agent_02,3.149574,3.586506
13.5500,agent,agent_03,3.630379,3.400156
13.5500,agent,agent_04,3.321757,3.985479
13.5500,agent,agent_05,3.839033,4.732927
13.5500,agent,agent_06,3.417795,4.490669
13.5500,agent,agent_07,3.064332,4.788459
13.5500,agent,agent_08,3.855277,5.769796
13.5500,agent,agent_09,4.409011,2.325761
13.5500,agent,agent_10,4.486518,2.956840
13.5500,agent,agent_11,4.728596,3.446452
13.5500,agent,agent_12,4.261860,3.332521
13.5500,agent,agent_13,4.780310,4.040717
13.5500,agent,agent_14,4.907685,3.730849
13.5500,agent,agent_15,4.366755,4.689547
13.5500,agent,agent_16,4.853352,4.724432
13.5500,agent,agent_17,4.607018,5.599081
13.5500,cargo,cargo_0,4.048530,4.029651
13.6000,agent,agent_00,3.649249,2.337771
13.6000,agent,agent_01,3.773021,2.922486
13.6000,agent,agent_02,3.152077,3.586396
13.6000,agent,agent_03,3.630715,3.401347
13.6000,agent,agent_04,3.321455,3.986881
13.6000,agent,agent_05,3.839923,4.732952
13.6000,agent,agent_06,3.418871,4.488414
13.6000,agent,agent_07,3.069367,4.783337
13.6000,agent,agent_08,3.866326,5.750196
13.6000,agent,agent_09,4.395602,2.343829
13.6000,agent,agent_10,4.483992,2.961823
13.6000,agent,agent_11,4.724208,3.447201
13.6000,agent,agent_12,4.261622,3.332589
13.6000,agent,agent_13,4.780446,4.045123
13.6000,agent,agent_14,4.906178,3.731774
13.6000,agent,agent_15,4.367720,4.688916
13.6000,agent,agent_16,4.848680,4.716619
13.6000,agent,agent_17,4.608764,5.576649
13.6000,cargo,cargo_0,4.048446,4.029600
13.6500,agent,agent_00,3.644438,2.359751
13.6500,agent,agent_01,3.775580,2.929334
13.6500,agent,agent_02,3.154580,3.586287
13.6500,agent,agent_03,3.631051,3.402537
13.6500,agent,agent_04,3.321152,3.988283
13.6500,agent,agent_05,3.840813,4.732977
13.6500,agent,agent_06,3.419946,4.486158
13.6500,agent,agent_07,3.074403,4.778215
13.6500,agent,agent_08,3.877374,5.730596
13.6500,agent,agent_09,4.382193,2.361897
13.6500,agent,agent_10,4.481466,2.966805
13.6500,agent,agent_11,4.719820,3.447951
13.6500,agent,agent_12,4.261384,3.332656
13.6500,agent,agent_13,4.780570,4.049540
13.6500,agent,agent_14,4.904671,3.732699
13.6500,agent,agent_15,4.368831,4.688592
13.6500,agent,agent_16,4.844007,4.708807
13.6500,agent,agent_17,4.610510,5.554217
13.6500,cargo,cargo_0,4.048446,4.029600
13.7000,agent,agent_00,3.640035,2.381816
13.7000,agent,agent_01,3.778519,2.935702
13.7000,agent,agent_02,3.156952,3.586098
13.7000,agent,agent_03,3.631282,3.403815
13.7000,agent,agent_04,3.319214,3.989678
13.7000,agent,agent_05,3.841868,4.732831
13.7000,agent,agent_06,3.421506,4.484578
13.7000,agent,agent_07,3.093569,4.774655
13.7000,agent,agent_08,3.888395,5.710980
13.7000,agent,agent_09,4.368751,2.379940
13.7000,agent,agent_10,4.477562,2.970722
13.7000,agent,agent_11,4.716508,3.449319
13.7000,agent,agent_12,4.261228,3.331509
13.7000,agent,agent_13,4.778280,4.053191
13.7000,agent,agent_14,4.901916,3.733750
13.7000,agent,agent_15,4.368483,4.686240
13.7000,agent,agent_16,4.841461,4.702587
13.7000,agent,agent_17,4.611195,5.531727
13.7000,cargo,cargo_0,4.046209,4.028033
13.7500,agent,agent_00,3.635632,2.403881
13.7500,agent,agent_01,3.781458,2.942071
13.7500,agent,agent_02,3.159323,3.585909
13.7500,agent,agent_03,3.631513,3.405093
13.7500,agent,agent_04,3.318195,3.991136
13.7500,agent,agent_05,3.842923,4.732685
13.7500,agent,agent_06,3.423065,4.482997
13.7500,agent,agent_07,3.111706,4.772106
13.7500,agent,agent_08,3.899416,5.691364
13.7500,agent,agent_09,4.355309,2.397983
13.7500,agent,agent_10,4.473659,2.974638
13.7500,agent,agent_11,4.713197,3.450688
13.7500,agent,agent_12,4.260765,3.331402
13.7500,agent,agent_13,4.778014,4.056948
13.7500,agent,agent_14,4.899161,3.734802
13.7500,agent,agent_15,4.369069,4.685756
13.7500,agent,agent_16,4.838916,4.696368
13.7500,agent,agent_17,4.611880,5.509238
13.7500,cargo,cargo_0,4.045826,4.027801
13.8000,agent,agent_00,3.631229,2.425946
13.8000,agent,agent_01,3.784397,2.948439
13.8000,agent,agent_02,3.161694,3.585720
13.8000,agent,agent_03,3.631744,3.406371
13.8000,agent,agent_04,3.317175,3.992593
13.8000,agent,agent_05,3.843978,4.732539
13.8000,agent,agent_06,3.424625,4.481416
13.8000,agent,agent_07,3.129002,4.770498
13.8000,agent,agent_08,3.910437,5.671748
13.8000,agent,agent_09,4.341866,2.416027
13.8000,agent,agent_10,4.469756,2.978555
13.8000,agent,agent_11,4.709885,3.452056
13.8000,agent,agent_12,4.260301,3.331295
13.8000,agent,agent_13,4.777646,4.060807
13.8000,agent,agent_14,4.896406,3.735854
13.8000,agent,agent_15,4.369710,4.685354
13.8000,agent,agent_16,4.836370,4.690149
13.8000,agent,agent_17,4.612566,5.486748
13.8000,cargo,cargo_0,4.045741,4.027737
13.8500,agent,agent_00,3.644896,2.443820
13.8500,agent,agent_01,3.786623,2.954645
13.8500,agent,agent_02,3.164515,3.586130
13.8500,agent,agent_03,3.631861,3.407401
13.8500,agent,agent_04,3.315880,3.993712
13.8500,agent,agent_05,3.845363,4.732432
13.8500,agent,agent_06,3.425831,4.479767
13.8500,agent,agent_07,3.145580,4.769698
13.8500,agent,agent_08,3.922029,5.652463
13.8500,agent,agent_09,4.328441,2.434082
13.8500,agent,agent_10,4.467872,2.982683
13.8500,agent,agent_11,4.706242,3.454099
13.8500,agent,agent_12,4.260139,3.330026
13.8500,agent,agent_13,4.774823,4.063491
13.8500,agent,agent_14,4.894065,3.736954
13.8500,agent,agent_15,4.367237,4.683819
13.8500,agent,agent_16,4.835431,4.684084
13.8500,agent,agent_17,4.613166,5.464256
13.8500,cargo,cargo_0,4.043456,4.025897
13.9000,agent,agent_00,3.658562,2.461693
13.9000,agent,agent_01,3.788850,2.960852
13.9000,agent,agent_02,3.167336,3.586539
13.9000,agent,agent_03,3.631978,3.408432
13.9000,agent,agent_04,3.314762,3.994842
13.9000,agent,agent_05,3.846749,4.732324
13.9000,agent,agent_06,3.427037,4.478118
13.9000,agent,agent_07,3.161662,4.769703
13.9000,agent,agent_08,3.933620,5.633179
13.9000,agent,agent_09,4.315016,2.452138
13.9000,agent,agent_10,4.465989,2.986811
13.9000,agent,agent_11,4.702600,3.456141
13.9000,agent,agent_12,4.259668,3.329776
13.9000,agent,agent_13,4.774396,4.066286
13.9000,agent,agent_14,4.891724,3.738054
13.9000,agent,agent_15,4.365450,4.683595
13.9000,agent,agent_16,4.834491,4.678019
13.9000,agent,agent_17,4.613767,5.441764
13.9000,cargo,cargo_0,4.042651,4.025046
13.9500,agent,agent_00,3.672229,2.479567
13.9500,agent,agent_01,3.791076,2.967059
13.9500,agent,agent_02,3.170157,3.586949
13.9500,agent,agent_03,3.632094,3.409462
13.9500,agent,agent_04,3.313645,3.995972
13.9500,agent,agent_05,3.848135,4.732216
13.9500,agent,agent_06,3.428242,4.476470
13.9500,agent,agent_07,3.177417,4.770431
13.9500,agent,agent_08,3.945211,5.613894
13.9500,agent,agent_09,4.301591,2.470194
13.9500,agent,agent_10,4.464106,2.990939
13.9500,agent,agent_11,4.698957,3.458184
13.9500,agent,agent_12,4.259197,3.329526
13.9500,agent,agent_13,4.773969,4.069080
13.9500,agent,agent_14,4.889383,3.739155
13.9500,agent,agent_15,4.363997,4.684009
13.9500,agent,agent_16,4.833552,4.671953
13.9500,agent,agent_17,4.614367,5.419272
13.9500,cargo,cargo_0,4.042440,4.024764
14.0000,agent,agent_00,3.686209,2.497197
14.0000,agent,agent_01,3.793580,2.972224
14.0000,agent,agent_02,3.172779,3.587492
14.0000,agent,agent_03,3.631978,3.410777
14.0000,agent,agent_04,3.312231,3.996887
14.0000,agent,agent_05,3.849422,4.731789
14.0000,agent,agent_06,3.429727,4.474120
14.0000,agent,agent_07,3.192889,4.771693
14.0000,agent,agent_08,3.956175,5.594246
14.0000,agent,agent_09,4.307321,2.491952
14.0000,agent,agent_10,4.462393,2.994995
14.0000,agent,agent_11,4.695342,3.460677
14.0000,agent,agent_12,4.259385,3.327752
14.0000,agent,agent_13,4.770731,4.071579
14.0000,agent,agent_14,4.888198,3.739676
14.0000,agent,agent_15,4.362791,4.682209
14.0000,agent,agent_16,4.829016,4.665913
14.0000,agent,agent_17,4.615556,5.396803
14.0000,cargo,cargo_0,4.040918,4.023227
14.0500,agent,agent_00,3.700189,2.514827
14.0500,agent,agent_01,3.796083,2.977390
14.0500,agent,agent_02,3.175402,3.588035
14.0500,agent,agent_03,3.631862,3.412091
14.0500,agent,agent_04,3.311161,3.997803
14.0500,agent,agent_05,3.850709,4.731362
14.0500,agent,agent_06,3.431212,4.471770
14.0500,agent,agent_07,3.208403,4.773426
14.0500,agent,agent_08,3.967139,5.574598
14.0500,agent,agent_09,4.313051,2.513711
14.0500,agent,agent_10,4.460679,2.999050
14.0500,agent,agent_11,4.691728,3.463170
14.0500,agent,agent_12,4.259112,3.327466
14.0500,agent,agent_13,4.769880,4.074297
14.0500,agent,agent_14,4.887012,3.740197
14.0500,agent,agent_15,4.361585,4.680409
14.0500,agent,agent_16,4.824479,4.659873
14.0500,agent,agent_17,4.616745,5.374335
14.0500,cargo,cargo_0,4.040493,4.022873
14.1000,agent,agent_00,3.713977,2.531528
14.1000,agent,agent_01,3.797684,2.982505
14.1000,agent,agent_02,3.177874,3.588530
14.1000,agent,agent_03,3.631696,3.413341
14.1000,agent,agent_04,3.310107,3.998755
14.1000,agent,agent_05,3.851694,4.731067
14.1000,agent,agent_06,3.432549,4.469508
14.1000,agent,agent_07,3.223978,4.775454
14.1000,agent,agent_08,3.978575,5.555221
14.1000,agent,agent_09,4.318781,2.535469
14.1000,agent,agent_10,4.460105,3.002853
14.1000,agent,agent_11,4.688368,3.465400
14.1000,agent,agent_12,4.258252,3.326999
14.1000,agent,agent_13,4.769017,4.076571
14.1000,agent,agent_14,4.886215,3.741117
14.1000,agent,agent_15,4.361075,4.679777
14.1000,agent,agent_16,4.820850,4.653967
14.1000,agent,agent_17,4.617934,5.351866
14.1000,cargo,cargo_0,4.040275,4.022737
14.1500,agent,agent_00,3.727568,2.546943
14.1500,agent,agent_01,3.799318,2.987525
14.1500,agent,agent_02,3.180081,3.589027
14.1500,agent,agent_03,3.625574,3.405587
14.1500,agent,agent_04,3.300103,3.999474
14.1500,agent,agent_05,3.849285,4.740790
14.1500,agent,agent_06,3.436196,4.466147
14.1500,agent,agent_07,3.239759,4.777736
14.1500,agent,agent_08,3.989482,5.535541
14.1500,agent,agent_09,4.324082,2.555672
14.1500,agent,agent_10,4.459599,3.006620
14.1500,agent,agent_11,4.687181,3.464172
14.1500,agent,agent_12,4.259739,3.317909
14.1500,agent,agent_13,4.778774,4.079422
14.1500,agent,agent_14,4.885612,3.742404
14.1500,agent,agent_15,4.365685,4.688652
14.1500,agent,agent_16,4.817095,4.648366
14.1500,agent,agent_17,4.619123,5.329398
14.1500,cargo,cargo_0,4.040275,4.022737
14.2000,agent,agent_00,3.741024,2.561218
14.2000,agent,agent_01,3.800952,2.992544
14.2000,agent,agent_02,3.182289,3.589524
14.2000,agent,agent_03,3.619452,3.397832
14.2000,agent,agent_04,3.290099,4.000193
14.2000,agent,agent_05,3.846877,4.750513
14.2000,agent,agent_06,3.439843,4.462787
14.2000,agent,agent_07,3.255994,4.779993
14.2000,agent,agent_08,4.000388,5.515862
14.2000,agent,agent_09,4.328843,2.574065
14.2000,agent,agent_10,4.459093,3.010387
14.2000,agent,agent_11,4.685994,3.462943
14.2000,agent,agent_12,4.260407,3.310070
14.2000,agent,agent_13,4.788531,4.082273
14.2000,agent,agent_14,4.885009,3.743691
14.2000,agent,agent_15,4.370295,4.697526
14.2000,agent,agent_16,4.813340,4.642765
14.2000,agent,agent_17,4.620312,5.306929
14.2000,cargo,cargo_0,4.040275,4.022737
14.2500,agent,agent_00,3.754422,2.574503
14.2500,agent,agent_01,3.802585,2.997564
14.2500,agent,agent_02,3.184497,3.590021
14.2500,agent,agent_03,3.613330,3.390077
14.2500,agent,agent_04,3.280094,4.000912
14.2500,agent,agent_05,3.844468,4.760235
14.2500,agent,agent_06,3.443490,4.459426
14.2500,agent,agent_07,3.272721,4.782147
14.2500,agent,agent_08,4.011295,5.496182
14.2500,agent,agent_09,4.333116,2.590806
14.2500,agent,agent_10,4.458587,3.014155
14.2500,agent,agent_11,4.684806,3.461715
14.2500,agent,agent_12,4.260316,3.303314
14.2500,agent,agent_13,4.798288,4.085125
14.2500,agent,agent_14,4.884406,3.744978
14.2500,agent,agent_15,4.374905,4.706400
14.2500,agent,agent_16,4.809585,4.637165
14.2500,agent,agent_17,4.621501,5.284461
14.2500,cargo,cargo_0,4.040475,4.022435
14.3000,agent,agent_00,3.767687,2.586957
14.3000,agent,agent_01,3.804637,3.002728
14.3000,agent,agent_02,3.186782,3.589915
14.3000,agent,agent_03,3.609636,3.385998
14.3000,agent,agent_04,3.274284,4.001831
14.3000,agent,agent_05,3.848449,4.745570
14.3000,agent,agent_06,3.435497,4.462350
14.3000,agent,agent_07,3.274535,4.779847
14.3000,agent,agent_08,4.022659,5.476762
14.3000,agent,agent_09,4.319600,2.608793
14.3000,agent,agent_10,4.458967,3.018156
14.3000,agent,agent_11,4.683679,3.460577
14.3000,agent,agent_12,4.260336,3.298037
14.3000,agent,agent_13,4.787485,4.086869
14.3000,agent,agent_14,4.882863,3.746363
14.3000,agent,agent_15,4.364673,4.686361
14.3000,agent,agent_16,4.806549,4.631382
14.3000,agent,agent_17,4.616132,5.274900
14.3000,cargo,cargo_0,4.039576,4.020500
14.3500,agent,agent_00,3.781021,2.598707
14.3500,agent,agent_01,3.806689,3.007892
14.3500,agent,agent_02,3.189067,3.589810
14.3500,agent,agent_03,3.605942,3.381919
14.3500,agent,agent_04,3.268474,4.002750
14.3500,agent,agent_05,3.852429,4.730905
14.3500,agent,agent_06,3.427999,4.464262
14.3500,agent,agent_07,3.276350,4.777546
14.3500,agent,agent_08,4.034022,5.457343
14.3500,agent,agent_09,4.306083,2.626781
14.3500,agent,agent_10,4.459348,3.022158
14.3500,agent,agent_11,4.682552,3.459438
14.3500,agent,agent_12,4.259759,3.293539
14.3500,agent,agent_13,4.776682,4.088613
14.3500,agent,agent_14,4.881321,3.747748
14.3500,agent,agent_15,4.360345,4.677670
14.3500,agent,agent_16,4.803512,4.625599
14.3500,agent,agent_17,4.610763,5.265340
14.3500,cargo,cargo_0,4.038490,4.009650
14.4000,agent,agent_00,3.794475,2.609880
14.4000,agent,agent_01,3.808740,3.013056
14.4000,agent,agent_02,3.191352,3.589705
14.4000,agent,agent_03,3.602248,3.377840
14.4000,agent,agent_04,3.262664,4.003669
14.4000,agent,agent_05,3.853422,4.727628
14.4000,agent,agent_06,3.420895,4.465280
14.4000,agent,agent_07,3.278164,4.775245
14.4000,agent,agent_08,4.045385,5.437923
14.4000,agent,agent_09,4.292567,2.644769
14.4000,agent,agent_10,4.460060,3.025710
14.4000,agent,agent_11,4.681425,3.458299
14.4000,agent,agent_12,4.258641,3.289689
14.4000,agent,agent_13,4.766275,4.090400
14.4000,agent,agent_14,4.879778,3.749133
14.4000,agent,agent_15,4.360291,4.677193
14.4000,agent,agent_16,4.800475,4.619817
14.4000,agent,agent_17,4.605394,5.255780
14.4000,cargo,cargo_0,4.031323,4.002066
14.4500,agent,agent_00,3.806119,2.620671
14.4500,agent,agent_01,3.809472,3.017447
14.4500,agent,agent_02,3.193968,3.590293
14.4500,agent,agent_03,3.598240,3.372908
14.4500,agent,agent_04,3.258050,4.004530
14.4500,agent,agent_05,3.857298,4.717567
14.4500,agent,agent_06,3.423211,4.462129
14.4500,agent,agent_07,3.280996,4.773911
14.4500,agent,agent_08,4.042749,5.424141
14.4500,agent,agent_09,4.289819,2.651615
14.4500,agent,agent_10,4.471044,3.036286
14.4500,agent,agent_11,4.680552,3.457423
14.4500,agent,agent_12,4.257084,3.286306
14.4500,agent,agent_13,4.760158,4.092625
14.4500,agent,agent_14,4.877704,3.750173
14.4500,agent,agent_15,4.350147,4.657109
14.4500,agent,agent_16,4.797543,4.614080
14.4500,agent,agent_17,4.599678,5.245439
14.4500,cargo,cargo_0,4.021786,3.986354
14.5000,agent,agent_00,3.817983,2.630951
14.5000,agent,agent_01,3.810203,3.021838
14.5000,agent,agent_02,3.196585,3.590881
14.5000,agent,agent_03,3.594231,3.367975
14.5000,agent,agent_04,3.253436,4.005390
14.5000,agent,agent_05,3.861026,4.708191
14.5000,agent,agent_06,3.425526,4.458978
14.5000,agent,agent_07,3.283829,4.772577
14.5000,agent,agent_08,4.040112,5.410360
14.5000,agent,agent_09,4.287071,2.658461
14.5000,agent,agent_10,4.482389,3.047723
14.5000,agent,agent_11,4.679678,3.456546
14.5000,agent,agent_12,4.255143,3.282916
14.5000,agent,agent_13,4.754040,4.094850
14.5000,agent,agent_14,4.875630,3.751213
14.5000,agent,agent_15,4.348990,4.654479
14.5000,agent,agent_16,4.794610,4.608344
14.5000,agent,agent_17,4.593962,5.235099
14.5000,cargo,cargo_0,4.013859,3.975806
14.5500,agent,agent_00,3.830103,2.640848
14.5500,agent,agent_01,3.810934,3.026229
14.5500,agent,agent_02,3.199201,3.591469
14.5500,agent,agent_03,3.590222,3.363043
14.5500,agent,agent_04,3.248822,4.006251
14.5500,agent,agent_05,3.863046,4.706756
14.5500,agent,agent_06,3.427841,4.455827
14.5500,agent,agent_07,3.286662,4.771243
14.5500,agent,agent_08,4.037476,5.396578
14.5500,agent,agent_09,4.284323,2.665308
14.5500,agent,agent_10,4.493893,3.060250
14.5500,agent,agent_11,4.678805,3.455670
14.5500,agent,agent_12,4.252912,3.279348
14.5500,agent,agent_13,4.751920,4.097531
14.5500,agent,agent_14,4.873555,3.752253
14.5500,agent,agent_15,4.348152,4.652470
14.5500,agent,agent_16,4.791677,4.602608
14.5500,agent,agent_17,4.588246,5.224758
14.5500,cargo,cargo_0,4.009326,3.974006
14.6000,agent,agent_00,3.842313,2.650477
14.6000,agent,agent_01,3.811964,3.029829
14.6000,agent,agent_02,3.200514,3.590949
14.6000,agent,agent_03,3.584982,3.355941
14.6000,agent,agent_04,3.243016,4.006873
14.6000,agent,agent_05,3.864787,4.701684
14.6000,agent,agent_06,3.429788,4.452581
14.6000,agent,agent_07,3.289144,4.769762
14.6000,agent,agent_08,4.035017,5.382279
14.6000,agent,agent_09,4.281311,2.672815
14.6000,agent,agent_10,4.494177,3.061777
14.6000,agent,agent_11,4.678947,3.455853
14.6000,agent,agent_12,4.249658,3.274555
14.6000,agent,agent_13,4.747146,4.099492
14.6000,agent,agent_14,4.871870,3.753522
14.6000,agent,agent_15,4.342005,4.639935
14.6000,agent,agent_16,4.788862,4.596924
14.6000,agent,agent_17,4.581487,5.215129
14.6000,cargo,cargo_0,4.008128,3.973941
14.6500,agent,agent_00,3.854834,2.659842
14.6500,agent,agent_01,3.812994,3.033429
14.6500,agent,agent_02,3.201827,3.590429
14.6500,agent,agent_03,3.579741,3.348839
14.6500,agent,agent_04,3.237211,4.007494
14.6500,agent,agent_05,3.866527,4.696613
14.6500,agent,agent_06,3.431735,4.449335
14.6500,agent,agent_07,3.291627,4.768281
14.6500,agent,agent_08,4.032557,5.367981
14.6500,agent,agent_09,4.278298,2.680323
14.6500,agent,agent_10,4.494614,3.063173
14.6500,agent,agent_11,4.679089,3.456036
14.6500,agent,agent_12,4.246227,3.269718
14.6500,agent,agent_13,4.742372,4.101452
14.6500,agent,agent_14,4.870185,3.754791
14.6500,agent,agent_15,4.335859,4.627400
14.6500,agent,agent_16,4.786047,4.591240
14.6500,agent,agent_17,4.574728,5.205499
14.6500,cargo,cargo_0,4.004854,3.965564
14.7000,agent,agent_00,3.867685,2.669069
14.7000,agent,agent_01,3.814024,3.037029
14.7000,agent,agent_02,3.203140,3.589909
14.7000,agent,agent_03,3.574501,3.341736
14.7000,agent,agent_04,3.231406,4.008116
14.7000,agent,agent_05,3.868268,4.691541
14.7000,agent,agent_06,3.433683,4.446089
14.7000,agent,agent_07,3.294109,4.766801
14.7000,agent,agent_08,4.030098,5.353682
14.7000,agent,agent_09,4.275285,2.687830
14.7000,agent,agent_10,4.495157,3.064490
14.7000,agent,agent_11,4.679231,3.456220
14.7000,agent,agent_12,4.242673,3.264780
14.7000,agent,agent_13,4.737598,4.103413
14.7000,agent,agent_14,4.868500,3.756060
14.7000,agent,agent_15,4.329944,4.615318
14.7000,agent,agent_16,4.783232,4.585555
14.7000,agent,agent_17,4.567968,5.195870
14.7000,cargo,cargo_0,3.998509,3.954395
14.7500,agent,agent_00,3.864621,2.673310
14.7500,agent,agent_01,3.815200,3.039584
14.7500,agent,agent_02,3.205278,3.588793
14.7500,agent,agent_03,3.569328,3.335303
14.7500,agent,agent_04,3.226996,4.010091
14.7500,agent,agent_05,3.870237,4.682879
14.7500,agent,agent_06,3.435506,4.442811
14.7500,agent,agent_07,3.296946,4.765872
14.7500,agent,agent_08,4.029107,5.339843
14.7500,agent,agent_09,4.273251,2.695537
14.7500,agent,agent_10,4.495432,3.065338
14.7500,agent,agent_11,4.675270,3.459048
14.7500,agent,agent_12,4.238666,3.259229
14.7500,agent,agent_13,4.726911,4.103496
14.7500,agent,agent_14,4.866496,3.757140
14.7500,agent,agent_15,4.334069,4.623306
14.7500,agent,agent_16,4.781840,4.581691
14.7500,agent,agent_17,4.560966,5.186162
14.7500,cargo,cargo_0,3.993802,3.951524
14.8000,agent,agent_00,3.861556,2.677551
14.8000,agent,agent_01,3.816377,3.042139
14.8000,agent,agent_02,3.207416,3.587676
14.8000,agent,agent_03,3.564156,3.328869
14.8000,agent,agent_04,3.222587,4.012065
14.8000,agent,agent_05,3.872205,4.674216
14.8000,agent,agent_06,3.437330,4.439532
14.8000,agent,agent_07,3.299782,4.764942
14.8000,agent,agent_08,4.028116,5.326004
14.8000,agent,agent_09,4.271218,2.703244
14.8000,agent,agent_10,4.495764,3.066162
14.8000,agent,agent_11,4.671309,3.461877
14.8000,agent,agent_12,4.234624,3.253491
14.8000,agent,agent_13,4.716223,4.103580
14.8000,agent,agent_14,4.864492,3.758221
14.8000,agent,agent_15,4.338193,4.631294
14.8000,agent,agent_16,4.780448,4.577827
14.8000,agent,agent_17,4.553964,5.176455
14.8000,cargo,cargo_0,3.991900,3.946498
14.8500,agent,agent_00,3.858492,2.681793
14.8500,agent,agent_01,3.817553,3.044695
14.8500,agent,agent_02,3.209554,3.586560
14.8500,agent,agent_03,3.558984,3.322435
14.8500,agent,agent_04,3.218177,4.014040
14.8500,agent,agent_05,3.873905,4.667093
14.8500,agent,agent_06,3.439153,4.436254
14.8500,agent,agent_07,3.302618,4.764013
14.8500,agent,agent_08,4.027124,5.312165
14.8500,agent,agent_09,4.269184,2.710950
14.8500,agent,agent_10,4.496133,3.066980
14.8500,agent,agent_11,4.667349,3.464705
14.8500,agent,agent_12,4.230576,3.247545
14.8500,agent,agent_13,4.707780,4.104159
14.8500,agent,agent_14,4.862488,3.759301
14.8500,agent,agent_15,4.342318,4.639281
14.8500,agent,agent_16,4.779056,4.573963
14.8500,agent,agent_17,4.546961,5.166747
14.8500,cargo,cargo_0,3.988255,3.939438
14.9000,agent,agent_00,3.854343,2.686378
14.9000,agent,agent_01,3.818801,3.046715
14.9000,agent,agent_02,3.211612,3.585747
14.9000,agent,agent_03,3.553981,3.317064
14.9000,agent,agent_04,3.214428,4.015763
14.9000,agent,agent_05,3.872924,4.676533
14.9000,agent,agent_06,3.441168,4.433482
14.9000,agent,agent_07,3.305676,4.763121
14.9000,agent,agent_08,4.025825,5.298263
14.9000,agent,agent_09,4.255685,2.728776
14.9000,agent,agent_10,4.497218,3.068683
14.9000,agent,agent_11,4.662999,3.467173
14.9000,agent,agent_12,4.226977,3.242003
14.9000,agent,agent_13,4.716381,4.107738
14.9000,agent,agent_14,4.861024,3.760687
14.9000,agent,agent_15,4.332236,4.619166
14.9000,agent,agent_16,4.777921,4.571097
14.9000,agent,agent_17,4.543701,5.157689
14.9000,cargo,cargo_0,3.986940,3.936835
14.9500,agent,agent_00,3.850194,2.690963
14.9500,agent,agent_01,3.820050,3.048735
14.9500,agent,agent_02,3.213671,3.584934
14.9500,agent,agent_03,3.548978,3.311692
14.9500,agent,agent_04,3.210680,4.017487
14.9500,agent,agent_05,3.871944,4.685973
14.9500,agent,agent_06,3.443182,4.430710
14.9500,agent,agent_07,3.308734,4.762228
14.9500,agent,agent_08,4.024525,5.284362
14.9500,agent,agent_09,4.242520,2.746645
14.9500,agent,agent_10,4.498302,3.070386
14.9500,agent,agent_11,4.658650,3.469640
14.9500,agent,agent_12,4.223410,3.236207
14.9500,agent,agent_13,4.724982,4.111318
14.9500,agent,agent_14,4.859560,3.762073
14.9500,agent,agent_15,4.322155,4.599051
14.9500,agent,agent_16,4.776787,4.568231
14.9500,agent,agent_17,4.540440,5.148631
14.9500,cargo,cargo_0,3.988559,3.934434
15.0000,agent,agent_00,3.846045,2.695548
15.0000,agent,agent_01,3.821298,3.050756
15.0000,agent,agent_02,3.215729,3.584122
15.0000,agent,agent_03,3.543975,3.306320
15.0000,agent,agent_04,3.206932,4.019210
15.0000,agent,agent_05,3.870963,4.695413
15.0000,agent,agent_06,3.445197,4.427938
15.0000,agent,agent_07,3.311792,4.761336
15.0000,agent,agent_08,4.023226,5.270461
15.0000,agent,agent_09,4.229560,2.764565
15.0000,agent,agent_10,4.499387,3.072089
15.0000,agent,agent_11,4.654301,3.472107
15.0000,agent,agent_12,4.219899,3.230146
15.0000,agent,agent_13,4.733583,4.114898
15.0000,agent,agent_14,4.858096,3.763459
15.0000,agent,agent_15,4.315518,4.585678
15.0000,agent,agent_16,4.775652,4.565365
15.0000,agent,agent_17,4.537180,5.139573
15.0000,cargo,cargo_0,3.985966,3.924307
15.0500,agent,agent_00,3.854660,2.701270
15.0500,agent,agent_01,3.822112,3.052924
15.0500,agent,agent_02,3.237707,3.588941
15.0500,agent,agent_03,3.539901,3.301822
15.0500,agent,agent_04,3.204774,4.020485
15.0500,agent,agent_05,3.872593,4.690301
15.0500,agent,agent_06,3.439289,4.431518
15.0500,agent,agent_07,3.313513,4.759382
15.0500,agent,agent_08,4.032375,5.249905
15.0500,agent,agent_09,4.216684,2.782520
15.0500,agent,agent_10,4.500599,3.074502
15.0500,agent,agent_11,4.653819,3.471477
15.0500,agent,agent_12,4.216523,3.223906
15.0500,agent,agent_13,4.725326,4.114072
15.0500,agent,agent_14,4.856505,3.764760
15.0500,agent,agent_15,4.319742,4.593692
15.0500,agent,agent_16,4.774171,4.562802
15.0500,agent,agent_17,4.534361,5.130700
15.0500,cargo,cargo_0,3.982009,3.919983
15.1000,agent,agent_00,3.860750,2.706566
15.1000,agent,agent_01,3.822926,3.055091
15.1000,agent,agent_02,3.259685,3.593760
15.1000,agent,agent_03,3.535828,3.297324
15.1000,agent,agent_04,3.202616,4.021759
15.1000,agent,agent_05,3.874222,4.685189
15.1000,agent,agent_06,3.433712,4.434134
15.1000,agent,agent_07,3.315233,4.757428
15.1000,agent,agent_08,4.041525,5.229350
15.1000,agent,agent_09,4.205886,2.798199
15.1000,agent,agent_10,4.501764,3.076964
15.1000,agent,agent_11,4.653338,3.470846
15.1000,agent,agent_12,4.213224,3.217386
15.1000,agent,agent_13,4.717069,4.113245
15.1000,agent,agent_14,4.854915,3.766061
15.1000,agent,agent_15,4.323966,4.601705
15.1000,agent,agent_16,4.772689,4.560240
15.1000,agent,agent_17,4.531542,5.121827
15.1000,cargo,cargo_0,3.980420,3.919198
15.1500,agent,agent_00,3.864897,2.711400
15.1500,agent,agent_01,3.823741,3.057259
15.1500,agent,agent_02,3.281628,3.598616
15.1500,agent,agent_03,3.531755,3.292826
15.1500,agent,agent_04,3.200458,4.023034
15.1500,agent,agent_05,3.875852,4.680077
15.1500,agent,agent_06,3.428389,4.435901
15.1500,agent,agent_07,3.316954,4.755474
15.1500,agent,agent_08,4.050674,5.208794
15.1500,agent,agent_09,4.196935,2.811460
15.1500,agent,agent_10,4.502870,3.079476
15.1500,agent,agent_11,4.652857,3.470216
15.1500,agent,agent_12,4.210028,3.210582
15.1500,agent,agent_13,4.708812,4.112419
15.1500,agent,agent_14,4.853325,3.767361
15.1500,agent,agent_15,4.328190,4.609719
15.1500,agent,agent_16,4.771208,4.557677
15.1500,agent,agent_17,4.528723,5.112954
15.1500,cargo,cargo_0,3.980420,3.919198
15.2000,agent,agent_00,3.867579,2.715793
15.2000,agent,agent_01,3.824251,3.061060
15.2000,agent,agent_02,3.277278,3.597132
15.2000,agent,agent_03,3.529339,3.289172
15.2000,agent,agent_04,3.200553,4.023033
15.2000,agent,agent_05,3.876617,4.675978
15.2000,agent,agent_06,3.430608,4.432034
15.2000,agent,agent_07,3.318985,4.754371
15.2000,agent,agent_08,4.059824,5.188238
15.2000,agent,agent_09,4.200551,2.822042
15.2000,agent,agent_10,4.503673,3.081506
15.2000,agent,agent_11,4.652602,3.469832
15.2000,agent,agent_12,4.207445,3.204574
15.2000,agent,agent_13,4.702358,4.112360
15.2000,agent,agent_14,4.851783,3.768907
15.2000,agent,agent_15,4.324302,4.600795
15.2000,agent,agent_16,4.769828,4.554952
15.2000,agent,agent_17,4.529305,5.090462
15.2000,cargo,cargo_0,3.980420,3.919198
15.2500,agent,agent_00,3.870593,2.720203
15.2500,agent,agent_01,3.824762,3.064862
15.2500,agent,agent_02,3.272928,3.595648
15.2500,agent,agent_03,3.526924,3.285517
15.2500,agent,agent_04,3.200648,4.023032
15.2500,agent,agent_05,3.877383,4.671879
15.2500,agent,agent_06,3.432827,4.428168
15.2500,agent,agent_07,3.321015,4.753269
15.2500,agent,agent_08,4.068973,5.167683
15.2500,agent,agent_09,4.204300,2.830571
15.2500,agent,agent_10,4.504435,3.083567
15.2500,agent,agent_11,4.652348,3.469449
15.2500,agent,agent_12,4.204965,3.198380
15.2500,agent,agent_13,4.695904,4.112302
15.2500,agent,agent_14,4.850240,3.770453
15.2500,agent,agent_15,4.320415,4.591871
15.2500,agent,agent_16,4.768449,4.552226
15.2500,agent,agent_17,4.529886,5.067969
15.2500,cargo,cargo_0,3.980420,3.919198
15.3000,agent,agent_00,3.873851,2.724632
15.3000,agent,agent_01,3.825273,3.068663
15.3000,agent,agent_02,3.268579,3.594164
15.3000,agent,agent_03,3.524508,3.281863
15.3000,agent,agent_04,3.200743,4.023031
15.3000,agent,agent_05,3.878148,4.667780
15.3000,agent,agent_06,3.435046,4.424301
15.3000,agent,agent_07,3.323046,4.752166
15.3000,agent,agent_08,4.078123,5.147127
15.3000,agent,agent_09,4.208266,2.837243
15.3000,agent,agent_10,4.505152,3.085657
15.3000,agent,agent_11,4.652093,3.469066
15.3000,agent,agent_12,4.202604,3.192002
15.3000,agent,agent_13,4.689451,4.112244
15.3000,agent,agent_14,4.848697,3.771999
15.3000,agent,agent_15,4.316527,4.582948
15.3000,agent,agent_16,4.767070,4.549501
15.3000,agent,agent_17,4.530468,5.045477
15.3000,cargo,cargo_0,3.976476,3.919028
15.3500,agent,agent_00,3.877284,2.729082
15.3500,agent,agent_01,3.825299,3.072539
15.3500,agent,agent_02,3.271778,3.595201
15.3500,agent,agent_03,3.528224,3.288939
15.3500,agent,agent_04,3.198194,4.023359
15.3500,agent,agent_05,3.876996,4.674312
15.3500,agent,agent_06,3.429629,4.426456
15.3500,agent,agent_07,3.325234,4.751045
15.3500,agent,agent_08,4.067670,5.127203
15.3500,agent,agent_09,4.212446,2.842248
15.3500,agent,agent_10,4.506080,3.088519
15.3500,agent,agent_11,4.651835,3.468675
15.3500,agent,agent_12,4.200616,3.198353
15.3500,agent,agent_13,4.698211,4.115197
15.3500,agent,agent_14,4.847521,3.773448
15.3500,agent,agent_15,4.320318,4.589999
15.3500,agent,agent_16,4.765481,4.546913
15.3500,agent,agent_17,4.528420,5.037459
15.3500,cargo,cargo_0,3.973692,3.918947
15.4000,agent,agent_00,3.880825,2.733578
15.4000,agent,agent_01,3.825326,3.076416
15.4000,agent,agent_02,3.274977,3.596238
15.4000,agent,agent_03,3.531939,3.296016
15.4000,agent,agent_04,3.195645,4.023686
15.4000,agent,agent_05,3.875844,4.680844
15.4000,agent,agent_06,3.424357,4.427933
15.4000,agent,agent_07,3.327422,4.749925
15.4000,agent,agent_08,4.057687,5.108397
15.4000,agent,agent_09,4.216911,2.847540
15.4000,agent,agent_10,4.506956,3.091400
15.4000,agent,agent_11,4.651576,3.468285
15.4000,agent,agent_12,4.198628,3.204704
15.4000,agent,agent_13,4.706972,4.118151
15.4000,agent,agent_14,4.846344,3.774896
15.4000,agent,agent_15,4.324108,4.597050
15.4000,agent,agent_16,4.763892,4.544324
15.4000,agent,agent_17,4.526372,5.029442
15.4000,cargo,cargo_0,3.973571,3.918943
15.4500,agent,agent_00,3.884506,2.738132
15.4500,agent,agent_01,3.825353,3.080292
15.4500,agent,agent_02,3.278176,3.597275
15.4500,agent,agent_03,3.535655,3.303092
15.4500,agent,agent_04,3.193095,4.024013
15.4500,agent,agent_05,3.874692,4.687376
15.4500,agent,agent_06,3.419172,4.428828
15.4500,agent,agent_07,3.329609,4.748804
15.4500,agent,agent_08,4.048850,5.092274
15.4500,agent,agent_09,4.221666,2.853111
15.4500,agent,agent_10,4.507833,3.094280
15.4500,agent,agent_11,4.651317,3.467894
15.4500,agent,agent_12,4.196640,3.211055
15.4500,agent,agent_13,4.715732,4.121104
15.4500,agent,agent_14,4.845168,3.776345
15.4500,agent,agent_15,4.327899,4.604101
15.4500,agent,agent_16,4.762304,4.541736
15.4500,agent,agent_17,4.524325,5.021425
15.4500,cargo,cargo_0,3.973571,3.918943
15.5000,agent,agent_00,3.888351,2.742752
15.5000,agent,agent_01,3.830093,3.096903
15.5000,agent,agent_02,3.279492,3.598224
15.5000,agent,agent_03,3.538503,3.308248
15.5000,agent,agent_04,3.191280,4.024370
15.5000,agent,agent_05,3.873684,4.690963
15.5000,agent,agent_06,3.414612,4.429398
15.5000,agent,agent_07,3.331776,4.747790
15.5000,agent,agent_08,4.041098,5.078614
15.5000,agent,agent_09,4.226571,2.858949
15.5000,agent,agent_10,4.509236,3.095821
15.5000,agent,agent_11,4.651338,3.467925
15.5000,agent,agent_12,4.194783,3.217023
15.5000,agent,agent_13,4.719923,4.123141
15.5000,agent,agent_14,4.830686,3.778105
15.5000,agent,agent_15,4.330192,4.607636
15.5000,agent,agent_16,4.760467,4.539315
15.5000,agent,agent_17,4.507602,5.009489
15.5000,cargo,cargo_0,3.972817,3.921445
15.5500,agent,agent_00,3.891865,2.748897
15.5500,agent,agent_01,3.834258,3.112290
15.5500,agent,agent_02,3.280808,3.599173
15.5500,agent,agent_03,3.541351,3.313405
15.5500,agent,agent_04,3.189465,4.024727
15.5500,agent,agent_05,3.872676,4.694549
15.5500,agent,agent_06,3.410085,4.429565
15.5500,agent,agent_07,3.333886,4.746995
15.5500,agent,agent_08,4.034209,5.066929
15.5500,agent,agent_09,4.230478,2.864888
15.5500,agent,agent_10,4.510639,3.097363
15.5500,agent,agent_11,4.651359,3.467956
15.5500,agent,agent_12,4.193911,3.219974
15.5500,agent,agent_13,4.724114,4.125178
15.5500,agent,agent_14,4.816776,3.779898
15.5500,agent,agent_15,4.332484,4.611171
15.5500,agent,agent_16,4.758631,4.536895
15.5500,agent,agent_17,4.491732,4.999617
15.5500,cargo,cargo_0,3.971789,3.924809
15.6000,agent,agent_00,3.895037,2.756179
15.6000,agent,agent_01,3.837993,3.126573
15.6000,agent,agent_02,3.282124,3.600122
15.6000,agent,agent_03,3.544200,3.318561
15.6000,agent,agent_04,3.187650,4.025085
15.6000,agent,agent_05,3.871668,4.698135
15.6000,agent,agent_06,3.405550,4.429431
15.6000,agent,agent_07,3.335921,4.746529
15.6000,agent,agent_08,4.028115,5.057039
15.6000,agent,agent_09,4.233858,2.870494
15.6000,agent,agent_10,4.512043,3.098905
15.6000,agent,agent_11,4.651379,3.467987
15.6000,agent,agent_12,4.194465,3.218558
15.6000,agent,agent_13,4.728305,4.127215
15.6000,agent,agent_14,4.803235,3.781754
15.6000,agent,agent_15,4.334777,4.614706
15.6000,agent,agent_16,4.756794,4.534475
15.6000,agent,agent_17,4.476505,4.991626
15.6000,cargo,cargo_0,3.971558,3.925571
15.6500,agent,agent_00,3.897907,2.764299
15.6500,agent,agent_01,3.837298,3.130368
15.6500,agent,agent_02,3.282109,3.600914
15.6500,agent,agent_03,3.544679,3.319948
15.6500,agent,agent_04,3.186202,4.025328
15.6500,agent,agent_05,3.871166,4.701145
15.6500,agent,agent_06,3.401646,4.429253
15.6500,agent,agent_07,3.338793,4.746480
15.6500,agent,agent_08,4.022775,5.048759
15.6500,agent,agent_09,4.237261,2.875226
15.6500,agent,agent_10,4.513370,3.100477
15.6500,agent,agent_11,4.650830,3.467266
15.6500,agent,agent_12,4.195874,3.214371
15.6500,agent,agent_13,4.730554,4.128638
15.6500,agent,agent_14,4.803354,3.782499
15.6500,agent,agent_15,4.336936,4.617055
15.6500,agent,agent_16,4.754547,4.532778
15.6500,agent,agent_17,4.461783,4.985297
15.6500,cargo,cargo_0,3.971558,3.925571
15.7000,agent,agent_00,3.900902,2.771996
15.7000,agent,agent_01,3.836602,3.134163
15.7000,agent,agent_02,3.282095,3.601706
15.7000,agent,agent_03,3.545157,3.321335
15.7000,agent,agent_04,3.184753,4.025572
15.7000,agent,agent_05,3.870665,4.704156
15.7000,agent,agent_06,3.397677,4.428952
15.7000,agent,agent_07,3.341644,4.746559
15.7000,agent,agent_08,4.018061,5.041906
15.7000,agent,agent_09,4.240969,2.878820
15.7000,agent,agent_10,4.514698,3.102050
15.7000,agent,agent_11,4.650281,3.466544
15.7000,agent,agent_12,4.197474,3.211425
15.7000,agent,agent_13,4.732804,4.130062
15.7000,agent,agent_14,4.803472,3.783244
15.7000,agent,agent_15,4.339095,4.619404
15.7000,agent,agent_16,4.752300,4.531081
15.7000,agent,agent_17,4.447234,4.980318
15.7000,cargo,cargo_0,3.971558,3.925571
15.7500,agent,agent_00,3.904007,2.779334
15.7500,agent,agent_01,3.835906,3.137959
15.7500,agent,agent_02,3.282081,3.602498
15.7500,agent,agent_03,3.545636,3.322722
15.7500,agent,agent_04,3.183304,4.025816
15.7500,agent,agent_05,3.870163,4.707166
15.7500,agent,agent_06,3.393625,4.428588
15.7500,agent,agent_07,3.344487,4.746710
15.7500,agent,agent_08,4.013907,5.036331
15.7500,agent,agent_09,4.244813,2.881575
15.7500,agent,agent_10,4.516025,3.103623
15.7500,agent,agent_11,4.649732,3.465822
15.7500,agent,agent_12,4.199153,3.209392
15.7500,agent,agent_13,4.735054,4.131485
15.7500,agent,agent_14,4.803590,3.783988
15.7500,agent,agent_15,4.341253,4.621753
15.7500,agent,agent_16,4.750054,4.529384
15.7500,agent,agent_17,4.432675,4.976488
15.7500,cargo,cargo_0,3.971597,3.925712
15.8000,agent,agent_00,3.899854,2.784970
15.8000,agent,agent_01,3.836093,3.142524
15.8000,agent,agent_02,3.282107,3.603273
15.8000,agent,agent_03,3.539515,3.315795
15.8000,agent,agent_04,3.183497,4.025043
15.8000,agent,agent_05,3.868420,4.708657
15.8000,agent,agent_06,3.390536,4.428368
15.8000,agent,agent_07,3.347998,4.746996
15.8000,agent,agent_08,4.010293,5.031874
15.8000,agent,agent_09,4.248680,2.883720
15.8000,agent,agent_10,4.517272,3.105181
15.8000,agent,agent_11,4.649145,3.465055
15.8000,agent,agent_12,4.200841,3.208021
15.8000,agent,agent_13,4.736008,4.133029
15.8000,agent,agent_14,4.803673,3.784852
15.8000,agent,agent_15,4.342762,4.622904
15.8000,agent,agent_16,4.748181,4.528543
15.8000,agent,agent_17,4.432782,4.972698
15.8000,cargo,cargo_0,3.971597,3.925712
15.8500,agent,agent_00,3.895562,2.790368
15.8500,agent,agent_01,3.836281,3.147089
15.8500,agent,agent_02,3.282133,3.604047
15.8500,agent,agent_03,3.533394,3.308867
15.8500,agent,agent_04,3.183690,4.024271
15.8500,agent,agent_05,3.866677,4.710148
15.8500,agent,agent_06,3.387370,4.428134
15.8500,agent,agent_07,3.351513,4.747275
15.8500,agent,agent_08,4.007048,5.028178
15.8500,agent,agent_09,4.252487,2.885422
15.8500,agent,agent_10,4.518519,3.106740
15.8500,agent,agent_11,4.648557,3.464288
15.8500,agent,agent_12,4.202487,3.207123
15.8500,agent,agent_13,4.736962,4.134573
15.8500,agent,agent_14,4.803755,3.785715
15.8500,agent,agent_15,4.344271,4.624055
15.8500,agent,agent_16,4.746308,4.527701
15.8500,agent,agent_17,4.432890,4.968909
15.8500,cargo,cargo_0,3.971597,3.925712
15.9000,agent,agent_00,3.891109,2.795565
15.9000,agent,agent_01,3.836469,3.151654
15.9000,agent,agent_02,3.282160,3.604822
15.9000,agent,agent_03,3.527273,3.301939
15.9000,agent,agent_04,3.183884,4.023499
15.9000,agent,agent_05,3.864934,4.711639
15.9000,agent,agent_06,3.384122,4.427913
15.9000,agent,agent_07,3.355036,4.747528
15.9000,agent,agent_08,4.004135,5.025143
15.9000,agent,agent_09,4.256193,2.886806
15.9000,agent,agent_10,4.519766,3.108299
15.9000,agent,agent_11,4.647970,3.463520
15.9000,agent,agent_12,4.204071,3.206562
15.9000,agent,agent_13,4.737916,4.136116
15.9000,agent,agent_14,4.803838,3.786579
15.9000,agent,agent_15,4.345779,4.625206
15.9000,agent,agent_16,4.744436,4.526860
15.9000,agent,agent_17,4.432998,4.965119
15.9000,cargo,cargo_0,3.971597,3.925712
15.9500,agent,agent_00,3.886571,2.800609
15.9500,agent,agent_01,3.836668,3.155562
15.9500,agent,agent_02,3.282072,3.605239
15.9500,agent,agent_03,3.526326,3.302414
15.9500,agent,agent_04,3.182901,4.022545
15.9500,agent,agent_05,3.864006,4.712461
15.9500,agent,agent_06,3.381702,4.427803
15.9500,agent,agent_07,3.358248,4.747710
15.9500,agent,agent_08,4.004158,5.022636
15.9500,agent,agent_09,4.259776,2.887960
15.9500,agent,agent_10,4.520901,3.109856
15.9500,agent,agent_11,4.647282,3.462631
15.9500,agent,agent_12,4.205583,3.206238
15.9500,agent,agent_13,4.738461,4.137259
15.9500,agent,agent_14,4.803908,3.787352
15.9500,agent,agent_15,4.346955,4.625567
15.9500,agent,agent_16,4.742631,4.525364
15.9500,agent,agent_17,4.422826,4.963180
15.9500,cargo,cargo_0,3.971597,3.925712
16.0000,agent,agent_00,3.881855,2.805430
16.0000,agent,agent_01,3.836867,3.159470
16.0000,agent,agent_02,3.281983,3.605656
16.0000,agent,agent_03,3.525380,3.302889
16.0000,agent,agent_04,3.181918,4.021591
16.0000,agent,agent_05,3.863077,4.713283
16.0000,agent,agent_06,3.379226,4.427707
16.0000,agent,agent_07,3.361486,4.747862
16.0000,agent,agent_08,4.004182,5.020129
16.0000,agent,agent_09,4.263214,2.888948
16.0000,agent,agent_10,4.522036,3.111413
16.0000,agent,agent_11,4.646594,3.461741
16.0000,agent,agent_12,4.207006,3.206077
16.0000,agent,agent_13,4.739007,4.138401
16.0000,agent,agent_14,4.803979,3.788125
16.0000,agent,agent_15,4.348131,4.625928
16.0000,agent,agent_16,4.740826,4.523868
16.0000,agent,agent_17,4.412270,4.961729
16.0000,cargo,cargo_0,3.971597,3.925712
16.0500,agent,agent_00,3.876938,2.810068
16.0500,agent,agent_01,3.837066,3.163378
16.0500,agent,agent_02,3.281895,3.606073
16.0500,agent,agent_03,3.524433,3.303365
16.0500,agent,agent_04,3.180935,4.020638
16.0500,agent,agent_05,3.862149,4.714105
16.0500,agent,agent_06,3.376691,4.427633
16.0500,agent,agent_07,3.364750,4.747976
16.0500,agent,agent_08,4.004205,5.017622
16.0500,agent,agent_09,4.266510,2.889817
16.0500,agent,agent_10,4.523171,3.112970
16.0500,agent,agent_11,4.645906,3.460851
16.0500,agent,agent_12,4.208343,3.206030
16.0500,agent,agent_13,4.739552,4.139543
16.0500,agent,agent_14,4.804049,3.788898
16.0500,agent,agent_15,4.349306,4.626288
16.0500,agent,agent_16,4.739021,4.522373
16.0500,agent,agent_17,4.401240,4.960631
16.0500,cargo,cargo_0,3.971597,3.925712
16.1000,agent,agent_00,3.871919,2.814573
16.1000,agent,agent_01,3.837284,3.167338
16.1000,agent,agent_02,3.281785,3.606014
16.1000,agent,agent_03,3.523500,3.303758
16.1000,agent,agent_04,3.180374,4.019795
16.1000,agent,agent_05,3.861486,4.714539
16.1000,agent,agent_06,3.375296,4.427636
16.1000,agent,agent_07,3.369098,4.748083
16.1000,agent,agent_08,4.004177,5.015220
16.1000,agent,agent_09,4.269671,2.890599
16.1000,agent,agent_10,4.524214,3.114479
16.1000,agent,agent_11,4.645260,3.460030
16.1000,agent,agent_12,4.209603,3.206061
16.1000,agent,agent_13,4.739720,4.140554
16.1000,agent,agent_14,4.804115,3.789668
16.1000,agent,agent_15,4.350297,4.626309
16.1000,agent,agent_16,4.737044,4.521431
16.1000,agent,agent_17,4.390080,4.959683
16.1000,cargo,cargo_0,3.971597,3.925712
16.1500,agent,agent_00,3.866663,2.818971
16.1500,agent,agent_01,3.837502,3.171298
16.1500,agent,agent_02,3.281675,3.605955
16.1500,agent,agent_03,3.522567,3.304151
16.1500,agent,agent_04,3.179813,4.018953
16.1500,agent,agent_05,3.860823,4.714974
16.1500,agent,agent_06,3.373847,4.427654
16.1500,agent,agent_07,3.373482,4.748122
16.1500,agent,agent_08,4.004290,5.013110
16.1500,agent,agent_09,4.272690,2.891316
16.1500,agent,agent_10,4.525258,3.115989
16.1500,agent,agent_11,4.644614,3.459208
16.1500,agent,agent_12,4.210780,3.206143
16.1500,agent,agent_13,4.739888,4.141565
16.1500,agent,agent_14,4.804181,3.790438
16.1500,agent,agent_15,4.351287,4.626329
16.1500,agent,agent_16,4.735067,4.520488
16.1500,agent,agent_17,4.380302,4.958556
16.1500,cargo,cargo_0,3.971597,3.925712
16.2000,agent,agent_00,3.861151,2.823295
16.2000,agent,agent_01,3.837720,3.175258
16.2000,agent,agent_02,3.281565,3.605896
16.2000,agent,agent_03,3.521634,3.304544
16.2000,agent,agent_04,3.179253,4.018111
16.2000,agent,agent_05,3.860160,4.715408
16.2000,agent,agent_06,3.372342,4.427693
16.2000,agent,agent_07,3.377902,4.748087
16.2000,agent,agent_08,4.004527,5.011250
16.2000,agent,agent_09,4.275582,2.891985
16.2000,agent,agent_10,4.526302,3.117498
16.2000,agent,agent_11,4.643968,3.458387
16.2000,agent,agent_12,4.211886,3.206261
16.2000,agent,agent_13,4.740056,4.142576
16.2000,agent,agent_14,4.804247,3.791208
16.2000,agent,agent_15,4.352277,4.626349
16.2000,agent,agent_16,4.733091,4.519546
16.2000,agent,agent_17,4.371781,4.957339
16.2000,cargo,cargo_0,3.971597,3.925712
16.2500,agent,agent_00,3.855513,2.827586
16.2500,agent,agent_01,3.838204,3.179398
16.2500,agent,agent_02,3.281525,3.606032
16.2500,agent,agent_03,3.520733,3.304994
16.2500,agent,agent_04,3.178928,4.017413
16.2500,agent,agent_05,3.859272,4.715527
16.2500,agent,agent_06,3.370594,4.427759
16.2500,agent,agent_07,3.381348,4.747991
16.2500,agent,agent_08,4.004087,5.009985
16.2500,agent,agent_09,4.278358,2.892619
16.2500,agent,agent_10,4.527253,3.119010
16.2500,agent,agent_11,4.643284,3.457531
16.2500,agent,agent_12,4.212930,3.206401
16.2500,agent,agent_13,4.739993,4.143624
16.2500,agent,agent_14,4.804312,3.792009
16.2500,agent,agent_15,4.352741,4.626450
16.2500,agent,agent_16,4.731721,4.518402
16.2500,agent,agent_17,4.364399,4.956096
16.2500,cargo,cargo_0,3.971597,3.925712
16.3000,agent,agent_00,3.849577,2.831887
16.3000,agent,agent_01,3.838687,3.183537
16.3000,agent,agent_02,3.281485,3.606167
16.3000,agent,agent_03,3.519831,3.305444
16.3000,agent,agent_04,3.178603,4.016714
16.3000,agent,agent_05,3.858385,4.715645
16.3000,agent,agent_06,3.368813,4.427851
16.3000,agent,agent_07,3.384807,4.747843
16.3000,agent,agent_08,4.003718,5.008855
16.3000,agent,agent_09,4.281023,2.893225
16.3000,agent,agent_10,4.528205,3.120523
16.3000,agent,agent_11,4.642600,3.456675
16.3000,agent,agent_12,4.213905,3.206553
16.3000,agent,agent_13,4.739930,4.144672
16.3000,agent,agent_14,4.804377,3.792810
16.3000,agent,agent_15,4.353205,4.626551
16.3000,agent,agent_16,4.730351,4.517258
16.3000,agent,agent_17,4.357934,4.954897
16.3000,cargo,cargo_0,3.971597,3.925712
16.3500,agent,agent_00,3.843441,2.836229
16.3500,agent,agent_01,3.838938,3.186007
16.3500,agent,agent_02,3.280648,3.605976
16.3500,agent,agent_03,3.518127,3.304895
16.3500,agent,agent_04,3.178767,4.015996
16.3500,agent,agent_05,3.858956,4.710231
16.3500,agent,agent_06,3.372907,4.425494
16.3500,agent,agent_07,3.387304,4.747689
16.3500,agent,agent_08,4.003391,5.007850
16.3500,agent,agent_09,4.283590,2.893811
16.3500,agent,agent_10,4.528615,3.121519
16.3500,agent,agent_11,4.639395,3.458828
16.3500,agent,agent_12,4.213213,3.210750
16.3500,agent,agent_13,4.735810,4.144777
16.3500,agent,agent_14,4.802552,3.793574
16.3500,agent,agent_15,4.350504,4.621643
16.3500,agent,agent_16,4.729049,4.516422
16.3500,agent,agent_17,4.352288,4.953766
16.3500,cargo,cargo_0,3.971597,3.925712
